neuron_id,neuron_type,partner_id,connection_type
720575940630610042,DNp32,720575940621746676,upstream
720575940630610042,DNp32,720575940617425593,upstream
720575940630610042,DNp32,720575940619537201,upstream
720575940630610042,DNp32,720575940629845559,upstream
720575940630610042,DNp32,720575940630845763,upstream
720575940630610042,DNp32,720575940614284542,upstream
720575940630610042,DNp32,720575940629955372,upstream
720575940630610042,DNp32,720575940616056114,upstream
720575940630610042,DNp32,720575940621957011,upstream
720575940630610042,DNp32,720575940629144987,upstream
720575940630610042,DNp32,720575940616157474,upstream
720575940630610042,DNp32,720575940624743096,upstream
720575940630610042,DNp32,720575940632216928,upstream
720575940630610042,DNp32,720575940625355364,upstream
720575940630610042,DNp32,720575940638840629,upstream
720575940630610042,DNp32,720575940623510140,upstream
720575940630610042,DNp32,720575940630250860,upstream
720575940630610042,DNp32,720575940629127927,upstream
720575940630610042,DNp32,720575940624448138,upstream
720575940630610042,DNp32,720575940635111449,upstream
720575940630610042,DNp32,720575940632820307,upstream
720575940630610042,DNp32,720575940620919905,upstream
720575940630610042,DNp32,720575940625760912,upstream
720575940630610042,DNp32,720575940616285151,upstream
720575940630610042,DNp32,720575940612678637,upstream
720575940630610042,DNp32,720575940621895382,upstream
720575940630610042,DNp32,720575940606641842,upstream
720575940630610042,DNp32,720575940616376891,upstream
720575940630610042,DNp32,720575940622227213,upstream
720575940630610042,DNp32,720575940635196779,upstream
720575940630610042,DNp32,720575940610282981,upstream
720575940630610042,DNp32,720575940637332851,upstream
720575940630610042,DNp32,720575940617763099,upstream
720575940630610042,DNp32,720575940623598058,upstream
720575940630610042,DNp32,720575940630944843,upstream
720575940630610042,DNp32,720575940622547421,upstream
720575940630610042,DNp32,720575940629531351,upstream
720575940630610042,DNp32,720575940637570014,upstream
720575940630610042,DNp32,720575940639331829,upstream
720575940630610042,DNp32,720575940638764403,upstream
720575940630610042,DNp32,720575940611502309,upstream
720575940630610042,DNp32,720575940639417728,upstream
720575940630610042,DNp32,720575940631250232,upstream
720575940630610042,DNp32,720575940621774874,upstream
720575940630610042,DNp32,720575940614659690,upstream
720575940630610042,DNp32,720575940621761263,upstream
720575940630610042,DNp32,720575940638681919,upstream
720575940630610042,DNp32,720575940623865417,upstream
720575940630610042,DNp32,720575940637975615,upstream
720575940630610042,DNp32,720575940616273631,upstream
720575940630610042,DNp32,720575940625237891,upstream
720575940630610042,DNp32,720575940616564853,upstream
720575940630610042,DNp32,720575940625790352,upstream
720575940630610042,DNp32,720575940623242900,upstream
720575940630610042,DNp32,720575940614326162,upstream
720575940630610042,DNp32,720575940630291671,upstream
720575940630610042,DNp32,720575940611091524,upstream
720575940630610042,DNp32,720575940623691619,upstream
720575940630610042,DNp32,720575940619940693,upstream
720575940630610042,DNp32,720575940627383569,upstream
720575940630610042,DNp32,720575940660160385,upstream
720575940630610042,DNp32,720575940628592506,upstream
720575940630610042,DNp32,720575940621673852,upstream
720575940630610042,DNp32,720575940605033504,upstream
720575940630610042,DNp32,720575940605410592,upstream
720575940630610042,DNp32,720575940628348265,upstream
720575940630610042,DNp32,720575940617509701,upstream
720575940630610042,DNp32,720575940645106723,upstream
720575940630610042,DNp32,720575940629746176,upstream
720575940630610042,DNp32,720575940632192676,upstream
720575940630610042,DNp32,720575940609970090,upstream
720575940630610042,DNp32,720575940626730115,upstream
720575940630610042,DNp32,720575940629105563,upstream
720575940630610042,DNp32,720575940625952186,upstream
720575940630610042,DNp32,720575940632672156,upstream
720575940630610042,DNp32,720575940633177570,upstream
720575940630610042,DNp32,720575940645771811,upstream
720575940630610042,DNp32,720575940627236410,upstream
720575940630610042,DNp32,720575940629013199,upstream
720575940630610042,DNp32,720575940638879651,upstream
720575940630610042,DNp32,720575940614396778,upstream
720575940630610042,DNp32,720575940623919287,upstream
720575940630610042,DNp32,720575940613338690,upstream
720575940630610042,DNp32,720575940626230780,upstream
720575940630610042,DNp32,720575940619662144,upstream
720575940630610042,DNp32,720575940632417554,upstream
720575940630610042,DNp32,720575940625951946,upstream
720575940630610042,DNp32,720575940657745281,upstream
720575940630610042,DNp32,720575940626043218,upstream
720575940630610042,DNp32,720575940622151704,upstream
720575940630610042,DNp32,720575940636633998,upstream
720575940630610042,DNp32,720575940641285005,upstream
720575940630610042,DNp32,720575940620661168,upstream
720575940630610042,DNp32,720575940610896338,upstream
720575940630610042,DNp32,720575940630955205,upstream
720575940630610042,DNp32,720575940614529430,upstream
720575940630610042,DNp32,720575940613355670,upstream
720575940630610042,DNp32,720575940610941906,upstream
720575940630610042,DNp32,720575940627677017,upstream
720575940630610042,DNp32,720575940655597185,upstream
720575940630610042,DNp32,720575940621328508,upstream
720575940630610042,DNp32,720575940605705406,upstream
720575940630610042,DNp32,720575940611423402,upstream
720575940630610042,DNp32,720575940632890681,upstream
720575940630610042,DNp32,720575940638890355,upstream
720575940630610042,DNp32,720575940609619666,upstream
720575940630610042,DNp32,720575940627879623,upstream
720575940630610042,DNp32,720575940609834308,upstream
720575940630610042,DNp32,720575940636096948,upstream
720575940630610042,DNp32,720575940626199429,upstream
720575940630610042,DNp32,720575940623305963,upstream
720575940630610042,DNp32,720575940604810016,upstream
720575940630610042,DNp32,720575940606584766,upstream
720575940630610042,DNp32,720575940643768736,upstream
720575940630610042,DNp32,720575940623099085,upstream
720575940630610042,DNp32,720575940624983054,upstream
720575940630610042,DNp32,720575940619177045,upstream
720575940630610042,DNp32,720575940614388447,upstream
720575940630610042,DNp32,720575940618995505,upstream
720575940630610042,DNp32,720575940620195610,upstream
720575940630610042,DNp32,720575940626564337,upstream
720575940630610042,DNp32,720575940629464305,upstream
720575940630610042,DNp32,720575940619090548,upstream
720575940630610042,DNp32,720575940617700253,upstream
720575940630610042,DNp32,720575940605707710,upstream
720575940630610042,DNp32,720575940615366055,upstream
720575940630610042,DNp32,720575940628023685,upstream
720575940630610042,DNp32,720575940617620800,upstream
720575940630610042,DNp32,720575940628411706,upstream
720575940630610042,DNp32,720575940620204166,upstream
720575940630610042,DNp32,720575940642941988,upstream
720575940630610042,DNp32,720575940618153296,upstream
720575940630610042,DNp32,720575940632900665,upstream
720575940630610042,DNp32,720575940619898971,upstream
720575940630610042,DNp32,720575940630933816,upstream
720575940630610042,DNp32,720575940630921027,upstream
720575940630610042,DNp32,720575940623282985,upstream
720575940630610042,DNp32,720575940620100884,upstream
720575940630610042,DNp32,720575940635229591,upstream
720575940630610042,DNp32,720575940627572484,upstream
720575940630610042,DNp32,720575940614159010,upstream
720575940630610042,DNp32,720575940632353228,upstream
720575940630610042,DNp32,720575940636148325,upstream
720575940630610042,DNp32,720575940625334970,upstream
720575940630610042,DNp32,720575940624111083,upstream
720575940630610042,DNp32,720575940626497286,upstream
720575940630610042,DNp32,720575940617936029,upstream
720575940630610042,DNp32,720575940604921446,upstream
720575940630610042,DNp32,720575940641193717,upstream
720575940630610042,DNp32,720575940654752673,upstream
720575940630610042,DNp32,720575940625501882,upstream
720575940630610042,DNp32,720575940612882355,upstream
720575940630610042,DNp32,720575940614553234,upstream
720575940630610042,DNp32,720575940613106582,upstream
720575940630610042,DNp32,720575940623039928,upstream
720575940630610042,DNp32,720575940624406408,upstream
720575940630610042,DNp32,720575940631472963,upstream
720575940630610042,DNp32,720575940623356651,upstream
720575940630610042,DNp32,720575940605013420,upstream
720575940630610042,DNp32,720575940617869339,upstream
720575940630610042,DNp32,720575940624402173,upstream
720575940630610042,DNp32,720575940634334675,upstream
720575940630610042,DNp32,720575940639053146,upstream
720575940630610042,DNp32,720575940624695566,upstream
720575940630610042,DNp32,720575940636066167,upstream
720575940630610042,DNp32,720575940620738403,upstream
720575940630610042,DNp32,720575940622696944,upstream
720575940630610042,DNp32,720575940625741287,upstream
720575940630610042,DNp32,720575940639068605,upstream
720575940630610042,DNp32,720575940613898449,upstream
720575940630610042,DNp32,720575940604030176,upstream
720575940630610042,DNp32,720575940611856498,upstream
720575940630610042,DNp32,720575940640311715,upstream
720575940630610042,DNp32,720575940619474548,upstream
720575940630610042,DNp32,720575940621423604,upstream
720575940630610042,DNp32,720575940642398965,upstream
720575940630610042,DNp32,720575940627557653,upstream
720575940630610042,DNp32,720575940621132894,upstream
720575940630610042,DNp32,720575940632615507,upstream
720575940630610042,DNp32,720575940623538249,upstream
720575940630610042,DNp32,720575940620420544,upstream
720575940630610042,DNp32,720575940629523706,upstream
720575940630610042,DNp32,720575940620199872,upstream
720575940630610042,DNp32,720575940611967658,upstream
720575940630610042,DNp32,720575940621457690,upstream
720575940630610042,DNp32,720575940610040538,upstream
720575940630610042,DNp32,720575940621650011,upstream
720575940630610042,DNp32,720575940633352929,upstream
720575940630610042,DNp32,720575940637574515,upstream
720575940630610042,DNp32,720575940632410828,upstream
720575940630610042,DNp32,720575940630692986,upstream
720575940630610042,DNp32,720575940632311115,upstream
720575940630610042,DNp32,720575940617516689,upstream
720575940630610042,DNp32,720575940595106922,upstream
720575940630610042,DNp32,720575940615871967,upstream
720575940630610042,DNp32,720575940630098284,upstream
720575940630610042,DNp32,720575940627600719,upstream
720575940630610042,DNp32,720575940625768336,upstream
720575940630610042,DNp32,720575940612430821,upstream
720575940630610042,DNp32,720575940624363144,upstream
720575940630610042,DNp32,720575940632505359,upstream
720575940630610042,DNp32,720575940631966545,upstream
720575940630610042,DNp32,720575940625804819,upstream
720575940630610042,DNp32,720575940614671978,upstream
720575940630610042,DNp32,720575940614383628,upstream
720575940630610042,DNp32,720575940606498313,upstream
720575940630610042,DNp32,720575940614067507,upstream
720575940630610042,DNp32,720575940615860250,upstream
720575940630610042,DNp32,720575940633167199,upstream
720575940630610042,DNp32,720575940639173173,upstream
720575940630610042,DNp32,720575940620577612,upstream
720575940630610042,DNp32,720575940619536331,upstream
720575940630610042,DNp32,720575940624712206,upstream
720575940630610042,DNp32,720575940626760600,upstream
720575940630610042,DNp32,720575940618157110,upstream
720575940630610042,DNp32,720575940642506459,upstream
720575940630610042,DNp32,720575940617518365,upstream
720575940630610042,DNp32,720575940617903168,upstream
720575940630610042,DNp32,720575940635515744,upstream
720575940630610042,DNp32,720575940629986816,upstream
720575940630610042,DNp32,720575940628865644,upstream
720575940630610042,DNp32,720575940625798695,upstream
720575940630610042,DNp32,720575940635681198,upstream
720575940630610042,DNp32,720575940623084799,upstream
720575940630610042,DNp32,720575940640204477,upstream
720575940630610042,DNp32,720575940639242303,upstream
720575940630610042,DNp32,720575940627062184,upstream
720575940630610042,DNp32,720575940636217012,upstream
720575940630610042,DNp32,720575940625419495,upstream
720575940630610042,DNp32,720575940628481512,upstream
720575940630610042,DNp32,720575940619676224,upstream
720575940630610042,DNp32,720575940625415178,upstream
720575940630610042,DNp32,720575940627286794,upstream
720575940630610042,DNp32,720575940617760257,upstream
720575940630610042,DNp32,720575940616679654,upstream
720575940630610042,DNp32,720575940631530148,upstream
720575940630610042,DNp32,720575940638256216,upstream
720575940630610042,DNp32,720575940623040767,upstream
720575940630610042,DNp32,720575940620552897,upstream
720575940630610042,DNp32,720575940623862771,upstream
720575940630610042,DNp32,720575940625132797,upstream
720575940630610042,DNp32,720575940624691600,upstream
720575940630610042,DNp32,720575940620096065,upstream
720575940630610042,DNp32,720575940641780187,upstream
720575940630610042,DNp32,720575940635561335,upstream
720575940630610042,DNp32,720575940620905163,upstream
720575940630610042,DNp32,720575940625233296,upstream
720575940630610042,DNp32,720575940608027915,upstream
720575940630610042,DNp32,720575940616838789,upstream
720575940630610042,DNp32,720575940626451088,upstream
720575940630610042,DNp32,720575940622461636,upstream
720575940630610042,DNp32,720575940633901395,upstream
720575940630610042,DNp32,720575940626994453,upstream
720575940630610042,DNp32,720575940629760567,upstream
720575940630610042,DNp32,720575940626342174,upstream
720575940630610042,DNp32,720575940633413715,upstream
720575940630610042,DNp32,720575940639297408,upstream
720575940630610042,DNp32,720575940609329102,upstream
720575940630610042,DNp32,720575940622892469,upstream
720575940630610042,DNp32,720575940611988686,upstream
720575940630610042,DNp32,720575940607249365,upstream
720575940630610042,DNp32,720575940646433059,upstream
720575940630610042,DNp32,720575940659429761,upstream
720575940630610042,DNp32,720575940626394114,upstream
720575940630610042,DNp32,720575940626168266,upstream
720575940630610042,DNp32,720575940615798470,upstream
720575940630610042,DNp32,720575940646919476,upstream
720575940630610042,DNp32,720575940646913844,upstream
720575940630610042,DNp32,720575940646097175,upstream
720575940630610042,DNp32,720575940612171237,upstream
720575940630610042,DNp32,720575940615529414,upstream
720575940630610042,DNp32,720575940611982322,upstream
720575940630610042,DNp32,720575940641148149,upstream
720575940630610042,DNp32,720575940641141237,upstream
720575940630610042,DNp32,720575940640422478,upstream
720575940630610042,DNp32,720575940625584484,upstream
720575940630610042,DNp32,720575940633987155,upstream
720575940630610042,DNp32,720575940640278387,upstream
720575940630610042,DNp32,720575940629798082,upstream
720575940630610042,DNp32,720575940611344078,upstream
720575940630610042,DNp32,720575940631704716,upstream
720575940630610042,DNp32,720575940617936641,upstream
720575940630610042,DNp32,720575940631317329,upstream
720575940630610042,DNp32,720575940614099142,upstream
720575940630610042,DNp32,720575940631183378,upstream
720575940630610042,DNp32,720575940631095289,upstream
720575940630610042,DNp32,720575940631065144,upstream
720575940630610042,DNp32,720575940622804263,upstream
720575940630610042,DNp32,720575940608589323,upstream
720575940630610042,DNp32,720575940630674038,upstream
720575940630610042,DNp32,720575940605842656,upstream
720575940630610042,DNp32,720575940630273910,upstream
720575940630610042,DNp32,720575940622520140,upstream
720575940630610042,DNp32,720575940630161980,upstream
720575940630610042,DNp32,720575940617443001,upstream
720575940630610042,DNp32,720575940630012716,upstream
720575940630610042,DNp32,720575940629908540,upstream
720575940630610042,DNp32,720575940629843767,upstream
720575940630610042,DNp32,720575940611373262,upstream
720575940630610042,DNp32,720575940623411277,upstream
720575940630610042,DNp32,720575940606324402,upstream
720575940630610042,DNp32,720575940618409797,upstream
720575940630610042,DNp32,720575940639827765,upstream
720575940630610042,DNp32,720575940614574994,upstream
720575940630610042,DNp32,720575940618802811,upstream
720575940630610042,DNp32,720575940618723067,upstream
720575940630610042,DNp32,720575940618720635,upstream
720575940630610042,DNp32,720575940624326448,upstream
720575940630610042,DNp32,720575940634603930,upstream
720575940630610042,DNp32,720575940606411698,upstream
720575940630610042,DNp32,720575940633743796,upstream
720575940630610042,DNp32,720575940632376899,upstream
720575940630610042,DNp32,720575940611469518,upstream
720575940630610042,DNp32,720575940618326511,upstream
720575940630610042,DNp32,720575940623865232,upstream
720575940630610042,DNp32,720575940605030316,upstream
720575940630610042,DNp32,720575940633009343,upstream
720575940630610042,DNp32,720575940618182892,upstream
720575940630610042,DNp32,720575940632613549,upstream
720575940630610042,DNp32,720575940632403986,upstream
720575940630610042,DNp32,720575940629837563,upstream
720575940630610042,DNp32,720575940633926295,upstream
720575940630610042,DNp32,720575940617280657,upstream
720575940630610042,DNp32,720575940637258842,upstream
720575940630610042,DNp32,720575940616094523,upstream
720575940630610042,DNp32,720575940604173983,upstream
720575940630610042,DNp32,720575940626745193,upstream
720575940630610042,DNp32,720575940641977229,upstream
720575940630610042,DNp32,720575940611603418,upstream
720575940630610042,DNp32,720575940609191177,upstream
720575940630610042,DNp32,720575940618932763,upstream
720575940630610042,DNp32,720575940614956072,upstream
720575940630610042,DNp32,720575940624911548,upstream
720575940630610042,DNp32,720575940627447939,upstream
720575940630610042,DNp32,720575940615184863,upstream
720575940630610042,DNp32,720575940637878854,upstream
720575940630610042,DNp32,720575940638078527,upstream
720575940630610042,DNp32,720575940638699069,upstream
720575940630610042,DNp32,720575940638832035,upstream
720575940630610042,DNp32,720575940638865011,upstream
720575940630610042,DNp32,720575940639747235,upstream
720575940630610042,DNp32,720575940629450622,upstream
720575940630610042,DNp32,720575940616155933,upstream
720575940630610042,DNp32,720575940619403841,upstream
720575940630610042,DNp32,720575940612700847,upstream
720575940630610042,DNp32,720575940628795413,upstream
720575940630610042,DNp32,720575940613338349,upstream
720575940630610042,DNp32,720575940627659268,upstream
720575940630610042,DNp32,720575940624470247,upstream
720575940630610042,DNp32,720575940463879923,upstream
720575940630610042,DNp32,720575940629040119,upstream
720575940630610042,DNp32,720575940622060040,upstream
720575940630610042,DNp32,720575940613170498,upstream
720575940630610042,DNp32,720575940604821950,upstream
720575940630610042,DNp32,720575940622166998,upstream
720575940630610042,DNp32,720575940616592523,upstream
720575940630610042,DNp32,720575940616987097,upstream
720575940630610042,DNp32,720575940621814911,upstream
720575940630610042,DNp32,720575940628577388,upstream
720575940630610042,DNp32,720575940621470847,upstream
720575940630610042,DNp32,720575940628393713,upstream
720575940630610042,DNp32,720575940607562507,upstream
720575940630610042,DNp32,720575940622009889,upstream
720575940630610042,DNp32,720575940627894471,upstream
720575940630610042,DNp32,720575940619695750,upstream
720575940630610042,DNp32,720575940627468915,upstream
720575940630610042,DNp32,720575940632590818,upstream
720575940630610042,DNp32,720575940633095137,upstream
720575940630610042,DNp32,720575940623764967,upstream
720575940630610042,DNp32,720575940620070827,upstream
720575940630610042,DNp32,720575940625857923,upstream
720575940630610042,DNp32,720575940623617973,upstream
720575940630610042,DNp32,720575940632931298,upstream
720575940630610042,DNp32,720575940623636701,upstream
720575940630610042,DNp32,720575940632670156,upstream
720575940630610042,DNp32,720575940618164534,upstream
720575940630610042,DNp32,720575940632753325,upstream
720575940630610042,DNp32,720575940644574243,upstream
720575940630610042,DNp32,720575940605356960,upstream
720575940630610042,DNp32,720575940620356545,upstream
720575940630610042,DNp32,720575940644301335,upstream
720575940630610042,DNp32,720575940604395436,upstream
720575940630610042,DNp32,720575940644176164,upstream
720575940630610042,DNp32,720575940644004768,upstream
720575940630610042,DNp32,720575940643941832,upstream
720575940630610042,DNp32,720575940593335410,upstream
720575940630610042,DNp32,720575940620032788,upstream
720575940630610042,DNp32,720575940643800776,upstream
720575940630610042,DNp32,720575940616451909,upstream
720575940630610042,DNp32,720575940627386698,upstream
720575940630610042,DNp32,720575940643293837,upstream
720575940630610042,DNp32,720575940621018977,upstream
720575940630610042,DNp32,720575940627465032,upstream
720575940630610042,DNp32,720575940642927140,upstream
720575940630610042,DNp32,720575940612138792,upstream
720575940630610042,DNp32,720575940615624961,upstream
720575940630610042,DNp32,720575940633117580,upstream
720575940630610042,DNp32,720575940623769975,upstream
720575940630610042,DNp32,720575940638853454,upstream
720575940630610042,DNp32,720575940632511759,upstream
720575940630610042,DNp32,720575940618398878,upstream
720575940630610042,DNp32,720575940631713128,upstream
720575940630610042,DNp32,720575940624069012,upstream
720575940630610042,DNp32,720575940623319566,upstream
720575940630610042,DNp32,720575940627309322,upstream
720575940630610042,DNp32,720575940623325661,upstream
720575940630610042,DNp32,720575940624014483,upstream
720575940630610042,DNp32,720575940618335961,upstream
720575940630610042,DNp32,720575940624004864,upstream
720575940630610042,DNp32,720575940623982323,upstream
720575940630610042,DNp32,720575940623978498,upstream
720575940630610042,DNp32,720575940627314020,upstream
720575940630610042,DNp32,720575940631858373,upstream
720575940630610042,DNp32,720575940620913392,upstream
720575940630610042,DNp32,720575940618314897,upstream
720575940630610042,DNp32,720575940614380455,upstream
720575940630610042,DNp32,720575940614204414,upstream
720575940630610042,DNp32,720575940614374034,upstream
720575940630610042,DNp32,720575940618142513,upstream
720575940630610042,DNp32,720575940632399691,upstream
720575940630610042,DNp32,720575940644965940,upstream
720575940630610042,DNp32,720575940633336601,upstream
720575940630610042,DNp32,720575940623530378,upstream
720575940630610042,DNp32,720575940623829301,upstream
720575940630610042,DNp32,720575940615749051,upstream
720575940630610042,DNp32,720575940633286335,upstream
720575940630610042,DNp32,720575940633226652,upstream
720575940630610042,DNp32,720575940611428761,upstream
720575940630610042,DNp32,720575940633209159,upstream
720575940630610042,DNp32,720575940622074109,upstream
720575940630610042,DNp32,720575940642401060,upstream
720575940630610042,DNp32,720575940627574602,upstream
720575940630610042,DNp32,720575940642288269,upstream
720575940630610042,DNp32,720575940612291426,upstream
720575940630610042,DNp32,720575940616733509,upstream
720575940630610042,DNp32,720575940625503979,upstream
720575940630610042,DNp32,720575940640036480,upstream
720575940630610042,DNp32,720575940607596811,upstream
720575940630610042,DNp32,720575940620429820,upstream
720575940630610042,DNp32,720575940625499914,upstream
720575940630610042,DNp32,720575940620124295,upstream
720575940630610042,DNp32,720575940619623407,upstream
720575940630610042,DNp32,720575940639691635,upstream
720575940630610042,DNp32,720575940628211593,upstream
720575940630610042,DNp32,720575940606894722,upstream
720575940630610042,DNp32,720575940616798779,upstream
720575940630610042,DNp32,720575940621761729,upstream
720575940630610042,DNp32,720575940628371475,upstream
720575940630610042,DNp32,720575940639360384,upstream
720575940630610042,DNp32,720575940604759910,upstream
720575940630610042,DNp32,720575940639325941,upstream
720575940630610042,DNp32,720575940628392970,upstream
720575940630610042,DNp32,720575940613009327,upstream
720575940630610042,DNp32,720575940616908177,upstream
720575940630610042,DNp32,720575940639194165,upstream
720575940630610042,DNp32,720575940628538494,upstream
720575940630610042,DNp32,720575940625375240,upstream
720575940630610042,DNp32,720575940628609337,upstream
720575940630610042,DNp32,720575940628831938,upstream
720575940630610042,DNp32,720575940610472146,upstream
720575940630610042,DNp32,720575940628897385,upstream
720575940630610042,DNp32,720575940628917763,upstream
720575940630610042,DNp32,720575940612957802,upstream
720575940630610042,DNp32,720575940605622776,upstream
720575940630610042,DNp32,720575940625576962,upstream
720575940630610042,DNp32,720575940627686455,upstream
720575940630610042,DNp32,720575940615615929,upstream
720575940630610042,DNp32,720575940621181004,upstream
720575940630610042,DNp32,720575940621225313,upstream
720575940630610042,DNp32,720575940616502133,upstream
720575940630610042,DNp32,720575940609716298,upstream
720575940630610042,DNp32,720575940621276650,upstream
720575940630610042,DNp32,720575940621277790,upstream
720575940630610042,DNp32,720575940621343348,upstream
720575940630610042,DNp32,720575940625734525,upstream
720575940630610042,DNp32,720575940612711958,upstream
720575940630610042,DNp32,720575940597616567,upstream
720575940630610042,DNp32,720575940654878113,upstream
720575940630610042,DNp32,720575940641293301,upstream
720575940630610042,DNp32,720575940615923457,upstream
720575940630610042,DNp32,720575940626378824,upstream
720575940630610042,DNp32,720575940641278965,upstream
720575940630610042,DNp32,720575940638846013,upstream
720575940630610042,DNp32,720575940616580122,upstream
720575940630610042,DNp32,720575940627849994,upstream
720575940630610042,DNp32,720575940626685962,upstream
720575940630610042,DNp32,720575940660217729,upstream
720575940630610042,DNp32,720575940641006299,upstream
720575940630610042,DNp32,720575940627874832,upstream
720575940630610042,DNp32,720575940627936003,upstream
720575940630610042,DNp32,720575940619670465,upstream
720575940630610042,DNp32,720575940626768442,upstream
720575940630610042,DNp32,720575940640559165,upstream
720575940630610042,DNp32,720575940640541091,upstream
720575940630610042,DNp32,720575940633909344,upstream
720575940630610042,DNp32,720575940612554979,upstream
720575940630610042,DNp32,720575940645864739,upstream
720575940630610042,DNp32,720575940631034895,upstream
720575940630610042,DNp32,720575940631103744,upstream
720575940630610042,DNp32,720575940631098172,upstream
720575940630610042,DNp32,720575940618807454,upstream
720575940630610042,DNp32,720575940614082962,upstream
720575940630610042,DNp32,720575940635492276,upstream
720575940630610042,DNp32,720575940635508404,upstream
720575940630610042,DNp32,720575940614612374,upstream
720575940630610042,DNp32,720575940631056184,upstream
720575940630610042,DNp32,720575940659379073,upstream
720575940630610042,DNp32,720575940635527092,upstream
720575940630610042,DNp32,720575940631054634,upstream
720575940630610042,DNp32,720575940617825620,upstream
720575940630610042,DNp32,720575940631216524,upstream
720575940630610042,DNp32,720575940614667294,upstream
720575940630610042,DNp32,720575940624544748,upstream
720575940630610042,DNp32,720575940622843747,upstream
720575940630610042,DNp32,720575940630909970,upstream
720575940630610042,DNp32,720575940624099145,upstream
720575940630610042,DNp32,720575940615885766,upstream
720575940630610042,DNp32,720575940630903338,upstream
720575940630610042,DNp32,720575940630882263,upstream
720575940630610042,DNp32,720575940630853436,upstream
720575940630610042,DNp32,720575940636168048,upstream
720575940630610042,DNp32,720575940622784660,upstream
720575940630610042,DNp32,720575940597918344,upstream
720575940630610042,DNp32,720575940631327739,upstream
720575940630610042,DNp32,720575940630622250,upstream
720575940630610042,DNp32,720575940615798045,upstream
720575940630610042,DNp32,720575940605029036,upstream
720575940630610042,DNp32,720575940605019057,upstream
720575940630610042,DNp32,720575940607233458,upstream
720575940630610042,DNp32,720575940623233238,upstream
720575940630610042,DNp32,720575940618533265,upstream
720575940630610042,DNp32,720575940624199182,upstream
720575940630610042,DNp32,720575940618561445,upstream
720575940630610042,DNp32,720575940623217577,upstream
720575940630610042,DNp32,720575940634557335,upstream
720575940630610042,DNp32,720575940618649920,upstream
720575940630610042,DNp32,720575940614537618,upstream
720575940630610042,DNp32,720575940624320911,upstream
720575940630610042,DNp32,720575940625979993,upstream
720575940630610042,DNp32,720575940634708887,upstream
720575940630610042,DNp32,720575940659264385,upstream
720575940630610042,DNp32,720575940618694480,upstream
720575940630610042,DNp32,720575940634949311,upstream
720575940630610042,DNp32,720575940646436899,upstream
720575940630610042,DNp32,720575940623170231,upstream
720575940630610042,DNp32,720575940635055455,upstream
720575940630610042,DNp32,720575940646735156,upstream
720575940630610042,DNp32,720575940631462200,upstream
720575940630610042,DNp32,720575940631434541,upstream
720575940630610042,DNp32,720575940614136371,upstream
720575940630610042,DNp32,720575940596682666,upstream
720575940630610042,DNp32,720575940614698582,upstream
720575940630610042,DNp32,720575940620114171,upstream
720575940630610042,DNp32,720575940619434712,upstream
720575940630610042,DNp32,720575940629428992,upstream
720575940630610042,DNp32,720575940615211974,upstream
720575940630610042,DNp32,720575940620304110,upstream
720575940630610042,DNp32,720575940629403991,upstream
720575940630610042,DNp32,720575940622193546,upstream
720575940630610042,DNp32,720575940629332730,upstream
720575940630610042,DNp32,720575940630606444,upstream
720575940630610042,DNp32,720575940611872149,upstream
720575940630610042,DNp32,720575940626219038,upstream
720575940630610042,DNp32,720575940613254627,upstream
720575940630610042,DNp32,720575940622180632,upstream
720575940630610042,DNp32,720575940622172540,upstream
720575940630610042,DNp32,720575940383265186,upstream
720575940630610042,DNp32,720575940622140481,upstream
720575940630610042,DNp32,720575940629017591,upstream
720575940630610042,DNp32,720575940610530606,upstream
720575940630610042,DNp32,720575940622114121,upstream
720575940630610042,DNp32,720575940626901327,upstream
720575940630610042,DNp32,720575940607935154,upstream
720575940630610042,DNp32,720575940628952579,upstream
720575940630610042,DNp32,720575940613179871,upstream
720575940630610042,DNp32,720575940626232153,upstream
720575940630610042,DNp32,720575940626656010,upstream
720575940630610042,DNp32,720575940634026925,upstream
720575940630610042,DNp32,720575940637693503,upstream
720575940630610042,DNp32,720575940609877429,upstream
720575940630610042,DNp32,720575940637656974,upstream
720575940630610042,DNp32,720575940612383082,upstream
720575940630610042,DNp32,720575940636496100,upstream
720575940630610042,DNp32,720575940630427643,upstream
720575940630610042,DNp32,720575940627084905,upstream
720575940630610042,DNp32,720575940622241160,upstream
720575940630610042,DNp32,720575940630347980,upstream
720575940630610042,DNp32,720575940630181829,upstream
720575940630610042,DNp32,720575940636880350,upstream
720575940630610042,DNp32,720575940630151484,upstream
720575940630610042,DNp32,720575940624820112,upstream
720575940630610042,DNp32,720575940624836495,upstream
720575940630610042,DNp32,720575940614856607,upstream
720575940630610042,DNp32,720575940608541891,upstream
720575940630610042,DNp32,720575940620121324,upstream
720575940630610042,DNp32,720575940648748409,upstream
720575940630610042,DNp32,720575940629461442,upstream
720575940630610042,DNp32,720575940578636500,upstream
720575940630610042,DNp32,720575940629478956,upstream
720575940630610042,DNp32,720575940624992007,upstream
720575940630610042,DNp32,720575940608237835,upstream
720575940630610042,DNp32,720575940626284968,upstream
720575940630610042,DNp32,720575940637371992,upstream
720575940630610042,DNp32,720575940629900226,upstream
720575940630610042,DNp32,720575940637326963,upstream
720575940630610042,DNp32,720575940617335838,upstream
720575940630610042,DNp32,720575940620124143,upstream
720575940630610042,DNp32,720575940591568350,upstream
720575940630610042,DNp32,720575940577168037,upstream
720575940630610042,DNp32,720575940578113731,upstream
720575940630610042,DNp32,720575940578606548,upstream
720575940630610042,DNp32,720575940579208492,upstream
720575940630610042,DNp32,720575940581139761,upstream
720575940630610042,DNp32,720575940581252268,upstream
720575940630610042,DNp32,720575940582363769,upstream
720575940630610042,DNp32,720575940582761496,upstream
720575940630610042,DNp32,720575940583386283,upstream
720575940630610042,DNp32,720575940583484591,upstream
720575940630610042,DNp32,720575940583849812,upstream
720575940630610042,DNp32,720575940584773402,upstream
720575940630610042,DNp32,720575940586457956,upstream
720575940630610042,DNp32,720575940586458212,upstream
720575940630610042,DNp32,720575940588541163,upstream
720575940630610042,DNp32,720575940588929626,upstream
720575940630610042,DNp32,720575940588958898,upstream
720575940630610042,DNp32,720575940590376230,upstream
720575940630610042,DNp32,720575940590396693,upstream
720575940630610042,DNp32,720575940575509475,upstream
720575940630610042,DNp32,720575940572827746,upstream
720575940630610042,DNp32,720575940571023853,upstream
720575940630610042,DNp32,720575940542237379,upstream
720575940630610042,DNp32,720575940529671682,upstream
720575940630610042,DNp32,720575940530327370,upstream
720575940630610042,DNp32,720575940530810670,upstream
720575940630610042,DNp32,720575940531281179,upstream
720575940630610042,DNp32,720575940534833198,upstream
720575940630610042,DNp32,720575940535313790,upstream
720575940630610042,DNp32,720575940540252593,upstream
720575940630610042,DNp32,720575940542231028,upstream
720575940630610042,DNp32,720575940543566148,upstream
720575940630610042,DNp32,720575940571020904,upstream
720575940630610042,DNp32,720575940543791941,upstream
720575940630610042,DNp32,720575940546088985,upstream
720575940630610042,DNp32,720575940548196713,upstream
720575940630610042,DNp32,720575940556590292,upstream
720575940630610042,DNp32,720575940559610708,upstream
720575940630610042,DNp32,720575940566259501,upstream
720575940630610042,DNp32,720575940566621802,upstream
720575940630610042,DNp32,720575940569830796,upstream
720575940630610042,DNp32,720575940590402086,upstream
720575940630610042,DNp32,720575940591980959,upstream
720575940630610042,DNp32,720575940525346373,upstream
720575940630610042,DNp32,720575940592265191,upstream
720575940630610042,DNp32,720575940601123433,upstream
720575940630610042,DNp32,720575940601167875,upstream
720575940630610042,DNp32,720575940601506137,upstream
720575940630610042,DNp32,720575940602279192,upstream
720575940630610042,DNp32,720575940602698274,upstream
720575940630610042,DNp32,720575940603665735,upstream
720575940630610042,DNp32,720575940603759775,upstream
720575940630610042,DNp32,720575940603933586,upstream
720575940630610042,DNp32,720575940604088288,upstream
720575940630610042,DNp32,720575940604154597,upstream
720575940630610042,DNp32,720575940604239881,upstream
720575940630610042,DNp32,720575940604470956,upstream
720575940630610042,DNp32,720575940604938156,upstream
720575940630610042,DNp32,720575940604971655,upstream
720575940630610042,DNp32,720575940604976263,upstream
720575940630610042,DNp32,720575940605162924,upstream
720575940630610042,DNp32,720575940605252798,upstream
720575940630610042,DNp32,720575940605308082,upstream
720575940630610042,DNp32,720575940605341216,upstream
720575940630610042,DNp32,720575940600492466,upstream
720575940630610042,DNp32,720575940599448709,upstream
720575940630610042,DNp32,720575940598698093,upstream
720575940630610042,DNp32,720575940594493230,upstream
720575940630610042,DNp32,720575940592344010,upstream
720575940630610042,DNp32,720575940592837091,upstream
720575940630610042,DNp32,720575940592940850,upstream
720575940630610042,DNp32,720575940593108609,upstream
720575940630610042,DNp32,720575940593140768,upstream
720575940630610042,DNp32,720575940593429936,upstream
720575940630610042,DNp32,720575940594062329,upstream
720575940630610042,DNp32,720575940594267845,upstream
720575940630610042,DNp32,720575940594973105,upstream
720575940630610042,DNp32,720575940598246485,upstream
720575940630610042,DNp32,720575940594994609,upstream
720575940630610042,DNp32,720575940595047850,upstream
720575940630610042,DNp32,720575940595389983,upstream
720575940630610042,DNp32,720575940596007589,upstream
720575940630610042,DNp32,720575940596432066,upstream
720575940630610042,DNp32,720575940596759102,upstream
720575940630610042,DNp32,720575940597572456,upstream
720575940630610042,DNp32,720575940597920656,upstream
720575940630610042,DNp32,720575940525574130,upstream
720575940630610042,DNp32,720575940525163708,upstream
720575940630610042,DNp32,720575940605400096,upstream
720575940630610042,DNp32,720575940429972421,upstream
720575940630610042,DNp32,720575940383204897,upstream
720575940630610042,DNp32,720575940387543132,upstream
720575940630610042,DNp32,720575940388191691,upstream
720575940630610042,DNp32,720575940389358615,upstream
720575940630610042,DNp32,720575940391805131,upstream
720575940630610042,DNp32,720575940395621543,upstream
720575940630610042,DNp32,720575940397204984,upstream
720575940630610042,DNp32,720575940401882487,upstream
720575940630610042,DNp32,720575940406314016,upstream
720575940630610042,DNp32,720575940407454610,upstream
720575940630610042,DNp32,720575940408144176,upstream
720575940630610042,DNp32,720575940411412790,upstream
720575940630610042,DNp32,720575940411785273,upstream
720575940630610042,DNp32,720575940414010871,upstream
720575940630610042,DNp32,720575940414939978,upstream
720575940630610042,DNp32,720575940416402142,upstream
720575940630610042,DNp32,720575940426487013,upstream
720575940630610042,DNp32,720575940426580783,upstream
720575940630610042,DNp32,720575940429076991,upstream
720575940630610042,DNp32,720575940661309057,upstream
720575940630610042,DNp32,720575940382633389,upstream
720575940630610042,DNp32,720575940660052865,upstream
720575940630610042,DNp32,720575940650284534,upstream
720575940630610042,DNp32,720575940646852660,upstream
720575940630610042,DNp32,720575940647450244,upstream
720575940630610042,DNp32,720575940647907124,upstream
720575940630610042,DNp32,720575940647952948,upstream
720575940630610042,DNp32,720575940648564612,upstream
720575940630610042,DNp32,720575940648570244,upstream
720575940630610042,DNp32,720575940649213049,upstream
720575940630610042,DNp32,720575940650169846,upstream
720575940630610042,DNp32,720575940650386553,upstream
720575940630610042,DNp32,720575940654849697,upstream
720575940630610042,DNp32,720575940651329526,upstream
720575940630610042,DNp32,720575940651804918,upstream
720575940630610042,DNp32,720575940652063734,upstream
720575940630610042,DNp32,720575940652214262,upstream
720575940630610042,DNp32,720575940652258806,upstream
720575940630610042,DNp32,720575940653299617,upstream
720575940630610042,DNp32,720575940653480438,upstream
720575940630610042,DNp32,720575940654310049,upstream
720575940630610042,DNp32,720575940429419297,upstream
720575940630610042,DNp32,720575940430159409,upstream
720575940630610042,DNp32,720575940525049532,upstream
720575940630610042,DNp32,720575940432843571,upstream
720575940630610042,DNp32,720575940492940803,upstream
720575940630610042,DNp32,720575940493274991,upstream
720575940630610042,DNp32,720575940493559882,upstream
720575940630610042,DNp32,720575940493813731,upstream
720575940630610042,DNp32,720575940498512517,upstream
720575940630610042,DNp32,720575940498865114,upstream
720575940630610042,DNp32,720575940500593572,upstream
720575940630610042,DNp32,720575940501795595,upstream
720575940630610042,DNp32,720575940502560088,upstream
720575940630610042,DNp32,720575940505521368,upstream
720575940630610042,DNp32,720575940506486511,upstream
720575940630610042,DNp32,720575940506832184,upstream
720575940630610042,DNp32,720575940513423685,upstream
720575940630610042,DNp32,720575940518454144,upstream
720575940630610042,DNp32,720575940518469671,upstream
720575940630610042,DNp32,720575940521388826,upstream
720575940630610042,DNp32,720575940522505711,upstream
720575940630610042,DNp32,720575940522784370,upstream
720575940630610042,DNp32,720575940524646322,upstream
720575940630610042,DNp32,720575940492687323,upstream
720575940630610042,DNp32,720575940491500635,upstream
720575940630610042,DNp32,720575940491468014,upstream
720575940630610042,DNp32,720575940457789600,upstream
720575940630610042,DNp32,720575940433943047,upstream
720575940630610042,DNp32,720575940438389875,upstream
720575940630610042,DNp32,720575940439560376,upstream
720575940630610042,DNp32,720575940443340858,upstream
720575940630610042,DNp32,720575940447068494,upstream
720575940630610042,DNp32,720575940449034948,upstream
720575940630610042,DNp32,720575940450142297,upstream
720575940630610042,DNp32,720575940450715594,upstream
720575940630610042,DNp32,720575940460206827,upstream
720575940630610042,DNp32,720575940488515604,upstream
720575940630610042,DNp32,720575940461341107,upstream
720575940630610042,DNp32,720575940461555765,upstream
720575940630610042,DNp32,720575940465379566,upstream
720575940630610042,DNp32,720575940465423663,upstream
720575940630610042,DNp32,720575940466111822,upstream
720575940630610042,DNp32,720575940471112644,upstream
720575940630610042,DNp32,720575940472962829,upstream
720575940630610042,DNp32,720575940487787637,upstream
720575940630610042,DNp32,720575940605386910,upstream
720575940630610042,DNp32,720575940605495663,upstream
720575940630610042,DNp32,720575940646353699,upstream
720575940630610042,DNp32,720575940614238114,upstream
720575940630610042,DNp32,720575940613174963,upstream
720575940630610042,DNp32,720575940613214010,upstream
720575940630610042,DNp32,720575940613250991,upstream
720575940630610042,DNp32,720575940613253091,upstream
720575940630610042,DNp32,720575940613254778,upstream
720575940630610042,DNp32,720575940613258994,upstream
720575940630610042,DNp32,720575940613441689,upstream
720575940630610042,DNp32,720575940613492026,upstream
720575940630610042,DNp32,720575940613635737,upstream
720575940630610042,DNp32,720575940613747359,upstream
720575940630610042,DNp32,720575940613804259,upstream
720575940630610042,DNp32,720575940613809071,upstream
720575940630610042,DNp32,720575940613840807,upstream
720575940630610042,DNp32,720575940613901621,upstream
720575940630610042,DNp32,720575940613978199,upstream
720575940630610042,DNp32,720575940614009553,upstream
720575940630610042,DNp32,720575940614057334,upstream
720575940630610042,DNp32,720575940614087377,upstream
720575940630610042,DNp32,720575940614180944,upstream
720575940630610042,DNp32,720575940613113154,upstream
720575940630610042,DNp32,720575940612994132,upstream
720575940630610042,DNp32,720575940612981997,upstream
720575940630610042,DNp32,720575940612474026,upstream
720575940630610042,DNp32,720575940611975594,upstream
720575940630610042,DNp32,720575940611982997,upstream
720575940630610042,DNp32,720575940612120026,upstream
720575940630610042,DNp32,720575940612276322,upstream
720575940630610042,DNp32,720575940612348950,upstream
720575940630610042,DNp32,720575940612448997,upstream
720575940630610042,DNp32,720575940612450277,upstream
720575940630610042,DNp32,720575940612471880,upstream
720575940630610042,DNp32,720575940612488142,upstream
720575940630610042,DNp32,720575940612973674,upstream
720575940630610042,DNp32,720575940612488419,upstream
720575940630610042,DNp32,720575940612529010,upstream
720575940630610042,DNp32,720575940612547782,upstream
720575940630610042,DNp32,720575940612605853,upstream
720575940630610042,DNp32,720575940612619431,upstream
720575940630610042,DNp32,720575940612732273,upstream
720575940630610042,DNp32,720575940612821727,upstream
720575940630610042,DNp32,720575940612856342,upstream
720575940630610042,DNp32,720575940614196667,upstream
720575940630610042,DNp32,720575940614254860,upstream
720575940630610042,DNp32,720575940611930481,upstream
720575940630610042,DNp32,720575940614342038,upstream
720575940630610042,DNp32,720575940615593522,upstream
720575940630610042,DNp32,720575940615598849,upstream
720575940630610042,DNp32,720575940615612768,upstream
720575940630610042,DNp32,720575940615626562,upstream
720575940630610042,DNp32,720575940615662688,upstream
720575940630610042,DNp32,720575940615723077,upstream
720575940630610042,DNp32,720575940615827980,upstream
720575940630610042,DNp32,720575940615894143,upstream
720575940630610042,DNp32,720575940615898850,upstream
720575940630610042,DNp32,720575940616054834,upstream
720575940630610042,DNp32,720575940616086411,upstream
720575940630610042,DNp32,720575940616194443,upstream
720575940630610042,DNp32,720575940616211013,upstream
720575940630610042,DNp32,720575940616246843,upstream
720575940630610042,DNp32,720575940616285253,upstream
720575940630610042,DNp32,720575940616293889,upstream
720575940630610042,DNp32,720575940616298273,upstream
720575940630610042,DNp32,720575940616318045,upstream
720575940630610042,DNp32,720575940616402269,upstream
720575940630610042,DNp32,720575940615510338,upstream
720575940630610042,DNp32,720575940615506242,upstream
720575940630610042,DNp32,720575940615499451,upstream
720575940630610042,DNp32,720575940614758806,upstream
720575940630610042,DNp32,720575940614344354,upstream
720575940630610042,DNp32,720575940614350846,upstream
720575940630610042,DNp32,720575940614362851,upstream
720575940630610042,DNp32,720575940614380771,upstream
720575940630610042,DNp32,720575940614434046,upstream
720575940630610042,DNp32,720575940614546942,upstream
720575940630610042,DNp32,720575940614660263,upstream
720575940630610042,DNp32,720575940614756589,upstream
720575940630610042,DNp32,720575940614802738,upstream
720575940630610042,DNp32,720575940615409150,upstream
720575940630610042,DNp32,720575940614812190,upstream
720575940630610042,DNp32,720575940615090124,upstream
720575940630610042,DNp32,720575940615185291,upstream
720575940630610042,DNp32,720575940615185595,upstream
720575940630610042,DNp32,720575940615255007,upstream
720575940630610042,DNp32,720575940615283955,upstream
720575940630610042,DNp32,720575940615302962,upstream
720575940630610042,DNp32,720575940615379686,upstream
720575940630610042,DNp32,720575940611959219,upstream
720575940630610042,DNp32,720575940611913842,upstream
720575940630610042,DNp32,720575940605611013,upstream
720575940630610042,DNp32,720575940609442391,upstream
720575940630610042,DNp32,720575940607509907,upstream
720575940630610042,DNp32,720575940607749077,upstream
720575940630610042,DNp32,720575940607848203,upstream
720575940630610042,DNp32,720575940607880209,upstream
720575940630610042,DNp32,720575940607978820,upstream
720575940630610042,DNp32,720575940608101986,upstream
720575940630610042,DNp32,720575940608201411,upstream
720575940630610042,DNp32,720575940608339139,upstream
720575940630610042,DNp32,720575940608462684,upstream
720575940630610042,DNp32,720575940608545219,upstream
720575940630610042,DNp32,720575940608562918,upstream
720575940630610042,DNp32,720575940608605705,upstream
720575940630610042,DNp32,720575940608656849,upstream
720575940630610042,DNp32,720575940608824530,upstream
720575940630610042,DNp32,720575940608886741,upstream
720575940630610042,DNp32,720575940608932803,upstream
720575940630610042,DNp32,720575940609030776,upstream
720575940630610042,DNp32,720575940609049676,upstream
720575940630610042,DNp32,720575940609083086,upstream
720575940630610042,DNp32,720575940607369737,upstream
720575940630610042,DNp32,720575940607253170,upstream
720575940630610042,DNp32,720575940607091979,upstream
720575940630610042,DNp32,720575940606170754,upstream
720575940630610042,DNp32,720575940605676576,upstream
720575940630610042,DNp32,720575940605681440,upstream
720575940630610042,DNp32,720575940605694752,upstream
720575940630610042,DNp32,720575940605702046,upstream
720575940630610042,DNp32,720575940605702176,upstream
720575940630610042,DNp32,720575940605758142,upstream
720575940630610042,DNp32,720575940606006538,upstream
720575940630610042,DNp32,720575940606149321,upstream
720575940630610042,DNp32,720575940606246555,upstream
720575940630610042,DNp32,720575940607087715,upstream
720575940630610042,DNp32,720575940606403739,upstream
720575940630610042,DNp32,720575940606632114,upstream
720575940630610042,DNp32,720575940606692184,upstream
720575940630610042,DNp32,720575940606779973,upstream
720575940630610042,DNp32,720575940606913202,upstream
720575940630610042,DNp32,720575940606926466,upstream
720575940630610042,DNp32,720575940607068117,upstream
720575940630610042,DNp32,720575940607071106,upstream
720575940630610042,DNp32,720575940609327555,upstream
720575940630610042,DNp32,720575940609512977,upstream
720575940630610042,DNp32,720575940611799445,upstream
720575940630610042,DNp32,720575940609580664,upstream
720575940630610042,DNp32,720575940610867411,upstream
720575940630610042,DNp32,720575940610914003,upstream
720575940630610042,DNp32,720575940610980245,upstream
720575940630610042,DNp32,720575940610983573,upstream
720575940630610042,DNp32,720575940611012962,upstream
720575940630610042,DNp32,720575940611086286,upstream
720575940630610042,DNp32,720575940611090244,upstream
720575940630610042,DNp32,720575940611128782,upstream
720575940630610042,DNp32,720575940611203733,upstream
720575940630610042,DNp32,720575940611303139,upstream
720575940630610042,DNp32,720575940611400654,upstream
720575940630610042,DNp32,720575940611428977,upstream
720575940630610042,DNp32,720575940611475990,upstream
720575940630610042,DNp32,720575940611584179,upstream
720575940630610042,DNp32,720575940611644529,upstream
720575940630610042,DNp32,720575940611666898,upstream
720575940630610042,DNp32,720575940611672785,upstream
720575940630610042,DNp32,720575940611740694,upstream
720575940630610042,DNp32,720575940611767624,upstream
720575940630610042,DNp32,720575940610760306,upstream
720575940630610042,DNp32,720575940610724466,upstream
720575940630610042,DNp32,720575940610698052,upstream
720575940630610042,DNp32,720575940610056516,upstream
720575940630610042,DNp32,720575940609617614,upstream
720575940630610042,DNp32,720575940609618898,upstream
720575940630610042,DNp32,720575940609658377,upstream
720575940630610042,DNp32,720575940609825230,upstream
720575940630610042,DNp32,720575940609875893,upstream
720575940630610042,DNp32,720575940609890315,upstream
720575940630610042,DNp32,720575940609941145,upstream
720575940630610042,DNp32,720575940609996773,upstream
720575940630610042,DNp32,720575940610161091,upstream
720575940630610042,DNp32,720575940610563509,upstream
720575940630610042,DNp32,720575940610206015,upstream
720575940630610042,DNp32,720575940610292430,upstream
720575940630610042,DNp32,720575940610318237,upstream
720575940630610042,DNp32,720575940610375093,upstream
720575940630610042,DNp32,720575940610409170,upstream
720575940630610042,DNp32,720575940610426805,upstream
720575940630610042,DNp32,720575940610442450,upstream
720575940630610042,DNp32,720575940610486830,upstream
720575940630610042,DNp32,720575940646740868,upstream
720575940630610042,DNp32,720575940646192692,upstream
720575940630610042,DNp32,720575940616419701,upstream
720575940630610042,DNp32,720575940629228535,upstream
720575940630610042,DNp32,720575940628510480,upstream
720575940630610042,DNp32,720575940628528377,upstream
720575940630610042,DNp32,720575940628609081,upstream
720575940630610042,DNp32,720575940628642576,upstream
720575940630610042,DNp32,720575940628719375,upstream
720575940630610042,DNp32,720575940628769795,upstream
720575940630610042,DNp32,720575940628783363,upstream
720575940630610042,DNp32,720575940628787052,upstream
720575940630610042,DNp32,720575940628815420,upstream
720575940630610042,DNp32,720575940628825210,upstream
720575940630610042,DNp32,720575940628861188,upstream
720575940630610042,DNp32,720575940628895750,upstream
720575940630610042,DNp32,720575940628933275,upstream
720575940630610042,DNp32,720575940628949839,upstream
720575940630610042,DNp32,720575940628983887,upstream
720575940630610042,DNp32,720575940628991993,upstream
720575940630610042,DNp32,720575940629014887,upstream
720575940630610042,DNp32,720575940629055227,upstream
720575940630610042,DNp32,720575940629088018,upstream
720575940630610042,DNp32,720575940628426946,upstream
720575940630610042,DNp32,720575940628407098,upstream
720575940630610042,DNp32,720575940628397775,upstream
720575940630610042,DNp32,720575940628001512,upstream
720575940630610042,DNp32,720575940627713284,upstream
720575940630610042,DNp32,720575940627716168,upstream
720575940630610042,DNp32,720575940627787111,upstream
720575940630610042,DNp32,720575940627845704,upstream
720575940630610042,DNp32,720575940627881345,upstream
720575940630610042,DNp32,720575940627951619,upstream
720575940630610042,DNp32,720575940627958889,upstream
720575940630610042,DNp32,720575940627982332,upstream
720575940630610042,DNp32,720575940628024107,upstream
720575940630610042,DNp32,720575940628391250,upstream
720575940630610042,DNp32,720575940628059978,upstream
720575940630610042,DNp32,720575940628071696,upstream
720575940630610042,DNp32,720575940628087887,upstream
720575940630610042,DNp32,720575940628118159,upstream
720575940630610042,DNp32,720575940628310145,upstream
720575940630610042,DNp32,720575940628311370,upstream
720575940630610042,DNp32,720575940628360506,upstream
720575940630610042,DNp32,720575940628371441,upstream
720575940630610042,DNp32,720575940629155227,upstream
720575940630610042,DNp32,720575940629229271,upstream
720575940630610042,DNp32,720575940627692565,upstream
720575940630610042,DNp32,720575940629244357,upstream
720575940630610042,DNp32,720575940630247579,upstream
720575940630610042,DNp32,720575940630286136,upstream
720575940630610042,DNp32,720575940630331589,upstream
720575940630610042,DNp32,720575940630391639,upstream
720575940630610042,DNp32,720575940630455100,upstream
720575940630610042,DNp32,720575940630510454,upstream
720575940630610042,DNp32,720575940630520139,upstream
720575940630610042,DNp32,720575940630539535,upstream
720575940630610042,DNp32,720575940630553484,upstream
720575940630610042,DNp32,720575940630564712,upstream
720575940630610042,DNp32,720575940630608236,upstream
720575940630610042,DNp32,720575940630685511,upstream
720575940630610042,DNp32,720575940630695511,upstream
720575940630610042,DNp32,720575940630911991,upstream
720575940630610042,DNp32,720575940630936407,upstream
720575940630610042,DNp32,720575940630937871,upstream
720575940630610042,DNp32,720575940630947384,upstream
720575940630610042,DNp32,720575940630964311,upstream
720575940630610042,DNp32,720575940630989007,upstream
720575940630610042,DNp32,720575940630164992,upstream
720575940630610042,DNp32,720575940630149829,upstream
720575940630610042,DNp32,720575940630147127,upstream
720575940630610042,DNp32,720575940629513157,upstream
720575940630610042,DNp32,720575940629330426,upstream
720575940630610042,DNp32,720575940629345398,upstream
720575940630610042,DNp32,720575940629364583,upstream
720575940630610042,DNp32,720575940629409009,upstream
720575940630610042,DNp32,720575940629430978,upstream
720575940630610042,DNp32,720575940629437054,upstream
720575940630610042,DNp32,720575940629437178,upstream
720575940630610042,DNp32,720575940629441150,upstream
720575940630610042,DNp32,720575940629513478,upstream
720575940630610042,DNp32,720575940630127634,upstream
720575940630610042,DNp32,720575940629561338,upstream
720575940630610042,DNp32,720575940629733443,upstream
720575940630610042,DNp32,720575940629752219,upstream
720575940630610042,DNp32,720575940629933559,upstream
720575940630610042,DNp32,720575940629943148,upstream
720575940630610042,DNp32,720575940630005147,upstream
720575940630610042,DNp32,720575940630008571,upstream
720575940630610042,DNp32,720575940630029307,upstream
720575940630610042,DNp32,720575940627695559,upstream
720575940630610042,DNp32,720575940627684713,upstream
720575940630610042,DNp32,720575940631057468,upstream
720575940630610042,DNp32,720575940626600067,upstream
720575940630610042,DNp32,720575940625792698,upstream
720575940630610042,DNp32,720575940625805084,upstream
720575940630610042,DNp32,720575940625839345,upstream
720575940630610042,DNp32,720575940625886666,upstream
720575940630610042,DNp32,720575940625912871,upstream
720575940630610042,DNp32,720575940625926693,upstream
720575940630610042,DNp32,720575940625952345,upstream
720575940630610042,DNp32,720575940625990500,upstream
720575940630610042,DNp32,720575940626021465,upstream
720575940630610042,DNp32,720575940626051367,upstream
720575940630610042,DNp32,720575940626083356,upstream
720575940630610042,DNp32,720575940626128386,upstream
720575940630610042,DNp32,720575940626339405,upstream
720575940630610042,DNp32,720575940626348218,upstream
720575940630610042,DNp32,720575940626382473,upstream
720575940630610042,DNp32,720575940626394626,upstream
720575940630610042,DNp32,720575940626427529,upstream
720575940630610042,DNp32,720575940626438738,upstream
720575940630610042,DNp32,720575940626596625,upstream
720575940630610042,DNp32,720575940625789378,upstream
720575940630610042,DNp32,720575940625781404,upstream
720575940630610042,DNp32,720575940625779642,upstream
720575940630610042,DNp32,720575940625590368,upstream
720575940630610042,DNp32,720575940625310014,upstream
720575940630610042,DNp32,720575940625328074,upstream
720575940630610042,DNp32,720575940625423290,upstream
720575940630610042,DNp32,720575940625482396,upstream
720575940630610042,DNp32,720575940625486266,upstream
720575940630610042,DNp32,720575940625489052,upstream
720575940630610042,DNp32,720575940625521899,upstream
720575940630610042,DNp32,720575940625587999,upstream
720575940630610042,DNp32,720575940625599007,upstream
720575940630610042,DNp32,720575940625772688,upstream
720575940630610042,DNp32,720575940625642554,upstream
720575940630610042,DNp32,720575940625658755,upstream
720575940630610042,DNp32,720575940625660396,upstream
720575940630610042,DNp32,720575940625687071,upstream
720575940630610042,DNp32,720575940625712688,upstream
720575940630610042,DNp32,720575940625720201,upstream
720575940630610042,DNp32,720575940625761448,upstream
720575940630610042,DNp32,720575940625770012,upstream
720575940630610042,DNp32,720575940626599420,upstream
720575940630610042,DNp32,720575940626607930,upstream
720575940630610042,DNp32,720575940627684614,upstream
720575940630610042,DNp32,720575940626624275,upstream
720575940630610042,DNp32,720575940627283176,upstream
720575940630610042,DNp32,720575940627284234,upstream
720575940630610042,DNp32,720575940627290129,upstream
720575940630610042,DNp32,720575940627330566,upstream
720575940630610042,DNp32,720575940627331560,upstream
720575940630610042,DNp32,720575940627349860,upstream
720575940630610042,DNp32,720575940627378476,upstream
720575940630610042,DNp32,720575940627380418,upstream
720575940630610042,DNp32,720575940627384049,upstream
720575940630610042,DNp32,720575940627394837,upstream
720575940630610042,DNp32,720575940627452263,upstream
720575940630610042,DNp32,720575940627506328,upstream
720575940630610042,DNp32,720575940627514627,upstream
720575940630610042,DNp32,720575940627626244,upstream
720575940630610042,DNp32,720575940627632745,upstream
720575940630610042,DNp32,720575940627640817,upstream
720575940630610042,DNp32,720575940627654677,upstream
720575940630610042,DNp32,720575940627662279,upstream
720575940630610042,DNp32,720575940627666506,upstream
720575940630610042,DNp32,720575940627239174,upstream
720575940630610042,DNp32,720575940627203461,upstream
720575940630610042,DNp32,720575940627194174,upstream
720575940630610042,DNp32,720575940626850247,upstream
720575940630610042,DNp32,720575940626663178,upstream
720575940630610042,DNp32,720575940626664553,upstream
720575940630610042,DNp32,720575940626707770,upstream
720575940630610042,DNp32,720575940626741013,upstream
720575940630610042,DNp32,720575940626802770,upstream
720575940630610042,DNp32,720575940626813010,upstream
720575940630610042,DNp32,720575940626815120,upstream
720575940630610042,DNp32,720575940626815826,upstream
720575940630610042,DNp32,720575940626883483,upstream
720575940630610042,DNp32,720575940627146186,upstream
720575940630610042,DNp32,720575940626886335,upstream
720575940630610042,DNp32,720575940626961304,upstream
720575940630610042,DNp32,720575940627073768,upstream
720575940630610042,DNp32,720575940627083397,upstream
720575940630610042,DNp32,720575940627087364,upstream
720575940630610042,DNp32,720575940627110824,upstream
720575940630610042,DNp32,720575940627118282,upstream
720575940630610042,DNp32,720575940627134460,upstream
720575940630610042,DNp32,720575940631049234,upstream
720575940630610042,DNp32,720575940631078504,upstream
720575940630610042,DNp32,720575940645372964,upstream
720575940630610042,DNp32,720575940638731427,upstream
720575940630610042,DNp32,720575940637321870,upstream
720575940630610042,DNp32,720575940637353193,upstream
720575940630610042,DNp32,720575940637397309,upstream
720575940630610042,DNp32,720575940637509190,upstream
720575940630610042,DNp32,720575940637565492,upstream
720575940630610042,DNp32,720575940637623780,upstream
720575940630610042,DNp32,720575940637665626,upstream
720575940630610042,DNp32,720575940637791603,upstream
720575940630610042,DNp32,720575940637871706,upstream
720575940630610042,DNp32,720575940637881178,upstream
720575940630610042,DNp32,720575940637920366,upstream
720575940630610042,DNp32,720575940638128573,upstream
720575940630610042,DNp32,720575940638202320,upstream
720575940630610042,DNp32,720575940638204132,upstream
720575940630610042,DNp32,720575940638304838,upstream
720575940630610042,DNp32,720575940638412928,upstream
720575940630610042,DNp32,720575940638446168,upstream
720575940630610042,DNp32,720575940638528053,upstream
720575940630610042,DNp32,720575940638642654,upstream
720575940630610042,DNp32,720575940637264617,upstream
720575940630610042,DNp32,720575940637120346,upstream
720575940630610042,DNp32,720575940637098352,upstream
720575940630610042,DNp32,720575940636286053,upstream
720575940630610042,DNp32,720575940635525342,upstream
720575940630610042,DNp32,720575940635618711,upstream
720575940630610042,DNp32,720575940635632888,upstream
720575940630610042,DNp32,720575940635646583,upstream
720575940630610042,DNp32,720575940635652782,upstream
720575940630610042,DNp32,720575940635659748,upstream
720575940630610042,DNp32,720575940635842990,upstream
720575940630610042,DNp32,720575940635974335,upstream
720575940630610042,DNp32,720575940636304503,upstream
720575940630610042,DNp32,720575940637064926,upstream
720575940630610042,DNp32,720575940636343147,upstream
720575940630610042,DNp32,720575940636400080,upstream
720575940630610042,DNp32,720575940636571534,upstream
720575940630610042,DNp32,720575940636576948,upstream
720575940630610042,DNp32,720575940636593806,upstream
720575940630610042,DNp32,720575940636624014,upstream
720575940630610042,DNp32,720575940636985822,upstream
720575940630610042,DNp32,720575940636997744,upstream
720575940630610042,DNp32,720575940638700707,upstream
720575940630610042,DNp32,720575940639092925,upstream
720575940630610042,DNp32,720575940635385440,upstream
720575940630610042,DNp32,720575940639121636,upstream
720575940630610042,DNp32,720575940641536987,upstream
720575940630610042,DNp32,720575940641701584,upstream
720575940630610042,DNp32,720575940641972384,upstream
720575940630610042,DNp32,720575940642151565,upstream
720575940630610042,DNp32,720575940642225371,upstream
720575940630610042,DNp32,720575940642262157,upstream
720575940630610042,DNp32,720575940642513444,upstream
720575940630610042,DNp32,720575940642843848,upstream
720575940630610042,DNp32,720575940643177376,upstream
720575940630610042,DNp32,720575940643517038,upstream
720575940630610042,DNp32,720575940643869988,upstream
720575940630610042,DNp32,720575940643874596,upstream
720575940630610042,DNp32,720575940644223267,upstream
720575940630610042,DNp32,720575940644345652,upstream
720575940630610042,DNp32,720575940644440100,upstream
720575940630610042,DNp32,720575940644688238,upstream
720575940630610042,DNp32,720575940644790580,upstream
720575940630610042,DNp32,720575940644869143,upstream
720575940630610042,DNp32,720575940645093230,upstream
720575940630610042,DNp32,720575940641350344,upstream
720575940630610042,DNp32,720575940641348237,upstream
720575940630610042,DNp32,720575940641309659,upstream
720575940630610042,DNp32,720575940640073600,upstream
720575940630610042,DNp32,720575940639230286,upstream
720575940630610042,DNp32,720575940639479366,upstream
720575940630610042,DNp32,720575940639517016,upstream
720575940630610042,DNp32,720575940639554163,upstream
720575940630610042,DNp32,720575940639654515,upstream
720575940630610042,DNp32,720575940639696755,upstream
720575940630610042,DNp32,720575940639787661,upstream
720575940630610042,DNp32,720575940640031360,upstream
720575940630610042,DNp32,720575940640356149,upstream
720575940630610042,DNp32,720575940641305032,upstream
720575940630610042,DNp32,720575940640395317,upstream
720575940630610042,DNp32,720575940640757467,upstream
720575940630610042,DNp32,720575940640766881,upstream
720575940630610042,DNp32,720575940640894709,upstream
720575940630610042,DNp32,720575940640935387,upstream
720575940630610042,DNp32,720575940641178253,upstream
720575940630610042,DNp32,720575940641248245,upstream
720575940630610042,DNp32,720575940641282267,upstream
720575940630610042,DNp32,720575940635513524,upstream
720575940630610042,DNp32,720575940635371119,upstream
720575940630610042,DNp32,720575940631101804,upstream
720575940630610042,DNp32,720575940633168012,upstream
720575940630610042,DNp32,720575940631912473,upstream
720575940630610042,DNp32,720575940631937042,upstream
720575940630610042,DNp32,720575940631942341,upstream
720575940630610042,DNp32,720575940631998405,upstream
720575940630610042,DNp32,720575940632042148,upstream
720575940630610042,DNp32,720575940632133857,upstream
720575940630610042,DNp32,720575940632238253,upstream
720575940630610042,DNp32,720575940632369439,upstream
720575940630610042,DNp32,720575940632374207,upstream
720575940630610042,DNp32,720575940632464557,upstream
720575940630610042,DNp32,720575940632469964,upstream
720575940630610042,DNp32,720575940632472850,upstream
720575940630610042,DNp32,720575940632603548,upstream
720575940630610042,DNp32,720575940632650271,upstream
720575940630610042,DNp32,720575940632681636,upstream
720575940630610042,DNp32,720575940632717408,upstream
720575940630610042,DNp32,720575940632865178,upstream
720575940630610042,DNp32,720575940632943277,upstream
720575940630610042,DNp32,720575940633005779,upstream
720575940630610042,DNp32,720575940631905080,upstream
720575940630610042,DNp32,720575940631875896,upstream
720575940630610042,DNp32,720575940631821379,upstream
720575940630610042,DNp32,720575940631466783,upstream
720575940630610042,DNp32,720575940631164476,upstream
720575940630610042,DNp32,720575940631248172,upstream
720575940630610042,DNp32,720575940631260716,upstream
720575940630610042,DNp32,720575940631275601,upstream
720575940630610042,DNp32,720575940631314908,upstream
720575940630610042,DNp32,720575940631335528,upstream
720575940630610042,DNp32,720575940631387949,upstream
720575940630610042,DNp32,720575940631454433,upstream
720575940630610042,DNp32,720575940631499832,upstream
720575940630610042,DNp32,720575940631773388,upstream
720575940630610042,DNp32,720575940631511363,upstream
720575940630610042,DNp32,720575940631511436,upstream
720575940630610042,DNp32,720575940631520312,upstream
720575940630610042,DNp32,720575940631616031,upstream
720575940630610042,DNp32,720575940631641708,upstream
720575940630610042,DNp32,720575940631651128,upstream
720575940630610042,DNp32,720575940631700731,upstream
720575940630610042,DNp32,720575940631714349,upstream
720575940630610042,DNp32,720575940633094113,upstream
720575940630610042,DNp32,720575940633211975,upstream
720575940630610042,DNp32,720575940635355804,upstream
720575940630610042,DNp32,720575940633307036,upstream
720575940630610042,DNp32,720575940634243775,upstream
720575940630610042,DNp32,720575940634310763,upstream
720575940630610042,DNp32,720575940634354367,upstream
720575940630610042,DNp32,720575940634384751,upstream
720575940630610042,DNp32,720575940634396863,upstream
720575940630610042,DNp32,720575940634525792,upstream
720575940630610042,DNp32,720575940634570906,upstream
720575940630610042,DNp32,720575940634577104,upstream
720575940630610042,DNp32,720575940634631342,upstream
720575940630610042,DNp32,720575940634822751,upstream
720575940630610042,DNp32,720575940634844408,upstream
720575940630610042,DNp32,720575940634991551,upstream
720575940630610042,DNp32,720575940635022703,upstream
720575940630610042,DNp32,720575940635089689,upstream
720575940630610042,DNp32,720575940635102745,upstream
720575940630610042,DNp32,720575940635113976,upstream
720575940630610042,DNp32,720575940635189134,upstream
720575940630610042,DNp32,720575940635330204,upstream
720575940630610042,DNp32,720575940635348213,upstream
720575940630610042,DNp32,720575940634072312,upstream
720575940630610042,DNp32,720575940634031533,upstream
720575940630610042,DNp32,720575940634003027,upstream
720575940630610042,DNp32,720575940633561113,upstream
720575940630610042,DNp32,720575940633310801,upstream
720575940630610042,DNp32,720575940633317713,upstream
720575940630610042,DNp32,720575940633350812,upstream
720575940630610042,DNp32,720575940633365473,upstream
720575940630610042,DNp32,720575940633402991,upstream
720575940630610042,DNp32,720575940633504248,upstream
720575940630610042,DNp32,720575940633529548,upstream
720575940630610042,DNp32,720575940633545823,upstream
720575940630610042,DNp32,720575940633573836,upstream
720575940630610042,DNp32,720575940633906076,upstream
720575940630610042,DNp32,720575940633594104,upstream
720575940630610042,DNp32,720575940633611234,upstream
720575940630610042,DNp32,720575940633671705,upstream
720575940630610042,DNp32,720575940633680374,upstream
720575940630610042,DNp32,720575940633716124,upstream
720575940630610042,DNp32,720575940633731574,upstream
720575940630610042,DNp32,720575940633750564,upstream
720575940630610042,DNp32,720575940633849495,upstream
720575940630610042,DNp32,720575940616403167,upstream
720575940630610042,DNp32,720575940616459637,upstream
720575940630610042,DNp32,720575940616476043,upstream
720575940630610042,DNp32,720575940621241008,upstream
720575940630610042,DNp32,720575940620439174,upstream
720575940630610042,DNp32,720575940620463732,upstream
720575940630610042,DNp32,720575940620617153,upstream
720575940630610042,DNp32,720575940620625646,upstream
720575940630610042,DNp32,720575940620664000,upstream
720575940630610042,DNp32,720575940620731608,upstream
720575940630610042,DNp32,720575940620733692,upstream
720575940630610042,DNp32,720575940620741102,upstream
720575940630610042,DNp32,720575940620744870,upstream
720575940630610042,DNp32,720575940620759668,upstream
720575940630610042,DNp32,720575940620775551,upstream
720575940630610042,DNp32,720575940620814913,upstream
720575940630610042,DNp32,720575940620835327,upstream
720575940630610042,DNp32,720575940620862746,upstream
720575940630610042,DNp32,720575940620888316,upstream
720575940630610042,DNp32,720575940620917707,upstream
720575940630610042,DNp32,720575940620997396,upstream
720575940630610042,DNp32,720575940621010181,upstream
720575940630610042,DNp32,720575940621014292,upstream
720575940630610042,DNp32,720575940620394689,upstream
720575940630610042,DNp32,720575940620390848,upstream
720575940630610042,DNp32,720575940620382400,upstream
720575940630610042,DNp32,720575940620038779,upstream
720575940630610042,DNp32,720575940619728981,upstream
720575940630610042,DNp32,720575940619754111,upstream
720575940630610042,DNp32,720575940619757515,upstream
720575940630610042,DNp32,720575940619811638,upstream
720575940630610042,DNp32,720575940619855296,upstream
720575940630610042,DNp32,720575940619904091,upstream
720575940630610042,DNp32,720575940619904685,upstream
720575940630610042,DNp32,720575940619929704,upstream
720575940630610042,DNp32,720575940620065694,upstream
720575940630610042,DNp32,720575940620339068,upstream
720575940630610042,DNp32,720575940620085670,upstream
720575940630610042,DNp32,720575940620099566,upstream
720575940630610042,DNp32,720575940620114497,upstream
720575940630610042,DNp32,720575940620153765,upstream
720575940630610042,DNp32,720575940620229868,upstream
720575940630610042,DNp32,720575940620239013,upstream
720575940630610042,DNp32,720575940620298772,upstream
720575940630610042,DNp32,720575940620300284,upstream
720575940630610042,DNp32,720575940621136961,upstream
720575940630610042,DNp32,720575940621370484,upstream
720575940630610042,DNp32,720575940619686593,upstream
720575940630610042,DNp32,720575940621401222,upstream
720575940630610042,DNp32,720575940622110329,upstream
720575940630610042,DNp32,720575940622121239,upstream
720575940630610042,DNp32,720575940622150209,upstream
720575940630610042,DNp32,720575940622184105,upstream
720575940630610042,DNp32,720575940622235969,upstream
720575940630610042,DNp32,720575940622262493,upstream
720575940630610042,DNp32,720575940622263066,upstream
720575940630610042,DNp32,720575940622311704,upstream
720575940630610042,DNp32,720575940622312521,upstream
720575940630610042,DNp32,720575940622321110,upstream
720575940630610042,DNp32,720575940622334448,upstream
720575940630610042,DNp32,720575940622343094,upstream
720575940630610042,DNp32,720575940622362915,upstream
720575940630610042,DNp32,720575940622370954,upstream
720575940630610042,DNp32,720575940622444037,upstream
720575940630610042,DNp32,720575940622467113,upstream
720575940630610042,DNp32,720575940622493322,upstream
720575940630610042,DNp32,720575940622495401,upstream
720575940630610042,DNp32,720575940622510630,upstream
720575940630610042,DNp32,720575940622093436,upstream
720575940630610042,DNp32,720575940622065622,upstream
720575940630610042,DNp32,720575940622045133,upstream
720575940630610042,DNp32,720575940621717509,upstream
720575940630610042,DNp32,720575940621529691,upstream
720575940630610042,DNp32,720575940621542747,upstream
720575940630610042,DNp32,720575940621551854,upstream
720575940630610042,DNp32,720575940621585279,upstream
720575940630610042,DNp32,720575940621624491,upstream
720575940630610042,DNp32,720575940621626394,upstream
720575940630610042,DNp32,720575940621685230,upstream
720575940630610042,DNp32,720575940621689727,upstream
720575940630610042,DNp32,720575940621733759,upstream
720575940630610042,DNp32,720575940622010373,upstream
720575940630610042,DNp32,720575940621746300,upstream
720575940630610042,DNp32,720575940621771502,upstream
720575940630610042,DNp32,720575940621778646,upstream
720575940630610042,DNp32,720575940621779035,upstream
720575940630610042,DNp32,720575940621786250,upstream
720575940630610042,DNp32,720575940621790902,upstream
720575940630610042,DNp32,720575940621828534,upstream
720575940630610042,DNp32,720575940621932237,upstream
720575940630610042,DNp32,720575940619689920,upstream
720575940630610042,DNp32,720575940619615424,upstream
720575940630610042,DNp32,720575940622567659,upstream
720575940630610042,DNp32,720575940617937984,upstream
720575940630610042,DNp32,720575940617241403,upstream
720575940630610042,DNp32,720575940617257985,upstream
720575940630610042,DNp32,720575940617281025,upstream
720575940630610042,DNp32,720575940617282075,upstream
720575940630610042,DNp32,720575940617335582,upstream
720575940630610042,DNp32,720575940617362772,upstream
720575940630610042,DNp32,720575940617398745,upstream
720575940630610042,DNp32,720575940617455929,upstream
720575940630610042,DNp32,720575940617558246,upstream
720575940630610042,DNp32,720575940617591687,upstream
720575940630610042,DNp32,720575940617629270,upstream
720575940630610042,DNp32,720575940617781383,upstream
720575940630610042,DNp32,720575940617788107,upstream
720575940630610042,DNp32,720575940617804171,upstream
720575940630610042,DNp32,720575940617852299,upstream
720575940630610042,DNp32,720575940617853986,upstream
720575940630610042,DNp32,720575940617854676,upstream
720575940630610042,DNp32,720575940617898456,upstream
720575940630610042,DNp32,720575940617904208,upstream
720575940630610042,DNp32,720575940617212504,upstream
720575940630610042,DNp32,720575940617201245,upstream
720575940630610042,DNp32,720575940617155997,upstream
720575940630610042,DNp32,720575940616860161,upstream
720575940630610042,DNp32,720575940616551029,upstream
720575940630610042,DNp32,720575940616580511,upstream
720575940630610042,DNp32,720575940616643284,upstream
720575940630610042,DNp32,720575940616688930,upstream
720575940630610042,DNp32,720575940616699805,upstream
720575940630610042,DNp32,720575940616727782,upstream
720575940630610042,DNp32,720575940616768699,upstream
720575940630610042,DNp32,720575940616812859,upstream
720575940630610042,DNp32,720575940616890041,upstream
720575940630610042,DNp32,720575940617147108,upstream
720575940630610042,DNp32,720575940616985318,upstream
720575940630610042,DNp32,720575940617023771,upstream
720575940630610042,DNp32,720575940617024562,upstream
720575940630610042,DNp32,720575940617042169,upstream
720575940630610042,DNp32,720575940617048550,upstream
720575940630610042,DNp32,720575940617053076,upstream
720575940630610042,DNp32,720575940617110555,upstream
720575940630610042,DNp32,720575940617126401,upstream
720575940630610042,DNp32,720575940617908068,upstream
720575940630610042,DNp32,720575940617944710,upstream
720575940630610042,DNp32,720575940619559815,upstream
720575940630610042,DNp32,720575940617965878,upstream
720575940630610042,DNp32,720575940618827224,upstream
720575940630610042,DNp32,720575940618828481,upstream
720575940630610042,DNp32,720575940618855344,upstream
720575940630610042,DNp32,720575940618869249,upstream
720575940630610042,DNp32,720575940618893366,upstream
720575940630610042,DNp32,720575940618902100,upstream
720575940630610042,DNp32,720575940618907757,upstream
720575940630610042,DNp32,720575940618958109,upstream
720575940630610042,DNp32,720575940619029451,upstream
720575940630610042,DNp32,720575940619038493,upstream
720575940630610042,DNp32,720575940619059102,upstream
720575940630610042,DNp32,720575940619108299,upstream
720575940630610042,DNp32,720575940619130096,upstream
720575940630610042,DNp32,720575940619164788,upstream
720575940630610042,DNp32,720575940619245016,upstream
720575940630610042,DNp32,720575940619280981,upstream
720575940630610042,DNp32,720575940619375892,upstream
720575940630610042,DNp32,720575940619418064,upstream
720575940630610042,DNp32,720575940619496641,upstream
720575940630610042,DNp32,720575940618819172,upstream
720575940630610042,DNp32,720575940618812888,upstream
720575940630610042,DNp32,720575940618804475,upstream
720575940630610042,DNp32,720575940618275983,upstream
720575940630610042,DNp32,720575940617991195,upstream
720575940630610042,DNp32,720575940618033232,upstream
720575940630610042,DNp32,720575940618112310,upstream
720575940630610042,DNp32,720575940618116693,upstream
720575940630610042,DNp32,720575940618135183,upstream
720575940630610042,DNp32,720575940618136463,upstream
720575940630610042,DNp32,720575940618248129,upstream
720575940630610042,DNp32,720575940618260293,upstream
720575940630610042,DNp32,720575940618277184,upstream
720575940630610042,DNp32,720575940618774779,upstream
720575940630610042,DNp32,720575940618335301,upstream
720575940630610042,DNp32,720575940618348357,upstream
720575940630610042,DNp32,720575940618364480,upstream
720575940630610042,DNp32,720575940618424405,upstream
720575940630610042,DNp32,720575940618524481,upstream
720575940630610042,DNp32,720575940618574400,upstream
720575940630610042,DNp32,720575940618672797,upstream
720575940630610042,DNp32,720575940618749684,upstream
720575940630610042,DNp32,720575940622519773,upstream
720575940630610042,DNp32,720575940622570083,upstream
720575940630610042,DNp32,720575940625231712,upstream
720575940630610042,DNp32,720575940622590669,upstream
720575940630610042,DNp32,720575940624039560,upstream
720575940630610042,DNp32,720575940623333964,upstream
720575940630610042,DNp32,720575940623362380,upstream
720575940630610042,DNp32,720575940623399487,upstream
720575940630610042,DNp32,720575940623446860,upstream
720575940630610042,DNp32,720575940623457021,upstream
720575940630610042,DNp32,720575940623458262,upstream
720575940630610042,DNp32,720575940623506134,upstream
720575940630610042,DNp32,720575940623507273,upstream
720575940630610042,DNp32,720575940623636957,upstream
720575940630610042,DNp32,720575940623656376,upstream
720575940630610042,DNp32,720575940623685853,upstream
720575940630610042,DNp32,720575940623728629,upstream
720575940630610042,DNp32,720575940623784428,upstream
720575940630610042,DNp32,720575940623816967,upstream
720575940630610042,DNp32,720575940623875819,upstream
720575940630610042,DNp32,720575940623893121,upstream
720575940630610042,DNp32,720575940623901695,upstream
720575940630610042,DNp32,720575940623912636,upstream
720575940630610042,DNp32,720575940623922615,upstream
720575940630610042,DNp32,720575940623302988,upstream
720575940630610042,DNp32,720575940623264904,upstream
720575940630610042,DNp32,720575940623230698,upstream
720575940630610042,DNp32,720575940622839786,upstream
720575940630610042,DNp32,720575940622599408,upstream
720575940630610042,DNp32,720575940622675421,upstream
720575940630610042,DNp32,720575940622692101,upstream
720575940630610042,DNp32,720575940622706420,upstream
720575940630610042,DNp32,720575940622719770,upstream
720575940630610042,DNp32,720575940622734835,upstream
720575940630610042,DNp32,720575940622748599,upstream
720575940630610042,DNp32,720575940622799780,upstream
720575940630610042,DNp32,720575940622934711,upstream
720575940630610042,DNp32,720575940623146701,upstream
720575940630610042,DNp32,720575940622972259,upstream
720575940630610042,DNp32,720575940622981452,upstream
720575940630610042,DNp32,720575940622998627,upstream
720575940630610042,DNp32,720575940622999688,upstream
720575940630610042,DNp32,720575940623069222,upstream
720575940630610042,DNp32,720575940623130248,upstream
720575940630610042,DNp32,720575940623132040,upstream
720575940630610042,DNp32,720575940623144080,upstream
720575940630610042,DNp32,720575940624012981,upstream
720575940630610042,DNp32,720575940624068028,upstream
720575940630610042,DNp32,720575940625216954,upstream
720575940630610042,DNp32,720575940624087283,upstream
720575940630610042,DNp32,720575940624663788,upstream
720575940630610042,DNp32,720575940624676098,upstream
720575940630610042,DNp32,720575940624694798,upstream
720575940630610042,DNp32,720575940624724368,upstream
720575940630610042,DNp32,720575940624737101,upstream
720575940630610042,DNp32,720575940624795879,upstream
720575940630610042,DNp32,720575940624837048,upstream
720575940630610042,DNp32,720575940624857111,upstream
720575940630610042,DNp32,720575940624860855,upstream
720575940630610042,DNp32,720575940624892474,upstream
720575940630610042,DNp32,720575940624928574,upstream
720575940630610042,DNp32,720575940624999370,upstream
720575940630610042,DNp32,720575940625007879,upstream
720575940630610042,DNp32,720575940625082910,upstream
720575940630610042,DNp32,720575940625099278,upstream
720575940630610042,DNp32,720575940625158330,upstream
720575940630610042,DNp32,720575940625184782,upstream
720575940630610042,DNp32,720575940625204301,upstream
720575940630610042,DNp32,720575940625215426,upstream
720575940630610042,DNp32,720575940624620952,upstream
720575940630610042,DNp32,720575940624566566,upstream
720575940630610042,DNp32,720575940624526925,upstream
720575940630610042,DNp32,720575940624338068,upstream
720575940630610042,DNp32,720575940624106227,upstream
720575940630610042,DNp32,720575940624122919,upstream
720575940630610042,DNp32,720575940624142373,upstream
720575940630610042,DNp32,720575940624186185,upstream
720575940630610042,DNp32,720575940624227917,upstream
720575940630610042,DNp32,720575940624251836,upstream
720575940630610042,DNp32,720575940624280328,upstream
720575940630610042,DNp32,720575940624290303,upstream
720575940630610042,DNp32,720575940624343224,upstream
720575940630610042,DNp32,720575940624514599,upstream
720575940630610042,DNp32,720575940624366315,upstream
720575940630610042,DNp32,720575940624368312,upstream
720575940630610042,DNp32,720575940624377224,upstream
720575940630610042,DNp32,720575940624377323,upstream
720575940630610042,DNp32,720575940624394790,upstream
720575940630610042,DNp32,720575940624435128,upstream
720575940630610042,DNp32,720575940624461728,upstream
720575940630610042,DNp32,720575940624487268,upstream
720575940630610042,DNp32,720575940615746316,downstream
720575940630610042,DNp32,720575940615366055,downstream
720575940630610042,DNp32,720575940619696731,downstream
720575940630610042,DNp32,720575940612273575,downstream
720575940630610042,DNp32,720575940623816967,downstream
720575940630610042,DNp32,720575940620346673,downstream
720575940630610042,DNp32,720575940609282825,downstream
720575940630610042,DNp32,720575940638681919,downstream
720575940630610042,DNp32,720575940609329102,downstream
720575940630610042,DNp32,720575940589634765,downstream
720575940630610042,DNp32,720575940612714723,downstream
720575940630610042,DNp32,720575940618715550,downstream
720575940630610042,DNp32,720575940621551854,downstream
720575940630610042,DNp32,720575940641480949,downstream
720575940630610042,DNp32,720575940615524957,downstream
720575940630610042,DNp32,720575940446204820,downstream
720575940630610042,DNp32,720575940613511987,downstream
720575940630610042,DNp32,720575940621684358,downstream
720575940630610042,DNp32,720575940613212141,downstream
720575940630610042,DNp32,720575940616987097,downstream
720575940630610042,DNp32,720575940598765482,downstream
720575940630610042,DNp32,720575940624743096,downstream
720575940630610042,DNp32,720575940611373262,downstream
720575940630610042,DNp32,720575940624712206,downstream
720575940630610042,DNp32,720575940636348852,downstream
720575940630610042,DNp32,720575940617903168,downstream
720575940630610042,DNp32,720575940617425593,downstream
720575940630610042,DNp32,720575940627378476,downstream
720575940630610042,DNp32,720575940627283176,downstream
720575940630610042,DNp32,720575940632865178,downstream
720575940630610042,DNp32,720575940620892781,downstream
720575940630610042,DNp32,720575940621117823,downstream
720575940630610042,DNp32,720575940618801933,downstream
720575940630610042,DNp32,720575940640541091,downstream
720575940630610042,DNp32,720575940614187006,downstream
720575940630610042,DNp32,720575940610164649,downstream
720575940630610042,DNp32,720575940463698930,downstream
720575940630610042,DNp32,720575940635646966,downstream
720575940630610042,DNp32,720575940622512759,downstream
720575940630610042,DNp32,720575940625709401,downstream
720575940630610042,DNp32,720575940489649586,downstream
720575940630610042,DNp32,720575940641148149,downstream
720575940630610042,DNp32,720575940624042362,downstream
720575940630610042,DNp32,720575940611930481,downstream
720575940630610042,DNp32,720575940611379569,downstream
720575940630610042,DNp32,720575940608271041,downstream
720575940630610042,DNp32,720575940631737593,downstream
720575940630610042,DNp32,720575940621225313,downstream
720575940630610042,DNp32,720575940618442681,downstream
720575940630610042,DNp32,720575940595028394,downstream
720575940630610042,DNp32,720575940589639885,downstream
720575940630610042,DNp32,720575940623955637,downstream
720575940630610042,DNp32,720575940625768336,downstream
720575940630610042,DNp32,720575940612794134,downstream
720575940630610042,DNp32,720575940612338674,downstream
720575940630610042,DNp32,720575940631907159,downstream
720575940630610042,DNp32,720575940627826760,downstream
720575940630610042,DNp32,720575940631912040,downstream
720575940630610042,DNp32,720575940611957427,downstream
720575940630610042,DNp32,720575940617922637,downstream
720575940630610042,DNp32,720575940633529569,downstream
720575940630610042,DNp32,720575940621825916,downstream
720575940630610042,DNp32,720575940609142348,downstream
720575940630610042,DNp32,720575940584603083,downstream
720575940630610042,DNp32,720575940590329503,downstream
720575940630610042,DNp32,720575940615781307,downstream
720575940630610042,DNp32,720575940628059978,downstream
720575940630610042,DNp32,720575940610533744,downstream
720575940630610042,DNp32,720575940446318740,downstream
720575940630610042,DNp32,720575940620738799,downstream
720575940630610042,DNp32,720575940626342174,downstream
720575940630610042,DNp32,720575940637627206,downstream
720575940630610042,DNp32,720575940488583547,downstream
720575940630610042,DNp32,720575940525385542,downstream
720575940630610042,DNp32,720575940625414387,downstream
720575940630610042,DNp32,720575940619670465,downstream
720575940630610042,DNp32,720575940634545890,downstream
720575940630610042,DNp32,720575940619662144,downstream
720575940630610042,DNp32,720575940619623407,downstream
720575940630610042,DNp32,720575940605758142,downstream
720575940630610042,DNp32,720575940455076453,downstream
720575940630610042,DNp32,720575940619536331,downstream
720575940630610042,DNp32,720575940605737926,downstream
720575940630610042,DNp32,720575940634147991,downstream
720575940630610042,DNp32,720575940633996883,downstream
720575940630610042,DNp32,720575940605803678,downstream
720575940630610042,DNp32,720575940624911548,downstream
720575940630610042,DNp32,720575940455078245,downstream
720575940630610042,DNp32,720575940635549620,downstream
720575940630610042,DNp32,720575940619739548,downstream
720575940630610042,DNp32,720575940614659690,downstream
720575940630610042,DNp32,720575940488608635,downstream
720575940630610042,DNp32,720575940619334516,downstream
720575940630610042,DNp32,720575940439644313,downstream
720575940630610042,DNp32,720575940625747812,downstream
720575940630610042,DNp32,720575940581003115,downstream
720575940630610042,DNp32,720575940597080647,downstream
720575940630610042,DNp32,720575940635632105,downstream
720575940630610042,DNp32,720575940567007083,downstream
720575940630610042,DNp32,720575940635492276,downstream
720575940630610042,DNp32,720575940443782128,downstream
720575940630610042,DNp32,720575940614574994,downstream
720575940630610042,DNp32,720575940512847103,downstream
720575940630610042,DNp32,720575940625585508,downstream
720575940630610042,DNp32,720575940605856689,downstream
720575940630610042,DNp32,720575940605714878,downstream
720575940630610042,DNp32,720575940624187133,downstream
720575940630610042,DNp32,720575940619134789,downstream
720575940630610042,DNp32,720575940618615360,downstream
720575940630610042,DNp32,720575940624142373,downstream
720575940630610042,DNp32,720575940403060804,downstream
720575940630610042,DNp32,720575940548341875,downstream
720575940630610042,DNp32,720575940618720635,downstream
720575940630610042,DNp32,720575940624015287,downstream
720575940630610042,DNp32,720575940632043576,downstream
720575940630610042,DNp32,720575940605604030,downstream
720575940630610042,DNp32,720575940632512156,downstream
720575940630610042,DNp32,720575940623982323,downstream
720575940630610042,DNp32,720575940618604352,downstream
720575940630610042,DNp32,720575940609454487,downstream
720575940630610042,DNp32,720575940548340083,downstream
720575940630610042,DNp32,720575940631842360,downstream
720575940630610042,DNp32,720575940614943126,downstream
720575940630610042,DNp32,720575940632505359,downstream
720575940630610042,DNp32,720575940472889101,downstream
720575940630610042,DNp32,720575940605703838,downstream
720575940630610042,DNp32,720575940596820987,downstream
720575940630610042,DNp32,720575940624734457,downstream
720575940630610042,DNp32,720575940488580219,downstream
720575940630610042,DNp32,720575940614265402,downstream
720575940630610042,DNp32,720575940633228103,downstream
720575940630610042,DNp32,720575940624701315,downstream
720575940630610042,DNp32,720575940455075173,downstream
720575940630610042,DNp32,720575940624435128,downstream
720575940630610042,DNp32,720575940472895757,downstream
720575940630610042,DNp32,720575940503164134,downstream
720575940630610042,DNp32,720575940618906072,downstream
720575940630610042,DNp32,720575940632777441,downstream
720575940630610042,DNp32,720575940632722771,downstream
720575940630610042,DNp32,720575940624231143,downstream
720575940630610042,DNp32,720575940596617006,downstream
720575940630610042,DNp32,720575940625798695,downstream
720575940630610042,DNp32,720575940626353792,downstream
720575940630610042,DNp32,720575940610442450,downstream
720575940630610042,DNp32,720575940629995319,downstream
720575940630610042,DNp32,720575940520995270,downstream
720575940630610042,DNp32,720575940617245652,downstream
720575940630610042,DNp32,720575940629681278,downstream
720575940630610042,DNp32,720575940629766615,downstream
720575940630610042,DNp32,720575940546010009,downstream
720575940630610042,DNp32,720575940560231301,downstream
720575940630610042,DNp32,720575940630005147,downstream
720575940630610042,DNp32,720575940629592119,downstream
720575940630610042,DNp32,720575940406565818,downstream
720575940630610042,DNp32,720575940391175486,downstream
720575940630610042,DNp32,720575940495265377,downstream
720575940630610042,DNp32,720575940584403547,downstream
720575940630610042,DNp32,720575940590335391,downstream
720575940630610042,DNp32,720575940612994132,downstream
720575940630610042,DNp32,720575940617197057,downstream
720575940630610042,DNp32,720575940501599867,downstream
720575940630610042,DNp32,720575940615068445,downstream
720575940630610042,DNp32,720575940616781713,downstream
720575940630610042,DNp32,720575940628858640,downstream
720575940630610042,DNp32,720575940621895382,downstream
720575940630610042,DNp32,720575940616633664,downstream
720575940630610042,DNp32,720575940546002073,downstream
720575940630610042,DNp32,720575940622010373,downstream
720575940630610042,DNp32,720575940389407452,downstream
720575940630610042,DNp32,720575940616798779,downstream
720575940630610042,DNp32,720575940622249335,downstream
720575940630610042,DNp32,720575940607867921,downstream
720575940630610042,DNp32,720575940501599611,downstream
720575940630610042,DNp32,720575940629450106,downstream
720575940630610042,DNp32,720575940607931049,downstream
720575940630610042,DNp32,720575940617128705,downstream
720575940630610042,DNp32,720575940574951637,downstream
720575940630610042,DNp32,720575940630396022,downstream
720575940630610042,DNp32,720575940623019544,downstream
720575940630610042,DNp32,720575940605378575,downstream
720575940630610042,DNp32,720575940618265961,downstream
720575940630610042,DNp32,720575940609149772,downstream
720575940630610042,DNp32,720575940623546361,downstream
720575940630610042,DNp32,720575940385339745,downstream
720575940630610042,DNp32,720575940623579063,downstream
720575940630610042,DNp32,720575940623592428,downstream
720575940630610042,DNp32,720575940618265193,downstream
720575940630610042,DNp32,720575940618266217,downstream
720575940630610042,DNp32,720575940630546540,downstream
720575940630610042,DNp32,720575940631527016,downstream
720575940630610042,DNp32,720575940618277184,downstream
720575940630610042,DNp32,720575940618314897,downstream
720575940630610042,DNp32,720575940631683927,downstream
720575940630610042,DNp32,720575940609338781,downstream
720575940630610042,DNp32,720575940631801671,downstream
720575940630610042,DNp32,720575940613699807,downstream
720575940630610042,DNp32,720575940631283512,downstream
720575940630610042,DNp32,720575940631250232,downstream
720575940630610042,DNp32,720575940511799607,downstream
720575940630610042,DNp32,720575940609102531,downstream
720575940630610042,DNp32,720575940618196919,downstream
720575940630610042,DNp32,720575940605443599,downstream
720575940630610042,DNp32,720575940605436574,downstream
720575940630610042,DNp32,720575940609032824,downstream
720575940630610042,DNp32,720575940487194879,downstream
720575940630610042,DNp32,720575940415988340,downstream
720575940630610042,DNp32,720575940438489930,downstream
720575940630610042,DNp32,720575940613339875,downstream
720575940630610042,DNp32,720575940605396751,downstream
720575940630610042,DNp32,720575940600641530,downstream
720575940630610042,DNp32,720575940623146701,downstream
720575940630610042,DNp32,720575940623067686,downstream
720575940630610042,DNp32,720575940393468528,downstream
720575940630610042,DNp32,720575940594687146,downstream
720575940630610042,DNp32,720575940616502133,downstream
720575940630610042,DNp32,720575940639958517,downstream
720575940630610042,DNp32,720575940571676006,downstream
720575940630610042,DNp32,720575940611036773,downstream
720575940630610042,DNp32,720575940627087646,downstream
720575940630610042,DNp32,720575940611037541,downstream
720575940630610042,DNp32,720575940639843035,downstream
720575940630610042,DNp32,720575940402152164,downstream
720575940630610042,DNp32,720575940627299612,downstream
720575940630610042,DNp32,720575940627404858,downstream
720575940630610042,DNp32,720575940481789148,downstream
720575940630610042,DNp32,720575940615871967,downstream
720575940630610042,DNp32,720575940611292622,downstream
720575940630610042,DNp32,720575940603474886,downstream
720575940630610042,DNp32,720575940641685133,downstream
720575940630610042,DNp32,720575940641701411,downstream
720575940630610042,DNp32,720575940414250452,downstream
720575940630610042,DNp32,720575940499975982,downstream
720575940630610042,DNp32,720575940638667720,downstream
720575940630610042,DNp32,720575940431380451,downstream
720575940630610042,DNp32,720575940620356545,downstream
720575940630610042,DNp32,720575940602811260,downstream
720575940630610042,DNp32,720575940638095293,downstream
720575940630610042,DNp32,720575940606590338,downstream
720575940630610042,DNp32,720575940481781468,downstream
720575940630610042,DNp32,720575940620203968,downstream
720575940630610042,DNp32,720575940637718912,downstream
720575940630610042,DNp32,720575940439653529,downstream
720575940630610042,DNp32,720575940593657690,downstream
720575940630610042,DNp32,720575940626108689,downstream
720575940630610042,DNp32,720575940548366963,downstream
720575940630610042,DNp32,720575940610487928,downstream
720575940630610042,DNp32,720575940386372032,downstream
720575940630610042,DNp32,720575940615930299,downstream
720575940630610042,DNp32,720575940642506459,downstream
720575940630610042,DNp32,720575940660217729,downstream
720575940630610042,DNp32,720575940651986166,downstream
720575940630610042,DNp32,720575940647606660,downstream
720575940630610042,DNp32,720575940607413265,downstream
720575940630610042,DNp32,720575940406502074,downstream
720575940630610042,DNp32,720575940444571065,downstream
720575940630610042,DNp32,720575940401631754,downstream
720575940630610042,DNp32,720575940621689727,downstream
720575940630610042,DNp32,720575940599112109,downstream
720575940630610042,DNp32,720575940393456752,downstream
720575940630610042,DNp32,720575940621748812,downstream
720575940630610042,DNp32,720575940599112365,downstream
720575940630610042,DNp32,720575940628436282,downstream
720575940630610042,DNp32,720575940611775717,downstream
720575940630610042,DNp32,720575940660052865,downstream
720575940630610042,DNp32,720575940611813842,downstream
720575940630610042,DNp32,720575940647574916,downstream
720575940630610042,DNp32,720575940628083767,downstream
720575940630610042,DNp32,720575940646576436,downstream
720575940630610042,DNp32,720575940621542747,downstream
720575940630610042,DNp32,720575940646183220,downstream
720575940630610042,DNp32,720575940621486221,downstream
720575940630610042,DNp32,720575940628007683,downstream
720575940630610042,DNp32,720575940494206944,downstream
720575940630610042,DNp32,720575940598628693,downstream
720575940630610042,DNp32,720575940594457450,downstream
720575940630610042,DNp32,720575940621370061,downstream
720575940630610042,DNp32,720575940616077874,downstream
720575940630610042,DNp32,720575940627684713,downstream
720575940630610042,DNp32,720575940643487342,downstream
720575940630610042,DNp32,720575940621319924,downstream
720575940630610042,DNp32,720575940627517186,downstream
720575940630610042,DNp32,720575940406471610,downstream
720575940630610042,DNp32,720575940630955205,downstream
720575940630610042,DNp32,720575940608813887,downstream
720575940630610042,DNp32,720575940608447372,downstream
720575940630610042,DNp32,720575940608545219,downstream
720575940630610042,DNp32,720575940608604390,downstream
720575940630610042,DNp32,720575940608675861,downstream
720575940630610042,DNp32,720575940608679701,downstream
720575940630610042,DNp32,720575940608812351,downstream
720575940630610042,DNp32,720575940608813119,downstream
720575940630610042,DNp32,720575940609016201,downstream
720575940630610042,DNp32,720575940608928529,downstream
720575940630610042,DNp32,720575940608987349,downstream
720575940630610042,DNp32,720575940609083037,downstream
720575940630610042,DNp32,720575940609084573,downstream
720575940630610042,DNp32,720575940609151820,downstream
720575940630610042,DNp32,720575940609387100,downstream
720575940630610042,DNp32,720575940609472586,downstream
720575940630610042,DNp32,720575940609556912,downstream
720575940630610042,DNp32,720575940609110336,downstream
720575940630610042,DNp32,720575940613568596,downstream
720575940630610042,DNp32,720575940608368818,downstream
720575940630610042,DNp32,720575940610896338,downstream
720575940630610042,DNp32,720575940611532408,downstream
720575940630610042,DNp32,720575940611517894,downstream
720575940630610042,DNp32,720575940611501908,downstream
720575940630610042,DNp32,720575940611497390,downstream
720575940630610042,DNp32,720575940611408851,downstream
720575940630610042,DNp32,720575940611379765,downstream
720575940630610042,DNp32,720575940611351514,downstream
720575940630610042,DNp32,720575940611344078,downstream
720575940630610042,DNp32,720575940611341411,downstream
720575940630610042,DNp32,720575940611092036,downstream
720575940630610042,DNp32,720575940611071123,downstream
720575940630610042,DNp32,720575940610985434,downstream
720575940630610042,DNp32,720575940610941906,downstream
720575940630610042,DNp32,720575940610863029,downstream
720575940630610042,DNp32,720575940611713253,downstream
720575940630610042,DNp32,720575940610755481,downstream
720575940630610042,DNp32,720575940610679225,downstream
720575940630610042,DNp32,720575940610674879,downstream
720575940630610042,DNp32,720575940610580678,downstream
720575940630610042,DNp32,720575940610580422,downstream
720575940630610042,DNp32,720575940610565070,downstream
720575940630610042,DNp32,720575940610536048,downstream
720575940630610042,DNp32,720575940610526113,downstream
720575940630610042,DNp32,720575940610455781,downstream
720575940630610042,DNp32,720575940610409791,downstream
720575940630610042,DNp32,720575940610409170,downstream
720575940630610042,DNp32,720575940610256797,downstream
720575940630610042,DNp32,720575940610224738,downstream
720575940630610042,DNp32,720575940611678092,downstream
720575940630610042,DNp32,720575940611715813,downstream
720575940630610042,DNp32,720575940610163113,downstream
720575940630610042,DNp32,720575940612559921,downstream
720575940630610042,DNp32,720575940613393839,downstream
720575940630610042,DNp32,720575940613357212,downstream
720575940630610042,DNp32,720575940613226961,downstream
720575940630610042,DNp32,720575940613198131,downstream
720575940630610042,DNp32,720575940613144989,downstream
720575940630610042,DNp32,720575940613019541,downstream
720575940630610042,DNp32,720575940612976497,downstream
720575940630610042,DNp32,720575940612973674,downstream
720575940630610042,DNp32,720575940612957802,downstream
720575940630610042,DNp32,720575940612881753,downstream
720575940630610042,DNp32,720575940612879233,downstream
720575940630610042,DNp32,720575940612800089,downstream
720575940630610042,DNp32,720575940612772953,downstream
720575940630610042,DNp32,720575940612558790,downstream
720575940630610042,DNp32,720575940611752394,downstream
720575940630610042,DNp32,720575940612553158,downstream
720575940630610042,DNp32,720575940612552134,downstream
720575940630610042,DNp32,720575940612521166,downstream
720575940630610042,DNp32,720575940612520025,downstream
720575940630610042,DNp32,720575940612430821,downstream
720575940630610042,DNp32,720575940612171237,downstream
720575940630610042,DNp32,720575940379548557,downstream
720575940630610042,DNp32,720575940612051783,downstream
720575940630610042,DNp32,720575940612045383,downstream
720575940630610042,DNp32,720575940611920365,downstream
720575940630610042,DNp32,720575940611872960,downstream
720575940630610042,DNp32,720575940611869866,downstream
720575940630610042,DNp32,720575940611865131,downstream
720575940630610042,DNp32,720575940610165673,downstream
720575940630610042,DNp32,720575940610161091,downstream
720575940630610042,DNp32,720575940613565992,downstream
720575940630610042,DNp32,720575940614295430,downstream
720575940630610042,DNp32,720575940614079715,downstream
720575940630610042,DNp32,720575940614087219,downstream
720575940630610042,DNp32,720575940614099142,downstream
720575940630610042,DNp32,720575940614138459,downstream
720575940630610042,DNp32,720575940614139227,downstream
720575940630610042,DNp32,720575940614140247,downstream
720575940630610042,DNp32,720575940614140763,downstream
720575940630610042,DNp32,720575940614169947,downstream
720575940630610042,DNp32,720575940614198875,downstream
720575940630610042,DNp32,720575940614260358,downstream
720575940630610042,DNp32,720575940614279867,downstream
720575940630610042,DNp32,720575940614284542,downstream
720575940630610042,DNp32,720575940614295174,downstream
720575940630610042,DNp32,720575940614296454,downstream
720575940630610042,DNp32,720575940614021494,downstream
720575940630610042,DNp32,720575940614326162,downstream
720575940630610042,DNp32,720575940614344354,downstream
720575940630610042,DNp32,720575940614374034,downstream
720575940630610042,DNp32,720575940614399178,downstream
720575940630610042,DNp32,720575940614431185,downstream
720575940630610042,DNp32,720575940614510144,downstream
720575940630610042,DNp32,720575940614512448,downstream
720575940630610042,DNp32,720575940614514240,downstream
720575940630610042,DNp32,720575940614573348,downstream
720575940630610042,DNp32,720575940614581410,downstream
720575940630610042,DNp32,720575940614660263,downstream
720575940630610042,DNp32,720575940614712368,downstream
720575940630610042,DNp32,720575940614756589,downstream
720575940630610042,DNp32,720575940614062503,downstream
720575940630610042,DNp32,720575940613980218,downstream
720575940630610042,DNp32,720575940610159558,downstream
720575940630610042,DNp32,720575940609739669,downstream
720575940630610042,DNp32,720575940610143401,downstream
720575940630610042,DNp32,720575940610121670,downstream
720575940630610042,DNp32,720575940610076329,downstream
720575940630610042,DNp32,720575940610069072,downstream
720575940630610042,DNp32,720575940610060981,downstream
720575940630610042,DNp32,720575940610044341,downstream
720575940630610042,DNp32,720575940609936882,downstream
720575940630610042,DNp32,720575940609910704,downstream
720575940630610042,DNp32,720575940609890315,downstream
720575940630610042,DNp32,720575940609876036,downstream
720575940630610042,DNp32,720575940609871029,downstream
720575940630610042,DNp32,720575940609865739,downstream
720575940630610042,DNp32,720575940609765333,downstream
720575940630610042,DNp32,720575940609716810,downstream
720575940630610042,DNp32,720575940613961522,downstream
720575940630610042,DNp32,720575940609686602,downstream
720575940630610042,DNp32,720575940609679434,downstream
720575940630610042,DNp32,720575940609655984,downstream
720575940630610042,DNp32,720575940609557680,downstream
720575940630610042,DNp32,720575940613597930,downstream
720575940630610042,DNp32,720575940613626521,downstream
720575940630610042,DNp32,720575940613635737,downstream
720575940630610042,DNp32,720575940613641996,downstream
720575940630610042,DNp32,720575940613644333,downstream
720575940630610042,DNp32,720575940613798142,downstream
720575940630610042,DNp32,720575940613809071,downstream
720575940630610042,DNp32,720575940613825650,downstream
720575940630610042,DNp32,720575940613840807,downstream
720575940630610042,DNp32,720575940608371261,downstream
720575940630610042,DNp32,720575940587161513,downstream
720575940630610042,DNp32,720575940608253096,downstream
720575940630610042,DNp32,720575940587627841,downstream
720575940630610042,DNp32,720575940587640368,downstream
720575940630610042,DNp32,720575940587957404,downstream
720575940630610042,DNp32,720575940588303197,downstream
720575940630610042,DNp32,720575940588442751,downstream
720575940630610042,DNp32,720575940588590628,downstream
720575940630610042,DNp32,720575940588601892,downstream
720575940630610042,DNp32,720575940588890838,downstream
720575940630610042,DNp32,720575940588910413,downstream
720575940630610042,DNp32,720575940589093148,downstream
720575940630610042,DNp32,720575940589095452,downstream
720575940630610042,DNp32,720575940589202324,downstream
720575940630610042,DNp32,720575940589206287,downstream
720575940630610042,DNp32,720575940589211540,downstream
720575940630610042,DNp32,720575940589259993,downstream
720575940630610042,DNp32,720575940589467688,downstream
720575940630610042,DNp32,720575940589637837,downstream
720575940630610042,DNp32,720575940589639117,downstream
720575940630610042,DNp32,720575940589640653,downstream
720575940630610042,DNp32,720575940589641933,downstream
720575940630610042,DNp32,720575940589642189,downstream
720575940630610042,DNp32,720575940589642445,downstream
720575940630610042,DNp32,720575940589661992,downstream
720575940630610042,DNp32,720575940589726246,downstream
720575940630610042,DNp32,720575940587639600,downstream
720575940630610042,DNp32,720575940587502026,downstream
720575940630610042,DNp32,720575940590178256,downstream
720575940630610042,DNp32,720575940587429134,downstream
720575940630610042,DNp32,720575940584647890,downstream
720575940630610042,DNp32,720575940584765602,downstream
720575940630610042,DNp32,720575940584799700,downstream
720575940630610042,DNp32,720575940585079685,downstream
720575940630610042,DNp32,720575940585298486,downstream
720575940630610042,DNp32,720575940585321014,downstream
720575940630610042,DNp32,720575940585614216,downstream
720575940630610042,DNp32,720575940585700565,downstream
720575940630610042,DNp32,720575940585975098,downstream
720575940630610042,DNp32,720575940586135293,downstream
720575940630610042,DNp32,720575940586136104,downstream
720575940630610042,DNp32,720575940586184631,downstream
720575940630610042,DNp32,720575940586190414,downstream
720575940630610042,DNp32,720575940586487900,downstream
720575940630610042,DNp32,720575940586768957,downstream
720575940630610042,DNp32,720575940586990443,downstream
720575940630610042,DNp32,720575940587040056,downstream
720575940630610042,DNp32,720575940587047224,downstream
720575940630610042,DNp32,720575940615066058,downstream
720575940630610042,DNp32,720575940587317834,downstream
720575940630610042,DNp32,720575940587332126,downstream
720575940630610042,DNp32,720575940587388082,downstream
720575940630610042,DNp32,720575940587426318,downstream
720575940630610042,DNp32,720575940590054000,downstream
720575940630610042,DNp32,720575940590224336,downstream
720575940630610042,DNp32,720575940584604875,downstream
720575940630610042,DNp32,720575940593535620,downstream
720575940630610042,DNp32,720575940593542568,downstream
720575940630610042,DNp32,720575940593657946,downstream
720575940630610042,DNp32,720575940593692676,downstream
720575940630610042,DNp32,720575940593702434,downstream
720575940630610042,DNp32,720575940593705768,downstream
720575940630610042,DNp32,720575940593731868,downstream
720575940630610042,DNp32,720575940593828180,downstream
720575940630610042,DNp32,720575940593929709,downstream
720575940630610042,DNp32,720575940593942094,downstream
720575940630610042,DNp32,720575940594221773,downstream
720575940630610042,DNp32,720575940594285789,downstream
720575940630610042,DNp32,720575940594396691,downstream
720575940630610042,DNp32,720575940594413994,downstream
720575940630610042,DNp32,720575940594459498,downstream
720575940630610042,DNp32,720575940594480283,downstream
720575940630610042,DNp32,720575940594607440,downstream
720575940630610042,DNp32,720575940594686890,downstream
720575940630610042,DNp32,720575940594687914,downstream
720575940630610042,DNp32,720575940594689450,downstream
720575940630610042,DNp32,720575940594689962,downstream
720575940630610042,DNp32,720575940594692778,downstream
720575940630610042,DNp32,720575940594696106,downstream
720575940630610042,DNp32,720575940594718570,downstream
720575940630610042,DNp32,720575940593536900,downstream
720575940630610042,DNp32,720575940593533316,downstream
720575940630610042,DNp32,720575940590326687,downstream
720575940630610042,DNp32,720575940593432752,downstream
720575940630610042,DNp32,720575940590355242,downstream
720575940630610042,DNp32,720575940590358570,downstream
720575940630610042,DNp32,720575940590359850,downstream
720575940630610042,DNp32,720575940590360874,downstream
720575940630610042,DNp32,720575940590615540,downstream
720575940630610042,DNp32,720575940590769831,downstream
720575940630610042,DNp32,720575940591025383,downstream
720575940630610042,DNp32,720575940591503073,downstream
720575940630610042,DNp32,720575940591612291,downstream
720575940630610042,DNp32,720575940591842049,downstream
720575940630610042,DNp32,720575940592077319,downstream
720575940630610042,DNp32,720575940592130846,downstream
720575940630610042,DNp32,720575940592179475,downstream
720575940630610042,DNp32,720575940592252281,downstream
720575940630610042,DNp32,720575940592253049,downstream
720575940630610042,DNp32,720575940592255353,downstream
720575940630610042,DNp32,720575940592356415,downstream
720575940630610042,DNp32,720575940592390561,downstream
720575940630610042,DNp32,720575940592581491,downstream
720575940630610042,DNp32,720575940592828899,downstream
720575940630610042,DNp32,720575940592970911,downstream
720575940630610042,DNp32,720575940593082015,downstream
720575940630610042,DNp32,720575940593324146,downstream
720575940630610042,DNp32,720575940584606411,downstream
720575940630610042,DNp32,720575940584400042,downstream
720575940630610042,DNp32,720575940608207317,downstream
720575940630610042,DNp32,720575940569580095,downstream
720575940630610042,DNp32,720575940570594237,downstream
720575940630610042,DNp32,720575940570835624,downstream
720575940630610042,DNp32,720575940571020904,downstream
720575940630610042,DNp32,720575940571033551,downstream
720575940630610042,DNp32,720575940571034831,downstream
720575940630610042,DNp32,720575940571672422,downstream
720575940630610042,DNp32,720575940571679334,downstream
720575940630610042,DNp32,720575940571809354,downstream
720575940630610042,DNp32,720575940571927018,downstream
720575940630610042,DNp32,720575940571927530,downstream
720575940630610042,DNp32,720575940571957944,downstream
720575940630610042,DNp32,720575940571958456,downstream
720575940630610042,DNp32,720575940572588212,downstream
720575940630610042,DNp32,720575940572866085,downstream
720575940630610042,DNp32,720575940573177117,downstream
720575940630610042,DNp32,720575940573635787,downstream
720575940630610042,DNp32,720575940573938146,downstream
720575940630610042,DNp32,720575940574032744,downstream
720575940630610042,DNp32,720575940574958037,downstream
720575940630610042,DNp32,720575940575765135,downstream
720575940630610042,DNp32,720575940575772303,downstream
720575940630610042,DNp32,720575940575789199,downstream
720575940630610042,DNp32,720575940576033637,downstream
720575940630610042,DNp32,720575940569810105,downstream
720575940630610042,DNp32,720575940568842251,downstream
720575940630610042,DNp32,720575940576129881,downstream
720575940630610042,DNp32,720575940568832368,downstream
720575940630610042,DNp32,720575940560739365,downstream
720575940630610042,DNp32,720575940560970263,downstream
720575940630610042,DNp32,720575940561047492,downstream
720575940630610042,DNp32,720575940561563002,downstream
720575940630610042,DNp32,720575940561790572,downstream
720575940630610042,DNp32,720575940561795180,downstream
720575940630610042,DNp32,720575940561797740,downstream
720575940630610042,DNp32,720575940561808748,downstream
720575940630610042,DNp32,720575940563252366,downstream
720575940630610042,DNp32,720575940563384809,downstream
720575940630610042,DNp32,720575940563761713,downstream
720575940630610042,DNp32,720575940564850600,downstream
720575940630610042,DNp32,720575940564856353,downstream
720575940630610042,DNp32,720575940565057583,downstream
720575940630610042,DNp32,720575940566268717,downstream
720575940630610042,DNp32,720575940566280493,downstream
720575940630610042,DNp32,720575940566548586,downstream
720575940630610042,DNp32,720575940566593802,downstream
720575940630610042,DNp32,720575940566621802,downstream
720575940630610042,DNp32,720575940566718550,downstream
720575940630610042,DNp32,720575940567018603,downstream
720575940630610042,DNp32,720575940567154143,downstream
720575940630610042,DNp32,720575940568828528,downstream
720575940630610042,DNp32,720575940576057445,downstream
720575940630610042,DNp32,720575940576259999,downstream
720575940630610042,DNp32,720575940584296613,downstream
720575940630610042,DNp32,720575940582003723,downstream
720575940630610042,DNp32,720575940582026427,downstream
720575940630610042,DNp32,720575940582351904,downstream
720575940630610042,DNp32,720575940582665368,downstream
720575940630610042,DNp32,720575940582685355,downstream
720575940630610042,DNp32,720575940582726586,downstream
720575940630610042,DNp32,720575940582741966,downstream
720575940630610042,DNp32,720575940582751849,downstream
720575940630610042,DNp32,720575940582846939,downstream
720575940630610042,DNp32,720575940582964766,downstream
720575940630610042,DNp32,720575940583271545,downstream
720575940630610042,DNp32,720575940583280761,downstream
720575940630610042,DNp32,720575940583288697,downstream
720575940630610042,DNp32,720575940583293305,downstream
720575940630610042,DNp32,720575940583341019,downstream
720575940630610042,DNp32,720575940583868451,downstream
720575940630610042,DNp32,720575940584023255,downstream
720575940630610042,DNp32,720575940584027607,downstream
720575940630610042,DNp32,720575940584035175,downstream
720575940630610042,DNp32,720575940584036877,downstream
720575940630610042,DNp32,720575940584050129,downstream
720575940630610042,DNp32,720575940584162792,downstream
720575940630610042,DNp32,720575940584231395,downstream
720575940630610042,DNp32,720575940584296357,downstream
720575940630610042,DNp32,720575940582009611,downstream
720575940630610042,DNp32,720575940581996549,downstream
720575940630610042,DNp32,720575940576436351,downstream
720575940630610042,DNp32,720575940581991941,downstream
720575940630610042,DNp32,720575940576546140,downstream
720575940630610042,DNp32,720575940576625632,downstream
720575940630610042,DNp32,720575940576719374,downstream
720575940630610042,DNp32,720575940577082796,downstream
720575940630610042,DNp32,720575940577548403,downstream
720575940630610042,DNp32,720575940577575613,downstream
720575940630610042,DNp32,720575940577658265,downstream
720575940630610042,DNp32,720575940577740203,downstream
720575940630610042,DNp32,720575940578636500,downstream
720575940630610042,DNp32,720575940578909906,downstream
720575940630610042,DNp32,720575940579067604,downstream
720575940630610042,DNp32,720575940579383311,downstream
720575940630610042,DNp32,720575940579906349,downstream
720575940630610042,DNp32,720575940580322526,downstream
720575940630610042,DNp32,720575940580339166,downstream
720575940630610042,DNp32,720575940580353246,downstream
720575940630610042,DNp32,720575940580369715,downstream
720575940630610042,DNp32,720575940580482489,downstream
720575940630610042,DNp32,720575940580807192,downstream
720575940630610042,DNp32,720575940580936416,downstream
720575940630610042,DNp32,720575940581574060,downstream
720575940630610042,DNp32,720575940581819397,downstream
720575940630610042,DNp32,720575940581979659,downstream
720575940630610042,DNp32,720575940594817226,downstream
720575940630610042,DNp32,720575940594901162,downstream
720575940630610042,DNp32,720575940594982034,downstream
720575940630610042,DNp32,720575940604837347,downstream
720575940630610042,DNp32,720575940604866476,downstream
720575940630610042,DNp32,720575940604938156,downstream
720575940630610042,DNp32,720575940604947206,downstream
720575940630610042,DNp32,720575940605029036,downstream
720575940630610042,DNp32,720575940605106976,downstream
720575940630610042,DNp32,720575940605284256,downstream
720575940630610042,DNp32,720575940605298592,downstream
720575940630610042,DNp32,720575940605308082,downstream
720575940630610042,DNp32,720575940605359631,downstream
720575940630610042,DNp32,720575940605361423,downstream
720575940630610042,DNp32,720575940605394078,downstream
720575940630610042,DNp32,720575940605395983,downstream
720575940630610042,DNp32,720575940605408485,downstream
720575940630610042,DNp32,720575940605413903,downstream
720575940630610042,DNp32,720575940605433615,downstream
720575940630610042,DNp32,720575940605464766,downstream
720575940630610042,DNp32,720575940605474252,downstream
720575940630610042,DNp32,720575940605535903,downstream
720575940630610042,DNp32,720575940605636581,downstream
720575940630610042,DNp32,720575940605638117,downstream
720575940630610042,DNp32,720575940605641445,downstream
720575940630610042,DNp32,720575940605647096,downstream
720575940630610042,DNp32,720575940605672094,downstream
720575940630610042,DNp32,720575940604848611,downstream
720575940630610042,DNp32,720575940604828076,downstream
720575940630610042,DNp32,720575940605699998,downstream
720575940630610042,DNp32,720575940604759910,downstream
720575940630610042,DNp32,720575940603072437,downstream
720575940630610042,DNp32,720575940603121532,downstream
720575940630610042,DNp32,720575940603255832,downstream
720575940630610042,DNp32,720575940603390279,downstream
720575940630610042,DNp32,720575940603414599,downstream
720575940630610042,DNp32,720575940603453286,downstream
720575940630610042,DNp32,720575940603466281,downstream
720575940630610042,DNp32,720575940603560457,downstream
720575940630610042,DNp32,720575940603673056,downstream
720575940630610042,DNp32,720575940603928466,downstream
720575940630610042,DNp32,720575940603932818,downstream
720575940630610042,DNp32,720575940603933586,downstream
720575940630610042,DNp32,720575940603934866,downstream
720575940630610042,DNp32,720575940604119137,downstream
720575940630610042,DNp32,720575940604125133,downstream
720575940630610042,DNp32,720575940604131188,downstream
720575940630610042,DNp32,720575940604343432,downstream
720575940630610042,DNp32,720575940604346248,downstream
720575940630610042,DNp32,720575940604347528,downstream
720575940630610042,DNp32,720575940604470956,downstream
720575940630610042,DNp32,720575940604477083,downstream
720575940630610042,DNp32,720575940604477851,downstream
720575940630610042,DNp32,720575940604753836,downstream
720575940630610042,DNp32,720575940605699486,downstream
720575940630610042,DNp32,720575940605701278,downstream
720575940630610042,DNp32,720575940595291481,downstream
720575940630610042,DNp32,720575940607137031,downstream
720575940630610042,DNp32,720575940607177374,downstream
720575940630610042,DNp32,720575940607187614,downstream
720575940630610042,DNp32,720575940607233458,downstream
720575940630610042,DNp32,720575940607308919,downstream
720575940630610042,DNp32,720575940607340407,downstream
720575940630610042,DNp32,720575940607344759,downstream
720575940630610042,DNp32,720575940607364706,downstream
720575940630610042,DNp32,720575940607479198,downstream
720575940630610042,DNp32,720575940607539907,downstream
720575940630610042,DNp32,720575940607584529,downstream
720575940630610042,DNp32,720575940607637340,downstream
720575940630610042,DNp32,720575940607686118,downstream
720575940630610042,DNp32,720575940607761924,downstream
720575940630610042,DNp32,720575940607780233,downstream
720575940630610042,DNp32,720575940607828753,downstream
720575940630610042,DNp32,720575940607834129,downstream
720575940630610042,DNp32,720575940607834385,downstream
720575940630610042,DNp32,720575940607884968,downstream
720575940630610042,DNp32,720575940607930259,downstream
720575940630610042,DNp32,720575940608000424,downstream
720575940630610042,DNp32,720575940608013480,downstream
720575940630610042,DNp32,720575940608188427,downstream
720575940630610042,DNp32,720575940608201411,downstream
720575940630610042,DNp32,720575940607155934,downstream
720575940630610042,DNp32,720575940607099294,downstream
720575940630610042,DNp32,720575940605701790,downstream
720575940630610042,DNp32,720575940607087006,downstream
720575940630610042,DNp32,720575940605702302,downstream
720575940630610042,DNp32,720575940605702814,downstream
720575940630610042,DNp32,720575940605732815,downstream
720575940630610042,DNp32,720575940605766046,downstream
720575940630610042,DNp32,720575940605802398,downstream
720575940630610042,DNp32,720575940605803422,downstream
720575940630610042,DNp32,720575940605820574,downstream
720575940630610042,DNp32,720575940605883569,downstream
720575940630610042,DNp32,720575940606010569,downstream
720575940630610042,DNp32,720575940606026952,downstream
720575940630610042,DNp32,720575940606107994,downstream
720575940630610042,DNp32,720575940606112940,downstream
720575940630610042,DNp32,720575940606218528,downstream
720575940630610042,DNp32,720575940606228233,downstream
720575940630610042,DNp32,720575940606267697,downstream
720575940630610042,DNp32,720575940606324402,downstream
720575940630610042,DNp32,720575940606425033,downstream
720575940630610042,DNp32,720575940606450374,downstream
720575940630610042,DNp32,720575940606598758,downstream
720575940630610042,DNp32,720575940606651936,downstream
720575940630610042,DNp32,720575940606712751,downstream
720575940630610042,DNp32,720575940606743170,downstream
720575940630610042,DNp32,720575940606991445,downstream
720575940630610042,DNp32,720575940602876853,downstream
720575940630610042,DNp32,720575940602689465,downstream
720575940630610042,DNp32,720575940602433166,downstream
720575940630610042,DNp32,720575940596991299,downstream
720575940630610042,DNp32,720575940597076295,downstream
720575940630610042,DNp32,720575940597078087,downstream
720575940630610042,DNp32,720575940597078343,downstream
720575940630610042,DNp32,720575940597128847,downstream
720575940630610042,DNp32,720575940597218140,downstream
720575940630610042,DNp32,720575940597277511,downstream
720575940630610042,DNp32,720575940597278023,downstream
720575940630610042,DNp32,720575940597488851,downstream
720575940630610042,DNp32,720575940597649190,downstream
720575940630610042,DNp32,720575940597650726,downstream
720575940630610042,DNp32,720575940597652518,downstream
720575940630610042,DNp32,720575940597738090,downstream
720575940630610042,DNp32,720575940597791892,downstream
720575940630610042,DNp32,720575940597841840,downstream
720575940630610042,DNp32,720575940597980381,downstream
720575940630610042,DNp32,720575940597985245,downstream
720575940630610042,DNp32,720575940598285817,downstream
720575940630610042,DNp32,720575940598300108,downstream
720575940630610042,DNp32,720575940598369801,downstream
720575940630610042,DNp32,720575940598397610,downstream
720575940630610042,DNp32,720575940598478274,downstream
720575940630610042,DNp32,720575940598524048,downstream
720575940630610042,DNp32,720575940598688521,downstream
720575940630610042,DNp32,720575940597063495,downstream
720575940630610042,DNp32,720575940596942147,downstream
720575940630610042,DNp32,720575940602431374,downstream
720575940630610042,DNp32,720575940596916776,downstream
720575940630610042,DNp32,720575940595337439,downstream
720575940630610042,DNp32,720575940595409887,downstream
720575940630610042,DNp32,720575940595521255,downstream
720575940630610042,DNp32,720575940595780324,downstream
720575940630610042,DNp32,720575940595822627,downstream
720575940630610042,DNp32,720575940595974873,downstream
720575940630610042,DNp32,720575940595975641,downstream
720575940630610042,DNp32,720575940595976409,downstream
720575940630610042,DNp32,720575940596213831,downstream
720575940630610042,DNp32,720575940596214343,downstream
720575940630610042,DNp32,720575940596329927,downstream
720575940630610042,DNp32,720575940596422324,downstream
720575940630610042,DNp32,720575940596424372,downstream
720575940630610042,DNp32,720575940596430498,downstream
720575940630610042,DNp32,720575940596479790,downstream
720575940630610042,DNp32,720575940596510269,downstream
720575940630610042,DNp32,720575940596550607,downstream
720575940630610042,DNp32,720575940596616750,downstream
720575940630610042,DNp32,720575940596751055,downstream
720575940630610042,DNp32,720575940596795182,downstream
720575940630610042,DNp32,720575940596873378,downstream
720575940630610042,DNp32,720575940596913960,downstream
720575940630610042,DNp32,720575940596915752,downstream
720575940630610042,DNp32,720575940598927196,downstream
720575940630610042,DNp32,720575940599093482,downstream
720575940630610042,DNp32,720575940599111597,downstream
720575940630610042,DNp32,720575940599112877,downstream
720575940630610042,DNp32,720575940600928612,downstream
720575940630610042,DNp32,720575940600962821,downstream
720575940630610042,DNp32,720575940600970418,downstream
720575940630610042,DNp32,720575940600971442,downstream
720575940630610042,DNp32,720575940600995050,downstream
720575940630610042,DNp32,720575940600996586,downstream
720575940630610042,DNp32,720575940600996842,downstream
720575940630610042,DNp32,720575940601264423,downstream
720575940630610042,DNp32,720575940601470324,downstream
720575940630610042,DNp32,720575940601471092,downstream
720575940630610042,DNp32,720575940601477663,downstream
720575940630610042,DNp32,720575940601529705,downstream
720575940630610042,DNp32,720575940601568700,downstream
720575940630610042,DNp32,720575940601633385,downstream
720575940630610042,DNp32,720575940601959017,downstream
720575940630610042,DNp32,720575940602350616,downstream
720575940630610042,DNp32,720575940602355009,downstream
720575940630610042,DNp32,720575940602386061,downstream
720575940630610042,DNp32,720575940602416526,downstream
720575940630610042,DNp32,720575940602418574,downstream
720575940630610042,DNp32,720575940602424224,downstream
720575940630610042,DNp32,720575940602428814,downstream
720575940630610042,DNp32,720575940602431118,downstream
720575940630610042,DNp32,720575940600910311,downstream
720575940630610042,DNp32,720575940600892082,downstream
720575940630610042,DNp32,720575940600695546,downstream
720575940630610042,DNp32,720575940600126696,downstream
720575940630610042,DNp32,720575940599113901,downstream
720575940630610042,DNp32,720575940599284397,downstream
720575940630610042,DNp32,720575940599614632,downstream
720575940630610042,DNp32,720575940599625863,downstream
720575940630610042,DNp32,720575940599627399,downstream
720575940630610042,DNp32,720575940599681962,downstream
720575940630610042,DNp32,720575940599682730,downstream
720575940630610042,DNp32,720575940599716348,downstream
720575940630610042,DNp32,720575940599875960,downstream
720575940630610042,DNp32,720575940600032508,downstream
720575940630610042,DNp32,720575940600173968,downstream
720575940630610042,DNp32,720575940600692986,downstream
720575940630610042,DNp32,720575940600189676,downstream
720575940630610042,DNp32,720575940600191980,downstream
720575940630610042,DNp32,720575940600220850,downstream
720575940630610042,DNp32,720575940600224144,downstream
720575940630610042,DNp32,720575940600520146,downstream
720575940630610042,DNp32,720575940600524242,downstream
720575940630610042,DNp32,720575940600528594,downstream
720575940630610042,DNp32,720575940600669874,downstream
720575940630610042,DNp32,720575940600676018,downstream
720575940630610042,DNp32,720575940600679807,downstream
720575940630610042,DNp32,720575940614898456,downstream
720575940630610042,DNp32,720575940626527720,downstream
720575940630610042,DNp32,720575940615074380,downstream
720575940630610042,DNp32,720575940647079715,downstream
720575940630610042,DNp32,720575940648329337,downstream
720575940630610042,DNp32,720575940648633988,downstream
720575940630610042,DNp32,720575940649342841,downstream
720575940630610042,DNp32,720575940650734070,downstream
720575940630610042,DNp32,720575940650929273,downstream
720575940630610042,DNp32,720575940652128502,downstream
720575940630610042,DNp32,720575940654795681,downstream
720575940630610042,DNp32,720575940659264385,downstream
720575940630610042,DNp32,720575940659399809,downstream
720575940630610042,DNp32,720575940659773313,downstream
720575940630610042,DNp32,720575940612121747,downstream
720575940630610042,DNp32,720575940380894080,downstream
720575940630610042,DNp32,720575940381310939,downstream
720575940630610042,DNp32,720575940381319387,downstream
720575940630610042,DNp32,720575940381413339,downstream
720575940630610042,DNp32,720575940381554693,downstream
720575940630610042,DNp32,720575940382685606,downstream
720575940630610042,DNp32,720575940382842323,downstream
720575940630610042,DNp32,720575940382843859,downstream
720575940630610042,DNp32,720575940382846931,downstream
720575940630610042,DNp32,720575940383622555,downstream
720575940630610042,DNp32,720575940384371941,downstream
720575940630610042,DNp32,720575940384376126,downstream
720575940630610042,DNp32,720575940647952948,downstream
720575940630610042,DNp32,720575940646852660,downstream
720575940630610042,DNp32,720575940384508360,downstream
720575940630610042,DNp32,720575940646407476,downstream
720575940630610042,DNp32,720575940640645621,downstream
720575940630610042,DNp32,720575940640794483,downstream
720575940630610042,DNp32,720575940641278965,downstream
720575940630610042,DNp32,720575940641859620,downstream
720575940630610042,DNp32,720575940642151565,downstream
720575940630610042,DNp32,720575940642262157,downstream
720575940630610042,DNp32,720575940642526756,downstream
720575940630610042,DNp32,720575940642894628,downstream
720575940630610042,DNp32,720575940643002528,downstream
720575940630610042,DNp32,720575940643293837,downstream
720575940630610042,DNp32,720575940643496864,downstream
720575940630610042,DNp32,720575940643740872,downstream
720575940630610042,DNp32,720575940643768736,downstream
720575940630610042,DNp32,720575940643853256,downstream
720575940630610042,DNp32,720575940643974600,downstream
720575940630610042,DNp32,720575940644004768,downstream
720575940630610042,DNp32,720575940644176164,downstream
720575940630610042,DNp32,720575940644751908,downstream
720575940630610042,DNp32,720575940644758308,downstream
720575940630610042,DNp32,720575940645084104,downstream
720575940630610042,DNp32,720575940645693476,downstream
720575940630610042,DNp32,720575940645771811,downstream
720575940630610042,DNp32,720575940646225204,downstream
720575940630610042,DNp32,720575940384500424,downstream
720575940630610042,DNp32,720575940385359713,downstream
720575940630610042,DNp32,720575940640507763,downstream
720575940630610042,DNp32,720575940393469296,downstream
720575940630610042,DNp32,720575940393478256,downstream
720575940630610042,DNp32,720575940393582130,downstream
720575940630610042,DNp32,720575940393777092,downstream
720575940630610042,DNp32,720575940393806362,downstream
720575940630610042,DNp32,720575940394158117,downstream
720575940630610042,DNp32,720575940394782380,downstream
720575940630610042,DNp32,720575940394873645,downstream
720575940630610042,DNp32,720575940394875693,downstream
720575940630610042,DNp32,720575940394879533,downstream
720575940630610042,DNp32,720575940394946209,downstream
720575940630610042,DNp32,720575940394962337,downstream
720575940630610042,DNp32,720575940394963873,downstream
720575940630610042,DNp32,720575940395309837,downstream
720575940630610042,DNp32,720575940395491713,downstream
720575940630610042,DNp32,720575940397588833,downstream
720575940630610042,DNp32,720575940399352414,downstream
720575940630610042,DNp32,720575940399356254,downstream
720575940630610042,DNp32,720575940399380574,downstream
720575940630610042,DNp32,720575940399767144,downstream
720575940630610042,DNp32,720575940400816606,downstream
720575940630610042,DNp32,720575940401612554,downstream
720575940630610042,DNp32,720575940401660990,downstream
720575940630610042,DNp32,720575940401826423,downstream
720575940630610042,DNp32,720575940393472624,downstream
720575940630610042,DNp32,720575940393455984,downstream
720575940630610042,DNp32,720575940385853797,downstream
720575940630610042,DNp32,720575940393139645,downstream
720575940630610042,DNp32,720575940385855077,downstream
720575940630610042,DNp32,720575940385896153,downstream
720575940630610042,DNp32,720575940386206781,downstream
720575940630610042,DNp32,720575940387086938,downstream
720575940630610042,DNp32,720575940387089242,downstream
720575940630610042,DNp32,720575940387095642,downstream
720575940630610042,DNp32,720575940387644725,downstream
720575940630610042,DNp32,720575940387676894,downstream
720575940630610042,DNp32,720575940388048557,downstream
720575940630610042,DNp32,720575940388055981,downstream
720575940630610042,DNp32,720575940388578867,downstream
720575940630610042,DNp32,720575940388598067,downstream
720575940630610042,DNp32,720575940389302039,downstream
720575940630610042,DNp32,720575940389601721,downstream
720575940630610042,DNp32,720575940389834437,downstream
720575940630610042,DNp32,720575940390164687,downstream
720575940630610042,DNp32,720575940390208719,downstream
720575940630610042,DNp32,720575940390408030,downstream
720575940630610042,DNp32,720575940391151596,downstream
720575940630610042,DNp32,720575940391184421,downstream
720575940630610042,DNp32,720575940392547276,downstream
720575940630610042,DNp32,720575940392637789,downstream
720575940630610042,DNp32,720575940392701388,downstream
720575940630610042,DNp32,720575940640559165,downstream
720575940630610042,DNp32,720575940640441808,downstream
720575940630610042,DNp32,720575940631728431,downstream
720575940630610042,DNp32,720575940632900665,downstream
720575940630610042,DNp32,720575940633167199,downstream
720575940630610042,DNp32,720575940633170643,downstream
720575940630610042,DNp32,720575940633269695,downstream
720575940630610042,DNp32,720575940633299903,downstream
720575940630610042,DNp32,720575940633319249,downstream
720575940630610042,DNp32,720575940633357651,downstream
720575940630610042,DNp32,720575940633413715,downstream
720575940630610042,DNp32,720575940633529548,downstream
720575940630610042,DNp32,720575940633545823,downstream
720575940630610042,DNp32,720575940633579573,downstream
720575940630610042,DNp32,720575940633678884,downstream
720575940630610042,DNp32,720575940633762357,downstream
720575940630610042,DNp32,720575940633953948,downstream
720575940630610042,DNp32,720575940634259819,downstream
720575940630610042,DNp32,720575940634285523,downstream
720575940630610042,DNp32,720575940634370751,downstream
720575940630610042,DNp32,720575940634439822,downstream
720575940630610042,DNp32,720575940634442847,downstream
720575940630610042,DNp32,720575940634538112,downstream
720575940630610042,DNp32,720575940634552462,downstream
720575940630610042,DNp32,720575940634557335,downstream
720575940630610042,DNp32,720575940634796951,downstream
720575940630610042,DNp32,720575940634809455,downstream
720575940630610042,DNp32,720575940633119457,downstream
720575940630610042,DNp32,720575940632890425,downstream
720575940630610042,DNp32,720575940635054687,downstream
720575940630610042,DNp32,720575940632879586,downstream
720575940630610042,DNp32,720575940631847565,downstream
720575940630610042,DNp32,720575940631875896,downstream
720575940630610042,DNp32,720575940631898472,downstream
720575940630610042,DNp32,720575940631948823,downstream
720575940630610042,DNp32,720575940631949847,downstream
720575940630610042,DNp32,720575940631951127,downstream
720575940630610042,DNp32,720575940632009784,downstream
720575940630610042,DNp32,720575940632022992,downstream
720575940630610042,DNp32,720575940632092879,downstream
720575940630610042,DNp32,720575940632107091,downstream
720575940630610042,DNp32,720575940632134625,downstream
720575940630610042,DNp32,720575940632153163,downstream
720575940630610042,DNp32,720575940632403986,downstream
720575940630610042,DNp32,720575940632417554,downstream
720575940630610042,DNp32,720575940632499757,downstream
720575940630610042,DNp32,720575940632511759,downstream
720575940630610042,DNp32,720575940632539788,downstream
720575940630610042,DNp32,720575940632585508,downstream
720575940630610042,DNp32,720575940632636959,downstream
720575940630610042,DNp32,720575940632670156,downstream
720575940630610042,DNp32,720575940632835688,downstream
720575940630610042,DNp32,720575940632847661,downstream
720575940630610042,DNp32,720575940632871322,downstream
720575940630610042,DNp32,720575940635047672,downstream
720575940630610042,DNp32,720575940635090533,downstream
720575940630610042,DNp32,720575940640311715,downstream
720575940630610042,DNp32,720575940637656974,downstream
720575940630610042,DNp32,720575940637861294,downstream
720575940630610042,DNp32,720575940637922367,downstream
720575940630610042,DNp32,720575940637975615,downstream
720575940630610042,DNp32,720575940637980725,downstream
720575940630610042,DNp32,720575940638128573,downstream
720575940630610042,DNp32,720575940638403928,downstream
720575940630610042,DNp32,720575940638634485,downstream
720575940630610042,DNp32,720575940638639174,downstream
720575940630610042,DNp32,720575940638682824,downstream
720575940630610042,DNp32,720575940638683336,downstream
720575940630610042,DNp32,720575940638683592,downstream
720575940630610042,DNp32,720575940638699069,downstream
720575940630610042,DNp32,720575940638917027,downstream
720575940630610042,DNp32,720575940639417728,downstream
720575940630610042,DNp32,720575940639421299,downstream
720575940630610042,DNp32,720575940639451592,downstream
720575940630610042,DNp32,720575940639599816,downstream
720575940630610042,DNp32,720575940639602484,downstream
720575940630610042,DNp32,720575940639681907,downstream
720575940630610042,DNp32,720575940639691635,downstream
720575940630610042,DNp32,720575940639806296,downstream
720575940630610042,DNp32,720575940639866456,downstream
720575940630610042,DNp32,720575940640178640,downstream
720575940630610042,DNp32,720575940637686158,downstream
720575940630610042,DNp32,720575940637568613,downstream
720575940630610042,DNp32,720575940635157902,downstream
720575940630610042,DNp32,720575940637352893,downstream
720575940630610042,DNp32,720575940635202204,downstream
720575940630610042,DNp32,720575940635249332,downstream
720575940630610042,DNp32,720575940635368092,downstream
720575940630610042,DNp32,720575940635371119,downstream
720575940630610042,DNp32,720575940635390160,downstream
720575940630610042,DNp32,720575940635448016,downstream
720575940630610042,DNp32,720575940635687926,downstream
720575940630610042,DNp32,720575940635693302,downstream
720575940630610042,DNp32,720575940635953038,downstream
720575940630610042,DNp32,720575940636167280,downstream
720575940630610042,DNp32,720575940636376804,downstream
720575940630610042,DNp32,720575940636574388,downstream
720575940630610042,DNp32,720575940636576948,downstream
720575940630610042,DNp32,720575940636633998,downstream
720575940630610042,DNp32,720575940636656632,downstream
720575940630610042,DNp32,720575940636681840,downstream
720575940630610042,DNp32,720575940636704357,downstream
720575940630610042,DNp32,720575940636716206,downstream
720575940630610042,DNp32,720575940636841840,downstream
720575940630610042,DNp32,720575940637263337,downstream
720575940630610042,DNp32,720575940637264617,downstream
720575940630610042,DNp32,720575940637309924,downstream
720575940630610042,DNp32,720575940637335262,downstream
720575940630610042,DNp32,720575940402013389,downstream
720575940630610042,DNp32,720575940402124868,downstream
720575940630610042,DNp32,720575940402149604,downstream
720575940630610042,DNp32,720575940432559843,downstream
720575940630610042,DNp32,720575940434932272,downstream
720575940630610042,DNp32,720575940434944304,downstream
720575940630610042,DNp32,720575940434949936,downstream
720575940630610042,DNp32,720575940434965152,downstream
720575940630610042,DNp32,720575940435612004,downstream
720575940630610042,DNp32,720575940435720233,downstream
720575940630610042,DNp32,720575940436400657,downstream
720575940630610042,DNp32,720575940436429073,downstream
720575940630610042,DNp32,720575940436557974,downstream
720575940630610042,DNp32,720575940437148481,downstream
720575940630610042,DNp32,720575940437302826,downstream
720575940630610042,DNp32,720575940437712784,downstream
720575940630610042,DNp32,720575940438011520,downstream
720575940630610042,DNp32,720575940438133701,downstream
720575940630610042,DNp32,720575940438222274,downstream
720575940630610042,DNp32,720575940438223042,downstream
720575940630610042,DNp32,720575940438227138,downstream
720575940630610042,DNp32,720575940438236610,downstream
720575940630610042,DNp32,720575940438418291,downstream
720575940630610042,DNp32,720575940438507850,downstream
720575940630610042,DNp32,720575940439626905,downstream
720575940630610042,DNp32,720575940439627161,downstream
720575940630610042,DNp32,720575940439652505,downstream
720575940630610042,DNp32,720575940433155497,downstream
720575940630610042,DNp32,720575940432314309,downstream
720575940630610042,DNp32,720575940439655321,downstream
720575940630610042,DNp32,720575940432308205,downstream
720575940630610042,DNp32,720575940424292075,downstream
720575940630610042,DNp32,720575940424350384,downstream
720575940630610042,DNp32,720575940424497044,downstream
720575940630610042,DNp32,720575940424727383,downstream
720575940630610042,DNp32,720575940424811374,downstream
720575940630610042,DNp32,720575940424828270,downstream
720575940630610042,DNp32,720575940424828526,downstream
720575940630610042,DNp32,720575940424831342,downstream
720575940630610042,DNp32,720575940425223678,downstream
720575940630610042,DNp32,720575940425595766,downstream
720575940630610042,DNp32,720575940425647222,downstream
720575940630610042,DNp32,720575940426158637,downstream
720575940630610042,DNp32,720575940426446654,downstream
720575940630610042,DNp32,720575940428552502,downstream
720575940630610042,DNp32,720575940428715772,downstream
720575940630610042,DNp32,720575940428848326,downstream
720575940630610042,DNp32,720575940431341283,downstream
720575940630610042,DNp32,720575940431366627,downstream
720575940630610042,DNp32,720575940431370467,downstream
720575940630610042,DNp32,720575940431370723,downstream
720575940630610042,DNp32,720575940431377891,downstream
720575940630610042,DNp32,720575940432037102,downstream
720575940630610042,DNp32,720575940432069870,downstream
720575940630610042,DNp32,720575940439653785,downstream
720575940630610042,DNp32,720575940439665305,downstream
720575940630610042,DNp32,720575940402154980,downstream
720575940630610042,DNp32,720575940443380792,downstream
720575940630610042,DNp32,720575940443445562,downstream
720575940630610042,DNp32,720575940443776752,downstream
720575940630610042,DNp32,720575940443796976,downstream
720575940630610042,DNp32,720575940443805424,downstream
720575940630610042,DNp32,720575940443810800,downstream
720575940630610042,DNp32,720575940443811056,downstream
720575940630610042,DNp32,720575940443812080,downstream
720575940630610042,DNp32,720575940443812285,downstream
720575940630610042,DNp32,720575940443825853,downstream
720575940630610042,DNp32,720575940443835581,downstream
720575940630610042,DNp32,720575940443897000,downstream
720575940630610042,DNp32,720575940444571321,downstream
720575940630610042,DNp32,720575940444573625,downstream
720575940630610042,DNp32,720575940444670979,downstream
720575940630610042,DNp32,720575940444686083,downstream
720575940630610042,DNp32,720575940444698212,downstream
720575940630610042,DNp32,720575940444722179,downstream
720575940630610042,DNp32,720575940444752643,downstream
720575940630610042,DNp32,720575940445141366,downstream
720575940630610042,DNp32,720575940446124740,downstream
720575940630610042,DNp32,720575940446263956,downstream
720575940630610042,DNp32,720575940446285716,downstream
720575940630610042,DNp32,720575940446315668,downstream
720575940630610042,DNp32,720575940443430202,downstream
720575940630610042,DNp32,720575940443372858,downstream
720575940630610042,DNp32,720575940439669913,downstream
720575940630610042,DNp32,720575940443340858,downstream
720575940630610042,DNp32,720575940439670169,downstream
720575940630610042,DNp32,720575940439687833,downstream
720575940630610042,DNp32,720575940439693465,downstream
720575940630610042,DNp32,720575940439707473,downstream
720575940630610042,DNp32,720575940439726930,downstream
720575940630610042,DNp32,720575940439730002,downstream
720575940630610042,DNp32,720575940439904259,downstream
720575940630610042,DNp32,720575940439905738,downstream
720575940630610042,DNp32,720575940439906250,downstream
720575940630610042,DNp32,720575940439907018,downstream
720575940630610042,DNp32,720575940439933955,downstream
720575940630610042,DNp32,720575940439993247,downstream
720575940630610042,DNp32,720575940440388057,downstream
720575940630610042,DNp32,720575940440663551,downstream
720575940630610042,DNp32,720575940441120734,downstream
720575940630610042,DNp32,720575940441244625,downstream
720575940630610042,DNp32,720575940441681700,downstream
720575940630610042,DNp32,720575940441716004,downstream
720575940630610042,DNp32,720575940441732900,downstream
720575940630610042,DNp32,720575940442116967,downstream
720575940630610042,DNp32,720575940442168679,downstream
720575940630610042,DNp32,720575940442792965,downstream
720575940630610042,DNp32,720575940443012139,downstream
720575940630610042,DNp32,720575940423856696,downstream
720575940630610042,DNp32,720575940423851320,downstream
720575940630610042,DNp32,720575940423804859,downstream
720575940630610042,DNp32,720575940407405758,downstream
720575940630610042,DNp32,720575940407959200,downstream
720575940630610042,DNp32,720575940407960992,downstream
720575940630610042,DNp32,720575940407961760,downstream
720575940630610042,DNp32,720575940408700535,downstream
720575940630610042,DNp32,720575940409042690,downstream
720575940630610042,DNp32,720575940409068802,downstream
720575940630610042,DNp32,720575940409077506,downstream
720575940630610042,DNp32,720575940409132418,downstream
720575940630610042,DNp32,720575940409318589,downstream
720575940630610042,DNp32,720575940409331645,downstream
720575940630610042,DNp32,720575940409499839,downstream
720575940630610042,DNp32,720575940410255329,downstream
720575940630610042,DNp32,720575940410405335,downstream
720575940630610042,DNp32,720575940410415575,downstream
720575940630610042,DNp32,720575940410638005,downstream
720575940630610042,DNp32,720575940410745334,downstream
720575940630610042,DNp32,720575940410788864,downstream
720575940630610042,DNp32,720575940411568182,downstream
720575940630610042,DNp32,720575940411625943,downstream
720575940630610042,DNp32,720575940411833426,downstream
720575940630610042,DNp32,720575940411860818,downstream
720575940630610042,DNp32,720575940411887428,downstream
720575940630610042,DNp32,720575940411950580,downstream
720575940630610042,DNp32,720575940407406014,downstream
720575940630610042,DNp32,720575940407270206,downstream
720575940630610042,DNp32,720575940423495965,downstream
720575940630610042,DNp32,720575940406687278,downstream
720575940630610042,DNp32,720575940402167012,downstream
720575940630610042,DNp32,720575940402175972,downstream
720575940630610042,DNp32,720575940402206020,downstream
720575940630610042,DNp32,720575940402364517,downstream
720575940630610042,DNp32,720575940402823121,downstream
720575940630610042,DNp32,720575940403069252,downstream
720575940630610042,DNp32,720575940403642557,downstream
720575940630610042,DNp32,720575940403651261,downstream
720575940630610042,DNp32,720575940403769269,downstream
720575940630610042,DNp32,720575940404662248,downstream
720575940630610042,DNp32,720575940404669672,downstream
720575940630610042,DNp32,720575940404813829,downstream
720575940630610042,DNp32,720575940405117765,downstream
720575940630610042,DNp32,720575940405125459,downstream
720575940630610042,DNp32,720575940405344600,downstream
720575940630610042,DNp32,720575940405876414,downstream
720575940630610042,DNp32,720575940405884094,downstream
720575940630610042,DNp32,720575940406524898,downstream
720575940630610042,DNp32,720575940406552762,downstream
720575940630610042,DNp32,720575940406561506,downstream
720575940630610042,DNp32,720575940406613434,downstream
720575940630610042,DNp32,720575940406621882,downstream
720575940630610042,DNp32,720575940406625466,downstream
720575940630610042,DNp32,720575940412458696,downstream
720575940630610042,DNp32,720575940412469128,downstream
720575940630610042,DNp32,720575940412528331,downstream
720575940630610042,DNp32,720575940412585536,downstream
720575940630610042,DNp32,720575940420022291,downstream
720575940630610042,DNp32,720575940420545836,downstream
720575940630610042,DNp32,720575940420560684,downstream
720575940630610042,DNp32,720575940421238326,downstream
720575940630610042,DNp32,720575940421286198,downstream
720575940630610042,DNp32,720575940421350387,downstream
720575940630610042,DNp32,720575940421418003,downstream
720575940630610042,DNp32,720575940421426707,downstream
720575940630610042,DNp32,720575940421730172,downstream
720575940630610042,DNp32,720575940421737340,downstream
720575940630610042,DNp32,720575940422067744,downstream
720575940630610042,DNp32,720575940422070560,downstream
720575940630610042,DNp32,720575940422130720,downstream
720575940630610042,DNp32,720575940422140960,downstream
720575940630610042,DNp32,720575940422193001,downstream
720575940630610042,DNp32,720575940422196000,downstream
720575940630610042,DNp32,720575940422200169,downstream
720575940630610042,DNp32,720575940422205289,downstream
720575940630610042,DNp32,720575940422205995,downstream
720575940630610042,DNp32,720575940423041418,downstream
720575940630610042,DNp32,720575940423042186,downstream
720575940630610042,DNp32,720575940423042442,downstream
720575940630610042,DNp32,720575940423179462,downstream
720575940630610042,DNp32,720575940419981354,downstream
720575940630610042,DNp32,720575940419977258,downstream
720575940630610042,DNp32,720575940419882981,downstream
720575940630610042,DNp32,720575940414939978,downstream
720575940630610042,DNp32,720575940412587584,downstream
720575940630610042,DNp32,720575940413577801,downstream
720575940630610042,DNp32,720575940413679778,downstream
720575940630610042,DNp32,720575940413683362,downstream
720575940630610042,DNp32,720575940414235348,downstream
720575940630610042,DNp32,720575940414241236,downstream
720575940630610042,DNp32,720575940414252244,downstream
720575940630610042,DNp32,720575940414252500,downstream
720575940630610042,DNp32,720575940414599040,downstream
720575940630610042,DNp32,720575940414923850,downstream
720575940630610042,DNp32,720575940415049324,downstream
720575940630610042,DNp32,720575940419854821,downstream
720575940630610042,DNp32,720575940415486830,downstream
720575940630610042,DNp32,720575940415506798,downstream
720575940630610042,DNp32,720575940415698427,downstream
720575940630610042,DNp32,720575940415989108,downstream
720575940630610042,DNp32,720575940417019321,downstream
720575940630610042,DNp32,720575940417030585,downstream
720575940630610042,DNp32,720575940417150433,downstream
720575940630610042,DNp32,720575940417202657,downstream
720575940630610042,DNp32,720575940419693129,downstream
720575940630610042,DNp32,720575940419840485,downstream
720575940630610042,DNp32,720575940631847066,downstream
720575940630610042,DNp32,720575940631702063,downstream
720575940630610042,DNp32,720575940615081203,downstream
720575940630610042,DNp32,720575940620252075,downstream
720575940630610042,DNp32,720575940620465148,downstream
720575940630610042,DNp32,720575940620561840,downstream
720575940630610042,DNp32,720575940620581748,downstream
720575940630610042,DNp32,720575940620600929,downstream
720575940630610042,DNp32,720575940620606295,downstream
720575940630610042,DNp32,720575940620609739,downstream
720575940630610042,DNp32,720575940620641719,downstream
720575940630610042,DNp32,720575940620690804,downstream
720575940630610042,DNp32,720575940620731608,downstream
720575940630610042,DNp32,720575940620860398,downstream
720575940630610042,DNp32,720575940620873793,downstream
720575940630610042,DNp32,720575940620896937,downstream
720575940630610042,DNp32,720575940620943969,downstream
720575940630610042,DNp32,720575940621010181,downstream
720575940630610042,DNp32,720575940621017540,downstream
720575940630610042,DNp32,720575940621125815,downstream
720575940630610042,DNp32,720575940621166625,downstream
720575940630610042,DNp32,720575940621261656,downstream
720575940630610042,DNp32,720575940621302644,downstream
720575940630610042,DNp32,720575940621328508,downstream
720575940630610042,DNp32,720575940621340521,downstream
720575940630610042,DNp32,720575940621340710,downstream
720575940630610042,DNp32,720575940621391484,downstream
720575940630610042,DNp32,720575940620320902,downstream
720575940630610042,DNp32,720575940620251387,downstream
720575940630610042,DNp32,720575940621442124,downstream
720575940630610042,DNp32,720575940620228696,downstream
720575940630610042,DNp32,720575940619676507,downstream
720575940630610042,DNp32,720575940619689920,downstream
720575940630610042,DNp32,720575940619736732,downstream
720575940630610042,DNp32,720575940619739804,downstream
720575940630610042,DNp32,720575940619806251,downstream
720575940630610042,DNp32,720575940619829333,downstream
720575940630610042,DNp32,720575940619891591,downstream
720575940630610042,DNp32,720575940619954112,downstream
720575940630610042,DNp32,720575940619985915,downstream
720575940630610042,DNp32,720575940620032508,downstream
720575940630610042,DNp32,720575940620044935,downstream
720575940630610042,DNp32,720575940620045829,downstream
720575940630610042,DNp32,720575940620060667,downstream
720575940630610042,DNp32,720575940620066282,downstream
720575940630610042,DNp32,720575940620079440,downstream
720575940630610042,DNp32,720575940620097985,downstream
720575940630610042,DNp32,720575940620099566,downstream
720575940630610042,DNp32,720575940620105210,downstream
720575940630610042,DNp32,720575940620107387,downstream
720575940630610042,DNp32,720575940620124143,downstream
720575940630610042,DNp32,720575940620129415,downstream
720575940630610042,DNp32,720575940620144763,downstream
720575940630610042,DNp32,720575940620191453,downstream
720575940630610042,DNp32,720575940621411749,downstream
720575940630610042,DNp32,720575940621503949,downstream
720575940630610042,DNp32,720575940619490133,downstream
720575940630610042,DNp32,720575940622210689,downstream
720575940630610042,DNp32,720575940622266236,downstream
720575940630610042,DNp32,720575940622277796,downstream
720575940630610042,DNp32,720575940622357111,downstream
720575940630610042,DNp32,720575940622370954,downstream
720575940630610042,DNp32,720575940622441769,downstream
720575940630610042,DNp32,720575940622485981,downstream
720575940630610042,DNp32,720575940622510630,downstream
720575940630610042,DNp32,720575940622519773,downstream
720575940630610042,DNp32,720575940622520140,downstream
720575940630610042,DNp32,720575940622600319,downstream
720575940630610042,DNp32,720575940622609678,downstream
720575940630610042,DNp32,720575940622761450,downstream
720575940630610042,DNp32,720575940622801101,downstream
720575940630610042,DNp32,720575940622807640,downstream
720575940630610042,DNp32,720575940622819559,downstream
720575940630610042,DNp32,720575940622870157,downstream
720575940630610042,DNp32,720575940622996579,downstream
720575940630610042,DNp32,720575940622998627,downstream
720575940630610042,DNp32,720575940623039928,downstream
720575940630610042,DNp32,720575940623040767,downstream
720575940630610042,DNp32,720575940623132040,downstream
720575940630610042,DNp32,720575940623170231,downstream
720575940630610042,DNp32,720575940623197588,downstream
720575940630610042,DNp32,720575940622210945,downstream
720575940630610042,DNp32,720575940622180632,downstream
720575940630610042,DNp32,720575940621585279,downstream
720575940630610042,DNp32,720575940622179959,downstream
720575940630610042,DNp32,720575940621659967,downstream
720575940630610042,DNp32,720575940621673852,downstream
720575940630610042,DNp32,720575940621681228,downstream
720575940630610042,DNp32,720575940621717509,downstream
720575940630610042,DNp32,720575940621774874,downstream
720575940630610042,DNp32,720575940621779035,downstream
720575940630610042,DNp32,720575940621816152,downstream
720575940630610042,DNp32,720575940621835246,downstream
720575940630610042,DNp32,720575940621875821,downstream
720575940630610042,DNp32,720575940621880831,downstream
720575940630610042,DNp32,720575940621910180,downstream
720575940630610042,DNp32,720575940621932237,downstream
720575940630610042,DNp32,720575940621943018,downstream
720575940630610042,DNp32,720575940621943300,downstream
720575940630610042,DNp32,720575940621950116,downstream
720575940630610042,DNp32,720575940622024055,downstream
720575940630610042,DNp32,720575940622027222,downstream
720575940630610042,DNp32,720575940622041053,downstream
720575940630610042,DNp32,720575940622065059,downstream
720575940630610042,DNp32,720575940622065622,downstream
720575940630610042,DNp32,720575940622074109,downstream
720575940630610042,DNp32,720575940622166664,downstream
720575940630610042,DNp32,720575940622175401,downstream
720575940630610042,DNp32,720575940619537201,downstream
720575940630610042,DNp32,720575940619474548,downstream
720575940630610042,DNp32,720575940631651554,downstream
720575940630610042,DNp32,720575940616168166,downstream
720575940630610042,DNp32,720575940616186207,downstream
720575940630610042,DNp32,720575940616197819,downstream
720575940630610042,DNp32,720575940616198587,downstream
720575940630610042,DNp32,720575940616376043,downstream
720575940630610042,DNp32,720575940616376891,downstream
720575940630610042,DNp32,720575940616381623,downstream
720575940630610042,DNp32,720575940616430171,downstream
720575940630610042,DNp32,720575940616483414,downstream
720575940630610042,DNp32,720575940616571485,downstream
720575940630610042,DNp32,720575940616577141,downstream
720575940630610042,DNp32,720575940616641244,downstream
720575940630610042,DNp32,720575940616695831,downstream
720575940630610042,DNp32,720575940616724929,downstream
720575940630610042,DNp32,720575940616766182,downstream
720575940630610042,DNp32,720575940616778038,downstream
720575940630610042,DNp32,720575940616804806,downstream
720575940630610042,DNp32,720575940616886274,downstream
720575940630610042,DNp32,720575940616891394,downstream
720575940630610042,DNp32,720575940616901455,downstream
720575940630610042,DNp32,720575940617009970,downstream
720575940630610042,DNp32,720575940617098385,downstream
720575940630610042,DNp32,720575940617187421,downstream
720575940630610042,DNp32,720575940617195135,downstream
720575940630610042,DNp32,720575940616169578,downstream
720575940630610042,DNp32,720575940616117179,downstream
720575940630610042,DNp32,720575940617277695,downstream
720575940630610042,DNp32,720575940616086411,downstream
720575940630610042,DNp32,720575940615160239,downstream
720575940630610042,DNp32,720575940615188447,downstream
720575940630610042,DNp32,720575940615211974,downstream
720575940630610042,DNp32,720575940615339458,downstream
720575940630610042,DNp32,720575940615341762,downstream
720575940630610042,DNp32,720575940615407008,downstream
720575940630610042,DNp32,720575940615407264,downstream
720575940630610042,DNp32,720575940615409150,downstream
720575940630610042,DNp32,720575940615412640,downstream
720575940630610042,DNp32,720575940615438402,downstream
720575940630610042,DNp32,720575940615469555,downstream
720575940630610042,DNp32,720575940615679560,downstream
720575940630610042,DNp32,720575940615682632,downstream
720575940630610042,DNp32,720575940615708189,downstream
720575940630610042,DNp32,720575940615799423,downstream
720575940630610042,DNp32,720575940615840913,downstream
720575940630610042,DNp32,720575940615860250,downstream
720575940630610042,DNp32,720575940615873384,downstream
720575940630610042,DNp32,720575940615886534,downstream
720575940630610042,DNp32,720575940615941062,downstream
720575940630610042,DNp32,720575940616054455,downstream
720575940630610042,DNp32,720575940616056114,downstream
720575940630610042,DNp32,720575940616076829,downstream
720575940630610042,DNp32,720575940617229632,downstream
720575940630610042,DNp32,720575940617282009,downstream
720575940630610042,DNp32,720575940619434712,downstream
720575940630610042,DNp32,720575940618199223,downstream
720575940630610042,DNp32,720575940618238109,downstream
720575940630610042,DNp32,720575940618260293,downstream
720575940630610042,DNp32,720575940618278839,downstream
720575940630610042,DNp32,720575940618326511,downstream
720575940630610042,DNp32,720575940618398878,downstream
720575940630610042,DNp32,720575940618409797,downstream
720575940630610042,DNp32,720575940618470042,downstream
720575940630610042,DNp32,720575940618612253,downstream
720575940630610042,DNp32,720575940618803725,downstream
720575940630610042,DNp32,720575940618808131,downstream
720575940630610042,DNp32,720575940618838292,downstream
720575940630610042,DNp32,720575940618849227,downstream
720575940630610042,DNp32,720575940618866298,downstream
720575940630610042,DNp32,720575940618931846,downstream
720575940630610042,DNp32,720575940618964080,downstream
720575940630610042,DNp32,720575940618970224,downstream
720575940630610042,DNp32,720575940619016940,downstream
720575940630610042,DNp32,720575940619029680,downstream
720575940630610042,DNp32,720575940619036539,downstream
720575940630610042,DNp32,720575940619059102,downstream
720575940630610042,DNp32,720575940619072013,downstream
720575940630610042,DNp32,720575940619128134,downstream
720575940630610042,DNp32,720575940619390573,downstream
720575940630610042,DNp32,720575940618199735,downstream
720575940630610042,DNp32,720575940618198967,downstream
720575940630610042,DNp32,720575940617338761,downstream
720575940630610042,DNp32,720575940618197943,downstream
720575940630610042,DNp32,720575940617434395,downstream
720575940630610042,DNp32,720575940617443001,downstream
720575940630610042,DNp32,720575940617461844,downstream
720575940630610042,DNp32,720575940617475028,downstream
720575940630610042,DNp32,720575940617513167,downstream
720575940630610042,DNp32,720575940617625413,downstream
720575940630610042,DNp32,720575940617667163,downstream
720575940630610042,DNp32,720575940617688093,downstream
720575940630610042,DNp32,720575940617707398,downstream
720575940630610042,DNp32,720575940617712625,downstream
720575940630610042,DNp32,720575940617809181,downstream
720575940630610042,DNp32,720575940617921613,downstream
720575940630610042,DNp32,720575940617932368,downstream
720575940630610042,DNp32,720575940617983470,downstream
720575940630610042,DNp32,720575940618018170,downstream
720575940630610042,DNp32,720575940618091663,downstream
720575940630610042,DNp32,720575940618112310,downstream
720575940630610042,DNp32,720575940618142813,downstream
720575940630610042,DNp32,720575940618157110,downstream
720575940630610042,DNp32,720575940618165393,downstream
720575940630610042,DNp32,720575940618191287,downstream
720575940630610042,DNp32,720575940618191543,downstream
720575940630610042,DNp32,720575940618196663,downstream
720575940630610042,DNp32,720575940623203805,downstream
720575940630610042,DNp32,720575940623260321,downstream
720575940630610042,DNp32,720575940623289578,downstream
720575940630610042,DNp32,720575940628478449,downstream
720575940630610042,DNp32,720575940628573519,downstream
720575940630610042,DNp32,720575940628799509,downstream
720575940630610042,DNp32,720575940628817372,downstream
720575940630610042,DNp32,720575940628836833,downstream
720575940630610042,DNp32,720575940628895750,downstream
720575940630610042,DNp32,720575940628990689,downstream
720575940630610042,DNp32,720575940629009769,downstream
720575940630610042,DNp32,720575940629011655,downstream
720575940630610042,DNp32,720575940629015040,downstream
720575940630610042,DNp32,720575940629091431,downstream
720575940630610042,DNp32,720575940629144987,downstream
720575940630610042,DNp32,720575940629172071,downstream
720575940630610042,DNp32,720575940629225463,downstream
720575940630610042,DNp32,720575940629232480,downstream
720575940630610042,DNp32,720575940629236291,downstream
720575940630610042,DNp32,720575940629373890,downstream
720575940630610042,DNp32,720575940629437054,downstream
720575940630610042,DNp32,720575940629477675,downstream
720575940630610042,DNp32,720575940629495046,downstream
720575940630610042,DNp32,720575940629501003,downstream
720575940630610042,DNp32,720575940629513478,downstream
720575940630610042,DNp32,720575940629524890,downstream
720575940630610042,DNp32,720575940629530576,downstream
720575940630610042,DNp32,720575940628514832,downstream
720575940630610042,DNp32,720575940628360723,downstream
720575940630610042,DNp32,720575940629576443,downstream
720575940630610042,DNp32,720575940628349522,downstream
720575940630610042,DNp32,720575940627388832,downstream
720575940630610042,DNp32,720575940627470963,downstream
720575940630610042,DNp32,720575940627471475,downstream
720575940630610042,DNp32,720575940627479810,downstream
720575940630610042,DNp32,720575940627527790,downstream
720575940630610042,DNp32,720575940627632745,downstream
720575940630610042,DNp32,720575940627732935,downstream
720575940630610042,DNp32,720575940627887391,downstream
720575940630610042,DNp32,720575940627899751,downstream
720575940630610042,DNp32,720575940627910010,downstream
720575940630610042,DNp32,720575940627929820,downstream
720575940630610042,DNp32,720575940628001512,downstream
720575940630610042,DNp32,720575940628029180,downstream
720575940630610042,DNp32,720575940628042867,downstream
720575940630610042,DNp32,720575940628079475,downstream
720575940630610042,DNp32,720575940628079482,downstream
720575940630610042,DNp32,720575940628148595,downstream
720575940630610042,DNp32,720575940628221313,downstream
720575940630610042,DNp32,720575940628256763,downstream
720575940630610042,DNp32,720575940628264192,downstream
720575940630610042,DNp32,720575940628268843,downstream
720575940630610042,DNp32,720575940628330867,downstream
720575940630610042,DNp32,720575940628342534,downstream
720575940630610042,DNp32,720575940629568331,downstream
720575940630610042,DNp32,720575940629602090,downstream
720575940630610042,DNp32,720575940623322877,downstream
720575940630610042,DNp32,720575940630895055,downstream
720575940630610042,DNp32,720575940630917623,downstream
720575940630610042,DNp32,720575940630921027,downstream
720575940630610042,DNp32,720575940630933816,downstream
720575940630610042,DNp32,720575940630998595,downstream
720575940630610042,DNp32,720575940631037792,downstream
720575940630610042,DNp32,720575940631054634,downstream
720575940630610042,DNp32,720575940631064387,downstream
720575940630610042,DNp32,720575940631095289,downstream
720575940630610042,DNp32,720575940631129206,downstream
720575940630610042,DNp32,720575940631179807,downstream
720575940630610042,DNp32,720575940631360909,downstream
720575940630610042,DNp32,720575940631385057,downstream
720575940630610042,DNp32,720575940631387949,downstream
720575940630610042,DNp32,720575940631423116,downstream
720575940630610042,DNp32,720575940631432814,downstream
720575940630610042,DNp32,720575940631441145,downstream
720575940630610042,DNp32,720575940631462200,downstream
720575940630610042,DNp32,720575940631472963,downstream
720575940630610042,DNp32,720575940631498094,downstream
720575940630610042,DNp32,720575940631502244,downstream
720575940630610042,DNp32,720575940631603281,downstream
720575940630610042,DNp32,720575940631624785,downstream
720575940630610042,DNp32,720575940631651128,downstream
720575940630610042,DNp32,720575940630902546,downstream
720575940630610042,DNp32,720575940630826827,downstream
720575940630610042,DNp32,720575940629614379,downstream
720575940630610042,DNp32,720575940630796115,downstream
720575940630610042,DNp32,720575940629661541,downstream
720575940630610042,DNp32,720575940629725302,downstream
720575940630610042,DNp32,720575940629845559,downstream
720575940630610042,DNp32,720575940629854953,downstream
720575940630610042,DNp32,720575940629897260,downstream
720575940630610042,DNp32,720575940629921067,downstream
720575940630610042,DNp32,720575940629986816,downstream
720575940630610042,DNp32,720575940630058752,downstream
720575940630610042,DNp32,720575940630089031,downstream
720575940630610042,DNp32,720575940630101497,downstream
720575940630610042,DNp32,720575940630127094,downstream
720575940630610042,DNp32,720575940630127862,downstream
720575940630610042,DNp32,720575940630135084,downstream
720575940630610042,DNp32,720575940630245650,downstream
720575940630610042,DNp32,720575940630344396,downstream
720575940630610042,DNp32,720575940630347980,downstream
720575940630610042,DNp32,720575940630407388,downstream
720575940630610042,DNp32,720575940630439471,downstream
720575940630610042,DNp32,720575940630470391,downstream
720575940630610042,DNp32,720575940630606444,downstream
720575940630610042,DNp32,720575940630663499,downstream
720575940630610042,DNp32,720575940630742521,downstream
720575940630610042,DNp32,720575940630776657,downstream
720575940630610042,DNp32,720575940627383569,downstream
720575940630610042,DNp32,720575940627357713,downstream
720575940630610042,DNp32,720575940627349860,downstream
720575940630610042,DNp32,720575940623982484,downstream
720575940630610042,DNp32,720575940624004535,downstream
720575940630610042,DNp32,720575940624038778,downstream
720575940630610042,DNp32,720575940624052793,downstream
720575940630610042,DNp32,720575940624068028,downstream
720575940630610042,DNp32,720575940624115178,downstream
720575940630610042,DNp32,720575940624193279,downstream
720575940630610042,DNp32,720575940624199022,downstream
720575940630610042,DNp32,720575940624199534,downstream
720575940630610042,DNp32,720575940624314468,downstream
720575940630610042,DNp32,720575940624336647,downstream
720575940630610042,DNp32,720575940624394790,downstream
720575940630610042,DNp32,720575940624574100,downstream
720575940630610042,DNp32,720575940624594154,downstream
720575940630610042,DNp32,720575940624615206,downstream
720575940630610042,DNp32,720575940624665165,downstream
720575940630610042,DNp32,720575940624705142,downstream
720575940630610042,DNp32,720575940624733945,downstream
720575940630610042,DNp32,720575940624734713,downstream
720575940630610042,DNp32,720575940624819152,downstream
720575940630610042,DNp32,720575940624832743,downstream
720575940630610042,DNp32,720575940624879911,downstream
720575940630610042,DNp32,720575940624890126,downstream
720575940630610042,DNp32,720575940624932352,downstream
720575940630610042,DNp32,720575940623983859,downstream
720575940630610042,DNp32,720575940623956941,downstream
720575940630610042,DNp32,720575940627312668,downstream
720575940630610042,DNp32,720575940623916071,downstream
720575940630610042,DNp32,720575940623362698,downstream
720575940630610042,DNp32,720575940623413116,downstream
720575940630610042,DNp32,720575940623449593,downstream
720575940630610042,DNp32,720575940623450105,downstream
720575940630610042,DNp32,720575940623450361,downstream
720575940630610042,DNp32,720575940623450617,downstream
720575940630610042,DNp32,720575940623452153,downstream
720575940630610042,DNp32,720575940623452409,downstream
720575940630610042,DNp32,720575940623452665,downstream
720575940630610042,DNp32,720575940623453177,downstream
720575940630610042,DNp32,720575940623509206,downstream
720575940630610042,DNp32,720575940623538249,downstream
720575940630610042,DNp32,720575940623564617,downstream
720575940630610042,DNp32,720575940623605943,downstream
720575940630610042,DNp32,720575940623636957,downstream
720575940630610042,DNp32,720575940623685341,downstream
720575940630610042,DNp32,720575940623700855,downstream
720575940630610042,DNp32,720575940623727285,downstream
720575940630610042,DNp32,720575940623742956,downstream
720575940630610042,DNp32,720575940623748789,downstream
720575940630610042,DNp32,720575940623792648,downstream
720575940630610042,DNp32,720575940623841614,downstream
720575940630610042,DNp32,720575940623913364,downstream
720575940630610042,DNp32,720575940624999370,downstream
720575940630610042,DNp32,720575940625005239,downstream
720575940630610042,DNp32,720575940625055993,downstream
720575940630610042,DNp32,720575940625308965,downstream
720575940630610042,DNp32,720575940626357120,downstream
720575940630610042,DNp32,720575940626376841,downstream
720575940630610042,DNp32,720575940626482813,downstream
720575940630610042,DNp32,720575940626525059,downstream
720575940630610042,DNp32,720575940560283781,downstream
720575940630610042,DNp32,720575940626527818,downstream
720575940630610042,DNp32,720575940626531177,downstream
720575940630610042,DNp32,720575940626532236,downstream
720575940630610042,DNp32,720575940626541809,downstream
720575940630610042,DNp32,720575940626774037,downstream
720575940630610042,DNp32,720575940626787783,downstream
720575940630610042,DNp32,720575940626793831,downstream
720575940630610042,DNp32,720575940626805777,downstream
720575940630610042,DNp32,720575940626909689,downstream
720575940630610042,DNp32,720575940626944840,downstream
720575940630610042,DNp32,720575940627020735,downstream
720575940630610042,DNp32,720575940627069321,downstream
720575940630610042,DNp32,720575940627091206,downstream
720575940630610042,DNp32,720575940627099338,downstream
720575940630610042,DNp32,720575940627146186,downstream
720575940630610042,DNp32,720575940627194174,downstream
720575940630610042,DNp32,720575940627211321,downstream
720575940630610042,DNp32,720575940627309322,downstream
720575940630610042,DNp32,720575940626220669,downstream
720575940630610042,DNp32,720575940626199429,downstream
720575940630610042,DNp32,720575940626089502,downstream
720575940630610042,DNp32,720575940625658755,downstream
720575940630610042,DNp32,720575940625334970,downstream
720575940630610042,DNp32,720575940625375240,downstream
720575940630610042,DNp32,720575940625415178,downstream
720575940630610042,DNp32,720575940625419495,downstream
720575940630610042,DNp32,720575940625423290,downstream
720575940630610042,DNp32,720575940625459108,downstream
720575940630610042,DNp32,720575940625506570,downstream
720575940630610042,DNp32,720575940625563623,downstream
720575940630610042,DNp32,720575940625584484,downstream
720575940630610042,DNp32,720575940625612831,downstream
720575940630610042,DNp32,720575940625677193,downstream
720575940630610042,DNp32,720575940626049786,downstream
720575940630610042,DNp32,720575940625683970,downstream
720575940630610042,DNp32,720575940625712688,downstream
720575940630610042,DNp32,720575940625720064,downstream
720575940630610042,DNp32,720575940625741287,downstream
720575940630610042,DNp32,720575940625770012,downstream
720575940630610042,DNp32,720575940625776272,downstream
720575940630610042,DNp32,720575940625800852,downstream
720575940630610042,DNp32,720575940625926693,downstream
720575940630610042,DNp32,720575940625978867,downstream
720575940630610042,DNp32,720575940626000056,downstream
720575940630610042,DNp32,720575940560336948,downstream
720575940630610042,DNp32,720575940446372819,downstream
720575940630610042,DNp32,720575940560213292,downstream
720575940630610042,DNp32,720575940560092172,downstream
720575940630610042,DNp32,720575940500939117,downstream
720575940630610042,DNp32,720575940495965546,downstream
720575940630610042,DNp32,720575940496364706,downstream
720575940630610042,DNp32,720575940496393378,downstream
720575940630610042,DNp32,720575940496393890,downstream
720575940630610042,DNp32,720575940497130044,downstream
720575940630610042,DNp32,720575940497688057,downstream
720575940630610042,DNp32,720575940497850537,downstream
720575940630610042,DNp32,720575940498211578,downstream
720575940630610042,DNp32,720575940498865114,downstream
720575940630610042,DNp32,720575940499026065,downstream
720575940630610042,DNp32,720575940499147454,downstream
720575940630610042,DNp32,720575940499630386,downstream
720575940630610042,DNp32,720575940499647160,downstream
720575940630610042,DNp32,720575940499939374,downstream
720575940630610042,DNp32,720575940499956526,downstream
720575940630610042,DNp32,720575940499974958,downstream
720575940630610042,DNp32,720575940499976238,downstream
720575940630610042,DNp32,720575940500393681,downstream
720575940630610042,DNp32,720575940500480185,downstream
720575940630610042,DNp32,720575940495936874,downstream
720575940630610042,DNp32,720575940495910211,downstream
720575940630610042,DNp32,720575940495896387,downstream
720575940630610042,DNp32,720575940494202336,downstream
720575940630610042,DNp32,720575940494150880,downstream
720575940630610042,DNp32,720575940494160096,downstream
720575940630610042,DNp32,720575940494166240,downstream
720575940630610042,DNp32,720575940494174432,downstream
720575940630610042,DNp32,720575940494174688,downstream
720575940630610042,DNp32,720575940494181856,downstream
720575940630610042,DNp32,720575940494190048,downstream
720575940630610042,DNp32,720575940494199008,downstream
720575940630610042,DNp32,720575940494206688,downstream
720575940630610042,DNp32,720575940495893848,downstream
720575940630610042,DNp32,720575940494207712,downstream
720575940630610042,DNp32,720575940494931974,downstream
720575940630610042,DNp32,720575940495129819,downstream
720575940630610042,DNp32,720575940495136219,downstream
720575940630610042,DNp32,720575940495136987,downstream
720575940630610042,DNp32,720575940495261537,downstream
720575940630610042,DNp32,720575940495262817,downstream
720575940630610042,DNp32,720575940495527148,downstream
720575940630610042,DNp32,720575940500573348,downstream
720575940630610042,DNp32,720575940500942701,downstream
720575940630610042,DNp32,720575940493969437,downstream
720575940630610042,DNp32,720575940501056613,downstream
720575940630610042,DNp32,720575940505117827,downstream
720575940630610042,DNp32,720575940505790166,downstream
720575940630610042,DNp32,720575940505811973,downstream
720575940630610042,DNp32,720575940506480879,downstream
720575940630610042,DNp32,720575940506713277,downstream
720575940630610042,DNp32,720575940506727357,downstream
720575940630610042,DNp32,720575940506942575,downstream
720575940630610042,DNp32,720575940507171423,downstream
720575940630610042,DNp32,720575940507173983,downstream
720575940630610042,DNp32,720575940507178079,downstream
720575940630610042,DNp32,720575940507178847,downstream
720575940630610042,DNp32,720575940507182943,downstream
720575940630610042,DNp32,720575940507715010,downstream
720575940630610042,DNp32,720575940507807807,downstream
720575940630610042,DNp32,720575940507834175,downstream
720575940630610042,DNp32,720575940507886655,downstream
720575940630610042,DNp32,720575940508113605,downstream
720575940630610042,DNp32,720575940508192495,downstream
720575940630610042,DNp32,720575940508350466,downstream
720575940630610042,DNp32,720575940504868159,downstream
720575940630610042,DNp32,720575940504628616,downstream
720575940630610042,DNp32,720575940504589833,downstream
720575940630610042,DNp32,720575940501755141,downstream
720575940630610042,DNp32,720575940501092965,downstream
720575940630610042,DNp32,720575940501099621,downstream
720575940630610042,DNp32,720575940501115749,downstream
720575940630610042,DNp32,720575940501456754,downstream
720575940630610042,DNp32,720575940501469563,downstream
720575940630610042,DNp32,720575940501574011,downstream
720575940630610042,DNp32,720575940501642363,downstream
720575940630610042,DNp32,720575940501740805,downstream
720575940630610042,DNp32,720575940501755462,downstream
720575940630610042,DNp32,720575940504471268,downstream
720575940630610042,DNp32,720575940501762565,downstream
720575940630610042,DNp32,720575940502075978,downstream
720575940630610042,DNp32,720575940502077258,downstream
720575940630610042,DNp32,720575940502307972,downstream
720575940630610042,DNp32,720575940502994323,downstream
720575940630610042,DNp32,720575940503104535,downstream
720575940630610042,DNp32,720575940503167718,downstream
720575940630610042,DNp32,720575940503794490,downstream
720575940630610042,DNp32,720575940494141664,downstream
720575940630610042,DNp32,720575940493773539,downstream
720575940630610042,DNp32,720575940509632087,downstream
720575940630610042,DNp32,720575940486131578,downstream
720575940630610042,DNp32,720575940480946678,downstream
720575940630610042,DNp32,720575940480954870,downstream
720575940630610042,DNp32,720575940480972022,downstream
720575940630610042,DNp32,720575940481415437,downstream
720575940630610042,DNp32,720575940481748956,downstream
720575940630610042,DNp32,720575940481759151,downstream
720575940630610042,DNp32,720575940481765596,downstream
720575940630610042,DNp32,720575940481781980,downstream
720575940630610042,DNp32,720575940481783260,downstream
720575940630610042,DNp32,720575940481786588,downstream
720575940630610042,DNp32,720575940481787356,downstream
720575940630610042,DNp32,720575940481798108,downstream
720575940630610042,DNp32,720575940481861084,downstream
720575940630610042,DNp32,720575940481874652,downstream
720575940630610042,DNp32,720575940481902300,downstream
720575940630610042,DNp32,720575940482175585,downstream
720575940630610042,DNp32,720575940482435030,downstream
720575940630610042,DNp32,720575940483027335,downstream
720575940630610042,DNp32,720575940483742300,downstream
720575940630610042,DNp32,720575940480408498,downstream
720575940630610042,DNp32,720575940479111087,downstream
720575940630610042,DNp32,720575940478906396,downstream
720575940630610042,DNp32,720575940474502677,downstream
720575940630610042,DNp32,720575940473297664,downstream
720575940630610042,DNp32,720575940473650302,downstream
720575940630610042,DNp32,720575940473876140,downstream
720575940630610042,DNp32,720575940474024807,downstream
720575940630610042,DNp32,720575940474203546,downstream
720575940630610042,DNp32,720575940474207898,downstream
720575940630610042,DNp32,720575940474357507,downstream
720575940630610042,DNp32,720575940474499861,downstream
720575940630610042,DNp32,720575940474647539,downstream
720575940630610042,DNp32,720575940478043379,downstream
720575940630610042,DNp32,720575940474662928,downstream
720575940630610042,DNp32,720575940474663440,downstream
720575940630610042,DNp32,720575940474678800,downstream
720575940630610042,DNp32,720575940474876947,downstream
720575940630610042,DNp32,720575940475325514,downstream
720575940630610042,DNp32,720575940475327818,downstream
720575940630610042,DNp32,720575940476300753,downstream
720575940630610042,DNp32,720575940477230612,downstream
720575940630610042,DNp32,720575940484659035,downstream
720575940630610042,DNp32,720575940486379810,downstream
720575940630610042,DNp32,720575940493768163,downstream
720575940630610042,DNp32,720575940487200511,downstream
720575940630610042,DNp32,720575940492016971,downstream
720575940630610042,DNp32,720575940492027467,downstream
720575940630610042,DNp32,720575940492036903,downstream
720575940630610042,DNp32,720575940492036939,downstream
720575940630610042,DNp32,720575940492064551,downstream
720575940630610042,DNp32,720575940492407230,downstream
720575940630610042,DNp32,720575940492923907,downstream
720575940630610042,DNp32,720575940492932355,downstream
720575940630610042,DNp32,720575940492940803,downstream
720575940630610042,DNp32,720575940493089375,downstream
720575940630610042,DNp32,720575940493115387,downstream
720575940630610042,DNp32,720575940493133663,downstream
720575940630610042,DNp32,720575940493160287,downstream
720575940630610042,DNp32,720575940493171039,downstream
720575940630610042,DNp32,720575940493178463,downstream
720575940630610042,DNp32,720575940493179487,downstream
720575940630610042,DNp32,720575940493189727,downstream
720575940630610042,DNp32,720575940493219167,downstream
720575940630610042,DNp32,720575940493559882,downstream
720575940630610042,DNp32,720575940491990725,downstream
720575940630610042,DNp32,720575940491676398,downstream
720575940630610042,DNp32,720575940491662062,downstream
720575940630610042,DNp32,720575940488603771,downstream
720575940630610042,DNp32,720575940487205119,downstream
720575940630610042,DNp32,720575940488298792,downstream
720575940630610042,DNp32,720575940488305704,downstream
720575940630610042,DNp32,720575940488566395,downstream
720575940630610042,DNp32,720575940488570747,downstream
720575940630610042,DNp32,720575940488573307,downstream
720575940630610042,DNp32,720575940488585851,downstream
720575940630610042,DNp32,720575940488600187,downstream
720575940630610042,DNp32,720575940488608379,downstream
720575940630610042,DNp32,720575940491469911,downstream
720575940630610042,DNp32,720575940488665467,downstream
720575940630610042,DNp32,720575940488690811,downstream
720575940630610042,DNp32,720575940489032734,downstream
720575940630610042,DNp32,720575940489035806,downstream
720575940630610042,DNp32,720575940489651634,downstream
720575940630610042,DNp32,720575940490117632,downstream
720575940630610042,DNp32,720575940491117944,downstream
720575940630610042,DNp32,720575940491467863,downstream
720575940630610042,DNp32,720575940508372482,downstream
720575940630610042,DNp32,720575940509696087,downstream
720575940630610042,DNp32,720575940473056269,downstream
720575940630610042,DNp32,720575940547086472,downstream
720575940630610042,DNp32,720575940541182278,downstream
720575940630610042,DNp32,720575940541201478,downstream
720575940630610042,DNp32,720575940541240175,downstream
720575940630610042,DNp32,720575940541268847,downstream
720575940630610042,DNp32,720575940542102578,downstream
720575940630610042,DNp32,720575940543124805,downstream
720575940630610042,DNp32,720575940543125061,downstream
720575940630610042,DNp32,720575940543944845,downstream
720575940630610042,DNp32,720575940543961741,downstream
720575940630610042,DNp32,720575940544169301,downstream
720575940630610042,DNp32,720575940544176213,downstream
720575940630610042,DNp32,720575940544854426,downstream
720575940630610042,DNp32,720575940545195698,downstream
720575940630610042,DNp32,720575940545372196,downstream
720575940630610042,DNp32,720575940545998233,downstream
720575940630610042,DNp32,720575940546002329,downstream
720575940630610042,DNp32,720575940546002841,downstream
720575940630610042,DNp32,720575940546007705,downstream
720575940630610042,DNp32,720575940546008985,downstream
720575940630610042,DNp32,720575940540313986,downstream
720575940630610042,DNp32,720575940540252593,downstream
720575940630610042,DNp32,720575940540025089,downstream
720575940630610042,DNp32,720575940536584252,downstream
720575940630610042,DNp32,720575940533782962,downstream
720575940630610042,DNp32,720575940533783218,downstream
720575940630610042,DNp32,720575940533797810,downstream
720575940630610042,DNp32,720575940534281190,downstream
720575940630610042,DNp32,720575940536119611,downstream
720575940630610042,DNp32,720575940536440959,downstream
720575940630610042,DNp32,720575940536457087,downstream
720575940630610042,DNp32,720575940536556860,downstream
720575940630610042,DNp32,720575940536852940,downstream
720575940630610042,DNp32,720575940538670897,downstream
720575940630610042,DNp32,720575940537806196,downstream
720575940630610042,DNp32,720575940537817204,downstream
720575940630610042,DNp32,720575940537820532,downstream
720575940630610042,DNp32,720575940537827444,downstream
720575940630610042,DNp32,720575940537873276,downstream
720575940630610042,DNp32,720575940537887100,downstream
720575940630610042,DNp32,720575940538065340,downstream
720575940630610042,DNp32,720575940538065852,downstream
720575940630610042,DNp32,720575940546011033,downstream
720575940630610042,DNp32,720575940547357679,downstream
720575940630610042,DNp32,720575940533090107,downstream
720575940630610042,DNp32,720575940547387522,downstream
720575940630610042,DNp32,720575940550018402,downstream
720575940630610042,DNp32,720575940550022242,downstream
720575940630610042,DNp32,720575940550767165,downstream
720575940630610042,DNp32,720575940550792765,downstream
720575940630610042,DNp32,720575940550856065,downstream
720575940630610042,DNp32,720575940551343719,downstream
720575940630610042,DNp32,720575940551369377,downstream
720575940630610042,DNp32,720575940553188750,downstream
720575940630610042,DNp32,720575940553662063,downstream
720575940630610042,DNp32,720575940555392367,downstream
720575940630610042,DNp32,720575940555563475,downstream
720575940630610042,DNp32,720575940556728586,downstream
720575940630610042,DNp32,720575940556771338,downstream
720575940630610042,DNp32,720575940557228660,downstream
720575940630610042,DNp32,720575940557808216,downstream
720575940630610042,DNp32,720575940557872216,downstream
720575940630610042,DNp32,720575940558151863,downstream
720575940630610042,DNp32,720575940559217953,downstream
720575940630610042,DNp32,720575940560080908,downstream
720575940630610042,DNp32,720575940549360501,downstream
720575940630610042,DNp32,720575940548365939,downstream
720575940630610042,DNp32,720575940548360307,downstream
720575940630610042,DNp32,720575940548347763,downstream
720575940630610042,DNp32,720575940547409282,downstream
720575940630610042,DNp32,720575940547608991,downstream
720575940630610042,DNp32,720575940547610271,downstream
720575940630610042,DNp32,720575940547616159,downstream
720575940630610042,DNp32,720575940548342131,downstream
720575940630610042,DNp32,720575940548344179,downstream
720575940630610042,DNp32,720575940548344947,downstream
720575940630610042,DNp32,720575940548346483,downstream
720575940630610042,DNp32,720575940548348275,downstream
720575940630610042,DNp32,720575940548355955,downstream
720575940630610042,DNp32,720575940548348787,downstream
720575940630610042,DNp32,720575940548350323,downstream
720575940630610042,DNp32,720575940548351347,downstream
720575940630610042,DNp32,720575940548351603,downstream
720575940630610042,DNp32,720575940548351859,downstream
720575940630610042,DNp32,720575940548354419,downstream
720575940630610042,DNp32,720575940548355187,downstream
720575940630610042,DNp32,720575940548355443,downstream
720575940630610042,DNp32,720575940533768365,downstream
720575940630610042,DNp32,720575940533089467,downstream
720575940630610042,DNp32,720575940509725783,downstream
720575940630610042,DNp32,720575940521125041,downstream
720575940630610042,DNp32,720575940513385354,downstream
720575940630610042,DNp32,720575940513645448,downstream
720575940630610042,DNp32,720575940514571890,downstream
720575940630610042,DNp32,720575940515241731,downstream
720575940630610042,DNp32,720575940517181333,downstream
720575940630610042,DNp32,720575940517196181,downstream
720575940630610042,DNp32,720575940517206677,downstream
720575940630610042,DNp32,720575940517208981,downstream
720575940630610042,DNp32,720575940517218965,downstream
720575940630610042,DNp32,720575940517224853,downstream
720575940630610042,DNp32,720575940517621578,downstream
720575940630610042,DNp32,720575940517627537,downstream
720575940630610042,DNp32,720575940517636149,downstream
720575940630610042,DNp32,720575940517643573,downstream
720575940630610042,DNp32,720575940517655861,downstream
720575940630610042,DNp32,720575940518128611,downstream
720575940630610042,DNp32,720575940518506023,downstream
720575940630610042,DNp32,720575940518735465,downstream
720575940630610042,DNp32,720575940519949973,downstream
720575940630610042,DNp32,720575940513183256,downstream
720575940630610042,DNp32,720575940513033498,downstream
720575940630610042,DNp32,720575940512853247,downstream
720575940630610042,DNp32,720575940511814455,downstream
720575940630610042,DNp32,720575940510956130,downstream
720575940630610042,DNp32,720575940510990946,downstream
720575940630610042,DNp32,720575940510995524,downstream
720575940630610042,DNp32,720575940511253572,downstream
720575940630610042,DNp32,720575940511253828,downstream
720575940630610042,DNp32,720575940511414699,downstream
720575940630610042,DNp32,720575940511799351,downstream
720575940630610042,DNp32,720575940511812151,downstream
720575940630610042,DNp32,720575940511819319,downstream
720575940630610042,DNp32,720575940512470558,downstream
720575940630610042,DNp32,720575940511823927,downstream
720575940630610042,DNp32,720575940511824183,downstream
720575940630610042,DNp32,720575940511824695,downstream
720575940630610042,DNp32,720575940511826999,downstream
720575940630610042,DNp32,720575940511832631,downstream
720575940630610042,DNp32,720575940511833399,downstream
720575940630610042,DNp32,720575940511833655,downstream
720575940630610042,DNp32,720575940511839031,downstream
720575940630610042,DNp32,720575940520300668,downstream
720575940630610042,DNp32,720575940522063375,downstream
720575940630610042,DNp32,720575940533072699,downstream
720575940630610042,DNp32,720575940522260326,downstream
720575940630610042,DNp32,720575940529377470,downstream
720575940630610042,DNp32,720575940530011373,downstream
720575940630610042,DNp32,720575940530088680,downstream
720575940630610042,DNp32,720575940530138190,downstream
720575940630610042,DNp32,720575940530346830,downstream
720575940630610042,DNp32,720575940530355790,downstream
720575940630610042,DNp32,720575940530368590,downstream
720575940630610042,DNp32,720575940530477221,downstream
720575940630610042,DNp32,720575940530596204,downstream
720575940630610042,DNp32,720575940530869769,downstream
720575940630610042,DNp32,720575940530873609,downstream
720575940630610042,DNp32,720575940530993817,downstream
720575940630610042,DNp32,720575940530995878,downstream
720575940630610042,DNp32,720575940531505052,downstream
720575940630610042,DNp32,720575940532378533,downstream
720575940630610042,DNp32,720575940532456220,downstream
720575940630610042,DNp32,720575940532459036,downstream
720575940630610042,DNp32,720575940532749288,downstream
720575940630610042,DNp32,720575940532798785,downstream
720575940630610042,DNp32,720575940528638702,downstream
720575940630610042,DNp32,720575940528180574,downstream
720575940630610042,DNp32,720575940527922123,downstream
720575940630610042,DNp32,720575940523086944,downstream
720575940630610042,DNp32,720575940522383128,downstream
720575940630610042,DNp32,720575940522395160,downstream
720575940630610042,DNp32,720575940522745761,downstream
720575940630610042,DNp32,720575940522780833,downstream
720575940630610042,DNp32,720575940522792207,downstream
720575940630610042,DNp32,720575940522795681,downstream
720575940630610042,DNp32,720575940522806433,downstream
720575940630610042,DNp32,720575940522808993,downstream
720575940630610042,DNp32,720575940523464107,downstream
720575940630610042,DNp32,720575940527355679,downstream
720575940630610042,DNp32,720575940523701931,downstream
720575940630610042,DNp32,720575940525020604,downstream
720575940630610042,DNp32,720575940525044348,downstream
720575940630610042,DNp32,720575940525220933,downstream
720575940630610042,DNp32,720575940525346374,downstream
720575940630610042,DNp32,720575940525700823,downstream
720575940630610042,DNp32,720575940525710039,downstream
720575940630610042,DNp32,720575940526381606,downstream
720575940630610042,DNp32,720575940473066253,downstream
720575940630610042,DNp32,720575940473049869,downstream
720575940630610042,DNp32,720575940473042701,downstream
720575940630610042,DNp32,720575940457263599,downstream
720575940630610042,DNp32,720575940450017944,downstream
720575940630610042,DNp32,720575940450097560,downstream
720575940630610042,DNp32,720575940450835857,downstream
720575940630610042,DNp32,720575940451199708,downstream
720575940630610042,DNp32,720575940451412247,downstream
720575940630610042,DNp32,720575940451415831,downstream
720575940630610042,DNp32,720575940451459607,downstream
720575940630610042,DNp32,720575940451844894,downstream
720575940630610042,DNp32,720575940452326843,downstream
720575940630610042,DNp32,720575940452425423,downstream
720575940630610042,DNp32,720575940453846672,downstream
720575940630610042,DNp32,720575940454081631,downstream
720575940630610042,DNp32,720575940454099950,downstream
720575940630610042,DNp32,720575940455061861,downstream
720575940630610042,DNp32,720575940455083621,downstream
720575940630610042,DNp32,720575940455088229,downstream
720575940630610042,DNp32,720575940455205794,downstream
720575940630610042,DNp32,720575940455675440,downstream
720575940630610042,DNp32,720575940455849807,downstream
720575940630610042,DNp32,720575940449897958,downstream
720575940630610042,DNp32,720575940449327624,downstream
720575940630610042,DNp32,720575940449266705,downstream
720575940630610042,DNp32,720575940447412602,downstream
720575940630610042,DNp32,720575940446322836,downstream
720575940630610042,DNp32,720575940446341268,downstream
720575940630610042,DNp32,720575940446359507,downstream
720575940630610042,DNp32,720575940446365139,downstream
720575940630610042,DNp32,720575940446386899,downstream
720575940630610042,DNp32,720575940446672772,downstream
720575940630610042,DNp32,720575940447316214,downstream
720575940630610042,DNp32,720575940447331574,downstream
720575940630610042,DNp32,720575940447930949,downstream
720575940630610042,DNp32,720575940449152557,downstream
720575940630610042,DNp32,720575940448043489,downstream
720575940630610042,DNp32,720575940448061153,downstream
720575940630610042,DNp32,720575940448061921,downstream
720575940630610042,DNp32,720575940448079841,downstream
720575940630610042,DNp32,720575940448290251,downstream
720575940630610042,DNp32,720575940448299211,downstream
720575940630610042,DNp32,720575940448588331,downstream
720575940630610042,DNp32,720575940448615211,downstream
720575940630610042,DNp32,720575940456038877,downstream
720575940630610042,DNp32,720575940458830516,downstream
720575940630610042,DNp32,720575940446317716,downstream
720575940630610042,DNp32,720575940459122606,downstream
720575940630610042,DNp32,720575940466128206,downstream
720575940630610042,DNp32,720575940466130766,downstream
720575940630610042,DNp32,720575940467313955,downstream
720575940630610042,DNp32,720575940467572009,downstream
720575940630610042,DNp32,720575940468075968,downstream
720575940630610042,DNp32,720575940469097955,downstream
720575940630610042,DNp32,720575940469146604,downstream
720575940630610042,DNp32,720575940469152853,downstream
720575940630610042,DNp32,720575940470062797,downstream
720575940630610042,DNp32,720575940470483433,downstream
720575940630610042,DNp32,720575940470502889,downstream
720575940630610042,DNp32,720575940471376627,downstream
720575940630610042,DNp32,720575940471595019,downstream
720575940630610042,DNp32,720575940471603171,downstream
720575940630610042,DNp32,720575940472878349,downstream
720575940630610042,DNp32,720575940472920333,downstream
720575940630610042,DNp32,720575940472940301,downstream
720575940630610042,DNp32,720575940473025037,downstream
720575940630610042,DNp32,720575940473035789,downstream
720575940630610042,DNp32,720575940465688630,downstream
720575940630610042,DNp32,720575940465681974,downstream
720575940630610042,DNp32,720575940465617036,downstream
720575940630610042,DNp32,720575940462520296,downstream
720575940630610042,DNp32,720575940459885218,downstream
720575940630610042,DNp32,720575940460379331,downstream
720575940630610042,DNp32,720575940460644337,downstream
720575940630610042,DNp32,720575940460695025,downstream
720575940630610042,DNp32,720575940460944036,downstream
720575940630610042,DNp32,720575940460946596,downstream
720575940630610042,DNp32,720575940460976804,downstream
720575940630610042,DNp32,720575940461408066,downstream
720575940630610042,DNp32,720575940462559720,downstream
720575940630610042,DNp32,720575940465177965,downstream
720575940630610042,DNp32,720575940462843257,downstream
720575940630610042,DNp32,720575940462997695,downstream
720575940630610042,DNp32,720575940463698674,downstream
720575940630610042,DNp32,720575940463701490,downstream
720575940630610042,DNp32,720575940464231425,downstream
720575940630610042,DNp32,720575940464234753,downstream
720575940630610042,DNp32,720575940464958423,downstream
720575940630610042,DNp32,720575940465165165,downstream
720575940630610042,DNp32,720575940446321556,downstream
720575940630610042,DNp32,720575940446316948,downstream
