root_id,partner_neuron_id,synapse_count,partner_cell_type,partner_brain_side,connection_type
720575940613891442,720575940620983902,87,unknown,right,downstream
720575940613891442,720575940619487425,73,unknown,right,downstream
720575940613891442,720575940623202633,61,unknown,left,downstream
720575940613891442,720575940620027515,52,ExR6,left,downstream
720575940613891442,720575940618019933,50,LAL183,right,downstream
720575940613891442,720575940620431798,43,LAL113,right,downstream
720575940613891442,720575940621766938,41,LAL159,right,downstream
720575940613891442,720575940633145903,40,ExR6,right,downstream
720575940613891442,720575940645990935,37,LAL002,left,downstream
720575940613891442,720575940607155890,34,MBON26,right,downstream
720575940613891442,720575940633640493,33,VES056,right,downstream
720575940613891442,720575940625048250,32,LAL113,right,downstream
720575940613891442,720575940638349621,32,PLP019,left,downstream
720575940613891442,720575940628694019,31,LAL123,right,downstream
720575940613891442,720575940629683500,31,"LAL104,LAL105",right,downstream
720575940613891442,720575940640249296,30,LAL183,left,downstream
720575940613891442,720575940610075346,30,LAL113,left,downstream
720575940613891442,720575940629981440,28,MBON26,left,downstream
720575940613891442,720575940615211195,28,unknown,right,downstream
720575940613891442,720575940613771798,27,LAL002,right,downstream
720575940613891442,720575940616449465,26,"LAL104,LAL105",left,downstream
720575940613891442,720575940637210334,26,LAL081,right,downstream
720575940613891442,720575940620171892,24,LAL152,left,downstream
720575940613891442,720575940616603793,23,LAL153,right,downstream
720575940613891442,720575940623553260,23,LAL167,left,downstream
720575940613891442,720575940626113661,22,"LAL173,LAL174",right,downstream
720575940613891442,720575940627398984,22,PLP019,right,downstream
720575940613891442,720575940630607738,22,VES009,left,downstream
720575940613891442,720575940626904296,21,unknown,left,downstream
720575940613891442,720575940626883816,21,LAL168,left,downstream
720575940613891442,720575940622979848,20,"LAL173,LAL174",right,downstream
720575940613891442,720575940620539563,20,unknown,left,downstream
720575940613891442,720575940628034603,19,"LAL104,LAL105",left,downstream
720575940613891442,720575940645239844,19,"LAL173,LAL174",left,downstream
720575940613891442,720575940628082053,18,LT42,right,downstream
720575940613891442,720575940612868757,18,unknown,right,downstream
720575940613891442,720575940639542691,18,mALD4,right,downstream
720575940613891442,720575940610237646,18,LAL167,right,downstream
720575940613891442,720575940610209378,18,VES011,right,downstream
720575940613891442,720575940640608219,17,LAL113,left,downstream
720575940613891442,720575940611332325,17,LAL186,right,downstream
720575940613891442,720575940618510552,17,LAL168,right,downstream
720575940613891442,720575940638668659,17,AOTU041,right,downstream
720575940613891442,720575940644438551,16,VES006,right,downstream
720575940613891442,720575940640404877,16,PS239,right,downstream
720575940613891442,720575940626694288,16,LAL051,right,downstream
720575940613891442,720575940620571953,16,ExR4,left,downstream
720575940613891442,720575940618931846,16,VES046,right,downstream
720575940613891442,720575940629847490,15,unknown,left,downstream
720575940613891442,720575940628570727,15,PS239,left,downstream
720575940613891442,720575940626441003,15,AVLP458,right,downstream
720575940613891442,720575940627932746,15,VES074,right,downstream
720575940613891442,720575940620689517,15,CRE040,left,downstream
720575940613891442,720575940627096068,15,LAL059,right,downstream
720575940613891442,720575940604009952,15,PS061,left,downstream
720575940613891442,720575940629560770,14,LAL123,left,downstream
720575940613891442,720575940614681128,14,PS198,right,downstream
720575940613891442,720575940621176837,14,LAL152,right,downstream
720575940613891442,720575940615043222,14,VES009,right,downstream
720575940613891442,720575940604474028,14,"LAL104,LAL105",right,downstream
720575940613891442,720575940621684358,14,SIP087,right,downstream
720575940613891442,720575940627872515,14,LAL116,right,downstream
720575940613891442,720575940625502666,14,LAL041,right,downstream
720575940613891442,720575940620884103,14,"PVLP004,PVLP005",right,downstream
720575940613891442,720575940629072762,14,PVLP092,right,downstream
720575940613891442,720575940625587219,14,PS292,left,downstream
720575940613891442,720575940622923252,13,LAL059,left,downstream
720575940613891442,720575940606574091,13,"PVLP004,PVLP005",right,downstream
720575940613891442,720575940620124143,13,734814622,left,downstream
720575940613891442,720575940610404581,13,PS198,left,downstream
720575940613891442,720575940625827358,13,GLNO,left,downstream
720575940613891442,720575940629496320,13,LAL117,left,downstream
720575940613891442,720575940629139834,13,LAL011,right,downstream
720575940613891442,720575940622143245,13,AOTU041,left,downstream
720575940613891442,720575940631865228,13,VES011,left,downstream
720575940613891442,720575940612953714,13,LAL196,right,downstream
720575940613891442,720575940637209822,13,unknown,right,downstream
720575940613891442,720575940617110028,13,LAL059,right,downstream
720575940613891442,720575940617010321,13,PS239,right,downstream
720575940613891442,720575940613408552,13,LAL041,left,downstream
720575940613891442,720575940604014508,12,PS292,right,downstream
720575940613891442,720575940628873722,12,AOTU033,right,downstream
720575940613891442,720575940645972276,12,VES067,left,downstream
720575940613891442,720575940647063348,12,PS083,right,downstream
720575940613891442,720575940614428319,12,LAL169,right,downstream
720575940613891442,720575940608127666,12,"LAL173,LAL174",left,downstream
720575940613891442,720575940618902488,12,"LT82a,LT82b",left,downstream
720575940613891442,720575940610236514,12,MDN,right,downstream
720575940613891442,720575940606726834,12,LAL081,left,downstream
720575940613891442,720575940629393207,12,LAL112,left,downstream
720575940613891442,720575940637148479,12,"PVLP004,PVLP005",left,downstream
720575940613891442,720575940621779661,12,AOTU006,right,downstream
720575940613891442,720575940632126860,12,PPM1205,right,downstream
720575940613891442,720575940614936774,12,PS198,left,downstream
720575940613891442,720575940611086322,12,LAL145,left,downstream
720575940613891442,720575940655842465,12,PLP032,right,downstream
720575940613891442,720575940630118028,11,"PVLP004,PVLP005",left,downstream
720575940613891442,720575940617912267,11,PVLP060,right,downstream
720575940613891442,720575940633268575,11,AOTU006,left,downstream
720575940613891442,720575940611354597,11,PS292,right,downstream
720575940613891442,720575940617557590,11,PS171,right,downstream
720575940613891442,720575940635211115,11,unknown,right,downstream
720575940613891442,720575940622281904,11,LAL124,right,downstream
720575940613891442,720575940614441834,11,LAL099,left,downstream
720575940613891442,720575940644928547,11,VES057,right,downstream
720575940613891442,720575940624323475,11,ExR2,left,downstream
720575940613891442,720575940629702905,11,LAL170,right,downstream
720575940613891442,720575940643551392,11,LAL112,right,downstream
720575940613891442,720575940613039539,11,LAL117,right,downstream
720575940613891442,720575940631542732,11,LAL165,right,downstream
720575940613891442,720575940629961219,11,LAL010,left,downstream
720575940613891442,720575940631365260,11,mALD4,left,downstream
720575940613891442,720575940627577073,11,PVLP092,left,downstream
720575940613891442,720575940631082808,11,MDN,left,downstream
720575940613891442,720575940627787609,11,VES006,left,downstream
720575940613891442,720575940624498439,11,LAL203,right,downstream
720575940613891442,720575940621415133,11,LAL133,left,downstream
720575940613891442,720575940621213556,11,CRE040,right,downstream
720575940613891442,720575940643100301,10,LAL112,right,downstream
720575940613891442,720575940628356102,10,LAL170,left,downstream
720575940613891442,720575940628655554,10,LAL203,left,downstream
720575940613891442,720575940606112940,10,1696530677,right,downstream
720575940613891442,720575940625082969,10,PS196,left,downstream
720575940613891442,720575940634754222,10,"PVLP004,PVLP005",right,downstream
720575940613891442,720575940632803795,10,PPM1205,left,downstream
720575940613891442,720575940610980374,10,"PVLP004,PVLP005",right,downstream
720575940613891442,720575940635867054,10,PS292,left,downstream
720575940613891442,720575940616471052,10,1696530677,left,downstream
720575940613891442,720575940624008974,10,LAL117,right,downstream
720575940613891442,720575940613458403,10,SMP544,left,downstream
720575940613891442,720575940628956636,9,PVLP060,left,downstream
720575940613891442,720575940626654041,9,LAL185,right,downstream
720575940613891442,720575940628357714,9,PS301,left,downstream
720575940613891442,720575940633241169,9,unknown,right,downstream
720575940613891442,720575940622105480,9,unknown,right,downstream
720575940613891442,720575940629229020,9,PS196,right,downstream
720575940613891442,720575940616604817,9,LAL201,left,downstream
720575940613891442,720575940617672226,9,LPsP,right,downstream
720575940613891442,720575940629991788,9,PS171,left,downstream
720575940613891442,720575940626112062,9,LAL014,right,downstream
720575940613891442,720575940641908936,9,"PVLP004,PVLP005",left,downstream
720575940613891442,720575940615954833,9,PS083,right,downstream
720575940613891442,720575940624452902,9,LPsP,left,downstream
720575940613891442,720575940626289021,9,unknown,left,downstream
720575940613891442,720575940629594106,9,mALD3,right,downstream
720575940613891442,720575940625673964,9,unknown,right,downstream
720575940613891442,720575940636807652,9,PVLP060,left,downstream
720575940613891442,720575940609321938,9,LAL186,left,downstream
720575940613891442,720575940621174337,9,1848277193,left,downstream
720575940613891442,720575940621403782,9,LT41,right,downstream
720575940613891442,720575940628805448,9,SMP544,left,downstream
720575940613891442,720575940636561754,9,LAL059,left,downstream
720575940613891442,720575940629664108,9,unknown,left,downstream
720575940613891442,720575940621349908,9,unknown,right,downstream
720575940613891442,720575940614684822,9,LAL022,left,downstream
720575940613891442,720575940607725321,8,LAL119,left,downstream
720575940613891442,720575940621507549,8,1760327095,left,downstream
720575940613891442,720575940623067389,8,LAL051,left,downstream
720575940613891442,720575940624891941,8,"LAL171,LAL172",right,downstream
720575940613891442,720575940635565943,8,unknown,left,downstream
720575940613891442,720575940615084339,8,PS061,right,downstream
720575940613891442,720575940616015956,8,"PVLP004,PVLP005",left,downstream
720575940613891442,720575940615684242,8,LT40,right,downstream
720575940613891442,720575940659019649,8,"LAL171,LAL172",right,downstream
720575940613891442,720575940611935254,8,VES057,left,downstream
720575940613891442,720575940637274852,8,VES046,left,downstream
720575940613891442,720575940623083242,8,unknown,right,downstream
720575940613891442,720575940633011256,8,LAL201,right,downstream
720575940613891442,720575940622920461,8,"PVLP004,PVLP005",right,downstream
720575940613891442,720575940628137713,8,LAL137,right,downstream
720575940613891442,720575940609137500,8,LT42,left,downstream
720575940613891442,720575940627924227,8,"PS294,PS295,PS298",left,downstream
720575940613891442,720575940629439043,8,unknown,left,downstream
720575940613891442,720575940623546549,8,LT40,left,downstream
720575940613891442,720575940619845547,8,ExR2,right,downstream
720575940613891442,720575940624130253,8,LAL128,right,downstream
720575940613891442,720575940615868010,8,PS018,left,downstream
720575940613891442,720575940633396636,8,unknown,left,downstream
720575940613891442,720575940629212887,8,LAL153,left,downstream
720575940613891442,720575940610822513,8,"LAL103,LAL109",left,downstream
720575940613891442,720575940628871546,8,unknown,left,downstream
720575940613891442,720575940631608623,8,LAL193,right,downstream
720575940613891442,720575940625918225,8,PVLP092,left,downstream
720575940613891442,720575940644641696,8,LAL120,left,downstream
720575940613891442,720575940616154527,8,PS239,left,downstream
720575940613891442,720575940638900713,8,PVLP011,right,downstream
720575940613891442,720575940629377132,8,LAL112,left,downstream
720575940613891442,720575940614412906,8,LAL135,right,downstream
720575940613891442,720575940617045516,7,unknown,right,downstream
720575940613891442,720575940624449318,7,SIP087,left,downstream
720575940613891442,720575940630743597,7,LAL196,left,downstream
720575940613891442,720575940618356091,7,LAL117,left,downstream
720575940613891442,720575940607667723,7,LAL142,left,downstream
720575940613891442,720575940626609234,7,LAL165,left,downstream
720575940613891442,720575940643789860,7,LAL169,left,downstream
720575940613891442,720575940627715870,7,PS065,right,downstream
720575940613891442,720575940618965553,7,unknown,left,downstream
720575940613891442,720575940610974577,7,LAL184,right,downstream
720575940613891442,720575940645716771,7,"LAL171,LAL172",left,downstream
720575940613891442,720575940637929956,7,VES074,left,downstream
720575940613891442,720575940607461899,7,LAL043,left,downstream
720575940613891442,720575940620744030,7,"LAL163,LAL164",right,downstream
720575940613891442,720575940626831620,7,PS048,right,downstream
720575940613891442,720575940620918789,7,DNa03,left,downstream
720575940613891442,720575940626006200,7,unknown,left,downstream
720575940613891442,720575940622300429,7,unknown,right,downstream
720575940613891442,720575940605420902,7,SMP164,left,downstream
720575940613891442,720575940647589172,7,LT41,left,downstream
720575940613891442,720575940639355008,7,unknown,left,downstream
720575940613891442,720575940630675151,7,LAL013,left,downstream
720575940613891442,720575940620552308,7,ExR2,left,downstream
720575940613891442,720575940637662894,7,"PVLP004,PVLP005",right,downstream
720575940613891442,720575940624402204,7,LAL049,right,downstream
720575940613891442,720575940626328707,7,DNa01,right,downstream
720575940613891442,720575940627578055,7,LAL120,left,downstream
720575940613891442,720575940637607646,7,LAL041,right,downstream
720575940613891442,720575940621602139,7,PVLP092,right,downstream
720575940613891442,720575940620012923,7,LAL141,right,downstream
720575940613891442,720575940612307554,7,unknown,left,downstream
720575940613891442,720575940626240131,7,LAL076,left,downstream
720575940613891442,720575940623632904,7,LAL014,left,downstream
720575940613891442,720575940629592143,7,LAL185,right,downstream
720575940613891442,720575940608144732,7,2035544474,right,downstream
720575940613891442,720575940628238023,7,LAL011,left,downstream
720575940613891442,720575940623120222,7,LAL100,right,downstream
720575940613891442,720575940634743999,7,AOTU042,left,downstream
720575940613891442,720575940646518382,7,pC1d,left,downstream
720575940613891442,720575940621057702,6,unknown,left,downstream
720575940613891442,720575940607791573,6,unknown,left,downstream
720575940613891442,720575940621716835,6,unknown,right,downstream
720575940613891442,720575940625449474,6,LAL145,left,downstream
720575940613891442,720575940607774044,6,PLP012,right,downstream
720575940613891442,720575940607893193,6,unknown,right,downstream
720575940613891442,720575940616039510,6,unknown,left,downstream
720575940613891442,720575940610558072,6,LAL196,right,downstream
720575940613891442,720575940635341431,6,5812979054,left,downstream
720575940613891442,720575940646068020,6,VES067,right,downstream
720575940613891442,720575940625968792,6,PFGs,right,downstream
720575940613891442,720575940634895514,6,unknown,left,downstream
720575940613891442,720575940623702345,6,2035544474,left,downstream
720575940613891442,720575940608098261,6,unknown,left,downstream
720575940613891442,720575940633208647,6,PS065,left,downstream
720575940613891442,720575940612143075,6,LAL145,right,downstream
720575940613891442,720575940614461014,6,LAL098,right,downstream
720575940613891442,720575940615755147,6,LAL015,left,downstream
720575940613891442,720575940609658377,6,unknown,right,downstream
720575940613891442,720575940633631396,6,OA-VUMa1,center,downstream
720575940613891442,720575940594265751,6,unknown,unknown,downstream
720575940613891442,720575940633315263,6,PS099,left,downstream
720575940613891442,720575940612424362,6,LAL013,right,downstream
720575940613891442,720575940620481240,6,unknown,right,downstream
720575940613891442,720575940631985349,6,unknown,right,downstream
720575940613891442,720575940623911753,6,unknown,left,downstream
720575940613891442,720575940631109858,6,unknown,right,downstream
720575940613891442,720575940607262219,6,unknown,right,downstream
720575940613891442,720575940630128246,6,WED151,left,downstream
720575940613891442,720575940625034170,6,unknown,left,downstream
720575940613891442,720575940637349309,6,"VES051,VES052",right,downstream
720575940613891442,720575940616566996,6,PVLP140,left,downstream
720575940613891442,720575940625032171,6,LAL022,left,downstream
720575940613891442,720575940628903980,6,LAL043,left,downstream
720575940613891442,720575940624982823,6,unknown,left,downstream
720575940613891442,720575940628154364,6,VES015,right,downstream
720575940613891442,720575940613473959,6,"LAL125,LAL108",right,downstream
720575940613891442,720575940628339611,6,LAL017,left,downstream
720575940613891442,720575940629489260,6,LAL072,left,downstream
720575940613891442,720575940619194095,6,LAL133,right,downstream
720575940613891442,720575940618839472,6,unknown,left,downstream
720575940613891442,720575940643919908,6,LAL099,right,downstream
720575940613891442,720575940628695043,6,CRE011,left,downstream
720575940613891442,720575940628702935,6,PVLP060,right,downstream
720575940613891442,720575940628709019,6,unknown,left,downstream
720575940613891442,720575940618886710,6,PVLP076,left,downstream
720575940613891442,720575940604690278,6,LAL098,left,downstream
720575940613891442,720575940628485479,6,PS198,right,downstream
720575940613891442,720575940613165970,6,VES070,right,downstream
720575940613891442,720575940622257729,6,"VES051,VES052",left,downstream
720575940613891442,720575940622018217,6,LAL040,left,downstream
720575940613891442,720575940613163473,6,LAL022,right,downstream
720575940613891442,720575940615238075,6,LC9,left,downstream
720575940613891442,720575940615250850,6,LAL167,right,downstream
720575940613891442,720575940639278781,6,1848277193,right,downstream
720575940613891442,720575940659489153,6,unknown,left,downstream
720575940613891442,720575940624515786,6,LAL133,left,downstream
720575940613891442,720575940610357602,6,LAL128,left,downstream
720575940613891442,720575940622334448,6,M_spPN5t10,right,downstream
720575940613891442,720575940616286175,6,LAL041,left,downstream
720575940613891442,720575940641148405,6,LAL193,left,downstream
720575940613891442,720575940641904525,6,unknown,right,downstream
720575940613891442,720575940610382771,5,"VES051,VES052",left,downstream
720575940613891442,720575940611494629,5,VES022,left,downstream
720575940613891442,720575940612869416,5,ATL044,right,downstream
720575940613891442,720575940630546302,5,PVLP140,right,downstream
720575940613891442,720575940616736230,5,"PVLP004,PVLP005",left,downstream
720575940613891442,720575940604165856,5,VES007,left,downstream
720575940613891442,720575940610439363,5,LAL010,right,downstream
720575940613891442,720575940634158175,5,PVLP060,left,downstream
720575940613891442,720575940627849515,5,LAL052,right,downstream
720575940613891442,720575940638245027,5,PVLP012,right,downstream
720575940613891442,720575940624867721,5,unknown,right,downstream
720575940613891442,720575940634893419,5,LNO1,right,downstream
720575940613891442,720575940637323071,5,VES071,left,downstream
720575940613891442,720575940626977167,5,1282507669,right,downstream
720575940613891442,720575940644071703,5,"PVLP004,PVLP005",right,downstream
720575940613891442,720575940612717795,5,IB023,right,downstream
720575940613891442,720575940630644727,5,SMP163,right,downstream
720575940613891442,720575940619864047,5,PLP034,right,downstream
720575940613891442,720575940628245647,5,unknown,left,downstream
720575940613891442,720575940641480949,5,unknown,right,downstream
720575940613891442,720575940635901018,5,unknown,right,downstream
720575940613891442,720575940617313841,5,LAL059,right,downstream
720575940613891442,720575940614799154,5,FB3A,left,downstream
720575940613891442,720575940635637422,5,LAL059,left,downstream
720575940613891442,720575940626159379,5,LAL133,right,downstream
720575940613891442,720575940623374058,5,PS002,left,downstream
720575940613891442,720575940632736815,5,PS301,right,downstream
720575940613891442,720575940615584162,5,MC66,right,downstream
720575940613891442,720575940623443179,5,LAL120,right,downstream
720575940613891442,720575940642193549,5,LAL030_b,left,downstream
720575940613891442,720575940625447994,5,VES007,right,downstream
720575940613891442,720575940617297947,5,unknown,right,downstream
720575940613891442,720575940625503321,5,unknown,left,downstream
720575940613891442,720575940614603403,5,unknown,right,downstream
720575940613891442,720575940615036319,5,unknown,right,downstream
720575940613891442,720575940610097618,5,unknown,right,downstream
720575940613891442,720575940635540671,5,LAL072,right,downstream
720575940613891442,720575940621415382,5,LC9,right,downstream
720575940613891442,720575940625031403,5,LAL155,right,downstream
720575940613891442,720575940617013554,5,PS196,right,downstream
720575940613891442,720575940624273508,5,LC9,right,downstream
720575940613891442,720575940622517956,5,"LAL125,LAL108",right,downstream
720575940613891442,720575940625653223,5,ExR2,right,downstream
720575940613891442,720575940621065301,5,unknown,left,downstream
720575940613891442,720575940622219190,5,SMP544,right,downstream
720575940613891442,720575940611346917,5,unknown,left,downstream
720575940613891442,720575940633668020,5,unknown,left,downstream
720575940613891442,720575940616807897,5,"LAL074,LAL084",left,downstream
720575940613891442,720575940625259056,5,LCNOp,left,downstream
720575940613891442,720575940626125331,5,"LAL125,LAL108",left,downstream
720575940613891442,720575940625044784,5,LAL155,right,downstream
720575940613891442,720575940622633716,5,unknown,left,downstream
720575940613891442,720575940615778790,5,"VES051,VES052",right,downstream
720575940613891442,720575940631733587,5,PS196,left,downstream
720575940613891442,720575940613144616,5,LAL120,right,downstream
720575940613891442,720575940613870242,5,VES045,right,downstream
720575940613891442,720575940644843118,5,LC9,left,downstream
720575940613891442,720575940611177946,5,unknown,left,downstream
720575940613891442,720575940605948076,5,PS098,left,downstream
720575940613891442,720575940615651670,5,"LAL171,LAL172",left,downstream
720575940613891442,720575940615723314,5,PVLP076,right,downstream
720575940613891442,720575940616629051,5,CL289,right,downstream
720575940613891442,720575940634654053,5,"CL328,IB070,IB071",right,downstream
720575940613891442,720575940624154648,5,LAL012,right,downstream
720575940613891442,720575940606920643,5,unknown,left,downstream
720575940613891442,720575940634676916,5,unknown,right,downstream
720575940613891442,720575940623817223,5,VES047,right,downstream
720575940613891442,720575940611638258,5,LAL073,left,downstream
720575940613891442,720575940633655452,5,LNOa,left,downstream
720575940613891442,720575940620686964,5,LAL018,right,downstream
720575940613891442,720575940647228468,5,unknown,right,downstream
720575940613891442,720575940621768436,5,LAL124,left,downstream
720575940613891442,720575940620656731,5,PS106,left,downstream
720575940613891442,720575940627617944,5,PS099,left,downstream
720575940613891442,720575940634288595,5,"FB4A,FB4D,FB4E,FB4F,FB4G,FB4H,FB4I,FB4J",right,downstream
720575940613891442,720575940619960325,5,unknown,right,downstream
720575940613891442,720575940620678772,5,LAL016,right,downstream
720575940613891442,720575940622364598,5,LT51,right,downstream
720575940613891442,720575940615999489,5,"LAL125,LAL108",left,downstream
720575940613891442,720575940615779558,5,"VES051,VES052",right,downstream
720575940613891442,720575940629327659,5,DNa02,left,downstream
720575940613891442,720575940631283512,5,unknown,right,downstream
720575940613891442,720575940624905223,5,PS173,left,downstream
720575940613891442,720575940627537753,5,unknown,left,downstream
720575940613891442,720575940620020315,5,"PVLP004,PVLP005",left,downstream
720575940613891442,720575940626138701,5,unknown,left,downstream
720575940613891442,720575940643829704,5,LAL008,left,downstream
720575940613891442,720575940634356587,5,"LT82a,LT82b",right,downstream
720575940613891442,720575940631383400,5,PLP029,left,downstream
720575940613891442,720575940633992346,4,unknown,left,downstream
720575940613891442,720575940616691156,4,CL055,right,downstream
720575940613891442,720575940652785057,4,LC9,left,downstream
720575940613891442,720575940620842111,4,PS013,left,downstream
720575940613891442,720575940634100335,4,"VES051,VES052",right,downstream
720575940613891442,720575940624710653,4,unknown,right,downstream
720575940613891442,720575940623436725,4,5812979054,right,downstream
720575940613891442,720575940623997879,4,VES022,left,downstream
720575940613891442,720575940633901395,4,unknown,right,downstream
720575940613891442,720575940638677411,4,LAL122,right,downstream
720575940613891442,720575940630288231,4,1313513195,left,downstream
720575940613891442,720575940617750070,4,PS297,left,downstream
720575940613891442,720575940633705636,4,SMP544,right,downstream
720575940613891442,720575940639031642,4,unknown,right,downstream
720575940613891442,720575940633685459,4,unknown,left,downstream
720575940613891442,720575940628064016,4,unknown,right,downstream
720575940613891442,720575940630539535,4,LAL182,left,downstream
720575940613891442,720575940606870562,4,unknown,unknown,downstream
720575940613891442,720575940626451081,4,LC9,right,downstream
720575940613891442,720575940621902301,4,PS002,left,downstream
720575940613891442,720575940634260636,4,LAL119,right,downstream
720575940613891442,720575940603012832,4,LAL059,right,downstream
720575940613891442,720575940621819630,4,PLP060,left,downstream
720575940613891442,720575940624945333,4,PVLP030,left,downstream
720575940613891442,720575940620943969,4,AVLP370,right,downstream
720575940613891442,720575940637587813,4,unknown,right,downstream
720575940613891442,720575940620988276,4,PS010,right,downstream
720575940613891442,720575940616821597,4,WED024,right,downstream
720575940613891442,720575940606564482,4,PS018,right,downstream
720575940613891442,720575940616837972,4,unknown,left,downstream
720575940613891442,720575940623004933,4,unknown,right,downstream
720575940613891442,720575940619601392,4,LC9,right,downstream
720575940613891442,720575940634645867,4,PS233,left,downstream
720575940613891442,720575940623868391,4,AVLP462,left,downstream
720575940613891442,720575940615305634,4,unknown,left,downstream
720575940613891442,720575940650526337,4,unknown,unknown,downstream
720575940613891442,720575940628891396,4,unknown,left,downstream
720575940613891442,720575940629064186,4,LAL106,right,downstream
720575940613891442,720575940631938371,4,SMP370,left,downstream
720575940613891442,720575940628112231,4,unknown,right,downstream
720575940613891442,720575940632221209,4,LAL043,right,downstream
720575940613891442,720575940616204059,4,LC9,right,downstream
720575940613891442,720575940614093458,4,LAL019,right,downstream
720575940613891442,720575940620460272,4,1282507669,right,downstream
720575940613891442,720575940619559815,4,IB092,right,downstream
720575940613891442,720575940642337696,4,PS099,right,downstream
720575940613891442,720575940618013253,4,1282507669,left,downstream
720575940613891442,720575940617374242,4,LAL121,right,downstream
720575940613891442,720575940623862989,4,unknown,right,downstream
720575940613891442,720575940611197658,4,PS214,right,downstream
720575940613891442,720575940611207922,4,VES018,left,downstream
720575940613891442,720575940617818708,4,LAL040,right,downstream
720575940613891442,720575940614177548,4,unknown,left,downstream
720575940613891442,720575940648742777,4,"FB4A,FB4D,FB4E,FB4F,FB4G,FB4H,FB4I,FB4J",left,downstream
720575940613891442,720575940617917396,4,5813024933,left,downstream
720575940613891442,720575940644615716,4,MBON31,left,downstream
720575940613891442,720575940622449481,4,unknown,left,downstream
720575940613891442,720575940640802675,4,VES022,right,downstream
720575940613891442,720575940622446341,4,LAL022,right,downstream
720575940613891442,720575940623409927,4,IB023,left,downstream
720575940613891442,720575940604418988,4,M_spPN5t10,right,downstream
720575940613891442,720575940633316563,4,unknown,left,downstream
720575940613891442,720575940615336754,4,unknown,right,downstream
720575940613891442,720575940628071939,4,CL055,left,downstream
720575940613891442,720575940607480329,4,LAL145,right,downstream
720575940613891442,720575940622389640,4,LAL196,left,downstream
720575940613891442,720575940637354047,4,"FB4A,FB4D,FB4E,FB4F,FB4G,FB4H,FB4I,FB4J",left,downstream
720575940613891442,720575940617797259,4,unknown,right,downstream
720575940613891442,720575940609824369,4,PS053,left,downstream
720575940613891442,720575940604737708,4,DNa02,right,downstream
720575940613891442,720575940631072783,4,1786232749,right,downstream
720575940613891442,720575940610472914,4,PVLP012,left,downstream
720575940613891442,720575940631043139,4,LAL139,right,downstream
720575940613891442,720575940619866740,4,unknown,right,downstream
720575940613891442,720575940643940900,4,WED152,right,downstream
720575940613891442,720575940619861345,4,"LAL103,LAL109",right,downstream
720575940613891442,720575940628453199,4,IB076,left,downstream
720575940613891442,720575940627894633,4,LAL019,left,downstream
720575940613891442,720575940619820368,4,LAL185,left,downstream
720575940613891442,720575940630822175,4,PFR,right,downstream
720575940613891442,720575940630040438,4,LAL126,right,downstream
720575940613891442,720575940619434432,4,LC9,right,downstream
720575940613891442,720575940608972612,4,PLP148,right,downstream
720575940613891442,720575940630720763,4,unknown,right,downstream
720575940613891442,720575940619170462,4,unknown,left,downstream
720575940613891442,720575940631097462,4,LAL023,left,downstream
720575940613891442,720575940630025528,4,PFR,right,downstream
720575940613891442,720575940644775534,4,"PVLP004,PVLP005",right,downstream
720575940613891442,720575940629351161,4,LAL043,right,downstream
720575940613891442,720575940630085583,4,DNa03,right,downstream
720575940613891442,720575940628634536,4,unknown,right,downstream
720575940613891442,720575940620001694,4,IB048,right,downstream
720575940613891442,720575940628659650,4,LAL127,left,downstream
720575940613891442,720575940618881995,4,WED011,right,downstream
720575940613891442,720575940618167579,4,DNa01,left,downstream
720575940613891442,720575940627435283,4,unknown,right,downstream
720575940613891442,720575940619160861,4,unknown,left,downstream
720575940613891442,720575940629240023,4,LAL196,right,downstream
720575940613891442,720575940631623417,4,LAL141,left,downstream
720575940613891442,720575940643563169,4,unknown,unknown,downstream
720575940613891442,720575940612804209,4,LAL085,left,downstream
720575940613891442,720575940619681006,4,PS059,right,downstream
720575940613891442,720575940631417548,4,ATL044,left,downstream
720575940613891442,720575940625622968,4,PS002,right,downstream
720575940613891442,720575940621340710,4,unknown,right,downstream
720575940613891442,720575940626130825,4,"LAL096,LAL097",right,downstream
720575940613891442,720575940614856607,4,PS127,right,downstream
720575940613891442,720575940625050256,4,PS018,left,downstream
720575940613891442,720575940625054906,4,LAL126,right,downstream
720575940613891442,720575940593923894,4,unknown,unknown,downstream
720575940613891442,720575940611596517,4,AVLP462,left,downstream
720575940613891442,720575940630658578,4,PS232,right,downstream
720575940613891442,720575940630665580,4,734814622,right,downstream
720575940613891442,720575940637079407,4,CRE074,right,downstream
720575940613891442,720575940637071849,4,"LAL103,LAL109",left,downstream
720575940613891442,720575940617226141,4,"LAL074,LAL084",right,downstream
720575940613891442,720575940635294309,4,LC9,left,downstream
720575940613891442,720575940621312773,4,LAL159,left,downstream
720575940613891442,720575940627946512,4,1760327095,right,downstream
720575940613891442,720575940629957943,4,AOTU042,right,downstream
720575940613891442,720575940635355804,4,unknown,left,downstream
720575940613891442,720575940583289167,4,unknown,unknown,downstream
720575940613891442,720575940625349961,4,unknown,left,downstream
720575940613891442,720575940646353699,4,CRE013,right,downstream
720575940613891442,720575940636348152,4,"CRE008,CRE010",left,downstream
720575940613891442,720575940636020122,4,LAL203,left,downstream
720575940613891442,720575940621656541,4,SMP554,right,downstream
720575940613891442,720575940623556755,4,PS211,left,downstream
720575940613891442,720575940621646730,4,"PVLP004,PVLP005",left,downstream
720575940613891442,720575940635375200,4,PS173,right,downstream
720575940613891442,720575940625786600,4,unknown,right,downstream
720575940613891442,720575940644541600,4,CRE074,left,downstream
720575940613891442,720575940636802209,4,unknown,unknown,downstream
720575940613891442,720575940609900433,4,unknown,unknown,downstream
720575940613891442,720575940621390806,4,"LC33a,LC33b",left,downstream
720575940613891442,720575940583657574,3,unknown,unknown,downstream
720575940613891442,720575940634304922,3,LAL194,left,downstream
720575940613891442,720575940634238309,3,unknown,right,downstream
720575940613891442,720575940634172267,3,LAL122,left,downstream
720575940613891442,720575940634076779,3,LAL090,left,downstream
720575940613891442,720575940633801261,3,LT51,left,downstream
720575940613891442,720575940609703560,3,unknown,unknown,downstream
720575940613891442,720575940633992147,3,PS132,left,downstream
720575940613891442,720575940614339043,3,"VES051,VES052",left,downstream
720575940613891442,720575940614315827,3,AVLP454_a,right,downstream
720575940613891442,720575940633692823,3,PLP148,left,downstream
720575940613891442,720575940634431935,3,PVLP070,left,downstream
720575940613891442,720575940606296680,3,unknown,unknown,downstream
720575940613891442,720575940606015154,3,1251511957,right,downstream
720575940613891442,720575940634790648,3,PLP060,right,downstream
720575940613891442,720575940621120903,3,LAL021,right,downstream
720575940613891442,720575940621367572,3,unknown,left,downstream
720575940613891442,720575940621413652,3,LAL019,right,downstream
720575940613891442,720575940635632023,3,PFR,left,downstream
720575940613891442,720575940635735671,3,unknown,right,downstream
720575940613891442,720575940583857124,3,unknown,unknown,downstream
720575940613891442,720575940635970190,3,LAL046,right,downstream
720575940613891442,720575940635970446,3,LC9,right,downstream
720575940613891442,720575940635990640,3,PFL2,right,downstream
720575940613891442,720575940609612689,3,unknown,unknown,downstream
720575940613891442,720575940606413416,3,unknown,unknown,downstream
720575940613891442,720575940620708109,3,unknown,left,downstream
720575940613891442,720575940613967778,3,LAL021,left,downstream
720575940613891442,720575940614236010,3,unknown,left,downstream
720575940613891442,720575940633353327,3,unknown,right,downstream
720575940613891442,720575940636573108,3,unknown,left,downstream
720575940613891442,720575940630788772,3,LC9,right,downstream
720575940613891442,720575940583436669,3,unknown,unknown,downstream
720575940613891442,720575940613690730,3,GLNO,right,downstream
720575940613891442,720575940631008396,3,unknown,right,downstream
720575940613891442,720575940631151663,3,PFL3,right,downstream
720575940613891442,720575940631189295,3,CRE016,left,downstream
720575940613891442,720575940631224381,3,unknown,unknown,downstream
720575940613891442,720575940620011435,3,LAL023,right,downstream
720575940613891442,720575940613774545,3,unknown,unknown,downstream
720575940613891442,720575940631399308,3,unknown,left,downstream
720575940613891442,720575940571064318,3,unknown,unknown,downstream
720575940613891442,720575940613967389,3,unknown,unknown,downstream
720575940613891442,720575940620271636,3,unknown,right,downstream
720575940613891442,720575940620300308,3,unknown,right,downstream
720575940613891442,720575940620312556,3,unknown,unknown,downstream
720575940613891442,720575940632452578,3,unknown,left,downstream
720575940613891442,720575940632605388,3,unknown,unknown,downstream
720575940613891442,720575940632740397,3,CRE044,right,downstream
720575940613891442,720575940620515308,3,unknown,unknown,downstream
720575940613891442,720575940620542746,3,LC9,left,downstream
720575940613891442,720575940632804435,3,VES005,left,downstream
720575940613891442,720575940632809683,3,PS098,right,downstream
720575940613891442,720575940534904302,3,unknown,unknown,downstream
720575940613891442,720575940620574001,3,WED017,right,downstream
720575940613891442,720575940636553902,3,unknown,right,downstream
720575940613891442,720575940641423245,3,LAL034,right,downstream
720575940613891442,720575940636963806,3,"CRE008,CRE010",left,downstream
720575940613891442,720575940637037278,3,"LAL163,LAL164",left,downstream
720575940613891442,720575940622510606,3,unknown,left,downstream
720575940613891442,720575940641276045,3,LT51,right,downstream
720575940613891442,720575940642255383,3,unknown,unknown,downstream
720575940613891442,720575940622584069,3,unknown,left,downstream
720575940613891442,720575940622637133,3,unknown,left,downstream
720575940613891442,720575940622650808,3,unknown,right,downstream
720575940613891442,720575940622693961,3,unknown,left,downstream
720575940613891442,720575940622719770,3,mALD1,left,downstream
720575940613891442,720575940622787210,3,LAL076,right,downstream
720575940613891442,720575940644791918,3,PS047,right,downstream
720575940613891442,720575940606745190,3,"LC33a,LC33b",left,downstream
720575940613891442,720575940606751327,3,unknown,unknown,downstream
720575940613891442,720575940645538158,3,unknown,left,downstream
720575940613891442,720575940645742884,3,LAL127,left,downstream
720575940613891442,720575940646574900,3,unknown,unknown,downstream
720575940613891442,720575940615624844,3,unknown,unknown,downstream
720575940613891442,720575940623096870,3,LAL101,left,downstream
720575940613891442,720575940647945012,3,CRE012,right,downstream
720575940613891442,720575940610588565,3,1313513195,right,downstream
720575940613891442,720575940650594433,3,unknown,unknown,downstream
720575940613891442,720575940651288705,3,unknown,unknown,downstream
720575940613891442,720575940623229564,3,AOTU033,left,downstream
720575940613891442,720575940615757162,3,PLP012,left,downstream
720575940613891442,720575940658141057,3,LC9,right,downstream
720575940613891442,720575940609097429,3,VES009,left,downstream
720575940613891442,720575940640978048,3,unknown,left,downstream
720575940613891442,720575940640788725,3,PS088,left,downstream
720575940613891442,720575940622392260,3,unknown,left,downstream
720575940613891442,720575940610230738,3,LC9,right,downstream
720575940613891442,720575940621739503,3,unknown,right,downstream
720575940613891442,720575940637106032,3,LT51,left,downstream
720575940613891442,720575940621773249,3,PVLP012,right,downstream
720575940613891442,720575940637416078,3,LT51,right,downstream
720575940613891442,720575940615111261,3,"WED128,WED129",right,downstream
720575940613891442,720575940637515182,3,LAL012,left,downstream
720575940613891442,720575940637565838,3,SMP543,left,downstream
720575940613891442,720575940637635305,3,unknown,right,downstream
720575940613891442,720575940610211779,3,"LAL074,LAL084",left,downstream
720575940613891442,720575940621947653,3,unknown,right,downstream
720575940613891442,720575940621968536,3,unknown,unknown,downstream
720575940613891442,720575940621997481,3,SMP174,right,downstream
720575940613891442,720575940640129213,3,unknown,unknown,downstream
720575940613891442,720575940638153449,3,PS048,left,downstream
720575940613891442,720575940565626657,3,unknown,unknown,downstream
720575940613891442,720575940638743667,3,PS291,left,downstream
720575940613891442,720575940622140109,3,unknown,left,downstream
720575940613891442,720575940622162456,3,LC9,left,downstream
720575940613891442,720575940639179891,3,PS233,right,downstream
720575940613891442,720575940610313570,3,PVLP070,left,downstream
720575940613891442,720575940639649094,3,unknown,left,downstream
720575940613891442,720575940639845504,3,"LAL176,LAL177",right,downstream
720575940613891442,720575940639901006,3,"LAL176,LAL177",left,downstream
720575940613891442,720575940640100440,3,SAD085,left,downstream
720575940613891442,720575940630758418,3,DNb01,right,downstream
720575940613891442,720575940625797306,3,unknown,left,downstream
720575940613891442,720575940619728037,3,VES077,right,downstream
720575940613891442,720575940626422513,3,WED032,left,downstream
720575940613891442,720575940616812342,3,LAL180,right,downstream
720575940613891442,720575940624959496,3,LT86,left,downstream
720575940613891442,720575940616844249,3,LAL043,left,downstream
720575940613891442,720575940625117498,3,LAL094,left,downstream
720575940613891442,720575940625186250,3,unknown,right,downstream
720575940613891442,720575940616915174,3,PLP230,right,downstream
720575940613891442,720575940616980067,3,unknown,unknown,downstream
720575940613891442,720575940574709257,3,unknown,unknown,downstream
720575940613891442,720575940625455247,3,FB5A,right,downstream
720575940613891442,720575940598350571,3,unknown,unknown,downstream
720575940613891442,720575940625534345,3,LAL043,right,downstream
720575940613891442,720575940603420806,3,unknown,unknown,downstream
720575940613891442,720575940617054237,3,PS099,right,downstream
720575940613891442,720575940617064716,3,PS132,right,downstream
720575940613891442,720575940611801766,3,unknown,unknown,downstream
720575940613891442,720575940625747217,3,unknown,right,downstream
720575940613891442,720575940617158725,3,unknown,left,downstream
720575940613891442,720575940617243393,3,LAL046,left,downstream
720575940613891442,720575940546857501,3,unknown,unknown,downstream
720575940613891442,720575940625985380,3,LAL175,left,downstream
720575940613891442,720575940626057853,3,unknown,left,downstream
720575940613891442,720575940626093705,3,LAL020,left,downstream
720575940613891442,720575940626189328,3,WED002,left,downstream
720575940613891442,720575940585791997,3,unknown,unknown,downstream
720575940613891442,720575940617636981,3,unknown,right,downstream
720575940613891442,720575940589523817,3,unknown,unknown,downstream
720575940613891442,720575940624856112,3,LC9,right,downstream
720575940613891442,720575940611489432,3,unknown,unknown,downstream
720575940613891442,720575940623883815,3,unknown,right,downstream
720575940613891442,720575940619719668,3,LC9,right,downstream
720575940613891442,720575940633143460,3,VES056,left,downstream
720575940613891442,720575940623314505,3,unknown,left,downstream
720575940613891442,720575940623355114,3,unknown,right,downstream
720575940613891442,720575940623436615,3,unknown,unknown,downstream
720575940613891442,720575940610877098,3,PFR,left,downstream
720575940613891442,720575940480981726,3,unknown,unknown,downstream
720575940613891442,720575940616026939,3,MDN,left,downstream
720575940613891442,720575940610985586,3,VES070,left,downstream
720575940613891442,720575940611034926,3,unknown,right,downstream
720575940613891442,720575940623803391,3,LAL203,right,downstream
720575940613891442,720575940623904551,3,PFR,left,downstream
720575940613891442,720575940624742158,3,LAL023,right,downstream
720575940613891442,720575940624136586,3,unknown,unknown,downstream
720575940613891442,720575940602718432,3,WED072,left,downstream
720575940613891442,720575940624246334,3,unknown,left,downstream
720575940613891442,720575940624296328,3,unknown,right,downstream
720575940613891442,720575940616262128,3,unknown,unknown,downstream
720575940613891442,720575940624344556,3,unknown,left,downstream
720575940613891442,720575940616479389,3,unknown,right,downstream
720575940613891442,720575940611385806,3,LAL018,left,downstream
720575940613891442,720575940624625816,3,unknown,right,downstream
720575940613891442,720575940616579171,3,unknown,unknown,downstream
720575940613891442,720575940611439066,3,"LAL163,LAL164",left,downstream
720575940613891442,720575940617658997,3,unknown,left,downstream
720575940613891442,720575940623811827,3,unknown,right,downstream
720575940613891442,720575940608293813,3,unknown,unknown,downstream
720575940613891442,720575940628538703,3,LAL034,left,downstream
720575940613891442,720575940618886449,3,PS068,right,downstream
720575940613891442,720575940628713987,3,unknown,right,downstream
720575940613891442,720575940628861660,3,unknown,right,downstream
720575940613891442,720575940618983150,3,"WED128,WED129",left,downstream
720575940613891442,720575940450247345,3,unknown,unknown,downstream
720575940613891442,720575940520082788,3,unknown,unknown,downstream
720575940613891442,720575940613193642,3,unknown,right,downstream
720575940613891442,720575940629177655,3,LAL053,left,downstream
720575940613891442,720575940629256779,3,PVLP019,left,downstream
720575940613891442,720575940629349617,3,"LAL096,LAL097",right,downstream
720575940613891442,720575940608891075,3,unknown,right,downstream
720575940613891442,720575940619211361,3,unknown,right,downstream
720575940613891442,720575940629461612,3,unknown,left,downstream
720575940613891442,720575940629513478,3,AVLP538,right,downstream
720575940613891442,720575940629532777,3,AOTU041,left,downstream
720575940613891442,720575940619294964,3,PS054,left,downstream
720575940613891442,720575940629724367,3,unknown,left,downstream
720575940613891442,720575940613477023,3,unknown,right,downstream
720575940613891442,720575940619544779,3,FB5A,right,downstream
720575940613891442,720575940613517991,3,PS263,right,downstream
720575940613891442,720575940613529041,3,PS048,left,downstream
720575940613891442,720575940619610294,3,SMP370,right,downstream
720575940613891442,720575940619623407,3,mALD3,left,downstream
720575940613891442,720575940626537008,3,unknown,left,downstream
720575940613891442,720575940630657015,3,PS232,left,downstream
720575940613891442,720575940628609323,3,PVLP144,right,downstream
720575940613891442,720575940629954335,3,unknown,right,downstream
720575940613891442,720575940618827910,3,unknown,left,downstream
720575940613891442,720575940598870390,3,unknown,unknown,downstream
720575940613891442,720575940604106272,3,PS087,right,downstream
720575940613891442,720575940628403791,3,AVLP370,left,downstream
720575940613891442,720575940626566931,3,LC9,left,downstream
720575940613891442,720575940626717573,3,LAL126,left,downstream
720575940613891442,720575940612418991,3,PS052,right,downstream
720575940613891442,720575940627068772,3,VES026,left,downstream
720575940613891442,720575940627110735,3,LAL180,left,downstream
720575940613891442,720575940617956865,3,SMP554,left,downstream
720575940613891442,720575940618002747,3,PS011,right,downstream
720575940613891442,720575940627181498,3,LAL017,right,downstream
720575940613891442,720575940627304266,3,1786232749,left,downstream
720575940613891442,720575940627106868,3,unknown,unknown,downstream
720575940613891442,720575940627584890,3,PS021,left,downstream
720575940613891442,720575940608566979,3,"PVLP004,PVLP005",left,downstream
720575940613891442,720575940627597128,3,LAL021,right,downstream
720575940613891442,720575940628290307,3,LAL126,left,downstream
720575940613891442,720575940628247299,3,CRE016,left,downstream
720575940613891442,720575940628197392,3,unknown,right,downstream
720575940613891442,720575940618678045,3,unknown,right,downstream
720575940613891442,720575940628136347,3,unknown,left,downstream
720575940613891442,720575940590786286,3,unknown,unknown,downstream
720575940613891442,720575940604342801,3,unknown,unknown,downstream
720575940613891442,720575940627639528,3,unknown,right,downstream
720575940613891442,720575940628375818,3,CRE012,left,downstream
720575940613891442,720575940638244661,2,"LAL111,PS060",left,downstream
720575940613891442,720575940585298859,2,unknown,unknown,downstream
720575940613891442,720575940623403755,2,unknown,left,downstream
720575940613891442,720575940589433803,2,unknown,unknown,downstream
720575940613891442,720575940638327640,2,unknown,left,downstream
720575940613891442,720575940510912677,2,unknown,unknown,downstream
720575940613891442,720575940611441481,2,unknown,unknown,downstream
720575940613891442,720575940577752574,2,unknown,unknown,downstream
720575940613891442,720575940500371084,2,unknown,unknown,downstream
720575940613891442,720575940638640445,2,PS026,right,downstream
720575940613891442,720575940558633154,2,unknown,unknown,downstream
720575940613891442,720575940445187384,2,unknown,unknown,downstream
720575940613891442,720575940638630366,2,VES022,left,downstream
720575940613891442,720575940622119229,2,unknown,unknown,downstream
720575940613891442,720575940638661539,2,unknown,unknown,downstream
720575940613891442,720575940616581535,2,PS086,right,downstream
720575940613891442,720575940615653004,2,unknown,unknown,downstream
720575940613891442,720575940616575557,2,PS063,right,downstream
720575940613891442,720575940592480890,2,unknown,unknown,downstream
720575940613891442,720575940616574761,2,unknown,unknown,downstream
720575940613891442,720575940622008230,2,LC9,right,downstream
720575940613891442,720575940637846643,2,unknown,right,downstream
720575940613891442,720575940623426013,2,PVLP138,left,downstream
720575940613891442,720575940610202597,2,LAL020,right,downstream
720575940613891442,720575940592412894,2,unknown,unknown,downstream
720575940613891442,720575940621814911,2,unknown,left,downstream
720575940613891442,720575940494858449,2,unknown,unknown,downstream
720575940613891442,720575940624955006,2,unknown,unknown,downstream
720575940613891442,720575940589524990,2,unknown,unknown,downstream
720575940613891442,720575940659709569,2,LAL102,left,downstream
720575940613891442,720575940505200934,2,unknown,unknown,downstream
720575940613891442,720575940482057864,2,unknown,unknown,downstream
720575940613891442,720575940621823979,2,PS022,right,downstream
720575940613891442,720575940615144980,2,unknown,unknown,downstream
720575940613891442,720575940621975081,2,PFR,right,downstream
720575940613891442,720575940538922190,2,unknown,unknown,downstream
720575940613891442,720575940596854952,2,unknown,unknown,downstream
720575940613891442,720575940624885250,2,unknown,left,downstream
720575940613891442,720575940572618774,2,unknown,unknown,downstream
720575940613891442,720575940648290937,2,LC9,left,downstream
720575940613891442,720575940624876889,2,unknown,left,downstream
720575940613891442,720575940624861989,2,LAL075,left,downstream
720575940613891442,720575940615922971,2,"PVLP004,PVLP005",left,downstream
720575940613891442,720575940637983716,2,LAL140,right,downstream
720575940613891442,720575940623135770,2,PS053,right,downstream
720575940613891442,720575940639434318,2,unknown,right,downstream
720575940613891442,720575940607619088,2,unknown,unknown,downstream
720575940613891442,720575940585118281,2,unknown,unknown,downstream
720575940613891442,720575940459272892,2,unknown,unknown,downstream
720575940613891442,720575940639516477,2,unknown,right,downstream
720575940613891442,720575940616505503,2,LAL157,left,downstream
720575940613891442,720575940451623263,2,unknown,unknown,downstream
720575940613891442,720575940606629282,2,unknown,unknown,downstream
720575940613891442,720575940580635017,2,unknown,unknown,downstream
720575940613891442,720575940576969164,2,unknown,unknown,downstream
720575940613891442,720575940624525043,2,CRE041,left,downstream
720575940613891442,720575940610338498,2,unknown,unknown,downstream
720575940613891442,720575940607024465,2,unknown,unknown,downstream
720575940613891442,720575940624547622,2,APL,left,downstream
720575940613891442,720575940622302844,2,PS193,right,downstream
720575940613891442,720575940390910710,2,unknown,unknown,downstream
720575940613891442,720575940480325784,2,unknown,unknown,downstream
720575940613891442,720575940650530177,2,unknown,unknown,downstream
720575940613891442,720575940639944155,2,LAL150,left,downstream
720575940613891442,720575940639974363,2,LAL043,left,downstream
720575940613891442,720575940606663881,2,unknown,left,downstream
720575940613891442,720575940621801866,2,"PVLP004,PVLP005",right,downstream
720575940613891442,720575940616492096,2,LC9,right,downstream
720575940613891442,720575940639432782,2,5813078104,left,downstream
720575940613891442,720575940616509494,2,unknown,right,downstream
720575940613891442,720575940509326629,2,unknown,unknown,downstream
720575940613891442,720575940606605745,2,unknown,right,downstream
720575940613891442,720575940427635954,2,unknown,unknown,downstream
720575940613891442,720575940638910040,2,PVLP151,right,downstream
720575940613891442,720575940451596819,2,unknown,unknown,downstream
720575940613891442,720575940638937688,2,unknown,left,downstream
720575940613891442,720575940639012836,2,LT51,left,downstream
720575940613891442,720575940577721703,2,unknown,unknown,downstream
720575940613891442,720575940616525160,2,unknown,unknown,downstream
720575940613891442,720575940584207486,2,unknown,unknown,downstream
720575940613891442,720575940639075694,2,unknown,unknown,downstream
720575940613891442,720575940650284534,2,unknown,left,downstream
720575940613891442,720575940616522726,2,LC9,left,downstream
720575940613891442,720575940639092201,2,"LAL191,LAL192",right,downstream
720575940613891442,720575940615263931,2,SMP543,right,downstream
720575940613891442,720575940532415279,2,unknown,unknown,downstream
720575940613891442,720575940622224961,2,LAL082,right,downstream
720575940613891442,720575940639159029,2,unknown,left,downstream
720575940613891442,720575940639161661,2,unknown,right,downstream
720575940613891442,720575940650416249,2,LC9,right,downstream
720575940613891442,720575940615698315,2,WED031,left,downstream
720575940613891442,720575940592522835,2,unknown,unknown,downstream
720575940613891442,720575940448170210,2,unknown,unknown,downstream
720575940613891442,720575940615018463,2,WED181,right,downstream
720575940613891442,720575940615125240,2,unknown,unknown,downstream
720575940613891442,720575940615001686,2,unknown,left,downstream
720575940613891442,720575940467654148,2,unknown,unknown,downstream
720575940613891442,720575940636063204,2,PFGs,right,downstream
720575940613891442,720575940565436279,2,unknown,unknown,downstream
720575940613891442,720575940621546281,2,unknown,left,downstream
720575940613891442,720575940607913382,2,unknown,unknown,downstream
720575940613891442,720575940424871590,2,unknown,unknown,downstream
720575940613891442,720575940587877930,2,unknown,unknown,downstream
720575940613891442,720575940572597531,2,unknown,unknown,downstream
720575940613891442,720575940577929031,2,unknown,unknown,downstream
720575940613891442,720575940402904798,2,unknown,unknown,downstream
720575940613891442,720575940616004820,2,unknown,left,downstream
720575940613891442,720575940625559908,2,LAL030_a,right,downstream
720575940613891442,720575940654856353,2,"FB4A,FB4D,FB4E,FB4F,FB4G,FB4H,FB4I,FB4J",left,downstream
720575940613891442,720575940625558873,2,unknown,left,downstream
720575940613891442,720575940593524833,2,unknown,unknown,downstream
720575940613891442,720575940606421122,2,unknown,right,downstream
720575940613891442,720575940582186107,2,unknown,unknown,downstream
720575940613891442,720575940625520147,2,PS062,left,downstream
720575940613891442,720575940593278028,2,unknown,unknown,downstream
720575940613891442,720575940582185851,2,unknown,unknown,downstream
720575940613891442,720575940474053154,2,unknown,unknown,downstream
720575940613891442,720575940583857892,2,unknown,unknown,downstream
720575940613891442,720575940647362169,2,unknown,unknown,downstream
720575940613891442,720575940557553791,2,unknown,unknown,downstream
720575940613891442,720575940614726773,2,unknown,left,downstream
720575940613891442,720575940587477168,2,unknown,unknown,downstream
720575940613891442,720575940625651271,2,unknown,unknown,downstream
720575940613891442,720575940635675125,2,unknown,unknown,downstream
720575940613891442,720575940635726555,2,unknown,unknown,downstream
720575940613891442,720575940609935810,2,unknown,unknown,downstream
720575940613891442,720575940607136161,2,unknown,unknown,downstream
720575940613891442,720575940600655115,2,unknown,unknown,downstream
720575940613891442,720575940625636964,2,"FB4A,FB4D,FB4E,FB4F,FB4G,FB4H,FB4I,FB4J",right,downstream
720575940613891442,720575940617038123,2,unknown,unknown,downstream
720575940613891442,720575940623083123,2,unknown,unknown,downstream
720575940613891442,720575940587526866,2,unknown,unknown,downstream
720575940613891442,720575940621515391,2,PFR,right,downstream
720575940613891442,720575940526683009,2,unknown,unknown,downstream
720575940613891442,720575940635873946,2,unknown,right,downstream
720575940613891442,720575940390106797,2,unknown,unknown,downstream
720575940613891442,720575940406235412,2,unknown,unknown,downstream
720575940613891442,720575940635926335,2,unknown,left,downstream
720575940613891442,720575940479235437,2,unknown,unknown,downstream
720575940613891442,720575940581188695,2,unknown,unknown,downstream
720575940613891442,720575940647000708,2,unknown,right,downstream
720575940613891442,720575940636582110,2,unknown,left,downstream
720575940613891442,720575940636612207,2,PLP187,right,downstream
720575940613891442,720575940603118030,2,unknown,unknown,downstream
720575940613891442,720575940616870020,2,unknown,unknown,downstream
720575940613891442,720575940611567918,2,PS214,left,downstream
720575940613891442,720575940469714780,2,unknown,unknown,downstream
720575940613891442,720575940576716975,2,unknown,unknown,downstream
720575940613891442,720575940616861697,2,unknown,right,downstream
720575940613891442,720575940637275041,2,unknown,unknown,downstream
720575940613891442,720575940610882709,2,unknown,right,downstream
720575940613891442,720575940389097106,2,unknown,unknown,downstream
720575940613891442,720575940615105551,2,unknown,unknown,downstream
720575940613891442,720575940611537157,2,unknown,unknown,downstream
720575940613891442,720575940589743204,2,unknown,unknown,downstream
720575940613891442,720575940625040190,2,"WED128,WED129",left,downstream
720575940613891442,720575940606521180,2,LC9,left,downstream
720575940613891442,720575940589574624,2,unknown,unknown,downstream
720575940613891442,720575940615631266,2,LAL101,right,downstream
720575940613891442,720575940593238348,2,unknown,unknown,downstream
720575940613891442,720575940386749370,2,unknown,unknown,downstream
720575940613891442,720575940621793607,2,unknown,unknown,downstream
720575940613891442,720575940403795516,2,unknown,unknown,downstream
720575940613891442,720575940616823862,2,unknown,right,downstream
720575940613891442,720575940625159677,2,PS018,right,downstream
720575940613891442,720575940607763281,2,unknown,unknown,downstream
720575940613891442,720575940452653954,2,unknown,unknown,downstream
720575940613891442,720575940588116023,2,unknown,unknown,downstream
720575940613891442,720575940554727282,2,unknown,unknown,downstream
720575940613891442,720575940603174572,2,unknown,left,downstream
720575940613891442,720575940621665258,2,unknown,left,downstream
720575940613891442,720575940411230791,2,unknown,unknown,downstream
720575940613891442,720575940621703373,2,SMP147,right,downstream
720575940613891442,720575940625400420,2,PS233,left,downstream
720575940613891442,720575940636903013,2,unknown,right,downstream
720575940613891442,720575940607839189,2,LC9,right,downstream
720575940613891442,720575940476838259,2,unknown,unknown,downstream
720575940613891442,720575940587970068,2,unknown,unknown,downstream
720575940613891442,720575940616979059,2,unknown,unknown,downstream
720575940613891442,720575940636992368,2,MBON31,right,downstream
720575940613891442,720575940636998768,2,IB031,right,downstream
720575940613891442,720575940637031770,2,"PPM1204,PS139",left,downstream
720575940613891442,720575940655585697,2,"CL328,IB070,IB071",right,downstream
720575940613891442,720575940616977011,2,unknown,unknown,downstream
720575940613891442,720575940462976518,2,unknown,unknown,downstream
720575940613891442,720575940611628697,2,unknown,left,downstream
720575940613891442,720575940610106315,2,unknown,unknown,downstream
720575940613891442,720575940624434323,2,VES005,right,downstream
720575940613891442,720575940578932751,2,unknown,unknown,downstream
720575940613891442,720575940624426643,2,MC66,left,downstream
720575940613891442,720575940612899990,2,"PS023,PS024",right,downstream
720575940613891442,720575940629600630,2,LAL167,left,downstream
720575940613891442,720575940599109395,2,unknown,unknown,downstream
720575940613891442,720575940513061411,2,unknown,unknown,downstream
720575940613891442,720575940629612273,2,"LAL176,LAL177",left,downstream
720575940613891442,720575940619363207,2,VES010,left,downstream
720575940613891442,720575940575742113,2,unknown,unknown,downstream
720575940613891442,720575940619410671,2,LC9,right,downstream
720575940613891442,720575940629638186,2,"PVLP004,PVLP005",right,downstream
720575940613891442,720575940618772190,2,unknown,unknown,downstream
720575940613891442,720575940539914607,2,unknown,unknown,downstream
720575940613891442,720575940612921342,2,unknown,unknown,downstream
720575940613891442,720575940629673209,2,unknown,right,downstream
720575940613891442,720575940618756005,2,unknown,left,downstream
720575940613891442,720575940629686855,2,unknown,unknown,downstream
720575940613891442,720575940475891831,2,unknown,unknown,downstream
720575940613891442,720575940612879783,2,unknown,left,downstream
720575940613891442,720575940619453861,2,AOTU042,left,downstream
720575940613891442,720575940612874898,2,unknown,left,downstream
720575940613891442,720575940599528248,2,unknown,unknown,downstream
720575940613891442,720575940622676553,2,unknown,right,downstream
720575940613891442,720575940580747376,2,unknown,unknown,downstream
720575940613891442,720575940612937073,2,ExR7,left,downstream
720575940613891442,720575940613307482,2,unknown,unknown,downstream
720575940613891442,720575940595009710,2,unknown,unknown,downstream
720575940613891442,720575940575453772,2,unknown,unknown,downstream
720575940613891442,720575940619202901,2,unknown,left,downstream
720575940613891442,720575940629437545,2,LAL054,right,downstream
720575940613891442,720575940628494695,2,5813054853,right,downstream
720575940613891442,720575940643576224,2,LCNOpm,right,downstream
720575940613891442,720575940604747878,2,LAL146,left,downstream
720575940613891442,720575940601575677,2,unknown,unknown,downstream
720575940613891442,720575940629478594,2,unknown,right,downstream
720575940613891442,720575940629483735,2,PFR,left,downstream
720575940613891442,720575940628457448,2,PFL3,left,downstream
720575940613891442,720575940608956805,2,unknown,unknown,downstream
720575940613891442,720575940432071551,2,unknown,unknown,downstream
720575940613891442,720575940578764263,2,unknown,unknown,downstream
720575940613891442,720575940491261310,2,unknown,unknown,downstream
720575940613891442,720575940488477573,2,unknown,unknown,downstream
720575940613891442,720575940607313756,2,LC9,right,downstream
720575940613891442,720575940599427062,2,unknown,unknown,downstream
720575940613891442,720575940608689035,2,unknown,unknown,downstream
720575940613891442,720575940629576443,2,unknown,right,downstream
720575940613891442,720575940586622767,2,unknown,unknown,downstream
720575940613891442,720575940629766266,2,unknown,left,downstream
720575940613891442,720575940629791275,2,LC9,right,downstream
720575940613891442,720575940430134216,2,unknown,unknown,downstream
720575940613891442,720575940619607093,2,unknown,unknown,downstream
720575940613891442,720575940628182978,2,unknown,right,downstream
720575940613891442,720575940628120337,2,unknown,right,downstream
720575940613891442,720575940628102652,2,unknown,left,downstream
720575940613891442,720575940619560606,2,IB032,left,downstream
720575940613891442,720575940619573912,2,unknown,unknown,downstream
720575940613891442,720575940630161914,2,unknown,left,downstream
720575940613891442,720575940628068867,2,unknown,left,downstream
720575940613891442,720575940630204155,2,VES015,left,downstream
720575940613891442,720575940630222812,2,PS020,left,downstream
720575940613891442,720575940624055614,2,unknown,right,downstream
720575940613891442,720575940613468625,2,unknown,left,downstream
720575940613891442,720575940618503582,2,unknown,unknown,downstream
720575940613891442,720575940630297292,2,unknown,left,downstream
720575940613891442,720575940630310431,2,unknown,right,downstream
720575940613891442,720575940624033516,2,PVLP070,right,downstream
720575940613891442,720575940619613422,2,LC9,left,downstream
720575940613891442,720575940514962816,2,unknown,unknown,downstream
720575940613891442,720575940575743911,2,unknown,unknown,downstream
720575940613891442,720575940619637056,2,mALD1,right,downstream
720575940613891442,720575940516041881,2,unknown,unknown,downstream
720575940613891442,720575940622727629,2,PFL3,left,downstream
720575940613891442,720575940618547641,2,1416796844,left,downstream
720575940613891442,720575940619548799,2,"PS294,PS295,PS298",right,downstream
720575940613891442,720575940536974403,2,unknown,unknown,downstream
720575940613891442,720575940618699605,2,unknown,unknown,downstream
720575940613891442,720575940628321352,2,LAL194,right,downstream
720575940613891442,720575940629870843,2,LAL158,right,downstream
720575940613891442,720575940613470816,2,unknown,unknown,downstream
720575940613891442,720575940612835604,2,unknown,unknown,downstream
720575940613891442,720575940619513765,2,unknown,left,downstream
720575940613891442,720575940615860801,2,unknown,unknown,downstream
720575940613891442,720575940593431116,2,unknown,unknown,downstream
720575940613891442,720575940578691579,2,unknown,unknown,downstream
720575940613891442,720575940561836287,2,unknown,unknown,downstream
720575940613891442,720575940520375152,2,unknown,unknown,downstream
720575940613891442,720575940628237415,2,LC9,right,downstream
720575940613891442,720575940410214656,2,unknown,unknown,downstream
720575940613891442,720575940583290959,2,unknown,unknown,downstream
720575940613891442,720575940613502786,2,"LAL028, LAL029",right,downstream
720575940613891442,720575940630015084,2,unknown,right,downstream
720575940613891442,720575940619542107,2,PS210,right,downstream
720575940613891442,720575940618578150,2,unknown,right,downstream
720575940613891442,720575940628215367,2,unknown,unknown,downstream
720575940613891442,720575940629426025,2,PLP034,left,downstream
720575940613891442,720575940629415936,2,PLP178,right,downstream
720575940613891442,720575940403094873,2,unknown,unknown,downstream
720575940613891442,720575940641906317,2,CL309,left,downstream
720575940613891442,720575940651288961,2,unknown,unknown,downstream
720575940613891442,720575940623382163,2,unknown,left,downstream
720575940613891442,720575940622516941,2,unknown,right,downstream
720575940613891442,720575940651341558,2,PS016,left,downstream
720575940613891442,720575940597401882,2,unknown,unknown,downstream
720575940613891442,720575940585033310,2,unknown,unknown,downstream
720575940613891442,720575940550267959,2,unknown,unknown,downstream
720575940613891442,720575940469634396,2,unknown,unknown,downstream
720575940613891442,720575940622556085,2,unknown,right,downstream
720575940613891442,720575940423594562,2,unknown,unknown,downstream
720575940613891442,720575940624313406,2,WED024,right,downstream
720575940613891442,720575940642173384,2,PS087,right,downstream
720575940613891442,720575940545062197,2,unknown,unknown,downstream
720575940613891442,720575940588506672,2,unknown,unknown,downstream
720575940613891442,720575940622575103,2,unknown,left,downstream
720575940613891442,720575940651443841,2,unknown,unknown,downstream
720575940613891442,720575940607332626,2,unknown,unknown,downstream
720575940613891442,720575940642549467,2,VES083,left,downstream
720575940613891442,720575940615402869,2,PLP222,right,downstream
720575940613891442,720575940606677340,2,unknown,left,downstream
720575940613891442,720575940597402395,2,unknown,unknown,downstream
720575940613891442,720575940601209803,2,unknown,unknown,downstream
720575940613891442,720575940539934319,2,unknown,unknown,downstream
720575940613891442,720575940616365535,2,unknown,left,downstream
720575940613891442,720575940624416864,2,unknown,unknown,downstream
720575940613891442,720575940615764061,2,PFR,right,downstream
720575940613891442,720575940650813686,2,PS291,right,downstream
720575940613891442,720575940622416628,2,unknown,right,downstream
720575940613891442,720575940510761002,2,unknown,unknown,downstream
720575940613891442,720575940588486960,2,unknown,unknown,downstream
720575940613891442,720575940394259407,2,unknown,unknown,downstream
720575940613891442,720575940640325429,2,PS039,right,downstream
720575940613891442,720575940622446085,2,LAL022,right,downstream
720575940613891442,720575940624339652,2,LC9,right,downstream
720575940613891442,720575940624322125,2,unknown,right,downstream
720575940613891442,720575940640486488,2,unknown,right,downstream
720575940613891442,720575940616354615,2,unknown,unknown,downstream
720575940613891442,720575940615868225,2,unknown,unknown,downstream
720575940613891442,720575940607472649,2,unknown,right,downstream
720575940613891442,720575940640834211,2,PVLP011,left,downstream
720575940613891442,720575940413896444,2,unknown,unknown,downstream
720575940613891442,720575940420804399,2,unknown,unknown,downstream
720575940613891442,720575940640992731,2,CL313,left,downstream
720575940613891442,720575940641004789,2,WED082,left,downstream
720575940613891442,720575940623228430,2,unknown,left,downstream
720575940613891442,720575940622596177,2,unknown,unknown,downstream
720575940613891442,720575940642928328,2,"LAL163,LAL164",right,downstream
720575940613891442,720575940607313852,2,unknown,unknown,downstream
720575940613891442,720575940618969071,2,"LAL096,LAL097",right,downstream
720575940613891442,720575940618940012,2,unknown,unknown,downstream
720575940613891442,720575940629240263,2,unknown,right,downstream
720575940613891442,720575940519672733,2,unknown,unknown,downstream
720575940613891442,720575940596856744,2,unknown,unknown,downstream
720575940613891442,720575940628747537,2,unknown,right,downstream
720575940613891442,720575940619163045,2,LC9,left,downstream
720575940613891442,720575940618879832,2,unknown,unknown,downstream
720575940613891442,720575940570621213,2,unknown,unknown,downstream
720575940613891442,720575940604523671,2,unknown,unknown,downstream
720575940613891442,720575940610396114,2,unknown,unknown,downstream
720575940613891442,720575940591041108,2,unknown,unknown,downstream
720575940613891442,720575940604520855,2,unknown,unknown,downstream
720575940613891442,720575940622648556,2,unknown,left,downstream
720575940613891442,720575940619176094,2,unknown,left,downstream
720575940613891442,720575940608754913,2,unknown,unknown,downstream
720575940613891442,720575940619176328,2,unknown,unknown,downstream
720575940613891442,720575940613302169,2,unknown,left,downstream
720575940613891442,720575940608742485,2,unknown,unknown,downstream
720575940613891442,720575940478653800,2,unknown,unknown,downstream
720575940613891442,720575940604681830,2,LC9,right,downstream
720575940613891442,720575940608863048,2,unknown,unknown,downstream
720575940613891442,720575940470402905,2,unknown,unknown,downstream
720575940613891442,720575940583180412,2,unknown,unknown,downstream
720575940613891442,720575940622616333,2,unknown,left,downstream
720575940613891442,720575940624191980,2,unknown,unknown,downstream
720575940613891442,720575940624154663,2,"PS240,PS264",right,downstream
720575940613891442,720575940643245422,2,unknown,right,downstream
720575940613891442,720575940586558079,2,unknown,unknown,downstream
720575940613891442,720575940629005356,2,PLP021,left,downstream
720575940613891442,720575940628972332,2,LC9,right,downstream
720575940613891442,720575940484069064,2,unknown,unknown,downstream
720575940613891442,720575940608819824,2,unknown,unknown,downstream
720575940613891442,720575940629134396,2,LAL110,left,downstream
720575940613891442,720575940608810864,2,unknown,unknown,downstream
720575940613891442,720575940604648265,2,unknown,unknown,downstream
720575940613891442,720575940619099796,2,unknown,unknown,downstream
720575940613891442,720575940599318840,2,unknown,unknown,downstream
720575940613891442,720575940547214297,2,unknown,unknown,downstream
720575940613891442,720575940545031989,2,unknown,unknown,downstream
720575940613891442,720575940608859608,2,unknown,unknown,downstream
720575940613891442,720575940469625948,2,unknown,unknown,downstream
720575940613891442,720575940613199279,2,AVLP454_a,right,downstream
720575940613891442,720575940617047259,2,unknown,unknown,downstream
720575940613891442,720575940615620002,2,LNO2,right,downstream
720575940613891442,720575940623654983,2,unknown,unknown,downstream
720575940613891442,720575940613867938,2,AVLP370,left,downstream
720575940613891442,720575940583022504,2,unknown,unknown,downstream
720575940613891442,720575940631721785,2,PS059,right,downstream
720575940613891442,720575940627339876,2,unknown,right,downstream
720575940613891442,720575940605140041,2,unknown,unknown,downstream
720575940613891442,720575940502491904,2,unknown,unknown,downstream
720575940613891442,720575940507493209,2,unknown,unknown,downstream
720575940613891442,720575940600064679,2,unknown,unknown,downstream
720575940613891442,720575940631812141,2,1934975261,left,downstream
720575940613891442,720575940520873640,2,unknown,unknown,downstream
720575940613891442,720575940414990841,2,unknown,unknown,downstream
720575940613891442,720575940598878739,2,unknown,unknown,downstream
720575940613891442,720575940612598695,2,unknown,left,downstream
720575940613891442,720575940627323676,2,PS086,left,downstream
720575940613891442,720575940604205518,2,unknown,unknown,downstream
720575940613891442,720575940534891445,2,unknown,unknown,downstream
720575940613891442,720575940534893749,2,unknown,unknown,downstream
720575940613891442,720575940627285322,2,unknown,right,downstream
720575940613891442,720575940609394846,2,unknown,unknown,downstream
720575940613891442,720575940631957644,2,PS177,left,downstream
720575940613891442,720575940620223659,2,FB6M,left,downstream
720575940613891442,720575940631711225,2,LC9,left,downstream
720575940613891442,720575940620119023,2,unknown,right,downstream
720575940613891442,720575940381423153,2,unknown,unknown,downstream
720575940613891442,720575940618116766,2,PLP172,right,downstream
720575940613891442,720575940442874779,2,unknown,unknown,downstream
720575940613891442,720575940428006758,2,unknown,unknown,downstream
720575940613891442,720575940599885519,2,unknown,unknown,downstream
720575940613891442,720575940478751018,2,unknown,unknown,downstream
720575940613891442,720575940631453101,2,PS178,right,downstream
720575940613891442,720575940450579859,2,unknown,unknown,downstream
720575940613891442,720575940631498563,2,DNa08,left,downstream
720575940613891442,720575940631517251,2,AOTU019,right,downstream
720575940613891442,720575940613795092,2,unknown,unknown,downstream
720575940613891442,720575940613797396,2,unknown,unknown,downstream
720575940613891442,720575940450656659,2,unknown,unknown,downstream
720575940613891442,720575940631572527,2,AVLP462,right,downstream
720575940613891442,720575940583022760,2,unknown,unknown,downstream
720575940613891442,720575940618092406,2,unknown,unknown,downstream
720575940613891442,720575940631625979,2,LAL016,left,downstream
720575940613891442,720575940616109469,2,unknown,right,downstream
720575940613891442,720575940613824278,2,LAL130,left,downstream
720575940613891442,720575940613824370,2,unknown,left,downstream
720575940613891442,720575940620096414,2,"PPM1204,PS139",left,downstream
720575940613891442,720575940609294286,2,"PVLP004,PVLP005",right,downstream
720575940613891442,720575940652838785,2,unknown,unknown,downstream
720575940613891442,720575940627281594,2,VES079,left,downstream
720575940613891442,720575940632825913,2,FB4B,left,downstream
720575940613891442,720575940632689199,2,LT36,right,downstream
720575940613891442,720575940627204362,2,PS011,left,downstream
720575940613891442,720575940600104744,2,unknown,unknown,downstream
720575940613891442,720575940588511024,2,unknown,unknown,downstream
720575940613891442,720575940632614881,2,"PVLP004,PVLP005",right,downstream
720575940613891442,720575940632619880,2,LC9,right,downstream
720575940613891442,720575940605517549,2,unknown,unknown,downstream
720575940613891442,720575940590272537,2,unknown,unknown,downstream
720575940613891442,720575940605594468,2,unknown,unknown,downstream
720575940613891442,720575940632632607,2,unknown,left,downstream
720575940613891442,720575940600111400,2,unknown,unknown,downstream
720575940613891442,720575940608458931,2,unknown,unknown,downstream
720575940613891442,720575940627175445,2,unknown,right,downstream
720575940613891442,720575940622828682,2,LAL133,left,downstream
720575940613891442,720575940462857431,2,unknown,unknown,downstream
720575940613891442,720575940590271769,2,unknown,unknown,downstream
720575940613891442,720575940632781724,2,unknown,left,downstream
720575940613891442,720575940623252407,2,unknown,right,downstream
720575940613891442,720575940627132668,2,unknown,left,downstream
720575940613891442,720575940597158457,2,unknown,unknown,downstream
720575940613891442,720575940632807193,2,AVLP370,right,downstream
720575940613891442,720575940612557994,2,PS297,right,downstream
720575940613891442,720575940582977035,2,unknown,unknown,downstream
720575940613891442,720575940620255926,2,LAL094,right,downstream
720575940613891442,720575940613981905,2,LAL052,left,downstream
720575940613891442,720575940609437861,2,unknown,unknown,downstream
720575940613891442,720575940623862771,2,unknown,right,downstream
720575940613891442,720575940620274029,2,"LC33a,LC33b",right,downstream
720575940613891442,720575940632032204,2,unknown,right,downstream
720575940613891442,720575940632042148,2,unknown,left,downstream
720575940613891442,720575940622791364,2,LAL135,left,downstream
720575940613891442,720575940612596461,2,LAL090,left,downstream
720575940613891442,720575940632213192,2,unknown,unknown,downstream
720575940613891442,720575940627264062,2,ExR3,right,downstream
720575940613891442,720575940610475042,2,unknown,unknown,downstream
720575940613891442,720575940557435471,2,unknown,unknown,downstream
720575940613891442,720575940614009542,2,unknown,left,downstream
720575940613891442,720575940632362258,2,unknown,right,downstream
720575940613891442,720575940579539955,2,unknown,unknown,downstream
720575940613891442,720575940632387228,2,LAL094,left,downstream
720575940613891442,720575940620346673,2,unknown,right,downstream
720575940613891442,720575940605318880,2,LC9,right,downstream
720575940613891442,720575940609456034,2,unknown,unknown,downstream
720575940613891442,720575940620380073,2,unknown,right,downstream
720575940613891442,720575940615457938,2,GLNO,right,downstream
720575940613891442,720575940623937976,2,PFL2,right,downstream
720575940613891442,720575940631387423,2,LAL021,left,downstream
720575940613891442,720575940512326495,2,unknown,unknown,downstream
720575940613891442,720575940630768707,2,1622138907,left,downstream
720575940613891442,720575940613598105,2,LAL155,left,downstream
720575940613891442,720575940630706272,2,unknown,unknown,downstream
720575940613891442,720575940644085527,2,PS303,left,downstream
720575940613891442,720575940457314095,2,unknown,unknown,downstream
720575940613891442,720575940619723656,2,unknown,unknown,downstream
720575940613891442,720575940644095511,2,LC9,left,downstream
720575940613891442,720575940644193902,2,LAL194,left,downstream
720575940613891442,720575940627859999,2,unknown,unknown,downstream
720575940613891442,720575940624013287,2,LLPC1,right,downstream
720575940613891442,720575940605009097,2,unknown,right,downstream
720575940613891442,720575940627891305,2,unknown,left,downstream
720575940613891442,720575940409304549,2,unknown,unknown,downstream
720575940613891442,720575940644266862,2,unknown,right,downstream
720575940613891442,720575940491690619,2,unknown,unknown,downstream
720575940613891442,720575940619759750,2,unknown,right,downstream
720575940613891442,720575940613646967,2,unknown,unknown,downstream
720575940613891442,720575940386801170,2,unknown,unknown,downstream
720575940613891442,720575940627841795,2,LAL009,left,downstream
720575940613891442,720575940591455156,2,unknown,unknown,downstream
720575940613891442,720575940618389208,2,LAL116,left,downstream
720575940613891442,720575940619682624,2,LAL168,left,downstream
720575940613891442,720575940618439569,2,LAL022,left,downstream
720575940613891442,720575940627458570,2,unknown,right,downstream
720575940613891442,720575940630601759,2,unknown,left,downstream
720575940613891442,720575940609927307,2,unknown,unknown,downstream
720575940613891442,720575940619637185,2,PS177,right,downstream
720575940613891442,720575940613560994,2,LCNOpm,left,downstream
720575940613891442,720575940630460663,2,PVLP006,left,downstream
720575940613891442,720575940630461009,2,WED070,right,downstream
720575940613891442,720575940630506358,2,LAL129,left,downstream
720575940613891442,720575940618503320,2,unknown,unknown,downstream
720575940613891442,720575940561198960,2,unknown,unknown,downstream
720575940613891442,720575940630548035,2,unknown,right,downstream
720575940613891442,720575940618472273,2,unknown,unknown,downstream
720575940613891442,720575940627980955,2,LAL131,left,downstream
720575940613891442,720575940608541552,2,unknown,unknown,downstream
720575940613891442,720575940630652798,2,LAL102,right,downstream
720575940613891442,720575940613567017,2,unknown,unknown,downstream
720575940613891442,720575940619643190,2,LC9,right,downstream
720575940613891442,720575940624016933,2,"LAL096,LAL097",left,downstream
720575940613891442,720575940630657271,2,IB061,right,downstream
720575940613891442,720575940612737376,2,unknown,unknown,downstream
720575940613891442,720575940387829577,2,unknown,unknown,downstream
720575940613891442,720575940604975474,2,unknown,unknown,downstream
720575940613891442,720575940630847196,2,PLP032,left,downstream
720575940613891442,720575940630850617,2,LAL043,right,downstream
720575940613891442,720575940630875971,2,PS063,left,downstream
720575940613891442,720575940618249797,2,MBON27,right,downstream
720575940613891442,720575940581726716,2,unknown,unknown,downstream
720575940613891442,720575940583502120,2,unknown,unknown,downstream
720575940613891442,720575940623956941,2,WED016,right,downstream
720575940613891442,720575940631199744,2,LC9,right,downstream
720575940613891442,720575940615443243,2,unknown,unknown,downstream
720575940613891442,720575940627608216,2,WED024,left,downstream
720575940613891442,720575940598939902,2,unknown,unknown,downstream
720575940613891442,720575940631232245,2,unknown,unknown,downstream
720575940613891442,720575940620001360,2,VES018,right,downstream
720575940613891442,720575940620010376,2,unknown,unknown,downstream
720575940613891442,720575940609151126,2,unknown,unknown,downstream
720575940613891442,720575940390465197,2,unknown,unknown,downstream
720575940613891442,720575940631282247,2,unknown,right,downstream
720575940613891442,720575940631282732,2,PS020,right,downstream
720575940613891442,720575940612655450,2,unknown,unknown,downstream
720575940613891442,720575940631293092,2,LAL056,left,downstream
720575940613891442,720575940586138071,2,unknown,unknown,downstream
720575940613891442,720575940627534723,2,"PVLP004,PVLP005",left,downstream
720575940613891442,720575940627514567,2,VES063,left,downstream
720575940613891442,720575940620020534,2,LAL198,right,downstream
720575940613891442,720575940586978225,2,unknown,unknown,downstream
720575940613891442,720575940619946604,2,unknown,unknown,downstream
720575940613891442,720575940461266836,2,unknown,unknown,downstream
720575940613891442,720575940631140608,2,unknown,left,downstream
720575940613891442,720575940433856847,2,unknown,unknown,downstream
720575940613891442,720575940388126255,2,unknown,unknown,downstream
720575940613891442,720575940586953828,2,unknown,unknown,downstream
720575940613891442,720575940627779560,2,FB5V,left,downstream
720575940613891442,720575940630968680,2,LAL144,right,downstream
720575940613891442,720575940619846310,2,LAL056,left,downstream
720575940613891442,720575940569821266,2,unknown,unknown,downstream
720575940613891442,720575940623982794,2,unknown,left,downstream
720575940613891442,720575940575292583,2,unknown,unknown,downstream
720575940613891442,720575940618289363,2,unknown,unknown,downstream
720575940613891442,720575940631011328,2,LAL045,left,downstream
720575940613891442,720575940595300905,2,unknown,unknown,downstream
720575940613891442,720575940461163642,2,unknown,unknown,downstream
720575940613891442,720575940599773060,2,unknown,unknown,downstream
720575940613891442,720575940618275033,2,unknown,unknown,downstream
720575940613891442,720575940435153230,2,unknown,unknown,downstream
720575940613891442,720575940627631178,2,WED152,left,downstream
720575940613891442,720575940605074278,2,unknown,right,downstream
720575940613891442,720575940598945022,2,unknown,unknown,downstream
720575940613891442,720575940615516380,2,unknown,unknown,downstream
720575940613891442,720575940622790149,2,unknown,left,downstream
720575940613891442,720575940605607392,2,PLP249,right,downstream
720575940613891442,720575940634984321,2,unknown,unknown,downstream
720575940613891442,720575940560402633,2,unknown,unknown,downstream
720575940613891442,720575940588762771,2,unknown,unknown,downstream
720575940613891442,720575940521183216,2,unknown,unknown,downstream
720575940613891442,720575940598583691,2,unknown,unknown,downstream
720575940613891442,720575940413548800,2,unknown,unknown,downstream
720575940613891442,720575940634874266,2,LAL054,left,downstream
720575940613891442,720575940617296699,2,unknown,right,downstream
720575940613891442,720575940611934706,2,CL333,left,downstream
720575940613891442,720575940582433851,2,unknown,unknown,downstream
720575940613891442,720575940591731200,2,unknown,unknown,downstream
720575940613891442,720575940541945995,2,unknown,unknown,downstream
720575940613891442,720575940557541247,2,unknown,unknown,downstream
720575940613891442,720575940635019365,2,unknown,right,downstream
720575940613891442,720575940583764762,2,unknown,unknown,downstream
720575940613891442,720575940646074391,2,"CRE008,CRE010",right,downstream
720575940613891442,720575940609860803,2,LC9,right,downstream
720575940613891442,720575940609868360,2,unknown,unknown,downstream
720575940613891442,720575940617252385,2,unknown,unknown,downstream
720575940613891442,720575940625967546,2,LCNOp,right,downstream
720575940613891442,720575940635116569,2,unknown,left,downstream
720575940613891442,720575940603678688,2,unknown,unknown,downstream
720575940613891442,720575940612021475,2,LC9,left,downstream
720575940613891442,720575940572872252,2,unknown,unknown,downstream
720575940613891442,720575940593343316,2,unknown,unknown,downstream
720575940613891442,720575940555676351,2,unknown,unknown,downstream
720575940613891442,720575940617660655,2,unknown,unknown,downstream
720575940613891442,720575940620912987,2,PLP195,right,downstream
720575940613891442,720575940623689959,2,LAL121,left,downstream
720575940613891442,720575940598744851,2,unknown,unknown,downstream
720575940613891442,720575940620916229,2,LAL158,left,downstream
720575940613891442,720575940620916939,2,SIP022,left,downstream
720575940613891442,720575940634429279,2,WED040,left,downstream
720575940613891442,720575940536673883,2,unknown,unknown,downstream
720575940613891442,720575940546933021,2,unknown,unknown,downstream
720575940613891442,720575940546894109,2,unknown,unknown,downstream
720575940613891442,720575940549480211,2,unknown,unknown,downstream
720575940613891442,720575940416660167,2,unknown,unknown,downstream
720575940613891442,720575940617532062,2,unknown,right,downstream
720575940613891442,720575940617520413,2,unknown,right,downstream
720575940613891442,720575940634669236,2,unknown,left,downstream
720575940613891442,720575940626272030,2,unknown,left,downstream
720575940613891442,720575940634701025,2,FB3A,left,downstream
720575940613891442,720575940620982049,2,LC9,left,downstream
720575940613891442,720575940590060471,2,unknown,unknown,downstream
720575940613891442,720575940595929258,2,unknown,unknown,downstream
720575940613891442,720575940635146863,2,unknown,right,downstream
720575940613891442,720575940606165378,2,PS087,left,downstream
720575940613891442,720575940635517876,2,CRE078,left,downstream
720575940613891442,720575940467546267,2,unknown,unknown,downstream
720575940613891442,720575940385325860,2,unknown,unknown,downstream
720575940613891442,720575940621385752,2,unknown,left,downstream
720575940613891442,720575940607982428,2,PS013,right,downstream
720575940613891442,720575940621392086,2,LAL106,left,downstream
720575940613891442,720575940607982345,2,LAL053,right,downstream
720575940613891442,720575940388998710,2,unknown,unknown,downstream
720575940613891442,720575940625718053,2,LAL107,right,downstream
720575940613891442,720575940606810961,2,unknown,unknown,downstream
720575940613891442,720575940474595993,2,unknown,unknown,downstream
720575940613891442,720575940625962172,2,LAL155,left,downstream
720575940613891442,720575940625694034,2,"PVLP004,PVLP005",right,downstream
720575940613891442,720575940617089281,2,unknown,left,downstream
720575940613891442,720575940617077249,2,CL067,right,downstream
720575940613891442,720575940530217233,2,unknown,unknown,downstream
720575940613891442,720575940596004626,2,unknown,unknown,downstream
720575940613891442,720575940614705810,2,VES043,left,downstream
720575940613891442,720575940632871322,2,"LAL028, LAL029",right,downstream
720575940613891442,720575940635618071,2,unknown,unknown,downstream
720575940613891442,720575940621440862,2,LC9,left,downstream
720575940613891442,720575940615592961,2,unknown,right,downstream
720575940613891442,720575940621352447,2,LC9,right,downstream
720575940613891442,720575940609902993,2,unknown,unknown,downstream
720575940613891442,720575940625810324,2,SMP111,left,downstream
720575940613891442,720575940582394180,2,unknown,unknown,downstream
720575940613891442,720575940406206672,2,unknown,unknown,downstream
720575940613891442,720575940635271822,2,unknown,right,downstream
720575940613891442,720575940621252869,2,LAL043,left,downstream
720575940613891442,720575940621268830,2,ExR5,right,downstream
720575940613891442,720575940617217067,2,unknown,unknown,downstream
720575940613891442,720575940580363246,2,unknown,unknown,downstream
720575940613891442,720575940635319831,2,unknown,unknown,downstream
720575940613891442,720575940576608518,2,unknown,unknown,downstream
720575940613891442,720575940594101884,2,unknown,unknown,downstream
720575940613891442,720575940456847624,2,unknown,unknown,downstream
720575940613891442,720575940614611142,2,LAL094,left,downstream
720575940613891442,720575940621324927,2,unknown,right,downstream
720575940613891442,720575940603548640,2,unknown,left,downstream
720575940613891442,720575940591784496,2,unknown,unknown,downstream
720575940613891442,720575940607983627,2,unknown,left,downstream
720575940613891442,720575940625880472,2,PFR,right,downstream
720575940613891442,720575940625878160,2,DNb01,left,downstream
720575940613891442,720575940617161571,2,unknown,unknown,downstream
720575940613891442,720575940620899542,2,LAL056,right,downstream
720575940613891442,720575940614492397,2,PVLP151,right,downstream
720575940613891442,720575940620615064,2,unknown,unknown,downstream
720575940613891442,720575940620664496,2,AOTU042,right,downstream
720575940613891442,720575940633393121,2,unknown,unknown,downstream
720575940613891442,720575940608428175,2,unknown,unknown,downstream
720575940613891442,720575940633439851,2,WED145,right,downstream
720575940613891442,720575940609589528,2,unknown,unknown,downstream
720575940613891442,720575940605640905,2,PFL3,right,downstream
720575940613891442,720575940550511699,2,unknown,unknown,downstream
720575940613891442,720575940633528801,2,LAL175,left,downstream
720575940613891442,720575940626848275,2,AVLP077,right,downstream
720575940613891442,720575940595670090,2,unknown,unknown,downstream
720575940613891442,720575940620670838,2,unknown,unknown,downstream
720575940613891442,720575940623820787,2,WED069,left,downstream
720575940613891442,720575940523506237,2,unknown,unknown,downstream
720575940613891442,720575940608402524,2,unknown,right,downstream
720575940613891442,720575940612404478,2,unknown,left,downstream
720575940613891442,720575940604123648,2,unknown,unknown,downstream
720575940613891442,720575940612331618,2,unknown,left,downstream
720575940613891442,720575940557482575,2,unknown,unknown,downstream
720575940613891442,720575940384986796,2,unknown,unknown,downstream
720575940613891442,720575940633649397,2,unknown,unknown,downstream
720575940613891442,720575940622971283,2,CRE078,right,downstream
720575940613891442,720575940633378296,2,"LAL096,LAL097",left,downstream
720575940613891442,720575940633328831,2,"VES051,VES052",left,downstream
720575940613891442,720575940600265127,2,unknown,unknown,downstream
720575940613891442,720575940627033918,2,unknown,right,downstream
720575940613891442,720575940632896738,2,unknown,left,downstream
720575940613891442,720575940653288097,2,"LAL111,PS060",right,downstream
720575940613891442,720575940627116547,2,LAL059,left,downstream
720575940613891442,720575940617671896,2,unknown,right,downstream
720575940613891442,720575940627111752,2,PVLP019,right,downstream
720575940613891442,720575940633095137,2,DNp09,right,downstream
720575940613891442,720575940623280647,2,LAL196,left,downstream
720575940613891442,720575940612515139,2,unknown,unknown,downstream
720575940613891442,720575940627083397,2,PVLP150,right,downstream
720575940613891442,720575940617917233,2,PS052,left,downstream
720575940613891442,720575940617868249,2,unknown,left,downstream
720575940613891442,720575940623841779,2,unknown,left,downstream
720575940613891442,720575940620584497,2,unknown,right,downstream
720575940613891442,720575940614189310,2,unknown,left,downstream
720575940613891442,720575940420450499,2,unknown,unknown,downstream
720575940613891442,720575940594282135,2,unknown,unknown,downstream
720575940613891442,720575940633243640,2,LAL021,right,downstream
720575940613891442,720575940626973201,2,unknown,left,downstream
720575940613891442,720575940633299993,2,unknown,right,downstream
720575940613891442,720575940617878869,2,LC9,right,downstream
720575940613891442,720575940612322658,2,ATL034,left,downstream
720575940613891442,720575940617826629,2,LAL073,right,downstream
720575940613891442,720575940634041279,2,unknown,right,downstream
720575940613891442,720575940616052084,2,unknown,unknown,downstream
720575940613891442,720575940620789213,2,PVLP060,left,downstream
720575940613891442,720575940620799397,2,unknown,left,downstream
720575940613891442,720575940436415548,2,unknown,unknown,downstream
720575940613891442,720575940612281842,2,CRE005,right,downstream
720575940613891442,720575940507827841,2,unknown,unknown,downstream
720575940613891442,720575940578223801,2,unknown,unknown,downstream
720575940613891442,720575940626730883,2,unknown,left,downstream
720575940613891442,720575940610941906,2,PPM1201,right,downstream
720575940613891442,720575940449704487,2,unknown,unknown,downstream
720575940613891442,720575940496189868,2,unknown,unknown,downstream
720575940613891442,720575940507827329,2,unknown,unknown,downstream
720575940613891442,720575940609743249,2,unknown,unknown,downstream
720575940613891442,720575940576476165,2,unknown,unknown,downstream
720575940613891442,720575940612258513,2,LC9,right,downstream
720575940613891442,720575940612211496,2,PFR,right,downstream
720575940613891442,720575940626500352,2,unknown,unknown,downstream
720575940613891442,720575940623718119,2,GLNO,left,downstream
720575940613891442,720575940571463692,2,unknown,unknown,downstream
720575940613891442,720575940583718055,2,unknown,unknown,downstream
720575940613891442,720575940626478617,2,unknown,unknown,downstream
720575940613891442,720575940626628629,2,WED018,right,downstream
720575940613891442,720575940614392682,2,unknown,right,downstream
720575940613891442,720575940634206743,2,unknown,unknown,downstream
720575940613891442,720575940434687555,2,unknown,unknown,downstream
720575940613891442,720575940537176187,2,unknown,unknown,downstream
720575940613891442,720575940633683737,2,"LAL176,LAL177",right,downstream
720575940613891442,720575940608390446,2,"WED128,WED129",right,downstream
720575940613891442,720575940605777841,2,VES078,left,downstream
720575940613891442,720575940633715960,2,"LAL096,LAL097",left,downstream
720575940613891442,720575940605807206,2,unknown,right,downstream
720575940613891442,720575940633870431,2,AOTU038,right,downstream
720575940613891442,720575940645635636,2,unknown,left,downstream
720575940613891442,720575940591680768,2,unknown,unknown,downstream
720575940613891442,720575940604123284,2,unknown,unknown,downstream
720575940613891442,720575940569584311,2,unknown,unknown,downstream
720575940613891442,720575940633776665,2,unknown,left,downstream
720575940613891442,720575940626647136,2,unknown,unknown,downstream
720575940613891442,720575940607199905,2,unknown,unknown,downstream
720575940613891442,720575940609662209,2,unknown,unknown,downstream
720575940613891442,720575940609673873,2,unknown,unknown,downstream
720575940613891442,720575940583661158,2,unknown,unknown,downstream
720575940613891442,720575940617774119,2,unknown,unknown,downstream
720575940613891442,720575940627324162,1,SMP163,left,downstream
720575940613891442,720575940627293483,1,"WED102,WED103",left,downstream
720575940613891442,720575940627281082,1,unknown,right,downstream
720575940613891442,720575940627259722,1,unknown,left,downstream
720575940613891442,720575940627406361,1,unknown,unknown,downstream
720575940613891442,720575940627387497,1,unknown,unknown,downstream
720575940613891442,720575940627388047,1,VES022,right,downstream
720575940613891442,720575940627253604,1,VES041,left,downstream
720575940613891442,720575940627400776,1,PFR,left,downstream
720575940613891442,720575940627409504,1,unknown,unknown,downstream
720575940613891442,720575940627012121,1,unknown,unknown,downstream
720575940613891442,720575940627221071,1,unknown,right,downstream
720575940613891442,720575940627194174,1,IB029,right,downstream
720575940613891442,720575940627188410,1,unknown,left,downstream
720575940613891442,720575940627174673,1,PS127,left,downstream
720575940613891442,720575940627170715,1,LAL094,left,downstream
720575940613891442,720575940627149723,1,PS193,right,downstream
720575940613891442,720575940627142855,1,unknown,left,downstream
720575940613891442,720575940627107124,1,unknown,unknown,downstream
720575940613891442,720575940627044885,1,unknown,right,downstream
720575940613891442,720575940627042622,1,LAL143,right,downstream
720575940613891442,720575940627436391,1,unknown,left,downstream
720575940613891442,720575940627427736,1,unknown,unknown,downstream
720575940613891442,720575940626239740,1,unknown,right,downstream
720575940613891442,720575940627447068,1,VES054,right,downstream
720575940613891442,720575940627450183,1,unknown,unknown,downstream
720575940613891442,720575940627997050,1,DNb03,right,downstream
720575940613891442,720575940627003161,1,unknown,unknown,downstream
720575940613891442,720575940627996285,1,aMe14b,left,downstream
720575940613891442,720575940627934791,1,unknown,unknown,downstream
720575940613891442,720575940627875388,1,WED130,right,downstream
720575940613891442,720575940627825479,1,unknown,unknown,downstream
720575940613891442,720575940627818499,1,PPM1202,left,downstream
720575940613891442,720575940627813740,1,unknown,unknown,downstream
720575940613891442,720575940627802374,1,LAL042,right,downstream
720575940613891442,720575940627787575,1,PS022,right,downstream
720575940613891442,720575940627774751,1,unknown,unknown,downstream
720575940613891442,720575940627759619,1,unknown,right,downstream
720575940613891442,720575940627715721,1,LC39,left,downstream
720575940613891442,720575940627652358,1,DNp09,right,downstream
720575940613891442,720575940627635441,1,ATL028,right,downstream
720575940613891442,720575940627634796,1,unknown,unknown,downstream
720575940613891442,720575940627614199,1,unknown,left,downstream
720575940613891442,720575940627586170,1,PS026,left,downstream
720575940613891442,720575940627567724,1,unknown,unknown,downstream
720575940613891442,720575940627552793,1,unknown,unknown,downstream
720575940613891442,720575940627551001,1,unknown,unknown,downstream
720575940613891442,720575940627009817,1,unknown,unknown,downstream
720575940613891442,720575940626288661,1,unknown,left,downstream
720575940613891442,720575940626972858,1,IB024,right,downstream
720575940613891442,720575940626383635,1,unknown,right,downstream
720575940613891442,720575940626562122,1,unknown,right,downstream
720575940613891442,720575940626527314,1,PS054,right,downstream
720575940613891442,720575940626507027,1,SMP565,right,downstream
720575940613891442,720575940626479641,1,unknown,unknown,downstream
720575940613891442,720575940626471957,1,PFL1,right,downstream
720575940613891442,720575940626456330,1,LC9,right,downstream
720575940613891442,720575940626433881,1,SAD085,right,downstream
720575940613891442,720575940626409342,1,unknown,unknown,downstream
720575940613891442,720575940626397258,1,LC9,right,downstream
720575940613891442,720575940626363261,1,LAL127,right,downstream
720575940613891442,720575940626587921,1,"WED128,WED129",left,downstream
720575940613891442,720575940626358288,1,PS025,left,downstream
720575940613891442,720575940626352009,1,"PVLP004,PVLP005",left,downstream
720575940613891442,720575940626338148,1,unknown,left,downstream
720575940613891442,720575940626313241,1,unknown,unknown,downstream
720575940613891442,720575940626292623,1,unknown,right,downstream
720575940613891442,720575940626286981,1,unknown,unknown,downstream
720575940613891442,720575940626269033,1,unknown,left,downstream
720575940613891442,720575940626268934,1,WED145,right,downstream
720575940613891442,720575940628041042,1,WED153,left,downstream
720575940613891442,720575940626585604,1,"PS082,PS084",right,downstream
720575940613891442,720575940626608719,1,"PS081,PS085",left,downstream
720575940613891442,720575940626968266,1,VES003,left,downstream
720575940613891442,720575940626748949,1,AOTU027,left,downstream
720575940613891442,720575940626904392,1,unknown,left,downstream
720575940613891442,720575940626875488,1,unknown,unknown,downstream
720575940613891442,720575940626859104,1,unknown,unknown,downstream
720575940613891442,720575940626846919,1,unknown,left,downstream
720575940613891442,720575940626843194,1,unknown,left,downstream
720575940613891442,720575940626823247,1,unknown,right,downstream
720575940613891442,720575940626783881,1,PS213,right,downstream
720575940613891442,720575940626783065,1,AVLP016,left,downstream
720575940613891442,720575940626763688,1,PFL2,left,downstream
720575940613891442,720575940626743306,1,unknown,unknown,downstream
720575940613891442,720575940626613609,1,LC9,right,downstream
720575940613891442,720575940626732825,1,unknown,unknown,downstream
720575940613891442,720575940626705746,1,unknown,left,downstream
720575940613891442,720575940626692666,1,"CRE060,CRE067",right,downstream
720575940613891442,720575940626688772,1,PS203,right,downstream
720575940613891442,720575940626677217,1,unknown,unknown,downstream
720575940613891442,720575940626672314,1,unknown,left,downstream
720575940613891442,720575940626669355,1,unknown,right,downstream
720575940613891442,720575940626625301,1,LAL093,left,downstream
720575940613891442,720575940626621317,1,unknown,left,downstream
720575940613891442,720575940628016387,1,LAL042,left,downstream
720575940613891442,720575940629506400,1,unknown,unknown,downstream
720575940613891442,720575940628050234,1,unknown,unknown,downstream
720575940613891442,720575940628843511,1,unknown,unknown,downstream
720575940613891442,720575940629226055,1,unknown,unknown,downstream
720575940613891442,720575940629224903,1,unknown,unknown,downstream
720575940613891442,720575940629221472,1,unknown,unknown,downstream
720575940613891442,720575940629203447,1,unknown,unknown,downstream
720575940613891442,720575940629174844,1,unknown,unknown,downstream
720575940613891442,720575940629170250,1,PS195,right,downstream
720575940613891442,720575940629165383,1,unknown,unknown,downstream
720575940613891442,720575940629163847,1,unknown,unknown,downstream
720575940613891442,720575940629155958,1,unknown,left,downstream
720575940613891442,720575940629149511,1,unknown,unknown,downstream
720575940613891442,720575940629132128,1,unknown,unknown,downstream
720575940613891442,720575940629125191,1,unknown,unknown,downstream
720575940613891442,720575940629045831,1,unknown,unknown,downstream
720575940613891442,720575940629039431,1,unknown,unknown,downstream
720575940613891442,720575940629023559,1,unknown,unknown,downstream
720575940613891442,720575940628919367,1,unknown,unknown,downstream
720575940613891442,720575940628916551,1,unknown,unknown,downstream
720575940613891442,720575940628916444,1,AOTU026,right,downstream
720575940613891442,720575940628908375,1,LC9,left,downstream
720575940613891442,720575940628876292,1,LAL023,left,downstream
720575940613891442,720575940628876111,1,unknown,right,downstream
720575940613891442,720575940629241335,1,CL006,right,downstream
720575940613891442,720575940629263888,1,unknown,left,downstream
720575940613891442,720575940629283261,1,unknown,unknown,downstream
720575940613891442,720575940629433671,1,unknown,unknown,downstream
720575940613891442,720575940626215264,1,unknown,unknown,downstream
720575940613891442,720575940629594839,1,LC9,left,downstream
720575940613891442,720575940629585479,1,unknown,unknown,downstream
720575940613891442,720575940629580128,1,unknown,unknown,downstream
720575940613891442,720575940629549049,1,LC9,right,downstream
720575940613891442,720575940629490476,1,DNa08,left,downstream
720575940613891442,720575940629486714,1,unknown,left,downstream
720575940613891442,720575940629458272,1,unknown,unknown,downstream
720575940613891442,720575940629457936,1,IB049,left,downstream
720575940613891442,720575940629428522,1,unknown,right,downstream
720575940613891442,720575940629328172,1,PVLP070,right,downstream
720575940613891442,720575940629419594,1,LC9,left,downstream
720575940613891442,720575940629402711,1,AOTU037,right,downstream
720575940613891442,720575940629396695,1,unknown,right,downstream
720575940613891442,720575940629388304,1,unknown,left,downstream
720575940613891442,720575940629384566,1,WED122,right,downstream
720575940613891442,720575940629376528,1,LT43,right,downstream
720575940613891442,720575940629360459,1,unknown,right,downstream
720575940613891442,720575940629356871,1,unknown,unknown,downstream
720575940613891442,720575940629355623,1,5813054853,left,downstream
720575940613891442,720575940628856514,1,FB5V,left,downstream
720575940613891442,720575940628825348,1,unknown,right,downstream
720575940613891442,720575940628059261,1,unknown,right,downstream
720575940613891442,720575940628812548,1,"FB4A,FB4D,FB4E,FB4F,FB4G,FB4H,FB4I,FB4J",right,downstream
720575940613891442,720575940628401451,1,CRE016,right,downstream
720575940613891442,720575940628382282,1,unknown,left,downstream
720575940613891442,720575940628373562,1,unknown,unknown,downstream
720575940613891442,720575940628352850,1,DNb05,left,downstream
720575940613891442,720575940628347722,1,LC9,right,downstream
720575940613891442,720575940628346634,1,PS123,right,downstream
720575940613891442,720575940628343818,1,unknown,left,downstream
720575940613891442,720575940628337103,1,LC9,right,downstream
720575940613891442,720575940628331369,1,unknown,unknown,downstream
720575940613891442,720575940628323143,1,unknown,unknown,downstream
720575940613891442,720575940628313052,1,unknown,left,downstream
720575940613891442,720575940628261873,1,LC9,left,downstream
720575940613891442,720575940379994731,1,unknown,unknown,downstream
720575940613891442,720575940628244064,1,unknown,right,downstream
720575940613891442,720575940628238217,1,unknown,right,downstream
720575940613891442,720575940628231239,1,unknown,unknown,downstream
720575940613891442,720575940628222535,1,unknown,unknown,downstream
720575940613891442,720575940628210463,1,unknown,unknown,downstream
720575940613891442,720575940628093309,1,IB049,right,downstream
720575940613891442,720575940628072195,1,SMP293,left,downstream
720575940613891442,720575940628067846,1,PFR,right,downstream
720575940613891442,720575940628417280,1,unknown,left,downstream
720575940613891442,720575940628440570,1,WED041,left,downstream
720575940613891442,720575940628443127,1,WED016,left,downstream
720575940613891442,720575940628602476,1,unknown,left,downstream
720575940613891442,720575940628809015,1,LLPC1,right,downstream
720575940613891442,720575940628793982,1,FB5A,left,downstream
720575940613891442,720575940628789626,1,PFGs,left,downstream
720575940613891442,720575940628777056,1,unknown,unknown,downstream
720575940613891442,720575940628766415,1,unknown,right,downstream
720575940613891442,720575940628686919,1,unknown,unknown,downstream
720575940613891442,720575940628679887,1,LC9,right,downstream
720575940613891442,720575940628654927,1,LC9,right,downstream
720575940613891442,720575940628627867,1,5813024933,right,downstream
720575940613891442,720575940628591719,1,unknown,unknown,downstream
720575940613891442,720575940628449639,1,unknown,right,downstream
720575940613891442,720575940628538732,1,unknown,left,downstream
720575940613891442,720575940628538494,1,unknown,right,downstream
720575940613891442,720575940628505065,1,unknown,unknown,downstream
720575940613891442,720575940628503017,1,unknown,unknown,downstream
720575940613891442,720575940628502761,1,unknown,unknown,downstream
720575940613891442,720575940628497129,1,unknown,unknown,downstream
720575940613891442,720575940628456553,1,PS090,left,downstream
720575940613891442,720575940628455942,1,CRE011,right,downstream
720575940613891442,720575940628453690,1,LAL001,left,downstream
720575940613891442,720575940626216168,1,unknown,right,downstream
720575940613891442,720575940623430621,1,PFL3,left,downstream
720575940613891442,720575940626203394,1,"LAL160,LAL161",left,downstream
720575940613891442,720575940624115678,1,unknown,unknown,downstream
720575940613891442,720575940624373898,1,unknown,left,downstream
720575940613891442,720575940624363000,1,unknown,unknown,downstream
720575940613891442,720575940624362387,1,PLP037,left,downstream
720575940613891442,720575940624361976,1,unknown,unknown,downstream
720575940613891442,720575940624346760,1,unknown,left,downstream
720575940613891442,720575940624340216,1,unknown,unknown,downstream
720575940613891442,720575940624334606,1,LAL089,right,downstream
720575940613891442,720575940624333816,1,unknown,unknown,downstream
720575940613891442,720575940624331256,1,unknown,unknown,downstream
720575940613891442,720575940624330254,1,LC9,left,downstream
720575940613891442,720575940624319880,1,LC9,left,downstream
720575940613891442,720575940624295672,1,unknown,unknown,downstream
720575940613891442,720575940624291699,1,unknown,unknown,downstream
720575940613891442,720575940624291576,1,unknown,unknown,downstream
720575940613891442,720575940624289907,1,unknown,unknown,downstream
720575940613891442,720575940624280328,1,MBON33,right,downstream
720575940613891442,720575940624264013,1,unknown,unknown,downstream
720575940613891442,720575940624236327,1,unknown,unknown,downstream
720575940613891442,720575940624220524,1,unknown,unknown,downstream
720575940613891442,720575940624216428,1,unknown,unknown,downstream
720575940613891442,720575940624193279,1,PS002,right,downstream
720575940613891442,720575940624382695,1,CL031,right,downstream
720575940613891442,720575940624395256,1,unknown,unknown,downstream
720575940613891442,720575940624427104,1,unknown,unknown,downstream
720575940613891442,720575940624619036,1,unknown,right,downstream
720575940613891442,720575940624652800,1,unknown,unknown,downstream
720575940613891442,720575940624640512,1,unknown,unknown,downstream
720575940613891442,720575940624640263,1,unknown,left,downstream
720575940613891442,720575940624639480,1,unknown,unknown,downstream
720575940613891442,720575940624638208,1,unknown,unknown,downstream
720575940613891442,720575940624632832,1,unknown,unknown,downstream
720575940613891442,720575940624624176,1,LC9,left,downstream
720575940613891442,720575940624621968,1,unknown,left,downstream
720575940613891442,720575940624620800,1,unknown,unknown,downstream
720575940613891442,720575940624603744,1,unknown,unknown,downstream
720575940613891442,720575940624452548,1,CRE048,left,downstream
720575940613891442,720575940624587534,1,unknown,left,downstream
720575940613891442,720575940624579100,1,AOTU015,right,downstream
720575940613891442,720575940624573671,1,unknown,left,downstream
720575940613891442,720575940624568416,1,unknown,right,downstream
720575940613891442,720575940624563187,1,unknown,right,downstream
720575940613891442,720575940624545940,1,PAM07,left,downstream
720575940613891442,720575940624483722,1,unknown,left,downstream
720575940613891442,720575940624469444,1,AOTU046,right,downstream
720575940613891442,720575940624467552,1,unknown,unknown,downstream
720575940613891442,720575940624137513,1,PS068,left,downstream
720575940613891442,720575940624115166,1,unknown,unknown,downstream
720575940613891442,720575940624681520,1,LAL030_a,right,downstream
720575940613891442,720575940624113374,1,unknown,unknown,downstream
720575940613891442,720575940623603726,1,PS280,left,downstream
720575940613891442,720575940623585255,1,PFL2,right,downstream
720575940613891442,720575940623565217,1,unknown,unknown,downstream
720575940613891442,720575940623554796,1,AOTU015,left,downstream
720575940613891442,720575940623533749,1,PS049,left,downstream
720575940613891442,720575940623530904,1,unknown,unknown,downstream
720575940613891442,720575940623525770,1,LAL030_b,right,downstream
720575940613891442,720575940623510433,1,unknown,unknown,downstream
720575940613891442,720575940623503318,1,unknown,right,downstream
720575940613891442,720575940623472024,1,unknown,unknown,downstream
720575940613891442,720575940623460872,1,PS263,right,downstream
720575940613891442,720575940623455239,1,unknown,left,downstream
720575940613891442,720575940623453959,1,unknown,left,downstream
720575940613891442,720575940629611360,1,unknown,unknown,downstream
720575940613891442,720575940623416984,1,unknown,unknown,downstream
720575940613891442,720575940623397959,1,unknown,unknown,downstream
720575940613891442,720575940623388524,1,unknown,unknown,downstream
720575940613891442,720575940623385894,1,VES028,right,downstream
720575940613891442,720575940623381831,1,unknown,unknown,downstream
720575940613891442,720575940623370232,1,unknown,unknown,downstream
720575940613891442,720575940623369720,1,unknown,unknown,downstream
720575940613891442,720575940623615928,1,1282507669,left,downstream
720575940613891442,720575940623651399,1,unknown,unknown,downstream
720575940613891442,720575940623652679,1,unknown,unknown,downstream
720575940613891442,720575940623926093,1,"WED160,WED183",left,downstream
720575940613891442,720575940624109278,1,unknown,unknown,downstream
720575940613891442,720575940624105191,1,unknown,unknown,downstream
720575940613891442,720575940624092749,1,unknown,unknown,downstream
720575940613891442,720575940624054792,1,PVLP012,left,downstream
720575940613891442,720575940624008547,1,VES021,left,downstream
720575940613891442,720575940624007694,1,unknown,left,downstream
720575940613891442,720575940623974602,1,unknown,left,downstream
720575940613891442,720575940623961549,1,SMP153,left,downstream
720575940613891442,720575940623953900,1,PVLP150,left,downstream
720575940613891442,720575940623897955,1,PFR,right,downstream
720575940613891442,720575940623676231,1,unknown,unknown,downstream
720575940613891442,720575940623862015,1,VES079,right,downstream
720575940613891442,720575940623773703,1,IB021,left,downstream
720575940613891442,720575940623764007,1,VES048,right,downstream
720575940613891442,720575940623761656,1,unknown,unknown,downstream
720575940613891442,720575940623758840,1,unknown,unknown,downstream
720575940613891442,720575940623747984,1,unknown,left,downstream
720575940613891442,720575940623724558,1,unknown,right,downstream
720575940613891442,720575940623720935,1,unknown,right,downstream
720575940613891442,720575940623676743,1,unknown,unknown,downstream
720575940613891442,720575940624677303,1,PLP091,left,downstream
720575940613891442,720575940624704514,1,WED032,left,downstream
720575940613891442,720575940626187776,1,unknown,unknown,downstream
720575940613891442,720575940625498376,1,unknown,right,downstream
720575940613891442,720575940625722183,1,unknown,unknown,downstream
720575940613891442,720575940625721415,1,unknown,unknown,downstream
720575940613891442,720575940625717797,1,unknown,unknown,downstream
720575940613891442,720575940625706895,1,"PVLP004,PVLP005",left,downstream
720575940613891442,720575940625692396,1,WED085,right,downstream
720575940613891442,720575940625673196,1,DNp09,left,downstream
720575940613891442,720575940625669148,1,CL067,left,downstream
720575940613891442,720575940625663269,1,LAL154,right,downstream
720575940613891442,720575940625651527,1,unknown,unknown,downstream
720575940613891442,720575940625631303,1,unknown,unknown,downstream
720575940613891442,720575940625628487,1,unknown,unknown,downstream
720575940613891442,720575940625624320,1,unknown,unknown,downstream
720575940613891442,720575940625621248,1,unknown,unknown,downstream
720575940613891442,720575940625587642,1,PLP246,right,downstream
720575940613891442,720575940625577497,1,unknown,unknown,downstream
720575940613891442,720575940625571584,1,unknown,unknown,downstream
720575940613891442,720575940625568186,1,PAM08,left,downstream
720575940613891442,720575940625566188,1,LAL147,right,downstream
720575940613891442,720575940625563623,1,PS088,right,downstream
720575940613891442,720575940625554176,1,unknown,unknown,downstream
720575940613891442,720575940625522068,1,PLP222,left,downstream
720575940613891442,720575940625722439,1,unknown,unknown,downstream
720575940613891442,720575940625767239,1,unknown,unknown,downstream
720575940613891442,720575940625777941,1,LC9,right,downstream
720575940613891442,720575940626009852,1,DNp05,right,downstream
720575940613891442,720575940626177768,1,LAL179,left,downstream
720575940613891442,720575940626174077,1,LAL043,right,downstream
720575940613891442,720575940626142077,1,PS156,left,downstream
720575940613891442,720575940626139617,1,unknown,unknown,downstream
720575940613891442,720575940626093537,1,unknown,unknown,downstream
720575940613891442,720575940626083983,1,unknown,left,downstream
720575940613891442,720575940626041346,1,PVLP144,left,downstream
720575940613891442,720575940626018321,1,unknown,right,downstream
720575940613891442,720575940626010042,1,LAL144,left,downstream
720575940613891442,720575940626005641,1,LC9,left,downstream
720575940613891442,720575940625855004,1,unknown,left,downstream
720575940613891442,720575940625971204,1,LC9,right,downstream
720575940613891442,720575940625965374,1,PS041,right,downstream
720575940613891442,720575940625943838,1,unknown,left,downstream
720575940613891442,720575940625931285,1,WEDPN7B,left,downstream
720575940613891442,720575940625929971,1,ExR4,right,downstream
720575940613891442,720575940625926677,1,unknown,right,downstream
720575940613891442,720575940625919363,1,"PS082,PS084",right,downstream
720575940613891442,720575940625894658,1,LLPC1,right,downstream
720575940613891442,720575940625886351,1,unknown,left,downstream
720575940613891442,720575940625502308,1,unknown,left,downstream
720575940613891442,720575940625487256,1,unknown,left,downstream
720575940613891442,720575940624705514,1,PS112,right,downstream
720575940613891442,720575940625477322,1,PS019,right,downstream
720575940613891442,720575940625019696,1,unknown,right,downstream
720575940613891442,720575940625014424,1,PS083,left,downstream
720575940613891442,720575940625000184,1,unknown,unknown,downstream
720575940613891442,720575940624996636,1,AOTU052,left,downstream
720575940613891442,720575940624954494,1,unknown,unknown,downstream
720575940613891442,720575940624952824,1,unknown,unknown,downstream
720575940613891442,720575940624945790,1,unknown,unknown,downstream
720575940613891442,720575940624937568,1,unknown,unknown,downstream
720575940613891442,720575940624937093,1,unknown,unknown,downstream
720575940613891442,720575940624920757,1,unknown,right,downstream
720575940613891442,720575940624917194,1,unknown,right,downstream
720575940613891442,720575940624890296,1,VES054,left,downstream
720575940613891442,720575940624850434,1,unknown,left,downstream
720575940613891442,720575940624833863,1,unknown,unknown,downstream
720575940613891442,720575940624827463,1,unknown,unknown,downstream
720575940613891442,720575940624823683,1,unknown,left,downstream
720575940613891442,720575940624817340,1,unknown,unknown,downstream
720575940613891442,720575940624797447,1,PS247,left,downstream
720575940613891442,720575940624792320,1,unknown,unknown,downstream
720575940613891442,720575940624765432,1,unknown,unknown,downstream
720575940613891442,720575940624764408,1,unknown,unknown,downstream
720575940613891442,720575940625027064,1,unknown,unknown,downstream
720575940613891442,720575940625039546,1,SMP174,left,downstream
720575940613891442,720575940625050877,1,LLPC1,right,downstream
720575940613891442,720575940625326407,1,unknown,unknown,downstream
720575940613891442,720575940625450680,1,LAL047,left,downstream
720575940613891442,720575940625441003,1,AVLP449,left,downstream
720575940613891442,720575940625438483,1,unknown,right,downstream
720575940613891442,720575940625403975,1,unknown,unknown,downstream
720575940613891442,720575940625357547,1,LT56,left,downstream
720575940613891442,720575940625338393,1,unknown,unknown,downstream
720575940613891442,720575940625336464,1,LAL131,right,downstream
720575940613891442,720575940625335754,1,unknown,right,downstream
720575940613891442,720575940625330320,1,unknown,unknown,downstream
720575940613891442,720575940625308162,1,PFL3,right,downstream
720575940613891442,720575940625078965,1,LAL015,right,downstream
720575940613891442,720575940625246976,1,unknown,unknown,downstream
720575940613891442,720575940625242624,1,unknown,unknown,downstream
720575940613891442,720575940625242368,1,unknown,unknown,downstream
720575940613891442,720575940625241856,1,unknown,unknown,downstream
720575940613891442,720575940625232009,1,LC9,right,downstream
720575940613891442,720575940625136421,1,unknown,right,downstream
720575940613891442,720575940625127728,1,LC9,right,downstream
720575940613891442,720575940625090437,1,PVLP134,left,downstream
720575940613891442,720575940625086666,1,unknown,right,downstream
720575940613891442,720575940629606475,1,PFL1,right,downstream
720575940613891442,720575940634202647,1,unknown,unknown,downstream
720575940613891442,720575940629616092,1,PS052,right,downstream
720575940613891442,720575940635596789,1,unknown,unknown,downstream
720575940613891442,720575940636171581,1,unknown,unknown,downstream
720575940613891442,720575940636167416,1,CRE013,left,downstream
720575940613891442,720575940636056895,1,LC9,right,downstream
720575940613891442,720575940635970782,1,LAL143,left,downstream
720575940613891442,720575940635969460,1,unknown,right,downstream
720575940613891442,720575940635935854,1,unknown,unknown,downstream
720575940613891442,720575940635904942,1,unknown,right,downstream
720575940613891442,720575940635839167,1,"PS240,PS264",left,downstream
720575940613891442,720575940635778405,1,unknown,unknown,downstream
720575940613891442,720575940635771856,1,unknown,unknown,downstream
720575940613891442,720575940635762094,1,unknown,left,downstream
720575940613891442,720575940635755995,1,unknown,unknown,downstream
720575940613891442,720575940635749227,1,unknown,left,downstream
720575940613891442,720575940635731419,1,unknown,unknown,downstream
720575940613891442,720575940635667827,1,unknown,unknown,downstream
720575940613891442,720575940635663219,1,unknown,unknown,downstream
720575940613891442,720575940635641077,1,unknown,unknown,downstream
720575940613891442,720575940635626229,1,unknown,unknown,downstream
720575940613891442,720575940635618711,1,OA-ASM2,right,downstream
720575940613891442,720575940635614369,1,unknown,unknown,downstream
720575940613891442,720575940635599758,1,unknown,right,downstream
720575940613891442,720575940636238963,1,unknown,unknown,downstream
720575940613891442,720575940636239219,1,unknown,unknown,downstream
720575940613891442,720575940636239731,1,unknown,unknown,downstream
720575940613891442,720575940636825249,1,unknown,unknown,downstream
720575940613891442,720575940637089343,1,unknown,right,downstream
720575940613891442,720575940637079667,1,CL062_b,left,downstream
720575940613891442,720575940637078106,1,unknown,left,downstream
720575940613891442,720575940636990948,1,PS078,right,downstream
720575940613891442,720575940636981726,1,unknown,unknown,downstream
720575940613891442,720575940636936381,1,unknown,unknown,downstream
720575940613891442,720575940636879534,1,PS168,right,downstream
720575940613891442,720575940636851940,1,unknown,left,downstream
720575940613891442,720575940636838817,1,unknown,unknown,downstream
720575940613891442,720575940636684358,1,"WED128,WED129",left,downstream
720575940613891442,720575940636306035,1,unknown,unknown,downstream
720575940613891442,720575940636533665,1,unknown,unknown,downstream
720575940613891442,720575940636519485,1,unknown,unknown,downstream
720575940613891442,720575940636480061,1,unknown,unknown,downstream
720575940613891442,720575940636465981,1,unknown,unknown,downstream
720575940613891442,720575940636465213,1,unknown,unknown,downstream
720575940613891442,720575940636360811,1,unknown,right,downstream
720575940613891442,720575940636345463,1,unknown,right,downstream
720575940613891442,720575940636310899,1,unknown,unknown,downstream
720575940613891442,720575940636306862,1,VES078,right,downstream
720575940613891442,720575940635597217,1,unknown,unknown,downstream
720575940613891442,720575940635547802,1,PS234,right,downstream
720575940613891442,720575940637210345,1,unknown,unknown,downstream
720575940613891442,720575940635537025,1,unknown,unknown,downstream
720575940613891442,720575940635269399,1,unknown,unknown,downstream
720575940613891442,720575940635241798,1,unknown,unknown,downstream
720575940613891442,720575940635202204,1,VES041,right,downstream
720575940613891442,720575940635146848,1,LAL045,right,downstream
720575940613891442,720575940635119723,1,LHAD1g1,left,downstream
720575940613891442,720575940635098843,1,unknown,unknown,downstream
720575940613891442,720575940635088091,1,unknown,unknown,downstream
720575940613891442,720575940635076344,1,AVLP462,right,downstream
720575940613891442,720575940635037659,1,unknown,unknown,downstream
720575940613891442,720575940635028591,1,PVLP137,left,downstream
720575940613891442,720575940635020193,1,unknown,unknown,downstream
720575940613891442,720575940634987905,1,unknown,unknown,downstream
720575940613891442,720575940634986625,1,unknown,unknown,downstream
720575940613891442,720575940634973825,1,unknown,unknown,downstream
720575940613891442,720575940634855387,1,unknown,unknown,downstream
720575940613891442,720575940634799127,1,unknown,unknown,downstream
720575940613891442,720575940634791280,1,unknown,unknown,downstream
720575940613891442,720575940634755187,1,unknown,unknown,downstream
720575940613891442,720575940634750871,1,PVLP116,left,downstream
720575940613891442,720575940634737990,1,unknown,unknown,downstream
720575940613891442,720575940634734817,1,LAL094,right,downstream
720575940613891442,720575940635288165,1,WEDPN7B,left,downstream
720575940613891442,720575940635291927,1,unknown,unknown,downstream
720575940613891442,720575940635310222,1,1652832941,left,downstream
720575940613891442,720575940635385440,1,LT86,right,downstream
720575940613891442,720575940635492276,1,PPM1201,right,downstream
720575940613891442,720575940635477902,1,LAL168,right,downstream
720575940613891442,720575940635469473,1,unknown,unknown,downstream
720575940613891442,720575940635468991,1,LHPV12a1,left,downstream
720575940613891442,720575940635464343,1,unknown,left,downstream
720575940613891442,720575940635450254,1,unknown,right,downstream
720575940613891442,720575940635435169,1,unknown,unknown,downstream
720575940613891442,720575940635435159,1,unknown,right,downstream
720575940613891442,720575940635404724,1,LAL030_a,left,downstream
720575940613891442,720575940635379735,1,unknown,unknown,downstream
720575940613891442,720575940635323159,1,unknown,unknown,downstream
720575940613891442,720575940635376052,1,LC9,right,downstream
720575940613891442,720575940635375639,1,unknown,unknown,downstream
720575940613891442,720575940635368215,1,unknown,unknown,downstream
720575940613891442,720575940635342236,1,"ATL035,ATL036",right,downstream
720575940613891442,720575940635341591,1,unknown,unknown,downstream
720575940613891442,720575940635338263,1,unknown,unknown,downstream
720575940613891442,720575940635334470,1,unknown,unknown,downstream
720575940613891442,720575940635325719,1,unknown,unknown,downstream
720575940613891442,720575940635324439,1,unknown,unknown,downstream
720575940613891442,720575940637188887,1,unknown,unknown,downstream
720575940613891442,720575940637247649,1,unknown,unknown,downstream
720575940613891442,720575940634515873,1,unknown,unknown,downstream
720575940613891442,720575940639143256,1,CRE020,left,downstream
720575940613891442,720575940640259035,1,unknown,left,downstream
720575940613891442,720575940640168637,1,unknown,right,downstream
720575940613891442,720575940640161781,1,unknown,unknown,downstream
720575940613891442,720575940640128720,1,unknown,right,downstream
720575940613891442,720575940640095310,1,unknown,left,downstream
720575940613891442,720575940640053181,1,LAL139,left,downstream
720575940613891442,720575940640039040,1,FB4M,left,downstream
720575940613891442,720575940640010880,1,LAL179,right,downstream
720575940613891442,720575940640002256,1,FB2A,right,downstream
720575940613891442,720575940639778038,1,unknown,unknown,downstream
720575940613891442,720575940639669750,1,unknown,unknown,downstream
720575940613891442,720575940639643638,1,unknown,unknown,downstream
720575940613891442,720575940639640054,1,unknown,unknown,downstream
720575940613891442,720575940639639286,1,unknown,unknown,downstream
720575940613891442,720575940639638006,1,unknown,unknown,downstream
720575940613891442,720575940639637921,1,unknown,unknown,downstream
720575940613891442,720575940639637238,1,unknown,unknown,downstream
720575940613891442,720575940639626310,1,CRE068,right,downstream
720575940613891442,720575940639459280,1,LC9,left,downstream
720575940613891442,720575940639314229,1,unknown,left,downstream
720575940613891442,720575940639246662,1,WED024,left,downstream
720575940613891442,720575940640275419,1,unknown,unknown,downstream
720575940613891442,720575940640367245,1,unknown,unknown,downstream
720575940613891442,720575940640436814,1,unknown,right,downstream
720575940613891442,720575940642627876,1,WED004,right,downstream
720575940613891442,720575940623351040,1,unknown,unknown,downstream
720575940613891442,720575940643554209,1,unknown,unknown,downstream
720575940613891442,720575940643364513,1,unknown,unknown,downstream
720575940613891442,720575940643039255,1,LC9,left,downstream
720575940613891442,720575940642971297,1,unknown,unknown,downstream
720575940613891442,720575940642968481,1,unknown,unknown,downstream
720575940613891442,720575940642875080,1,unknown,right,downstream
720575940613891442,720575940642762401,1,unknown,unknown,downstream
720575940613891442,720575940642725320,1,PS083,left,downstream
720575940613891442,720575940642240279,1,unknown,unknown,downstream
720575940613891442,720575940640891736,1,CRE005,right,downstream
720575940613891442,720575940642228384,1,WED040,right,downstream
720575940613891442,720575940641904800,1,SAD007,right,downstream
720575940613891442,720575940641706184,1,PVLP138,right,downstream
720575940613891442,720575940641509793,1,unknown,unknown,downstream
720575940613891442,720575940641415972,1,unknown,unknown,downstream
720575940613891442,720575940641263067,1,unknown,left,downstream
720575940613891442,720575940641096144,1,LC31,left,downstream
720575940613891442,720575940641059351,1,unknown,unknown,downstream
720575940613891442,720575940641050135,1,unknown,unknown,downstream
720575940613891442,720575940639220550,1,CL060,left,downstream
720575940613891442,720575940639128646,1,LC31,right,downstream
720575940613891442,720575940637293687,1,SMP145,right,downstream
720575940613891442,720575940639125211,1,unknown,unknown,downstream
720575940613891442,720575940637902938,1,MBON35,left,downstream
720575940613891442,720575940637886664,1,unknown,unknown,downstream
720575940613891442,720575940637877783,1,unknown,unknown,downstream
720575940613891442,720575940637863587,1,"PVLP004,PVLP005",right,downstream
720575940613891442,720575940637770263,1,unknown,unknown,downstream
720575940613891442,720575940637704411,1,unknown,unknown,downstream
720575940613891442,720575940637679779,1,unknown,right,downstream
720575940613891442,720575940637667982,1,unknown,unknown,downstream
720575940613891442,720575940637587422,1,WED085,left,downstream
720575940613891442,720575940637586751,1,unknown,right,downstream
720575940613891442,720575940637559752,1,unknown,unknown,downstream
720575940613891442,720575940637520454,1,unknown,unknown,downstream
720575940613891442,720575940637512656,1,unknown,unknown,downstream
720575940613891442,720575940637485591,1,unknown,unknown,downstream
720575940613891442,720575940637464718,1,AOTU041,right,downstream
720575940613891442,720575940637458830,1,unknown,right,downstream
720575940613891442,720575940637448438,1,unknown,unknown,downstream
720575940613891442,720575940637376740,1,WED008,left,downstream
720575940613891442,720575940637364214,1,unknown,unknown,downstream
720575940613891442,720575940637319287,1,unknown,right,downstream
720575940613891442,720575940637302756,1,unknown,right,downstream
720575940613891442,720575940637920246,1,unknown,unknown,downstream
720575940613891442,720575940637949040,1,unknown,right,downstream
720575940613891442,720575940637968454,1,WED096,right,downstream
720575940613891442,720575940638720070,1,PLP195,left,downstream
720575940613891442,720575940639088361,1,PS217,right,downstream
720575940613891442,720575940639082318,1,unknown,right,downstream
720575940613891442,720575940639074158,1,unknown,unknown,downstream
720575940613891442,720575940639072417,1,unknown,unknown,downstream
720575940613891442,720575940638924533,1,LAL094,left,downstream
720575940613891442,720575940638902177,1,unknown,unknown,downstream
720575940613891442,720575940638901875,1,PFL3,right,downstream
720575940613891442,720575940638891227,1,unknown,unknown,downstream
720575940613891442,720575940638722138,1,LT47,right,downstream
720575940613891442,720575940638630563,1,PS026,left,downstream
720575940613891442,720575940638002376,1,unknown,unknown,downstream
720575940613891442,720575940638603709,1,PVLP022,right,downstream
720575940613891442,720575940638590966,1,unknown,unknown,downstream
720575940613891442,720575940638555638,1,unknown,unknown,downstream
720575940613891442,720575940638549750,1,unknown,unknown,downstream
720575940613891442,720575940638549238,1,unknown,unknown,downstream
720575940613891442,720575940638271302,1,unknown,right,downstream
720575940613891442,720575940638125365,1,unknown,right,downstream
720575940613891442,720575940638108787,1,unknown,left,downstream
720575940613891442,720575940638100680,1,unknown,unknown,downstream
720575940613891442,720575940634724727,1,unknown,unknown,downstream
720575940613891442,720575940634514816,1,unknown,unknown,downstream
720575940613891442,720575940629616282,1,unknown,unknown,downstream
720575940613891442,720575940630797813,1,unknown,unknown,downstream
720575940613891442,720575940631226363,1,PLP216,left,downstream
720575940613891442,720575940631152224,1,unknown,unknown,downstream
720575940613891442,720575940631148113,1,LC9,left,downstream
720575940613891442,720575940631147776,1,DCH,right,downstream
720575940613891442,720575940631142956,1,CRE048,right,downstream
720575940613891442,720575940631106767,1,unknown,left,downstream
720575940613891442,720575940631058280,1,LAL144,left,downstream
720575940613891442,720575940631024224,1,unknown,unknown,downstream
720575940613891442,720575940631009668,1,unknown,unknown,downstream
720575940613891442,720575940631008994,1,AVLP459,left,downstream
720575940613891442,720575940631001789,1,unknown,unknown,downstream
720575940613891442,720575940630980909,1,VES076,left,downstream
720575940613891442,720575940630960707,1,PLP178,left,downstream
720575940613891442,720575940630941229,1,LAL090,right,downstream
720575940613891442,720575940630905851,1,unknown,unknown,downstream
720575940613891442,720575940630881337,1,LAL127,right,downstream
720575940613891442,720575940630878519,1,unknown,left,downstream
720575940613891442,720575940630814197,1,unknown,unknown,downstream
720575940613891442,720575940630811637,1,unknown,unknown,downstream
720575940613891442,720575940630810695,1,AOTU064,left,downstream
720575940613891442,720575940630805749,1,unknown,unknown,downstream
720575940613891442,720575940631227709,1,unknown,unknown,downstream
720575940613891442,720575940631248172,1,unknown,right,downstream
720575940613891442,720575940631263023,1,LT51,right,downstream
720575940613891442,720575940631520312,1,DNa08,right,downstream
720575940613891442,720575940631705130,1,1573072464,left,downstream
720575940613891442,720575940631700219,1,unknown,left,downstream
720575940613891442,720575940631698340,1,AVLP449,right,downstream
720575940613891442,720575940631688955,1,VES022,right,downstream
720575940613891442,720575940631670865,1,unknown,left,downstream
720575940613891442,720575940631670754,1,unknown,right,downstream
720575940613891442,720575940631626860,1,unknown,left,downstream
720575940613891442,720575940631626783,1,LAL090,right,downstream
720575940613891442,720575940631563843,1,CL321,right,downstream
720575940613891442,720575940631469229,1,unknown,right,downstream
720575940613891442,720575940631279712,1,unknown,unknown,downstream
720575940613891442,720575940631445452,1,unknown,left,downstream
720575940613891442,720575940631441145,1,SAD036,right,downstream
720575940613891442,720575940631422776,1,WED144,right,downstream
720575940613891442,720575940631385804,1,CL282,right,downstream
720575940613891442,720575940631379449,1,LC9,left,downstream
720575940613891442,720575940631371295,1,LAL019,left,downstream
720575940613891442,720575940631341672,1,unknown,right,downstream
720575940613891442,720575940631299923,1,WED082,left,downstream
720575940613891442,720575940631282194,1,unknown,left,downstream
720575940613891442,720575940630803727,1,unknown,left,downstream
720575940613891442,720575940630771959,1,IB032,right,downstream
720575940613891442,720575940631747833,1,LAL094,right,downstream
720575940613891442,720575940630769653,1,unknown,unknown,downstream
720575940613891442,720575940630104827,1,PS002,left,downstream
720575940613891442,720575940630076665,1,unknown,unknown,downstream
720575940613891442,720575940630042508,1,PLP230,left,downstream
720575940613891442,720575940630020345,1,LAL144,right,downstream
720575940613891442,720575940629995319,1,AVLP015,right,downstream
720575940613891442,720575940629993987,1,unknown,unknown,downstream
720575940613891442,720575940629975631,1,unknown,unknown,downstream
720575940613891442,720575940629947459,1,AVLP454_b,left,downstream
720575940613891442,720575940629944107,1,WED023,right,downstream
720575940613891442,720575940629932547,1,unknown,right,downstream
720575940613891442,720575940629883971,1,unknown,right,downstream
720575940613891442,720575940629836343,1,CRE078,left,downstream
720575940613891442,720575940629817104,1,PS002,right,downstream
720575940613891442,720575940629796222,1,unknown,right,downstream
720575940613891442,720575940629704210,1,unknown,right,downstream
720575940613891442,720575940629701881,1,unknown,right,downstream
720575940613891442,720575940629701484,1,PS126,left,downstream
720575940613891442,720575940629687623,1,unknown,unknown,downstream
720575940613891442,720575940629662208,1,1822686129,left,downstream
720575940613891442,720575940629653063,1,unknown,unknown,downstream
720575940613891442,720575940629630679,1,1746952120,right,downstream
720575940613891442,720575940630143116,1,unknown,left,downstream
720575940613891442,720575940630151835,1,unknown,left,downstream
720575940613891442,720575940630156875,1,WED153,right,downstream
720575940613891442,720575940630653604,1,PFL3,left,downstream
720575940613891442,720575940630742476,1,unknown,left,downstream
720575940613891442,720575940630733884,1,PVLP015,right,downstream
720575940613891442,720575940630728588,1,PFL3,left,downstream
720575940613891442,720575940630708498,1,PS187,right,downstream
720575940613891442,720575940630704992,1,unknown,unknown,downstream
720575940613891442,720575940630693984,1,unknown,unknown,downstream
720575940613891442,720575940630693472,1,unknown,unknown,downstream
720575940613891442,720575940630664185,1,SMP015,left,downstream
720575940613891442,720575940630659535,1,CRE024,left,downstream
720575940613891442,720575940630652876,1,unknown,right,downstream
720575940613891442,720575940630202267,1,LAL100,left,downstream
720575940613891442,720575940630448431,1,unknown,left,downstream
720575940613891442,720575940630409297,1,unknown,right,downstream
720575940613891442,720575940630399087,1,unknown,unknown,downstream
720575940613891442,720575940630398319,1,unknown,unknown,downstream
720575940613891442,720575940630384635,1,unknown,left,downstream
720575940613891442,720575940630373314,1,SMP184,right,downstream
720575940613891442,720575940630372982,1,PS138,left,downstream
720575940613891442,720575940630278540,1,ATL009,right,downstream
720575940613891442,720575940630257751,1,unknown,left,downstream
720575940613891442,720575940631714349,1,unknown,left,downstream
720575940613891442,720575940631758393,1,PPL103,right,downstream
720575940613891442,720575940634505121,1,unknown,unknown,downstream
720575940613891442,720575940633391304,1,unknown,unknown,downstream
720575940613891442,720575940633762040,1,unknown,left,downstream
720575940613891442,720575940633753220,1,unknown,unknown,downstream
720575940613891442,720575940633748868,1,unknown,unknown,downstream
720575940613891442,720575940633746515,1,PVLP015,left,downstream
720575940613891442,720575940633741613,1,"FB4A,FB4D,FB4E,FB4F,FB4G,FB4H,FB4I,FB4J",right,downstream
720575940613891442,720575940633724998,1,unknown,unknown,downstream
720575940613891442,720575940633707648,1,unknown,unknown,downstream
720575940613891442,720575940633665903,1,unknown,right,downstream
720575940613891442,720575940633654261,1,unknown,unknown,downstream
720575940613891442,720575940633648117,1,unknown,unknown,downstream
720575940613891442,720575940633646325,1,unknown,unknown,downstream
720575940613891442,720575940633631140,1,unknown,unknown,downstream
720575940613891442,720575940633628836,1,unknown,left,downstream
720575940613891442,720575940633593548,1,unknown,right,downstream
720575940613891442,720575940633578440,1,unknown,unknown,downstream
720575940613891442,720575940633573836,1,PLP030,right,downstream
720575940613891442,720575940633560727,1,unknown,left,downstream
720575940613891442,720575940633556644,1,AOTU019,left,downstream
720575940613891442,720575940633554636,1,unknown,left,downstream
720575940613891442,720575940633471584,1,VES072,right,downstream
720575940613891442,720575940633468661,1,unknown,unknown,downstream
720575940613891442,720575940633782355,1,VES077,left,downstream
720575940613891442,720575940633838943,1,"WED034,WED035",left,downstream
720575940613891442,720575940633861090,1,PLP037,left,downstream
720575940613891442,720575940634140011,1,LC9,right,downstream
720575940613891442,720575940634504609,1,unknown,unknown,downstream
720575940613891442,720575940634418021,1,unknown,right,downstream
720575940613891442,720575940634364951,1,unknown,unknown,downstream
720575940613891442,720575940634290387,1,unknown,unknown,downstream
720575940613891442,720575940634239046,1,unknown,unknown,downstream
720575940613891442,720575940634221335,1,unknown,unknown,downstream
720575940613891442,720575940634202903,1,unknown,unknown,downstream
720575940613891442,720575940634200855,1,unknown,unknown,downstream
720575940613891442,720575940634158662,1,unknown,unknown,downstream
720575940613891442,720575940634139799,1,unknown,right,downstream
720575940613891442,720575940633870241,1,unknown,unknown,downstream
720575940613891442,720575940634132843,1,unknown,left,downstream
720575940613891442,720575940634062803,1,LT51,left,downstream
720575940613891442,720575940634057884,1,LAL154,left,downstream
720575940613891442,720575940634003135,1,unknown,right,downstream
720575940613891442,720575940633995949,1,PLP029,right,downstream
720575940613891442,720575940633983805,1,unknown,unknown,downstream
720575940613891442,720575940633978941,1,unknown,unknown,downstream
720575940613891442,720575940633932186,1,unknown,unknown,downstream
720575940613891442,720575940633884823,1,unknown,unknown,downstream
720575940613891442,720575940633455968,1,LNOa,right,downstream
720575940613891442,720575940633233397,1,unknown,unknown,downstream
720575940613891442,720575940631759663,1,PS017,left,downstream
720575940613891442,720575940633221365,1,unknown,unknown,downstream
720575940613891442,720575940632380216,1,LAL157,right,downstream
720575940613891442,720575940632361547,1,unknown,unknown,downstream
720575940613891442,720575940632351898,1,unknown,right,downstream
720575940613891442,720575940632227155,1,unknown,left,downstream
720575940613891442,720575940632098293,1,unknown,unknown,downstream
720575940613891442,720575940632008949,1,unknown,unknown,downstream
720575940613891442,720575940632008437,1,unknown,unknown,downstream
720575940613891442,720575940631991082,1,IB032,left,downstream
720575940613891442,720575940631985751,1,unknown,right,downstream
720575940613891442,720575940631984610,1,unknown,left,downstream
720575940613891442,720575940631981045,1,unknown,unknown,downstream
720575940613891442,720575940631975109,1,PS192,left,downstream
720575940613891442,720575940631944693,1,unknown,unknown,downstream
720575940613891442,720575940631935457,1,unknown,unknown,downstream
720575940613891442,720575940631873525,1,unknown,unknown,downstream
720575940613891442,720575940631850997,1,unknown,unknown,downstream
720575940613891442,720575940631846739,1,WED038,right,downstream
720575940613891442,720575940631844300,1,unknown,right,downstream
720575940613891442,720575940631842360,1,LHAD1g1,right,downstream
720575940613891442,720575940631812577,1,unknown,left,downstream
720575940613891442,720575940631767633,1,PS185,left,downstream
720575940613891442,720575940632402588,1,PFGs,left,downstream
720575940613891442,720575940632410202,1,unknown,unknown,downstream
720575940613891442,720575940632414615,1,WED002,left,downstream
720575940613891442,720575940632741877,1,unknown,unknown,downstream
720575940613891442,720575940633220597,1,unknown,unknown,downstream
720575940613891442,720575940633219829,1,unknown,unknown,downstream
720575940613891442,720575940633219061,1,unknown,unknown,downstream
720575940613891442,720575940633173668,1,FB6M,right,downstream
720575940613891442,720575940632943277,1,MBON35,right,downstream
720575940613891442,720575940632900665,1,PS271,right,downstream
720575940613891442,720575940632831127,1,unknown,unknown,downstream
720575940613891442,720575940632789785,1,VES072,left,downstream
720575940613891442,720575940632777320,1,aMe14b,right,downstream
720575940613891442,720575940632722564,1,unknown,unknown,downstream
720575940613891442,720575940632419460,1,unknown,unknown,downstream
720575940613891442,720575940632629632,1,unknown,unknown,downstream
720575940613891442,720575940632627072,1,unknown,unknown,downstream
720575940613891442,720575940632626816,1,unknown,unknown,downstream
720575940613891442,720575940632603873,1,LC9,right,downstream
720575940613891442,720575940632599424,1,unknown,unknown,downstream
720575940613891442,720575940632594816,1,unknown,unknown,downstream
720575940613891442,720575940632560098,1,unknown,left,downstream
720575940613891442,720575940632501404,1,PLP187,left,downstream
720575940613891442,720575940632472850,1,PVLP146,right,downstream
720575940613891442,720575940623359596,1,unknown,unknown,downstream
720575940613891442,720575940613282394,1,unknown,unknown,downstream
720575940613891442,720575940623343872,1,unknown,unknown,downstream
720575940613891442,720575940615808342,1,LAL009,right,downstream
720575940613891442,720575940616083495,1,unknown,unknown,downstream
720575940613891442,720575940616075891,1,unknown,unknown,downstream
720575940613891442,720575940616068130,1,unknown,unknown,downstream
720575940613891442,720575940616060967,1,unknown,unknown,downstream
720575940613891442,720575940616053875,1,unknown,unknown,downstream
720575940613891442,720575940616046405,1,"PVLP004,PVLP005",left,downstream
720575940613891442,720575940616046119,1,unknown,unknown,downstream
720575940613891442,720575940616036189,1,unknown,unknown,downstream
720575940613891442,720575940616020544,1,WED040,left,downstream
720575940613891442,720575940616018036,1,unknown,unknown,downstream
720575940613891442,720575940616012061,1,AOTU025,right,downstream
720575940613891442,720575940615980660,1,unknown,unknown,downstream
720575940613891442,720575940615963969,1,unknown,unknown,downstream
720575940613891442,720575940615963627,1,unknown,unknown,downstream
720575940613891442,720575940615959960,1,unknown,unknown,downstream
720575940613891442,720575940615939796,1,unknown,right,downstream
720575940613891442,720575940615928641,1,unknown,unknown,downstream
720575940613891442,720575940615903894,1,LLPC1,right,downstream
720575940613891442,720575940615897921,1,unknown,unknown,downstream
720575940613891442,720575940615893249,1,LC9,right,downstream
720575940613891442,720575940615834598,1,LAL094,right,downstream
720575940613891442,720575940616094067,1,unknown,unknown,downstream
720575940613891442,720575940616100647,1,unknown,unknown,downstream
720575940613891442,720575940616101789,1,WED069,right,downstream
720575940613891442,720575940616206680,1,unknown,unknown,downstream
720575940613891442,720575940616241912,1,unknown,unknown,downstream
720575940613891442,720575940616223768,1,unknown,unknown,downstream
720575940613891442,720575940616222232,1,unknown,unknown,downstream
720575940613891442,720575940616221043,1,unknown,unknown,downstream
720575940613891442,720575940616218740,1,unknown,unknown,downstream
720575940613891442,720575940616218717,1,unknown,right,downstream
720575940613891442,720575940616217840,1,unknown,unknown,downstream
720575940613891442,720575940616210985,1,unknown,unknown,downstream
720575940613891442,720575940616207960,1,unknown,unknown,downstream
720575940613891442,720575940616169629,1,unknown,right,downstream
720575940613891442,720575940616145722,1,unknown,unknown,downstream
720575940613891442,720575940616169117,1,unknown,right,downstream
720575940613891442,720575940616163369,1,unknown,unknown,downstream
720575940613891442,720575940616158068,1,unknown,unknown,downstream
720575940613891442,720575940616155706,1,unknown,unknown,downstream
720575940613891442,720575940616155194,1,unknown,unknown,downstream
720575940613891442,720575940616154170,1,unknown,unknown,downstream
720575940613891442,720575940616153658,1,unknown,unknown,downstream
720575940613891442,720575940616151354,1,unknown,unknown,downstream
720575940613891442,720575940616149818,1,unknown,unknown,downstream
720575940613891442,720575940615833055,1,FB4C,left,downstream
720575940613891442,720575940615798470,1,PS271,left,downstream
720575940613891442,720575940616354359,1,unknown,unknown,downstream
720575940613891442,720575940615794335,1,LLPC1,right,downstream
720575940613891442,720575940615453438,1,CL303,left,downstream
720575940613891442,720575940615451919,1,unknown,unknown,downstream
720575940613891442,720575940615427576,1,unknown,unknown,downstream
720575940613891442,720575940615426040,1,unknown,unknown,downstream
720575940613891442,720575940615423736,1,unknown,unknown,downstream
720575940613891442,720575940615423222,1,unknown,unknown,downstream
720575940613891442,720575940615419800,1,unknown,unknown,downstream
720575940613891442,720575940615417921,1,unknown,unknown,downstream
720575940613891442,720575940615416650,1,unknown,unknown,downstream
720575940613891442,720575940615413435,1,VES059,left,downstream
720575940613891442,720575940615400615,1,unknown,unknown,downstream
720575940613891442,720575940615386665,1,unknown,unknown,downstream
720575940613891442,720575940615384619,1,unknown,unknown,downstream
720575940613891442,720575940615358507,1,unknown,unknown,downstream
720575940613891442,720575940615343145,1,unknown,unknown,downstream
720575940613891442,720575940615317035,1,unknown,unknown,downstream
720575940613891442,720575940615299832,1,unknown,unknown,downstream
720575940613891442,720575940615296766,1,PS279,right,downstream
720575940613891442,720575940615296321,1,unknown,unknown,downstream
720575940613891442,720575940615292943,1,unknown,unknown,downstream
720575940613891442,720575940615292687,1,unknown,unknown,downstream
720575940613891442,720575940615465462,1,unknown,unknown,downstream
720575940613891442,720575940615478066,1,unknown,unknown,downstream
720575940613891442,720575940615481598,1,unknown,right,downstream
720575940613891442,720575940615633131,1,unknown,unknown,downstream
720575940613891442,720575940615787554,1,unknown,right,downstream
720575940613891442,720575940615762471,1,unknown,unknown,downstream
720575940613891442,720575940615754298,1,unknown,unknown,downstream
720575940613891442,720575940615752250,1,unknown,unknown,downstream
720575940613891442,720575940615744742,1,"PS141,PS147",right,downstream
720575940613891442,720575940615720532,1,unknown,left,downstream
720575940613891442,720575940615719695,1,unknown,unknown,downstream
720575940613891442,720575940615666447,1,unknown,unknown,downstream
720575940613891442,720575940615640299,1,unknown,unknown,downstream
720575940613891442,720575940615625963,1,unknown,unknown,downstream
720575940613891442,720575940615517813,1,LC9,left,downstream
720575940613891442,720575940615612066,1,FB4Y,right,downstream
720575940613891442,720575940615597196,1,unknown,unknown,downstream
720575940613891442,720575940615594641,1,PS087,right,downstream
720575940613891442,720575940615572472,1,unknown,unknown,downstream
720575940613891442,720575940615551019,1,unknown,unknown,downstream
720575940613891442,720575940615548490,1,unknown,unknown,downstream
720575940613891442,720575940615534732,1,unknown,unknown,downstream
720575940613891442,720575940615530892,1,unknown,unknown,downstream
720575940613891442,720575940615522922,1,LT51,right,downstream
720575940613891442,720575940616333969,1,unknown,right,downstream
720575940613891442,720575940616363032,1,unknown,unknown,downstream
720575940613891442,720575940615271124,1,unknown,left,downstream
720575940613891442,720575940616998946,1,unknown,right,downstream
720575940613891442,720575940617281025,1,VES010,right,downstream
720575940613891442,720575940617249825,1,unknown,unknown,downstream
720575940613891442,720575940617236667,1,PFGs,left,downstream
720575940613891442,720575940617194288,1,unknown,unknown,downstream
720575940613891442,720575940617193541,1,unknown,left,downstream
720575940613891442,720575940617173841,1,unknown,unknown,downstream
720575940613891442,720575940617165393,1,unknown,unknown,downstream
720575940613891442,720575940617160000,1,WED163,right,downstream
720575940613891442,720575940617156400,1,unknown,unknown,downstream
720575940613891442,720575940617150512,1,unknown,unknown,downstream
720575940613891442,720575940617118616,1,unknown,unknown,downstream
720575940613891442,720575940617100445,1,"AVLP530,AVLP561",right,downstream
720575940613891442,720575940617035307,1,unknown,unknown,downstream
720575940613891442,720575940617032148,1,unknown,right,downstream
720575940613891442,720575940617031979,1,unknown,unknown,downstream
720575940613891442,720575940617023174,1,unknown,left,downstream
720575940613891442,720575940617019846,1,unknown,right,downstream
720575940613891442,720575940617015339,1,unknown,unknown,downstream
720575940613891442,720575940617010987,1,unknown,unknown,downstream
720575940613891442,720575940617008683,1,unknown,unknown,downstream
720575940613891442,720575940617007915,1,unknown,unknown,downstream
720575940613891442,720575940617288273,1,unknown,unknown,downstream
720575940613891442,720575940617288529,1,unknown,unknown,downstream
720575940613891442,720575940617328917,1,unknown,unknown,downstream
720575940613891442,720575940617643072,1,AOTU013,left,downstream
720575940613891442,720575940617696246,1,unknown,unknown,downstream
720575940613891442,720575940617695215,1,unknown,unknown,downstream
720575940613891442,720575940617692655,1,unknown,unknown,downstream
720575940613891442,720575940617682415,1,unknown,unknown,downstream
720575940613891442,720575940617679173,1,"WED160,WED183",right,downstream
720575940613891442,720575940617670741,1,unknown,right,downstream
720575940613891442,720575940617670439,1,unknown,unknown,downstream
720575940613891442,720575940617661935,1,unknown,unknown,downstream
720575940613891442,720575940617644583,1,unknown,unknown,downstream
720575940613891442,720575940617550185,1,unknown,unknown,downstream
720575940613891442,720575940617335448,1,unknown,unknown,downstream
720575940613891442,720575940617531681,1,unknown,unknown,downstream
720575940613891442,720575940617490729,1,unknown,unknown,downstream
720575940613891442,720575940617486552,1,LC9,right,downstream
720575940613891442,720575940617451422,1,unknown,right,downstream
720575940613891442,720575940617422929,1,unknown,unknown,downstream
720575940613891442,720575940617405976,1,unknown,unknown,downstream
720575940613891442,720575940617398893,1,unknown,unknown,downstream
720575940613891442,720575940617386032,1,unknown,unknown,downstream
720575940613891442,720575940617353496,1,unknown,unknown,downstream
720575940613891442,720575940617002027,1,unknown,unknown,downstream
720575940613891442,720575940616990051,1,unknown,unknown,downstream
720575940613891442,720575940616370065,1,LAL030_a,right,downstream
720575940613891442,720575940616988515,1,unknown,unknown,downstream
720575940613891442,720575940616739480,1,unknown,unknown,downstream
720575940613891442,720575940616736920,1,unknown,unknown,downstream
720575940613891442,720575940616725689,1,LLPC1,right,downstream
720575940613891442,720575940616724513,1,unknown,unknown,downstream
720575940613891442,720575940616716933,1,unknown,unknown,downstream
720575940613891442,720575940616713513,1,unknown,unknown,downstream
720575940613891442,720575940616690977,1,unknown,unknown,downstream
720575940613891442,720575940616677121,1,LC9,left,downstream
720575940613891442,720575940616649845,1,VES081,left,downstream
720575940613891442,720575940616599874,1,unknown,right,downstream
720575940613891442,720575940616569385,1,unknown,unknown,downstream
720575940613891442,720575940616532245,1,unknown,unknown,downstream
720575940613891442,720575940616530453,1,unknown,unknown,downstream
720575940613891442,720575940616523368,1,unknown,unknown,downstream
720575940613891442,720575940616506087,1,unknown,unknown,downstream
720575940613891442,720575940616504977,1,unknown,left,downstream
720575940613891442,720575940616449858,1,unknown,right,downstream
720575940613891442,720575940616408262,1,IB048,left,downstream
720575940613891442,720575940616400917,1,unknown,unknown,downstream
720575940613891442,720575940616388575,1,PS215,left,downstream
720575940613891442,720575940616386449,1,LC9,left,downstream
720575940613891442,720575940616749188,1,unknown,unknown,downstream
720575940613891442,720575940616750468,1,unknown,unknown,downstream
720575940613891442,720575940616773673,1,unknown,unknown,downstream
720575940613891442,720575940616870788,1,unknown,unknown,downstream
720575940613891442,720575940616983667,1,unknown,unknown,downstream
720575940613891442,720575940616981363,1,unknown,unknown,downstream
720575940613891442,720575940616980339,1,unknown,unknown,downstream
720575940613891442,720575940616980267,1,unknown,unknown,downstream
720575940613891442,720575940616979800,1,unknown,unknown,downstream
720575940613891442,720575940616973345,1,unknown,unknown,downstream
720575940613891442,720575940616953899,1,unknown,unknown,downstream
720575940613891442,720575940616925597,1,PLP143,right,downstream
720575940613891442,720575940616902040,1,unknown,unknown,downstream
720575940613891442,720575940616870192,1,unknown,unknown,downstream
720575940613891442,720575940616792551,1,unknown,unknown,downstream
720575940613891442,720575940616865688,1,unknown,unknown,downstream
720575940613891442,720575940616864408,1,unknown,unknown,downstream
720575940613891442,720575940616859012,1,unknown,unknown,downstream
720575940613891442,720575940616856368,1,unknown,unknown,downstream
720575940613891442,720575940616850992,1,unknown,unknown,downstream
720575940613891442,720575940616826380,1,DNb01,left,downstream
720575940613891442,720575940616819175,1,unknown,unknown,downstream
720575940613891442,720575940616811295,1,unknown,unknown,downstream
720575940613891442,720575940616799975,1,unknown,unknown,downstream
720575940613891442,720575940615273211,1,unknown,unknown,downstream
720575940613891442,720575940615269185,1,unknown,unknown,downstream
720575940613891442,720575940623338145,1,unknown,unknown,downstream
720575940613891442,720575940613434433,1,unknown,unknown,downstream
720575940613891442,720575940613739071,1,unknown,unknown,downstream
720575940613891442,720575940613733410,1,unknown,unknown,downstream
720575940613891442,720575940613729058,1,unknown,unknown,downstream
720575940613891442,720575940613727778,1,unknown,unknown,downstream
720575940613891442,720575940613696833,1,unknown,unknown,downstream
720575940613891442,720575940613696065,1,unknown,unknown,downstream
720575940613891442,720575940613681314,1,PS175,left,downstream
720575940613891442,720575940613669652,1,unknown,unknown,downstream
720575940613891442,720575940613656557,1,unknown,left,downstream
720575940613891442,720575940613647479,1,unknown,unknown,downstream
720575940613891442,720575940613635737,1,OA-VUMa7,center,downstream
720575940613891442,720575940613606263,1,unknown,unknown,downstream
720575940613891442,720575940613603856,1,unknown,unknown,downstream
720575940613891442,720575940613598212,1,unknown,unknown,downstream
720575940613891442,720575940613588246,1,PLP030,right,downstream
720575940613891442,720575940613581307,1,unknown,unknown,downstream
720575940613891442,720575940613545634,1,CL006,right,downstream
720575940613891442,720575940613501200,1,unknown,unknown,downstream
720575940613891442,720575940613481330,1,LC9,left,downstream
720575940613891442,720575940613467156,1,unknown,unknown,downstream
720575940613891442,720575940613463471,1,LAL114,right,downstream
720575940613891442,720575940613745217,1,unknown,unknown,downstream
720575940613891442,720575940613778086,1,unknown,unknown,downstream
720575940613891442,720575940613784596,1,unknown,unknown,downstream
720575940613891442,720575940613869974,1,IbSpsP,left,downstream
720575940613891442,720575940614092653,1,unknown,unknown,downstream
720575940613891442,720575940614082367,1,unknown,unknown,downstream
720575940613891442,720575940614081909,1,unknown,left,downstream
720575940613891442,720575940614075363,1,unknown,right,downstream
720575940613891442,720575940614038267,1,unknown,unknown,downstream
720575940613891442,720575940613979538,1,LAL006,right,downstream
720575940613891442,720575940613959709,1,unknown,unknown,downstream
720575940613891442,720575940613943154,1,SMP057,left,downstream
720575940613891442,720575940613911740,1,unknown,unknown,downstream
720575940613891442,720575940613864778,1,unknown,unknown,downstream
720575940613891442,720575940613788923,1,unknown,unknown,downstream
720575940613891442,720575940613863731,1,"LAL191,LAL192",right,downstream
720575940613891442,720575940613860929,1,unknown,unknown,downstream
720575940613891442,720575940613856479,1,unknown,unknown,downstream
720575940613891442,720575940613851210,1,unknown,unknown,downstream
720575940613891442,720575940613840294,1,unknown,unknown,downstream
720575940613891442,720575940613839988,1,unknown,unknown,downstream
720575940613891442,720575940613831284,1,unknown,unknown,downstream
720575940613891442,720575940613798932,1,unknown,unknown,downstream
720575940613891442,720575940613792507,1,unknown,unknown,downstream
720575940613891442,720575940613437435,1,unknown,unknown,downstream
720575940613891442,720575940613428475,1,unknown,unknown,downstream
720575940613891442,720575940614124815,1,unknown,unknown,downstream
720575940613891442,720575940613423870,1,unknown,right,downstream
720575940613891442,720575940613081250,1,SIP086,right,downstream
720575940613891442,720575940613049364,1,unknown,unknown,downstream
720575940613891442,720575940613042196,1,unknown,unknown,downstream
720575940613891442,720575940613041147,1,unknown,unknown,downstream
720575940613891442,720575940613019899,1,unknown,unknown,downstream
720575940613891442,720575940613011220,1,unknown,unknown,downstream
720575940613891442,720575940613009940,1,unknown,unknown,downstream
720575940613891442,720575940612991601,1,AVLP579,left,downstream
720575940613891442,720575940612990321,1,unknown,left,downstream
720575940613891442,720575940612975358,1,unknown,left,downstream
720575940613891442,720575940612946219,1,unknown,unknown,downstream
720575940613891442,720575940612942442,1,LC9,right,downstream
720575940613891442,720575940612938027,1,unknown,unknown,downstream
720575940613891442,720575940612900834,1,unknown,unknown,downstream
720575940613891442,720575940612889385,1,unknown,unknown,downstream
720575940613891442,720575940612866410,1,unknown,left,downstream
720575940613891442,720575940612857690,1,unknown,unknown,downstream
720575940613891442,720575940612822413,1,unknown,unknown,downstream
720575940613891442,720575940612773396,1,unknown,unknown,downstream
720575940613891442,720575940612770324,1,unknown,unknown,downstream
720575940613891442,720575940612754243,1,unknown,unknown,downstream
720575940613891442,720575940613101487,1,LLPC1,right,downstream
720575940613891442,720575940613119017,1,unknown,unknown,downstream
720575940613891442,720575940613121790,1,unknown,left,downstream
720575940613891442,720575940613296613,1,AVLP369,right,downstream
720575940613891442,720575940613405474,1,unknown,unknown,downstream
720575940613891442,720575940613400897,1,unknown,unknown,downstream
720575940613891442,720575940613345087,1,unknown,unknown,downstream
720575940613891442,720575940613335642,1,unknown,unknown,downstream
720575940613891442,720575940613334618,1,unknown,unknown,downstream
720575940613891442,720575940613334106,1,unknown,unknown,downstream
720575940613891442,720575940613323098,1,unknown,unknown,downstream
720575940613891442,720575940613306970,1,unknown,unknown,downstream
720575940613891442,720575940613303471,1,LAL142,right,downstream
720575940613891442,720575940643656046,1,unknown,right,downstream
720575940613891442,720575940613124817,1,"PPM1204,PS139",right,downstream
720575940613891442,720575940613259841,1,unknown,unknown,downstream
720575940613891442,720575940613251178,1,unknown,left,downstream
720575940613891442,720575940613227917,1,unknown,unknown,downstream
720575940613891442,720575940613221585,1,AVLP369,left,downstream
720575940613891442,720575940613218850,1,unknown,unknown,downstream
720575940613891442,720575940613196941,1,unknown,unknown,downstream
720575940613891442,720575940613183531,1,unknown,unknown,downstream
720575940613891442,720575940613178714,1,unknown,unknown,downstream
720575940613891442,720575940613178667,1,unknown,unknown,downstream
720575940613891442,720575940614124795,1,unknown,unknown,downstream
720575940613891442,720575940614130442,1,unknown,unknown,downstream
720575940613891442,720575940615267782,1,SMP016,left,downstream
720575940613891442,720575940614695103,1,unknown,unknown,downstream
720575940613891442,720575940615092563,1,unknown,unknown,downstream
720575940613891442,720575940615079211,1,unknown,unknown,downstream
720575940613891442,720575940615032130,1,1934975261,right,downstream
720575940613891442,720575940615003874,1,unknown,unknown,downstream
720575940613891442,720575940615003433,1,unknown,unknown,downstream
720575940613891442,720575940614976577,1,unknown,unknown,downstream
720575940613891442,720575940614973972,1,unknown,unknown,downstream
720575940613891442,720575940614973898,1,unknown,unknown,downstream
720575940613891442,720575940614965268,1,unknown,unknown,downstream
720575940613891442,720575940614932756,1,unknown,unknown,downstream
720575940613891442,720575940614931220,1,unknown,unknown,downstream
720575940613891442,720575940614930452,1,unknown,unknown,downstream
720575940613891442,720575940614930363,1,CL060,right,downstream
720575940613891442,720575940614924097,1,unknown,unknown,downstream
720575940613891442,720575940614916372,1,unknown,unknown,downstream
720575940613891442,720575940614905153,1,unknown,unknown,downstream
720575940613891442,720575940614885426,1,"LAL103,LAL109",right,downstream
720575940613891442,720575940614843275,1,unknown,left,downstream
720575940613891442,720575940614836340,1,unknown,unknown,downstream
720575940613891442,720575940614766166,1,LC9,left,downstream
720575940613891442,720575940614716948,1,unknown,unknown,downstream
720575940613891442,720575940615100243,1,unknown,unknown,downstream
720575940613891442,720575940615101011,1,unknown,unknown,downstream
720575940613891442,720575940615101747,1,ExR1,right,downstream
720575940613891442,720575940615247380,1,unknown,unknown,downstream
720575940613891442,720575940615266319,1,unknown,unknown,downstream
720575940613891442,720575940615265019,1,unknown,unknown,downstream
720575940613891442,720575940615260431,1,unknown,unknown,downstream
720575940613891442,720575940615251192,1,unknown,unknown,downstream
720575940613891442,720575940615249994,1,unknown,unknown,downstream
720575940613891442,720575940615249738,1,unknown,unknown,downstream
720575940613891442,720575940615249226,1,unknown,unknown,downstream
720575940613891442,720575940615248970,1,unknown,unknown,downstream
720575940613891442,720575940615248660,1,unknown,unknown,downstream
720575940613891442,720575940615228692,1,unknown,unknown,downstream
720575940613891442,720575940615111087,1,LAL007,left,downstream
720575940613891442,720575940615217887,1,unknown,left,downstream
720575940613891442,720575940615206671,1,unknown,unknown,downstream
720575940613891442,720575940615197688,1,unknown,unknown,downstream
720575940613891442,720575940615152202,1,unknown,unknown,downstream
720575940613891442,720575940615130698,1,unknown,unknown,downstream
720575940613891442,720575940615127032,1,unknown,unknown,downstream
720575940613891442,720575940615117839,1,unknown,unknown,downstream
720575940613891442,720575940615117583,1,unknown,unknown,downstream
720575940613891442,720575940615116815,1,unknown,unknown,downstream
720575940613891442,720575940614714262,1,CRE004,right,downstream
720575940613891442,720575940614691067,1,unknown,unknown,downstream
720575940613891442,720575940614132475,1,unknown,unknown,downstream
720575940613891442,720575940614676731,1,unknown,unknown,downstream
720575940613891442,720575940614416039,1,MC66,left,downstream
720575940613891442,720575940614402410,1,unknown,unknown,downstream
720575940613891442,720575940614386942,1,SMP148,left,downstream
720575940613891442,720575940614378143,1,LAL133,left,downstream
720575940613891442,720575940614361930,1,unknown,unknown,downstream
720575940613891442,720575940614361742,1,unknown,unknown,downstream
720575940613891442,720575940614359114,1,unknown,unknown,downstream
720575940613891442,720575940614324799,1,unknown,unknown,downstream
720575940613891442,720575940614321831,1,SMP457,left,downstream
720575940613891442,720575940614310876,1,unknown,unknown,downstream
720575940613891442,720575940614308170,1,unknown,unknown,downstream
720575940613891442,720575940614270273,1,unknown,unknown,downstream
720575940613891442,720575940614262378,1,IB066,right,downstream
720575940613891442,720575940614254860,1,PVLP144,left,downstream
720575940613891442,720575940614238631,1,PS185,left,downstream
720575940613891442,720575940614236200,1,PS211,right,downstream
720575940613891442,720575940614230267,1,unknown,unknown,downstream
720575940613891442,720575940614219686,1,unknown,unknown,downstream
720575940613891442,720575940614190022,1,unknown,right,downstream
720575940613891442,720575940614177078,1,unknown,unknown,downstream
720575940613891442,720575940614136645,1,unknown,unknown,downstream
720575940613891442,720575940614431896,1,unknown,unknown,downstream
720575940613891442,720575940614438818,1,LAL147,left,downstream
720575940613891442,720575940614452475,1,unknown,unknown,downstream
720575940613891442,720575940614484475,1,unknown,unknown,downstream
720575940613891442,720575940614672652,1,"AOTU018,AOTU031",left,downstream
720575940613891442,720575940614672169,1,unknown,unknown,downstream
720575940613891442,720575940614666614,1,unknown,unknown,downstream
720575940613891442,720575940614632052,1,unknown,unknown,downstream
720575940613891442,720575940614563956,1,unknown,unknown,downstream
720575940613891442,720575940614552722,1,CRE044,left,downstream
720575940613891442,720575940614529727,1,unknown,unknown,downstream
720575940613891442,720575940614512148,1,unknown,unknown,downstream
720575940613891442,720575940614497089,1,unknown,unknown,downstream
720575940613891442,720575940614476910,1,unknown,unknown,downstream
720575940613891442,720575940614456479,1,unknown,unknown,downstream
720575940613891442,720575940614474350,1,unknown,unknown,downstream
720575940613891442,720575940614473070,1,unknown,unknown,downstream
720575940613891442,720575940614472207,1,unknown,unknown,downstream
720575940613891442,720575940614468974,1,unknown,unknown,downstream
720575940613891442,720575940614466113,1,unknown,unknown,downstream
720575940613891442,720575940614465275,1,unknown,unknown,downstream
720575940613891442,720575940614464833,1,unknown,unknown,downstream
720575940613891442,720575940614463995,1,unknown,unknown,downstream
720575940613891442,720575940614462879,1,"PS082,PS084",left,downstream
720575940613891442,720575940617697007,1,unknown,unknown,downstream
720575940613891442,720575940617719889,1,unknown,unknown,downstream
720575940613891442,720575940617720577,1,"LAL160,LAL161",right,downstream
720575940613891442,720575940621302644,1,WEDPN7A,right,downstream
720575940613891442,720575940621515847,1,unknown,unknown,downstream
720575940613891442,720575940621510529,1,unknown,unknown,downstream
720575940613891442,720575940621501183,1,unknown,right,downstream
720575940613891442,720575940621500289,1,unknown,unknown,downstream
720575940613891442,720575940621491041,1,LAL093,right,downstream
720575940613891442,720575940621485953,1,unknown,unknown,downstream
720575940613891442,720575940621468469,1,unknown,unknown,downstream
720575940613891442,720575940621466637,1,unknown,left,downstream
720575940613891442,720575940621464614,1,PS087,right,downstream
720575940613891442,720575940621460115,1,PLP018,left,downstream
720575940613891442,720575940621452045,1,1786232749,left,downstream
720575940613891442,720575940621438269,1,unknown,unknown,downstream
720575940613891442,720575940621432444,1,IB069,left,downstream
720575940613891442,720575940621431884,1,unknown,right,downstream
720575940613891442,720575940621409916,1,IB084,right,downstream
720575940613891442,720575940621399174,1,unknown,left,downstream
720575940613891442,720575940621384212,1,PS112,left,downstream
720575940613891442,720575940621371045,1,LT56,right,downstream
720575940613891442,720575940621351788,1,unknown,unknown,downstream
720575940613891442,720575940621351532,1,unknown,unknown,downstream
720575940613891442,720575940621338956,1,unknown,unknown,downstream
720575940613891442,720575940621521973,1,unknown,unknown,downstream
720575940613891442,720575940621523537,1,unknown,unknown,downstream
720575940613891442,720575940621537239,1,unknown,unknown,downstream
720575940613891442,720575940621629578,1,DNp16/17,right,downstream
720575940613891442,720575940621777101,1,unknown,unknown,downstream
720575940613891442,720575940621773430,1,unknown,unknown,downstream
720575940613891442,720575940621769846,1,unknown,unknown,downstream
720575940613891442,720575940621761863,1,unknown,unknown,downstream
720575940613891442,720575940621748039,1,unknown,unknown,downstream
720575940613891442,720575940621737799,1,unknown,unknown,downstream
720575940613891442,720575940621728215,1,unknown,unknown,downstream
720575940613891442,720575940621719422,1,unknown,unknown,downstream
720575940613891442,720575940621632664,1,unknown,unknown,downstream
720575940613891442,720575940621626394,1,unknown,right,downstream
720575940613891442,720575940621538007,1,unknown,unknown,downstream
720575940613891442,720575940621613953,1,unknown,unknown,downstream
720575940613891442,720575940621610881,1,unknown,unknown,downstream
720575940613891442,720575940621588139,1,AVLP477,left,downstream
720575940613891442,720575940621579200,1,unknown,left,downstream
720575940613891442,720575940621578577,1,unknown,unknown,downstream
720575940613891442,720575940621566941,1,PS118,right,downstream
720575940613891442,720575940621564329,1,PLP195,left,downstream
720575940613891442,720575940621552209,1,unknown,unknown,downstream
720575940613891442,720575940621542238,1,unknown,unknown,downstream
720575940613891442,720575940621317381,1,PLP216,right,downstream
720575940613891442,720575940621277445,1,unknown,left,downstream
720575940613891442,720575940621793095,1,unknown,unknown,downstream
720575940613891442,720575940621270042,1,PS263,left,downstream
720575940613891442,720575940620799733,1,unknown,unknown,downstream
720575940613891442,720575940620798709,1,unknown,unknown,downstream
720575940613891442,720575940620771399,1,unknown,unknown,downstream
720575940613891442,720575940620770630,1,unknown,unknown,downstream
720575940613891442,720575940620764245,1,PS217,left,downstream
720575940613891442,720575940620756844,1,unknown,unknown,downstream
720575940613891442,720575940620743832,1,unknown,unknown,downstream
720575940613891442,720575940620743320,1,unknown,unknown,downstream
720575940613891442,720575940620722677,1,unknown,unknown,downstream
720575940613891442,720575940620715253,1,unknown,unknown,downstream
720575940613891442,720575940620714741,1,unknown,unknown,downstream
720575940613891442,720575940620714321,1,unknown,unknown,downstream
720575940613891442,720575940620712949,1,unknown,unknown,downstream
720575940613891442,720575940620711925,1,unknown,unknown,downstream
720575940613891442,720575940620708597,1,unknown,unknown,downstream
720575940613891442,720575940620696280,1,LC9,left,downstream
720575940613891442,720575940620673910,1,unknown,unknown,downstream
720575940613891442,720575940620657857,1,unknown,left,downstream
720575940613891442,720575940620636748,1,unknown,right,downstream
720575940613891442,720575940620634021,1,LT38,left,downstream
720575940613891442,720575940620628039,1,unknown,unknown,downstream
720575940613891442,720575940620800245,1,unknown,unknown,downstream
720575940613891442,720575940620821333,1,LC9,left,downstream
720575940613891442,720575940620827425,1,LC9,left,downstream
720575940613891442,720575940621069885,1,unknown,unknown,downstream
720575940613891442,720575940621228168,1,unknown,left,downstream
720575940613891442,720575940621201833,1,CRE017,right,downstream
720575940613891442,720575940621196224,1,M_spPN5t10,left,downstream
720575940613891442,720575940621195290,1,LT87,right,downstream
720575940613891442,720575940621174168,1,unknown,unknown,downstream
720575940613891442,720575940621122823,1,unknown,unknown,downstream
720575940613891442,720575940621100295,1,unknown,unknown,downstream
720575940613891442,720575940621088385,1,unknown,unknown,downstream
720575940613891442,720575940621084352,1,unknown,left,downstream
720575940613891442,720575940621069629,1,unknown,unknown,downstream
720575940613891442,720575940620833535,1,unknown,right,downstream
720575940613891442,720575940621061949,1,unknown,unknown,downstream
720575940613891442,720575940621018560,1,IB093,left,downstream
720575940613891442,720575940620919905,1,SMP448,left,downstream
720575940613891442,720575940620917119,1,WEDPN7A,left,downstream
720575940613891442,720575940620873793,1,unknown,right,downstream
720575940613891442,720575940620858606,1,1622138907,right,downstream
720575940613891442,720575940620856839,1,unknown,unknown,downstream
720575940613891442,720575940620856758,1,LAL133,left,downstream
720575940613891442,720575940620840856,1,unknown,unknown,downstream
720575940613891442,720575940621777390,1,unknown,right,downstream
720575940613891442,720575940621793160,1,unknown,left,downstream
720575940613891442,720575940617722193,1,unknown,unknown,downstream
720575940613891442,720575940622738923,1,unknown,left,downstream
720575940613891442,720575940623073205,1,LC9,left,downstream
720575940613891442,720575940623066529,1,unknown,unknown,downstream
720575940613891442,720575940623053493,1,unknown,left,downstream
720575940613891442,720575940623043996,1,unknown,unknown,downstream
720575940613891442,720575940623043740,1,unknown,unknown,downstream
720575940613891442,720575940623037036,1,unknown,unknown,downstream
720575940613891442,720575940623019544,1,VES008,right,downstream
720575940613891442,720575940622971899,1,unknown,unknown,downstream
720575940613891442,720575940622965148,1,unknown,unknown,downstream
720575940613891442,720575940622945037,1,LNO2,left,downstream
720575940613891442,720575940622932164,1,unknown,right,downstream
720575940613891442,720575940622888240,1,unknown,unknown,downstream
720575940613891442,720575940622885424,1,unknown,unknown,downstream
720575940613891442,720575940622840368,1,unknown,unknown,downstream
720575940613891442,720575940622832350,1,unknown,unknown,downstream
720575940613891442,720575940622811952,1,unknown,unknown,downstream
720575940613891442,720575940622809392,1,unknown,unknown,downstream
720575940613891442,720575940622791429,1,SMP048,left,downstream
720575940613891442,720575940622790271,1,mALB2,right,downstream
720575940613891442,720575940622770410,1,ATL028,left,downstream
720575940613891442,720575940622747297,1,unknown,unknown,downstream
720575940613891442,720575940623082099,1,unknown,unknown,downstream
720575940613891442,720575940623088391,1,LLPC1,left,downstream
720575940613891442,720575940623107509,1,AOTU029,right,downstream
720575940613891442,720575940623237345,1,unknown,unknown,downstream
720575940613891442,720575940623326768,1,unknown,unknown,downstream
720575940613891442,720575940623322160,1,unknown,unknown,downstream
720575940613891442,720575940623262652,1,VES071,right,downstream
720575940613891442,720575940623260201,1,FB4Y,right,downstream
720575940613891442,720575940623259648,1,unknown,unknown,downstream
720575940613891442,720575940623258665,1,unknown,unknown,downstream
720575940613891442,720575940623253223,1,unknown,left,downstream
720575940613891442,720575940623250936,1,unknown,unknown,downstream
720575940613891442,720575940623240929,1,unknown,unknown,downstream
720575940613891442,720575940623208704,1,unknown,unknown,downstream
720575940613891442,720575940623110123,1,LAL107,left,downstream
720575940613891442,720575940623189632,1,unknown,unknown,downstream
720575940613891442,720575940623179136,1,unknown,unknown,downstream
720575940613891442,720575940623170785,1,unknown,unknown,downstream
720575940613891442,720575940623148103,1,unknown,unknown,downstream
720575940613891442,720575940623135649,1,unknown,unknown,downstream
720575940613891442,720575940623127245,1,unknown,left,downstream
720575940613891442,720575940623114206,1,unknown,unknown,downstream
720575940613891442,720575940623113752,1,AVLP538,left,downstream
720575940613891442,720575940623112161,1,unknown,unknown,downstream
720575940613891442,720575940622742689,1,unknown,unknown,downstream
720575940613891442,720575940622669971,1,LAL195,left,downstream
720575940613891442,720575940621798727,1,unknown,unknown,downstream
720575940613891442,720575940622668213,1,unknown,left,downstream
720575940613891442,720575940622160721,1,unknown,unknown,downstream
720575940613891442,720575940622158369,1,5813043077,left,downstream
720575940613891442,720575940622156040,1,WED002,right,downstream
720575940613891442,720575940622146897,1,unknown,unknown,downstream
720575940613891442,720575940622142801,1,unknown,unknown,downstream
720575940613891442,720575940622135757,1,unknown,left,downstream
720575940613891442,720575940622133652,1,unknown,unknown,downstream
720575940613891442,720575940622093803,1,unknown,unknown,downstream
720575940613891442,720575940622053185,1,LT51,right,downstream
720575940613891442,720575940622029990,1,AOTU013,right,downstream
720575940613891442,720575940622020940,1,unknown,left,downstream
720575940613891442,720575940621989828,1,WED096,right,downstream
720575940613891442,720575940621966744,1,unknown,unknown,downstream
720575940613891442,720575940621931580,1,unknown,unknown,downstream
720575940613891442,720575940621888681,1,unknown,unknown,downstream
720575940613891442,720575940621854563,1,ExR8,left,downstream
720575940613891442,720575940621839000,1,unknown,unknown,downstream
720575940613891442,720575940621832397,1,PLP195,right,downstream
720575940613891442,720575940621818858,1,WED032,left,downstream
720575940613891442,720575940621799259,1,unknown,right,downstream
720575940613891442,720575940621799081,1,LLPC1,right,downstream
720575940613891442,720575940622213185,1,unknown,left,downstream
720575940613891442,720575940622233699,1,unknown,left,downstream
720575940613891442,720575940622239640,1,unknown,unknown,downstream
720575940613891442,720575940622445020,1,unknown,unknown,downstream
720575940613891442,720575940622632041,1,unknown,unknown,downstream
720575940613891442,720575940622601610,1,SIP024,right,downstream
720575940613891442,720575940622582689,1,unknown,unknown,downstream
720575940613891442,720575940622580897,1,unknown,unknown,downstream
720575940613891442,720575940622566812,1,unknown,unknown,downstream
720575940613891442,720575940622542241,1,unknown,unknown,downstream
720575940613891442,720575940622482076,1,unknown,unknown,downstream
720575940613891442,720575940622459588,1,AVLP454_a,left,downstream
720575940613891442,720575940622446384,1,unknown,unknown,downstream
720575940613891442,720575940622431860,1,"LC46a,LC46b",right,downstream
720575940613891442,720575940622262380,1,unknown,unknown,downstream
720575940613891442,720575940622333578,1,LNO1,left,downstream
720575940613891442,720575940622324991,1,PVLP141,left,downstream
720575940613891442,720575940622323080,1,LLPC1,right,downstream
720575940613891442,720575940622309726,1,AVLP476,right,downstream
720575940613891442,720575940622288107,1,unknown,right,downstream
720575940613891442,720575940622267350,1,CL120,right,downstream
720575940613891442,720575940622267201,1,unknown,right,downstream
720575940613891442,720575940622263148,1,unknown,unknown,downstream
720575940613891442,720575940622263066,1,unknown,right,downstream
720575940613891442,720575940620614040,1,unknown,unknown,downstream
720575940613891442,720575940620588491,1,LT51,left,downstream
720575940613891442,720575940620567045,1,LAL179,left,downstream
720575940613891442,720575940618608213,1,IbSpsP,left,downstream
720575940613891442,720575940618837664,1,unknown,unknown,downstream
720575940613891442,720575940618836844,1,unknown,unknown,downstream
720575940613891442,720575940618817262,1,PS087,right,downstream
720575940613891442,720575940618814342,1,AVLP454_a,right,downstream
720575940613891442,720575940618807454,1,CL053,right,downstream
720575940613891442,720575940618800064,1,VES043,right,downstream
720575940613891442,720575940618798424,1,unknown,unknown,downstream
720575940613891442,720575940618780241,1,unknown,unknown,downstream
720575940613891442,720575940618773302,1,unknown,right,downstream
720575940613891442,720575940618761580,1,unknown,unknown,downstream
720575940613891442,720575940618757768,1,unknown,unknown,downstream
720575940613891442,720575940618746220,1,unknown,unknown,downstream
720575940613891442,720575940618744955,1,unknown,left,downstream
720575940613891442,720575940618735105,1,LC9,right,downstream
720575940613891442,720575940618722542,1,unknown,right,downstream
720575940613891442,720575940618703205,1,unknown,unknown,downstream
720575940613891442,720575940618654366,1,PS021,right,downstream
720575940613891442,720575940618649936,1,unknown,right,downstream
720575940613891442,720575940618629494,1,unknown,unknown,downstream
720575940613891442,720575940618626952,1,unknown,unknown,downstream
720575940613891442,720575940618617536,1,AVLP462,left,downstream
720575940613891442,720575940618840987,1,unknown,unknown,downstream
720575940613891442,720575940618841755,1,unknown,unknown,downstream
720575940613891442,720575940618847392,1,unknown,unknown,downstream
720575940613891442,720575940619058257,1,unknown,unknown,downstream
720575940613891442,720575940619130732,1,unknown,unknown,downstream
720575940613891442,720575940619123898,1,unknown,unknown,downstream
720575940613891442,720575940619104916,1,unknown,unknown,downstream
720575940613891442,720575940619104404,1,unknown,unknown,downstream
720575940613891442,720575940619102067,1,unknown,unknown,downstream
720575940613891442,720575940619101844,1,unknown,unknown,downstream
720575940613891442,720575940619100052,1,unknown,unknown,downstream
720575940613891442,720575940619098004,1,unknown,unknown,downstream
720575940613891442,720575940619095188,1,unknown,unknown,downstream
720575940613891442,720575940619041361,1,unknown,unknown,downstream
720575940613891442,720575940618923629,1,unknown,unknown,downstream
720575940613891442,720575940619014508,1,unknown,unknown,downstream
720575940613891442,720575940619013996,1,unknown,unknown,downstream
720575940613891442,720575940619007084,1,unknown,unknown,downstream
720575940613891442,720575940619006087,1,PFL3,right,downstream
720575940613891442,720575940619005548,1,unknown,unknown,downstream
720575940613891442,720575940619004268,1,unknown,unknown,downstream
720575940613891442,720575940618979443,1,unknown,unknown,downstream
720575940613891442,720575940618975214,1,unknown,right,downstream
720575940613891442,720575940618930459,1,LC9,left,downstream
720575940613891442,720575940618615022,1,PS087,left,downstream
720575940613891442,720575940618512792,1,unknown,unknown,downstream
720575940613891442,720575940620549959,1,unknown,unknown,downstream
720575940613891442,720575940618511256,1,unknown,unknown,downstream
720575940613891442,720575940618043855,1,unknown,unknown,downstream
720575940613891442,720575940618043343,1,unknown,unknown,downstream
720575940613891442,720575940618041807,1,unknown,unknown,downstream
720575940613891442,720575940618033712,1,unknown,unknown,downstream
720575940613891442,720575940617991195,1,CL053,left,downstream
720575940613891442,720575940617931166,1,"PVLP004,PVLP005",right,downstream
720575940613891442,720575940617918091,1,unknown,left,downstream
720575940613891442,720575940617916635,1,unknown,unknown,downstream
720575940613891442,720575940617886533,1,LAL082,left,downstream
720575940613891442,720575940617853521,1,unknown,unknown,downstream
720575940613891442,720575940617843541,1,unknown,right,downstream
720575940613891442,720575940617841437,1,LAL030_b,left,downstream
720575940613891442,720575940617816657,1,unknown,unknown,downstream
720575940613891442,720575940617809961,1,unknown,unknown,downstream
720575940613891442,720575940617792985,1,LAL137,left,downstream
720575940613891442,720575940617784542,1,unknown,unknown,downstream
720575940613891442,720575940617782750,1,unknown,unknown,downstream
720575940613891442,720575940617751089,1,PS052,left,downstream
720575940613891442,720575940617739881,1,unknown,unknown,downstream
720575940613891442,720575940617737462,1,unknown,unknown,downstream
720575940613891442,720575940617727793,1,LT51,left,downstream
720575940613891442,720575940618058048,1,PS049,right,downstream
720575940613891442,720575940618070893,1,unknown,unknown,downstream
720575940613891442,720575940618081681,1,IB032,left,downstream
720575940613891442,720575940618284190,1,AOTU029,left,downstream
720575940613891442,720575940618486721,1,unknown,left,downstream
720575940613891442,720575940618456401,1,unknown,unknown,downstream
720575940613891442,720575940618451537,1,unknown,unknown,downstream
720575940613891442,720575940618405848,1,LAL030_a,left,downstream
720575940613891442,720575940618397744,1,unknown,unknown,downstream
720575940613891442,720575940618378376,1,unknown,unknown,downstream
720575940613891442,720575940618338668,1,unknown,unknown,downstream
720575940613891442,720575940618326311,1,unknown,unknown,downstream
720575940613891442,720575940618301204,1,PS087,left,downstream
720575940613891442,720575940618269744,1,unknown,unknown,downstream
720575940613891442,720575940618085494,1,unknown,unknown,downstream
720575940613891442,720575940618267557,1,unknown,right,downstream
720575940613891442,720575940618260245,1,unknown,unknown,downstream
720575940613891442,720575940618247189,1,unknown,unknown,downstream
720575940613891442,720575940618211632,1,unknown,unknown,downstream
720575940613891442,720575940618192368,1,unknown,unknown,downstream
720575940613891442,720575940618167454,1,unknown,unknown,downstream
720575940613891442,720575940618110430,1,unknown,unknown,downstream
720575940613891442,720575940618089541,1,PS048,right,downstream
720575940613891442,720575940618085569,1,LAL179,left,downstream
720575940613891442,720575940619138373,1,unknown,left,downstream
720575940613891442,720575940619153516,1,unknown,unknown,downstream
720575940613891442,720575940619164040,1,unknown,unknown,downstream
720575940613891442,720575940619169160,1,unknown,unknown,downstream
720575940613891442,720575940620130931,1,unknown,unknown,downstream
720575940613891442,720575940620129961,1,PLP104,right,downstream
720575940613891442,720575940620127703,1,unknown,unknown,downstream
720575940613891442,720575940620123631,1,unknown,right,downstream
720575940613891442,720575940620115315,1,unknown,unknown,downstream
720575940613891442,720575940620097416,1,unknown,unknown,downstream
720575940613891442,720575940620095603,1,unknown,unknown,downstream
720575940613891442,720575940620091038,1,1822686129,right,downstream
720575940613891442,720575940620085875,1,unknown,unknown,downstream
720575940613891442,720575940620065694,1,1535212969,right,downstream
720575940613891442,720575940620063091,1,unknown,unknown,downstream
720575940613891442,720575940620057776,1,unknown,right,downstream
720575940613891442,720575940620041587,1,unknown,unknown,downstream
720575940613891442,720575940620040307,1,unknown,unknown,downstream
720575940613891442,720575940620033590,1,unknown,left,downstream
720575940613891442,720575940620028795,1,PFR,right,downstream
720575940613891442,720575940619967852,1,unknown,unknown,downstream
720575940613891442,720575940619947891,1,unknown,unknown,downstream
720575940613891442,720575940619947379,1,unknown,unknown,downstream
720575940613891442,720575940619936883,1,unknown,unknown,downstream
720575940613891442,720575940619904859,1,LAL026,left,downstream
720575940613891442,720575940620131187,1,unknown,unknown,downstream
720575940613891442,720575940620131742,1,unknown,left,downstream
720575940613891442,720575940620135027,1,unknown,unknown,downstream
720575940613891442,720575940620356545,1,pC1d,right,downstream
720575940613891442,720575940620543025,1,unknown,left,downstream
720575940613891442,720575940620498379,1,LLPC1,right,downstream
720575940613891442,720575940620494708,1,unknown,left,downstream
720575940613891442,720575940620477164,1,unknown,unknown,downstream
720575940613891442,720575940620476652,1,unknown,unknown,downstream
720575940613891442,720575940620424472,1,CL062_a,right,downstream
720575940613891442,720575940620412461,1,unknown,unknown,downstream
720575940613891442,720575940620380449,1,DNa04,right,downstream
720575940613891442,720575940620372083,1,unknown,unknown,downstream
720575940613891442,720575940620346417,1,LAL144,right,downstream
720575940613891442,720575940620139379,1,unknown,unknown,downstream
720575940613891442,720575940620326280,1,unknown,unknown,downstream
720575940613891442,720575940620310357,1,PS046,right,downstream
720575940613891442,720575940620258480,1,PVLP114,left,downstream
720575940613891442,720575940620241573,1,PS203,left,downstream
720575940613891442,720575940620227955,1,unknown,unknown,downstream
720575940613891442,720575940620222067,1,unknown,unknown,downstream
720575940613891442,720575940620221576,1,unknown,unknown,downstream
720575940613891442,720575940620183462,1,unknown,left,downstream
720575940613891442,720575940620178299,1,LC9,right,downstream
720575940613891442,720575940619896711,1,SMP048,right,downstream
720575940613891442,720575940619885427,1,unknown,unknown,downstream
720575940613891442,720575940619841584,1,unknown,unknown,downstream
720575940613891442,720575940619258165,1,unknown,unknown,downstream
720575940613891442,720575940619475536,1,PS118,right,downstream
720575940613891442,720575940619469147,1,unknown,right,downstream
720575940613891442,720575940619449303,1,unknown,unknown,downstream
720575940613891442,720575940619449264,1,WED164,left,downstream
720575940613891442,720575940619446181,1,unknown,right,downstream
720575940613891442,720575940619369013,1,unknown,unknown,downstream
720575940613891442,720575940619362613,1,unknown,unknown,downstream
720575940613891442,720575940619340113,1,unknown,unknown,downstream
720575940613891442,720575940619264565,1,unknown,unknown,downstream
720575940613891442,720575940619219827,1,unknown,unknown,downstream
720575940613891442,720575940619492488,1,unknown,unknown,downstream
720575940613891442,720575940619218568,1,unknown,unknown,downstream
720575940613891442,720575940619218342,1,unknown,unknown,downstream
720575940613891442,720575940619215731,1,unknown,unknown,downstream
720575940613891442,720575940619214953,1,unknown,unknown,downstream
720575940613891442,720575940619186336,1,unknown,unknown,downstream
720575940613891442,720575940619185257,1,unknown,unknown,downstream
720575940613891442,720575940619181360,1,unknown,unknown,downstream
720575940613891442,720575940619176864,1,unknown,unknown,downstream
720575940613891442,720575940619172768,1,unknown,unknown,downstream
720575940613891442,720575940619480372,1,unknown,unknown,downstream
720575940613891442,720575940619492744,1,unknown,unknown,downstream
720575940613891442,720575940619821137,1,unknown,unknown,downstream
720575940613891442,720575940619694665,1,unknown,unknown,downstream
720575940613891442,720575940619792916,1,PS291,right,downstream
720575940613891442,720575940619788276,1,LC9,right,downstream
720575940613891442,720575940619787635,1,unknown,unknown,downstream
720575940613891442,720575940619785331,1,unknown,unknown,downstream
720575940613891442,720575940619782259,1,unknown,unknown,downstream
720575940613891442,720575940619750259,1,unknown,unknown,downstream
720575940613891442,720575940619747443,1,unknown,unknown,downstream
720575940613891442,720575940619747409,1,unknown,unknown,downstream
720575940613891442,720575940619738227,1,unknown,unknown,downstream
720575940613891442,720575940619676654,1,LC9,right,downstream
720575940613891442,720575940619520904,1,unknown,unknown,downstream
720575940613891442,720575940619675200,1,LAL144,left,downstream
720575940613891442,720575940619642629,1,PS025,right,downstream
720575940613891442,720575940619637557,1,unknown,unknown,downstream
720575940613891442,720575940619634229,1,unknown,unknown,downstream
720575940613891442,720575940619608923,1,WED040,left,downstream
720575940613891442,720575940619549598,1,PS059,left,downstream
720575940613891442,720575940619540416,1,unknown,right,downstream
720575940613891442,720575940619521416,1,unknown,unknown,downstream
720575940613891442,720575940619521160,1,unknown,unknown,downstream
720575940613891442,720575940643575713,1,unknown,unknown,downstream
720575940613891442,720575940429380810,1,unknown,unknown,downstream
720575940613891442,720575940643783534,1,LAL026,left,downstream
720575940613891442,720575940450381846,1,unknown,unknown,downstream
720575940613891442,720575940452707714,1,unknown,unknown,downstream
720575940613891442,720575940452702082,1,unknown,unknown,downstream
720575940613891442,720575940452701826,1,unknown,unknown,downstream
720575940613891442,720575940452683650,1,unknown,unknown,downstream
720575940613891442,720575940452681602,1,unknown,unknown,downstream
720575940613891442,720575940452664450,1,unknown,unknown,downstream
720575940613891442,720575940452662914,1,unknown,unknown,downstream
720575940613891442,720575940452080829,1,unknown,unknown,downstream
720575940613891442,720575940452048474,1,unknown,unknown,downstream
720575940613891442,720575940452037978,1,unknown,unknown,downstream
720575940613891442,720575940451656638,1,unknown,unknown,downstream
720575940613891442,720575940451590419,1,unknown,unknown,downstream
720575940613891442,720575940451587091,1,unknown,unknown,downstream
720575940613891442,720575940451489555,1,unknown,unknown,downstream
720575940613891442,720575940451488531,1,unknown,unknown,downstream
720575940613891442,720575940451468563,1,unknown,unknown,downstream
720575940613891442,720575940451436563,1,unknown,unknown,downstream
720575940613891442,720575940451279247,1,unknown,unknown,downstream
720575940613891442,720575940451011242,1,unknown,unknown,downstream
720575940613891442,720575940451010986,1,unknown,unknown,downstream
720575940613891442,720575940450548627,1,unknown,unknown,downstream
720575940613891442,720575940452708226,1,unknown,unknown,downstream
720575940613891442,720575940452715138,1,unknown,unknown,downstream
720575940613891442,720575940452792928,1,unknown,unknown,downstream
720575940613891442,720575940453594041,1,unknown,unknown,downstream
720575940613891442,720575940454578312,1,unknown,unknown,downstream
720575940613891442,720575940454535048,1,unknown,unknown,downstream
720575940613891442,720575940454191203,1,unknown,unknown,downstream
720575940613891442,720575940454166577,1,unknown,unknown,downstream
720575940613891442,720575940454163761,1,unknown,unknown,downstream
720575940613891442,720575940454063469,1,unknown,unknown,downstream
720575940613891442,720575940454060397,1,unknown,unknown,downstream
720575940613891442,720575940454034541,1,unknown,unknown,downstream
720575940613891442,720575940454005869,1,unknown,unknown,downstream
720575940613891442,720575940453568495,1,unknown,unknown,downstream
720575940613891442,720575940452821556,1,unknown,unknown,downstream
720575940613891442,720575940453568239,1,unknown,unknown,downstream
720575940613891442,720575940453543151,1,unknown,unknown,downstream
720575940613891442,720575940453541103,1,unknown,unknown,downstream
720575940613891442,720575940453494078,1,unknown,unknown,downstream
720575940613891442,720575940453402823,1,unknown,unknown,downstream
720575940613891442,720575940453399751,1,unknown,unknown,downstream
720575940613891442,720575940453280170,1,unknown,unknown,downstream
720575940613891442,720575940453276586,1,unknown,unknown,downstream
720575940613891442,720575940452871585,1,unknown,unknown,downstream
720575940613891442,720575940450489600,1,unknown,unknown,downstream
720575940613891442,720575940450262193,1,unknown,unknown,downstream
720575940613891442,720575940454677039,1,unknown,unknown,downstream
720575940613891442,720575940449998643,1,unknown,unknown,downstream
720575940613891442,720575940446933353,1,unknown,unknown,downstream
720575940613891442,720575940446914665,1,unknown,unknown,downstream
720575940613891442,720575940446747933,1,unknown,unknown,downstream
720575940613891442,720575940446413658,1,unknown,unknown,downstream
720575940613891442,720575940446398298,1,unknown,unknown,downstream
720575940613891442,720575940446393690,1,unknown,unknown,downstream
720575940613891442,720575940446167565,1,unknown,unknown,downstream
720575940613891442,720575940446159258,1,unknown,unknown,downstream
720575940613891442,720575940446155277,1,unknown,unknown,downstream
720575940613891442,720575940446137242,1,unknown,unknown,downstream
720575940613891442,720575940446081806,1,unknown,unknown,downstream
720575940613891442,720575940445988562,1,unknown,unknown,downstream
720575940613891442,720575940445520370,1,unknown,unknown,downstream
720575940613891442,720575940445520114,1,unknown,unknown,downstream
720575940613891442,720575940445493357,1,unknown,unknown,downstream
720575940613891442,720575940445490285,1,unknown,unknown,downstream
720575940613891442,720575940445479873,1,unknown,unknown,downstream
720575940613891442,720575940445469293,1,unknown,unknown,downstream
720575940613891442,720575940445468919,1,unknown,unknown,downstream
720575940613891442,720575940445427959,1,unknown,unknown,downstream
720575940613891442,720575940445404353,1,unknown,unknown,downstream
720575940613891442,720575940447462627,1,unknown,unknown,downstream
720575940613891442,720575940447466467,1,unknown,unknown,downstream
720575940613891442,720575940447480035,1,unknown,unknown,downstream
720575940613891442,720575940448692720,1,unknown,unknown,downstream
720575940613891442,720575940449995571,1,unknown,unknown,downstream
720575940613891442,720575940449994291,1,unknown,unknown,downstream
720575940613891442,720575940449989171,1,unknown,unknown,downstream
720575940613891442,720575940449969971,1,unknown,unknown,downstream
720575940613891442,720575940449622823,1,unknown,unknown,downstream
720575940613891442,720575940449419654,1,unknown,unknown,downstream
720575940613891442,720575940448815300,1,unknown,unknown,downstream
720575940613891442,720575940448806340,1,unknown,unknown,downstream
720575940613891442,720575940448716865,1,unknown,unknown,downstream
720575940613891442,720575940448503620,1,unknown,unknown,downstream
720575940613891442,720575940447483875,1,unknown,unknown,downstream
720575940613891442,720575940448497774,1,unknown,unknown,downstream
720575940613891442,720575940448228066,1,unknown,unknown,downstream
720575940613891442,720575940448195810,1,unknown,unknown,downstream
720575940613891442,720575940448189922,1,unknown,unknown,downstream
720575940613891442,720575940448177634,1,unknown,unknown,downstream
720575940613891442,720575940448175586,1,unknown,unknown,downstream
720575940613891442,720575940448103007,1,unknown,unknown,downstream
720575940613891442,720575940448075984,1,unknown,unknown,downstream
720575940613891442,720575940447669258,1,unknown,unknown,downstream
720575940613891442,720575940454644104,1,unknown,unknown,downstream
720575940613891442,720575940454709551,1,unknown,unknown,downstream
720575940613891442,720575940445327515,1,unknown,unknown,downstream
720575940613891442,720575940458023303,1,unknown,unknown,downstream
720575940613891442,720575940460688988,1,unknown,unknown,downstream
720575940613891442,720575940460559982,1,unknown,unknown,downstream
720575940613891442,720575940460486095,1,unknown,unknown,downstream
720575940613891442,720575940460463736,1,unknown,unknown,downstream
720575940613891442,720575940460455544,1,unknown,unknown,downstream
720575940613891442,720575940460429432,1,unknown,unknown,downstream
720575940613891442,720575940460301663,1,unknown,unknown,downstream
720575940613891442,720575940459886509,1,unknown,unknown,downstream
720575940613891442,720575940459877549,1,unknown,unknown,downstream
720575940613891442,720575940459834312,1,unknown,unknown,downstream
720575940613891442,720575940459832264,1,unknown,unknown,downstream
720575940613891442,720575940459381718,1,unknown,unknown,downstream
720575940613891442,720575940459326680,1,unknown,unknown,downstream
720575940613891442,720575940459306061,1,unknown,unknown,downstream
720575940613891442,720575940459296845,1,unknown,unknown,downstream
720575940613891442,720575940459283021,1,unknown,unknown,downstream
720575940613891442,720575940459281199,1,unknown,unknown,downstream
720575940613891442,720575940459105898,1,unknown,unknown,downstream
720575940613891442,720575940459059867,1,unknown,unknown,downstream
720575940613891442,720575940459056795,1,unknown,unknown,downstream
720575940613891442,720575940459054191,1,unknown,unknown,downstream
720575940613891442,720575940460918769,1,unknown,unknown,downstream
720575940613891442,720575940460921507,1,unknown,unknown,downstream
720575940613891442,720575940460947441,1,unknown,unknown,downstream
720575940613891442,720575940461167738,1,unknown,unknown,downstream
720575940613891442,720575940461407624,1,unknown,unknown,downstream
720575940613891442,720575940461288084,1,unknown,unknown,downstream
720575940613891442,720575940461283732,1,unknown,unknown,downstream
720575940613891442,720575940461280660,1,unknown,unknown,downstream
720575940613891442,720575940461271188,1,unknown,unknown,downstream
720575940613891442,720575940461263252,1,unknown,unknown,downstream
720575940613891442,720575940461236372,1,unknown,unknown,downstream
720575940613891442,720575940461205733,1,unknown,unknown,downstream
720575940613891442,720575940461205221,1,unknown,unknown,downstream
720575940613891442,720575940461165946,1,unknown,unknown,downstream
720575940613891442,720575940460952049,1,unknown,unknown,downstream
720575940613891442,720575940461165690,1,unknown,unknown,downstream
720575940613891442,720575940461163898,1,unknown,unknown,downstream
720575940613891442,720575940461160314,1,unknown,unknown,downstream
720575940613891442,720575940461156474,1,unknown,unknown,downstream
720575940613891442,720575940461153848,1,unknown,unknown,downstream
720575940613891442,720575940461145672,1,unknown,unknown,downstream
720575940613891442,720575940461135688,1,unknown,unknown,downstream
720575940613891442,720575940460976369,1,unknown,unknown,downstream
720575940613891442,720575940460975345,1,unknown,unknown,downstream
720575940613891442,720575940459050907,1,unknown,unknown,downstream
720575940613891442,720575940457971591,1,unknown,unknown,downstream
720575940613891442,720575940454965350,1,unknown,unknown,downstream
720575940613891442,720575940457821851,1,unknown,unknown,downstream
720575940613891442,720575940456407148,1,unknown,unknown,downstream
720575940613891442,720575940456343404,1,unknown,unknown,downstream
720575940613891442,720575940456309356,1,unknown,unknown,downstream
720575940613891442,720575940456305481,1,unknown,unknown,downstream
720575940613891442,720575940456282999,1,unknown,unknown,downstream
720575940613891442,720575940456256320,1,unknown,unknown,downstream
720575940613891442,720575940456253504,1,unknown,unknown,downstream
720575940613891442,720575940456252736,1,unknown,unknown,downstream
720575940613891442,720575940456245833,1,unknown,unknown,downstream
720575940613891442,720575940456216478,1,unknown,unknown,downstream
720575940613891442,720575940456067060,1,unknown,unknown,downstream
720575940613891442,720575940456062452,1,unknown,unknown,downstream
720575940613891442,720575940455795801,1,unknown,unknown,downstream
720575940613891442,720575940455758169,1,unknown,unknown,downstream
720575940613891442,720575940455307497,1,unknown,unknown,downstream
720575940613891442,720575940455307241,1,unknown,unknown,downstream
720575940613891442,720575940455218665,1,unknown,unknown,downstream
720575940613891442,720575940455096007,1,unknown,unknown,downstream
720575940613891442,720575940455090887,1,unknown,unknown,downstream
720575940613891442,720575940455044749,1,unknown,unknown,downstream
720575940613891442,720575940454976870,1,unknown,unknown,downstream
720575940613891442,720575940456637850,1,unknown,unknown,downstream
720575940613891442,720575940456785000,1,unknown,unknown,downstream
720575940613891442,720575940456791144,1,unknown,unknown,downstream
720575940613891442,720575940457352751,1,unknown,unknown,downstream
720575940613891442,720575940457820315,1,unknown,unknown,downstream
720575940613891442,720575940457818267,1,unknown,unknown,downstream
720575940613891442,720575940457580945,1,unknown,unknown,downstream
720575940613891442,720575940457565706,1,unknown,unknown,downstream
720575940613891442,720575940457560586,1,unknown,unknown,downstream
720575940613891442,720575940457449825,1,unknown,unknown,downstream
720575940613891442,720575940457413729,1,unknown,unknown,downstream
720575940613891442,720575940457412193,1,unknown,unknown,downstream
720575940613891442,720575940457354543,1,unknown,unknown,downstream
720575940613891442,720575940457317679,1,unknown,unknown,downstream
720575940613891442,720575940456791656,1,unknown,unknown,downstream
720575940613891442,720575940457068044,1,unknown,unknown,downstream
720575940613891442,720575940457057036,1,unknown,unknown,downstream
720575940613891442,720575940456969320,1,unknown,unknown,downstream
720575940613891442,720575940456940725,1,unknown,unknown,downstream
720575940613891442,720575940456853768,1,unknown,unknown,downstream
720575940613891442,720575940456851720,1,unknown,unknown,downstream
720575940613891442,720575940456834568,1,unknown,unknown,downstream
720575940613891442,720575940456796520,1,unknown,unknown,downstream
720575940613891442,720575940456793960,1,unknown,unknown,downstream
720575940613891442,720575940445379227,1,unknown,unknown,downstream
720575940613891442,720575940445206072,1,unknown,unknown,downstream
720575940613891442,720575940462128784,1,unknown,unknown,downstream
720575940613891442,720575940433563059,1,unknown,unknown,downstream
720575940613891442,720575940434283318,1,unknown,unknown,downstream
720575940613891442,720575940434279437,1,unknown,unknown,downstream
720575940613891442,720575940434267702,1,unknown,unknown,downstream
720575940613891442,720575940434227774,1,unknown,unknown,downstream
720575940613891442,720575940434220862,1,unknown,unknown,downstream
720575940613891442,720575940433945923,1,unknown,unknown,downstream
720575940613891442,720575940433917740,1,unknown,unknown,downstream
720575940613891442,720575940433912467,1,unknown,unknown,downstream
720575940613891442,720575940433909907,1,unknown,unknown,downstream
720575940613891442,720575940433909036,1,unknown,unknown,downstream
720575940613891442,720575940433905555,1,unknown,unknown,downstream
720575940613891442,720575940433894444,1,unknown,unknown,downstream
720575940613891442,720575940433870380,1,unknown,unknown,downstream
720575940613891442,720575940433865551,1,unknown,unknown,downstream
720575940613891442,720575940433853007,1,unknown,unknown,downstream
720575940613891442,720575940433838739,1,unknown,unknown,downstream
720575940613891442,720575940433834540,1,unknown,unknown,downstream
720575940613891442,720575940433828908,1,unknown,unknown,downstream
720575940613891442,720575940433823788,1,unknown,unknown,downstream
720575940613891442,720575940433822355,1,unknown,unknown,downstream
720575940613891442,720575940433813036,1,unknown,unknown,downstream
720575940613891442,720575940434301453,1,unknown,unknown,downstream
720575940613891442,720575940434527787,1,unknown,unknown,downstream
720575940613891442,720575940434536363,1,unknown,unknown,downstream
720575940613891442,720575940434818203,1,unknown,unknown,downstream
720575940613891442,720575940435310812,1,unknown,unknown,downstream
720575940613891442,720575940435310556,1,unknown,unknown,downstream
720575940613891442,720575940435309532,1,unknown,unknown,downstream
720575940613891442,720575940435304412,1,unknown,unknown,downstream
720575940613891442,720575940435171420,1,unknown,unknown,downstream
720575940613891442,720575940434981286,1,unknown,unknown,downstream
720575940613891442,720575940434889742,1,unknown,unknown,downstream
720575940613891442,720575940434872078,1,unknown,unknown,downstream
720575940613891442,720575940434845454,1,unknown,unknown,downstream
720575940613891442,720575940434814107,1,unknown,unknown,downstream
720575940613891442,720575940434679875,1,unknown,unknown,downstream
720575940613891442,720575940434798504,1,unknown,unknown,downstream
720575940613891442,720575940434776744,1,unknown,unknown,downstream
720575940613891442,720575940434771112,1,unknown,unknown,downstream
720575940613891442,720575940434765736,1,unknown,unknown,downstream
720575940613891442,720575940434743979,1,unknown,unknown,downstream
720575940613891442,720575940434714435,1,unknown,unknown,downstream
720575940613891442,720575940434709059,1,unknown,unknown,downstream
720575940613891442,720575940434704963,1,unknown,unknown,downstream
720575940613891442,720575940434687912,1,unknown,unknown,downstream
720575940613891442,720575940433667662,1,unknown,unknown,downstream
720575940613891442,720575940433140507,1,unknown,unknown,downstream
720575940613891442,720575940435513853,1,unknown,unknown,downstream
720575940613891442,720575940433025306,1,unknown,unknown,downstream
720575940613891442,720575940431869063,1,unknown,unknown,downstream
720575940613891442,720575940431783749,1,unknown,unknown,downstream
720575940613891442,720575940431749464,1,unknown,unknown,downstream
720575940613891442,720575940431728984,1,unknown,unknown,downstream
720575940613891442,720575940431695685,1,unknown,unknown,downstream
720575940613891442,720575940431692101,1,unknown,unknown,downstream
720575940613891442,720575940431629381,1,unknown,unknown,downstream
720575940613891442,720575940431619672,1,unknown,unknown,downstream
720575940613891442,720575940431616581,1,unknown,unknown,downstream
720575940613891442,720575940431616069,1,unknown,unknown,downstream
720575940613891442,720575940431609157,1,unknown,unknown,downstream
720575940613891442,720575940431414469,1,unknown,unknown,downstream
720575940613891442,720575940431408837,1,unknown,unknown,downstream
720575940613891442,720575940431398597,1,unknown,unknown,downstream
720575940613891442,720575940431371264,1,unknown,unknown,downstream
720575940613891442,720575940431360202,1,unknown,unknown,downstream
720575940613891442,720575940431359690,1,unknown,unknown,downstream
720575940613891442,720575940431350218,1,unknown,unknown,downstream
720575940613891442,720575940431349962,1,unknown,unknown,downstream
720575940613891442,720575940431344837,1,unknown,unknown,downstream
720575940613891442,720575940431250356,1,unknown,unknown,downstream
720575940613891442,720575940431917006,1,unknown,unknown,downstream
720575940613891442,720575940431998847,1,unknown,unknown,downstream
720575940613891442,720575940432003745,1,unknown,unknown,downstream
720575940613891442,720575940432239460,1,unknown,unknown,downstream
720575940613891442,720575940433018906,1,unknown,unknown,downstream
720575940613891442,720575940432972485,1,unknown,unknown,downstream
720575940613891442,720575940432968601,1,unknown,unknown,downstream
720575940613891442,720575940432951493,1,unknown,unknown,downstream
720575940613891442,720575940432853890,1,unknown,unknown,downstream
720575940613891442,720575940432847234,1,unknown,unknown,downstream
720575940613891442,720575940432605039,1,unknown,unknown,downstream
720575940613891442,720575940432446881,1,unknown,unknown,downstream
720575940613891442,720575940432286564,1,unknown,unknown,downstream
720575940613891442,720575940432154780,1,unknown,unknown,downstream
720575940613891442,720575940432024191,1,unknown,unknown,downstream
720575940613891442,720575940432154775,1,unknown,unknown,downstream
720575940613891442,720575940432146788,1,unknown,unknown,downstream
720575940613891442,720575940432138013,1,unknown,unknown,downstream
720575940613891442,720575940432114973,1,unknown,unknown,downstream
720575940613891442,720575940432110297,1,unknown,unknown,downstream
720575940613891442,720575940432105757,1,unknown,unknown,downstream
720575940613891442,720575940432098239,1,unknown,unknown,downstream
720575940613891442,720575940432091165,1,unknown,unknown,downstream
720575940613891442,720575940432046975,1,unknown,unknown,downstream
720575940613891442,720575940435315932,1,unknown,unknown,downstream
720575940613891442,720575940435644572,1,unknown,unknown,downstream
720575940613891442,720575940445204536,1,unknown,unknown,downstream
720575940613891442,720575940441470288,1,unknown,unknown,downstream
720575940613891442,720575940443671996,1,unknown,unknown,downstream
720575940613891442,720575940443668412,1,unknown,unknown,downstream
720575940613891442,720575940443141739,1,unknown,unknown,downstream
720575940613891442,720575940442999428,1,unknown,unknown,downstream
720575940613891442,720575940442932195,1,unknown,unknown,downstream
720575940613891442,720575940442930659,1,unknown,unknown,downstream
720575940613891442,720575940442905571,1,unknown,unknown,downstream
720575940613891442,720575940442710846,1,unknown,unknown,downstream
720575940613891442,720575940442606103,1,unknown,unknown,downstream
720575940613891442,720575940442342221,1,unknown,unknown,downstream
720575940613891442,720575940442331716,1,unknown,unknown,downstream
720575940613891442,720575940442323268,1,unknown,unknown,downstream
720575940613891442,720575940442301930,1,unknown,unknown,downstream
720575940613891442,720575940441864659,1,unknown,unknown,downstream
720575940613891442,720575940441793747,1,unknown,unknown,downstream
720575940613891442,720575940441695733,1,unknown,unknown,downstream
720575940613891442,720575940441680339,1,unknown,unknown,downstream
720575940613891442,720575940441543171,1,unknown,unknown,downstream
720575940613891442,720575940441539075,1,unknown,unknown,downstream
720575940613891442,720575940441520899,1,unknown,unknown,downstream
720575940613891442,720575940441512451,1,unknown,unknown,downstream
720575940613891442,720575940443672252,1,unknown,unknown,downstream
720575940613891442,720575940443726004,1,unknown,unknown,downstream
720575940613891442,720575940443743156,1,unknown,unknown,downstream
720575940613891442,720575940444476743,1,unknown,unknown,downstream
720575940613891442,720575940445096074,1,unknown,unknown,downstream
720575940613891442,720575940445091210,1,unknown,unknown,downstream
720575940613891442,720575940445059978,1,unknown,unknown,downstream
720575940613891442,720575940445045130,1,unknown,unknown,downstream
720575940613891442,720575940444723484,1,unknown,unknown,downstream
720575940613891442,720575940444599452,1,unknown,unknown,downstream
720575940613891442,720575940444492359,1,unknown,unknown,downstream
720575940613891442,720575940444480071,1,unknown,unknown,downstream
720575940613891442,720575940444477255,1,unknown,unknown,downstream
720575940613891442,720575940444229628,1,unknown,unknown,downstream
720575940613891442,720575940443758629,1,unknown,unknown,downstream
720575940613891442,720575940444204796,1,unknown,unknown,downstream
720575940613891442,720575940444194300,1,unknown,unknown,downstream
720575940613891442,720575940444164515,1,unknown,unknown,downstream
720575940613891442,720575940444162467,1,unknown,unknown,downstream
720575940613891442,720575940444161443,1,unknown,unknown,downstream
720575940613891442,720575940444160419,1,unknown,unknown,downstream
720575940613891442,720575940444044680,1,unknown,unknown,downstream
720575940613891442,720575940444004097,1,unknown,unknown,downstream
720575940613891442,720575940443761189,1,unknown,unknown,downstream
720575940613891442,720575940441484624,1,unknown,unknown,downstream
720575940613891442,720575940441469264,1,unknown,unknown,downstream
720575940613891442,720575940435758757,1,unknown,unknown,downstream
720575940613891442,720575940441216501,1,unknown,unknown,downstream
720575940613891442,720575940438014552,1,unknown,unknown,downstream
720575940613891442,720575940438007384,1,unknown,unknown,downstream
720575940613891442,720575940437669170,1,unknown,unknown,downstream
720575940613891442,720575940437655346,1,unknown,unknown,downstream
720575940613891442,720575940437518551,1,unknown,unknown,downstream
720575940613891442,720575940437493027,1,unknown,unknown,downstream
720575940613891442,720575940437404053,1,unknown,unknown,downstream
720575940613891442,720575940437403541,1,unknown,unknown,downstream
720575940613891442,720575940437384085,1,unknown,unknown,downstream
720575940613891442,720575940436391706,1,unknown,unknown,downstream
720575940613891442,720575940436218095,1,unknown,unknown,downstream
720575940613891442,720575940436126391,1,unknown,unknown,downstream
720575940613891442,720575940436087735,1,unknown,unknown,downstream
720575940613891442,720575940436044471,1,unknown,unknown,downstream
720575940613891442,720575940435977941,1,unknown,unknown,downstream
720575940613891442,720575940435945758,1,unknown,unknown,downstream
720575940613891442,720575940435944222,1,unknown,unknown,downstream
720575940613891442,720575940435930910,1,unknown,unknown,downstream
720575940613891442,720575940435928606,1,unknown,unknown,downstream
720575940613891442,720575940435919390,1,unknown,unknown,downstream
720575940613891442,720575940435810469,1,unknown,unknown,downstream
720575940613891442,720575940438027608,1,unknown,unknown,downstream
720575940613891442,720575940438049112,1,unknown,unknown,downstream
720575940613891442,720575940438052184,1,unknown,unknown,downstream
720575940613891442,720575940439983091,1,unknown,unknown,downstream
720575940613891442,720575940441201301,1,unknown,unknown,downstream
720575940613891442,720575940441189365,1,unknown,unknown,downstream
720575940613891442,720575940441183637,1,unknown,unknown,downstream
720575940613891442,720575940441179381,1,unknown,unknown,downstream
720575940613891442,720575940441150709,1,unknown,unknown,downstream
720575940613891442,720575940441018257,1,unknown,unknown,downstream
720575940613891442,720575940440691382,1,unknown,unknown,downstream
720575940613891442,720575940440607783,1,unknown,unknown,downstream
720575940613891442,720575940439989491,1,unknown,unknown,downstream
720575940613891442,720575940439545270,1,unknown,unknown,downstream
720575940613891442,720575940438177469,1,unknown,unknown,downstream
720575940613891442,720575940439538870,1,unknown,unknown,downstream
720575940613891442,720575940439313601,1,unknown,unknown,downstream
720575940613891442,720575940439299264,1,unknown,unknown,downstream
720575940613891442,720575940439262402,1,unknown,unknown,downstream
720575940613891442,720575940439132511,1,unknown,unknown,downstream
720575940613891442,720575940439024055,1,unknown,unknown,downstream
720575940613891442,720575940438232868,1,unknown,unknown,downstream
720575940613891442,720575940438203581,1,unknown,unknown,downstream
720575940613891442,720575940438202667,1,unknown,unknown,downstream
720575940613891442,720575940461869549,1,unknown,unknown,downstream
720575940613891442,720575940462150544,1,unknown,unknown,downstream
720575940613891442,720575940643814344,1,IbSpsP,right,downstream
720575940613891442,720575940480337560,1,unknown,unknown,downstream
720575940613891442,720575940482893623,1,unknown,unknown,downstream
720575940613891442,720575940482872986,1,unknown,unknown,downstream
720575940613891442,720575940482671215,1,unknown,unknown,downstream
720575940613891442,720575940482668698,1,unknown,unknown,downstream
720575940613891442,720575940482213228,1,unknown,unknown,downstream
720575940613891442,720575940482105480,1,unknown,unknown,downstream
720575940613891442,720575940482104712,1,unknown,unknown,downstream
720575940613891442,720575940481930037,1,unknown,unknown,downstream
720575940613891442,720575940481642769,1,unknown,unknown,downstream
720575940613891442,720575940481538212,1,unknown,unknown,downstream
720575940613891442,720575940481354936,1,unknown,unknown,downstream
720575940613891442,720575940481191830,1,unknown,unknown,downstream
720575940613891442,720575940481162390,1,unknown,unknown,downstream
720575940613891442,720575940481159830,1,unknown,unknown,downstream
720575940613891442,720575940480994270,1,unknown,unknown,downstream
720575940613891442,720575940480993246,1,unknown,unknown,downstream
720575940613891442,720575940480563411,1,unknown,unknown,downstream
720575940613891442,720575940480491475,1,unknown,unknown,downstream
720575940613891442,720575940480472371,1,unknown,unknown,downstream
720575940613891442,720575940480467923,1,unknown,unknown,downstream
720575940613891442,720575940480363672,1,unknown,unknown,downstream
720575940613891442,720575940482904375,1,unknown,unknown,downstream
720575940613891442,720575940483230083,1,unknown,unknown,downstream
720575940613891442,720575940483232131,1,unknown,unknown,downstream
720575940613891442,720575940484144737,1,unknown,unknown,downstream
720575940613891442,720575940485152725,1,unknown,unknown,downstream
720575940613891442,720575940484986798,1,unknown,unknown,downstream
720575940613891442,720575940484960953,1,unknown,unknown,downstream
720575940613891442,720575940484916131,1,unknown,unknown,downstream
720575940613891442,720575940484900003,1,unknown,unknown,downstream
720575940613891442,720575940484615721,1,unknown,unknown,downstream
720575940613891442,720575940484432894,1,unknown,unknown,downstream
720575940613891442,720575940484423422,1,unknown,unknown,downstream
720575940613891442,720575940484401918,1,unknown,unknown,downstream
720575940613891442,720575940484138593,1,unknown,unknown,downstream
720575940613891442,720575940483446140,1,unknown,unknown,downstream
720575940613891442,720575940484122302,1,unknown,unknown,downstream
720575940613891442,720575940484076744,1,unknown,unknown,downstream
720575940613891442,720575940484052680,1,unknown,unknown,downstream
720575940613891442,720575940484009160,1,unknown,unknown,downstream
720575940613891442,720575940483970895,1,unknown,unknown,downstream
720575940613891442,720575940483491196,1,unknown,unknown,downstream
720575940613891442,720575940483488892,1,unknown,unknown,downstream
720575940613891442,720575940483480188,1,unknown,unknown,downstream
720575940613891442,720575940483455100,1,unknown,unknown,downstream
720575940613891442,720575940480339096,1,unknown,unknown,downstream
720575940613891442,720575940480132069,1,unknown,unknown,downstream
720575940613891442,720575940485315945,1,unknown,unknown,downstream
720575940613891442,720575940479737892,1,unknown,unknown,downstream
720575940613891442,720575940478663528,1,unknown,unknown,downstream
720575940613891442,720575940478662248,1,unknown,unknown,downstream
720575940613891442,720575940478547313,1,unknown,unknown,downstream
720575940613891442,720575940478043632,1,unknown,unknown,downstream
720575940613891442,720575940478042352,1,unknown,unknown,downstream
720575940613891442,720575940478035162,1,unknown,unknown,downstream
720575940613891442,720575940478018288,1,unknown,unknown,downstream
720575940613891442,720575940478013168,1,unknown,unknown,downstream
720575940613891442,720575940477989104,1,unknown,unknown,downstream
720575940613891442,720575940477978330,1,unknown,unknown,downstream
720575940613891442,720575940477961690,1,unknown,unknown,downstream
720575940613891442,720575940477733809,1,unknown,unknown,downstream
720575940613891442,720575940477697801,1,unknown,unknown,downstream
720575940613891442,720575940477678257,1,unknown,unknown,downstream
720575940613891442,720575940477675185,1,unknown,unknown,downstream
720575940613891442,720575940477504717,1,unknown,unknown,downstream
720575940613891442,720575940477468004,1,unknown,unknown,downstream
720575940613891442,720575940477461348,1,unknown,unknown,downstream
720575940613891442,720575940477458276,1,unknown,unknown,downstream
720575940613891442,720575940477452821,1,unknown,unknown,downstream
720575940613891442,720575940477428429,1,unknown,unknown,downstream
720575940613891442,720575940478697576,1,unknown,unknown,downstream
720575940613891442,720575940478698600,1,unknown,unknown,downstream
720575940613891442,720575940478701672,1,unknown,unknown,downstream
720575940613891442,720575940479269900,1,unknown,unknown,downstream
720575940613891442,720575940479704211,1,unknown,unknown,downstream
720575940613891442,720575940479692435,1,unknown,unknown,downstream
720575940613891442,720575940479677331,1,unknown,unknown,downstream
720575940613891442,720575940479670882,1,unknown,unknown,downstream
720575940613891442,720575940479547056,1,unknown,unknown,downstream
720575940613891442,720575940479532383,1,unknown,unknown,downstream
720575940613891442,720575940479527059,1,unknown,unknown,downstream
720575940613891442,720575940479296268,1,unknown,unknown,downstream
720575940613891442,720575940479274508,1,unknown,unknown,downstream
720575940613891442,720575940479250797,1,unknown,unknown,downstream
720575940613891442,720575940478731999,1,unknown,unknown,downstream
720575940613891442,720575940479249773,1,unknown,unknown,downstream
720575940613891442,720575940479234157,1,unknown,unknown,downstream
720575940613891442,720575940479076009,1,unknown,unknown,downstream
720575940613891442,720575940478785130,1,unknown,unknown,downstream
720575940613891442,720575940478779946,1,unknown,unknown,downstream
720575940613891442,720575940478777642,1,unknown,unknown,downstream
720575940613891442,720575940478761258,1,unknown,unknown,downstream
720575940613891442,720575940478758442,1,unknown,unknown,downstream
720575940613891442,720575940478758250,1,unknown,unknown,downstream
720575940613891442,720575940485196158,1,unknown,unknown,downstream
720575940613891442,720575940485316457,1,unknown,unknown,downstream
720575940613891442,720575940477393053,1,unknown,unknown,downstream
720575940613891442,720575940490987480,1,unknown,unknown,downstream
720575940613891442,720575940492981431,1,unknown,unknown,downstream
720575940613891442,720575940492963201,1,unknown,unknown,downstream
720575940613891442,720575940492865099,1,unknown,unknown,downstream
720575940613891442,720575940492483572,1,unknown,unknown,downstream
720575940613891442,720575940492138735,1,unknown,unknown,downstream
720575940613891442,720575940492135663,1,unknown,unknown,downstream
720575940613891442,720575940491767614,1,unknown,unknown,downstream
720575940613891442,720575940491762750,1,unknown,unknown,downstream
720575940613891442,720575940491759678,1,unknown,unknown,downstream
720575940613891442,720575940491408627,1,unknown,unknown,downstream
720575940613891442,720575940491391987,1,unknown,unknown,downstream
720575940613891442,720575940491344959,1,unknown,unknown,downstream
720575940613891442,720575940491257726,1,unknown,unknown,downstream
720575940613891442,720575940491192951,1,unknown,unknown,downstream
720575940613891442,720575940491190079,1,unknown,unknown,downstream
720575940613891442,720575940491162175,1,unknown,unknown,downstream
720575940613891442,720575940491117071,1,unknown,unknown,downstream
720575940613891442,720575940491106319,1,unknown,unknown,downstream
720575940613891442,720575940491051023,1,unknown,unknown,downstream
720575940613891442,720575940491041807,1,unknown,unknown,downstream
720575940613891442,720575940491020815,1,unknown,unknown,downstream
720575940613891442,720575940492984759,1,unknown,unknown,downstream
720575940613891442,720575940492986295,1,unknown,unknown,downstream
720575940613891442,720575940493305207,1,unknown,unknown,downstream
720575940613891442,720575940494237124,1,unknown,unknown,downstream
720575940613891442,720575940494845618,1,unknown,unknown,downstream
720575940613891442,720575940494832818,1,unknown,unknown,downstream
720575940613891442,720575940494824114,1,unknown,unknown,downstream
720575940613891442,720575940494797557,1,unknown,unknown,downstream
720575940613891442,720575940494784461,1,unknown,unknown,downstream
720575940613891442,720575940494707547,1,unknown,unknown,downstream
720575940613891442,720575940494705499,1,unknown,unknown,downstream
720575940613891442,720575940494241988,1,unknown,unknown,downstream
720575940613891442,720575940494239684,1,unknown,unknown,downstream
720575940613891442,720575940494188740,1,unknown,unknown,downstream
720575940613891442,720575940493310071,1,unknown,unknown,downstream
720575940613891442,720575940494027246,1,unknown,unknown,downstream
720575940613891442,720575940494002158,1,unknown,unknown,downstream
720575940613891442,720575940493708053,1,unknown,unknown,downstream
720575940613891442,720575940493625288,1,unknown,unknown,downstream
720575940613891442,720575940493579720,1,unknown,unknown,downstream
720575940613891442,720575940493564872,1,unknown,unknown,downstream
720575940613891442,720575940493346983,1,unknown,unknown,downstream
720575940613891442,720575940493345703,1,unknown,unknown,downstream
720575940613891442,720575940493338791,1,unknown,unknown,downstream
720575940613891442,720575940490995010,1,unknown,unknown,downstream
720575940613891442,720575940490963625,1,unknown,unknown,downstream
720575940613891442,720575940487557085,1,unknown,unknown,downstream
720575940613891442,720575940490961069,1,unknown,unknown,downstream
720575940613891442,720575940489455581,1,unknown,unknown,downstream
720575940613891442,720575940488797638,1,unknown,unknown,downstream
720575940613891442,720575940488682688,1,unknown,unknown,downstream
720575940613891442,720575940488679586,1,unknown,unknown,downstream
720575940613891442,720575940488661154,1,unknown,unknown,downstream
720575940613891442,720575940488639394,1,unknown,unknown,downstream
720575940613891442,720575940488563845,1,unknown,unknown,downstream
720575940613891442,720575940488558725,1,unknown,unknown,downstream
720575940613891442,720575940488544133,1,unknown,unknown,downstream
720575940613891442,720575940488359612,1,unknown,unknown,downstream
720575940613891442,720575940488357052,1,unknown,unknown,downstream
720575940613891442,720575940488356028,1,unknown,unknown,downstream
720575940613891442,720575940488336848,1,unknown,unknown,downstream
720575940613891442,720575940488123405,1,unknown,unknown,downstream
720575940613891442,720575940487942524,1,unknown,unknown,downstream
720575940613891442,720575940487934844,1,unknown,unknown,downstream
720575940613891442,720575940487770569,1,unknown,unknown,downstream
720575940613891442,720575940487759817,1,unknown,unknown,downstream
720575940613891442,720575940487562717,1,unknown,unknown,downstream
720575940613891442,720575940487560669,1,unknown,unknown,downstream
720575940613891442,720575940487558109,1,unknown,unknown,downstream
720575940613891442,720575940489566324,1,unknown,unknown,downstream
720575940613891442,720575940489571700,1,unknown,unknown,downstream
720575940613891442,720575940489574004,1,unknown,unknown,downstream
720575940613891442,720575940490268072,1,unknown,unknown,downstream
720575940613891442,720575940490959273,1,unknown,unknown,downstream
720575940613891442,720575940490941656,1,unknown,unknown,downstream
720575940613891442,720575940490875096,1,unknown,unknown,downstream
720575940613891442,720575940490867545,1,unknown,unknown,downstream
720575940613891442,720575940490865753,1,unknown,unknown,downstream
720575940613891442,720575940490729641,1,unknown,unknown,downstream
720575940613891442,720575940490329256,1,unknown,unknown,downstream
720575940613891442,720575940490318448,1,unknown,unknown,downstream
720575940613891442,720575940490271400,1,unknown,unknown,downstream
720575940613891442,720575940490266997,1,unknown,unknown,downstream
720575940613891442,720575940489580148,1,unknown,unknown,downstream
720575940613891442,720575940490259112,1,unknown,unknown,downstream
720575940613891442,720575940490233768,1,unknown,unknown,downstream
720575940613891442,720575940490233000,1,unknown,unknown,downstream
720575940613891442,720575940490225336,1,unknown,unknown,downstream
720575940613891442,720575940490223272,1,unknown,unknown,downstream
720575940613891442,720575940490139253,1,unknown,unknown,downstream
720575940613891442,720575940489823146,1,unknown,unknown,downstream
720575940613891442,720575940489809834,1,unknown,unknown,downstream
720575940613891442,720575940489583732,1,unknown,unknown,downstream
720575940613891442,720575940477426125,1,unknown,unknown,downstream
720575940613891442,720575940477337501,1,unknown,unknown,downstream
720575940613891442,720575940462238064,1,unknown,unknown,downstream
720575940613891442,720575940467449519,1,unknown,unknown,downstream
720575940613891442,720575940469519748,1,unknown,unknown,downstream
720575940613891442,720575940469518212,1,unknown,unknown,downstream
720575940613891442,720575940469312658,1,unknown,unknown,downstream
720575940613891442,720575940469305778,1,unknown,unknown,downstream
720575940613891442,720575940469300914,1,unknown,unknown,downstream
720575940613891442,720575940469300658,1,unknown,unknown,downstream
720575940613891442,720575940469134141,1,unknown,unknown,downstream
720575940613891442,720575940469095997,1,unknown,unknown,downstream
720575940613891442,720575940468663799,1,unknown,unknown,downstream
720575940613891442,720575940468662775,1,unknown,unknown,downstream
720575940613891442,720575940468612187,1,unknown,unknown,downstream
720575940613891442,720575940468577203,1,unknown,unknown,downstream
720575940613891442,720575940468573280,1,unknown,unknown,downstream
720575940613891442,720575940468498402,1,unknown,unknown,downstream
720575940613891442,720575940468496354,1,unknown,unknown,downstream
720575940613891442,720575940468436706,1,unknown,unknown,downstream
720575940613891442,720575940467869472,1,unknown,unknown,downstream
720575940613891442,720575940467760957,1,unknown,unknown,downstream
720575940613891442,720575940467673834,1,unknown,unknown,downstream
720575940613891442,720575940467639494,1,unknown,unknown,downstream
720575940613891442,720575940467602436,1,unknown,unknown,downstream
720575940613891442,720575940469526148,1,unknown,unknown,downstream
720575940613891442,720575940469556612,1,unknown,unknown,downstream
720575940613891442,720575940469622620,1,unknown,unknown,downstream
720575940613891442,720575940469925269,1,unknown,unknown,downstream
720575940613891442,720575940470432031,1,unknown,unknown,downstream
720575940613891442,720575940470346750,1,unknown,unknown,downstream
720575940613891442,720575940470312446,1,unknown,unknown,downstream
720575940613891442,720575940470257327,1,unknown,unknown,downstream
720575940613891442,720575940470150142,1,unknown,unknown,downstream
720575940613891442,720575940470125310,1,unknown,unknown,downstream
720575940613891442,720575940470118575,1,unknown,unknown,downstream
720575940613891442,720575940469950295,1,unknown,unknown,downstream
720575940613891442,720575940469935509,1,unknown,unknown,downstream
720575940613891442,720575940469923989,1,unknown,unknown,downstream
720575940613891442,720575940469626244,1,unknown,unknown,downstream
720575940613891442,720575940469917589,1,unknown,unknown,downstream
720575940613891442,720575940469915797,1,unknown,unknown,downstream
720575940613891442,720575940469883479,1,unknown,unknown,downstream
720575940613891442,720575940469786119,1,unknown,unknown,downstream
720575940613891442,720575940469746174,1,unknown,unknown,downstream
720575940613891442,720575940469738238,1,unknown,unknown,downstream
720575940613891442,720575940469696694,1,unknown,unknown,downstream
720575940613891442,720575940469642076,1,unknown,unknown,downstream
720575940613891442,720575940469635420,1,unknown,unknown,downstream
720575940613891442,720575940467487663,1,unknown,unknown,downstream
720575940613891442,720575940467361428,1,unknown,unknown,downstream
720575940613891442,720575940470549038,1,unknown,unknown,downstream
720575940613891442,720575940467044550,1,unknown,unknown,downstream
720575940613891442,720575940464798483,1,unknown,unknown,downstream
720575940613891442,720575940464107760,1,unknown,unknown,downstream
720575940613891442,720575940464091968,1,unknown,unknown,downstream
720575940613891442,720575940463691537,1,unknown,unknown,downstream
720575940613891442,720575940463354089,1,unknown,unknown,downstream
720575940613891442,720575940463189791,1,unknown,unknown,downstream
720575940613891442,720575940463175615,1,unknown,unknown,downstream
720575940613891442,720575940462963718,1,unknown,unknown,downstream
720575940613891442,720575940462953222,1,unknown,unknown,downstream
720575940613891442,720575940462941801,1,unknown,unknown,downstream
720575940613891442,720575940462930182,1,unknown,unknown,downstream
720575940613891442,720575940462916055,1,unknown,unknown,downstream
720575940613891442,720575940462910679,1,unknown,unknown,downstream
720575940613891442,720575940462793002,1,unknown,unknown,downstream
720575940613891442,720575940462773290,1,unknown,unknown,downstream
720575940613891442,720575940462745130,1,unknown,unknown,downstream
720575940613891442,720575940462652144,1,unknown,unknown,downstream
720575940613891442,720575940462478388,1,unknown,unknown,downstream
720575940613891442,720575940462478132,1,unknown,unknown,downstream
720575940613891442,720575940462426969,1,unknown,unknown,downstream
720575940613891442,720575940462261351,1,unknown,unknown,downstream
720575940613891442,720575940465022210,1,unknown,unknown,downstream
720575940613891442,720575940465267545,1,unknown,unknown,downstream
720575940613891442,720575940465286669,1,unknown,unknown,downstream
720575940613891442,720575940466213954,1,unknown,unknown,downstream
720575940613891442,720575940466916273,1,unknown,unknown,downstream
720575940613891442,720575940466909873,1,unknown,unknown,downstream
720575940613891442,720575940466826806,1,unknown,unknown,downstream
720575940613891442,720575940466811569,1,unknown,unknown,downstream
720575940613891442,720575940466798051,1,unknown,unknown,downstream
720575940613891442,720575940466793137,1,unknown,unknown,downstream
720575940613891442,720575940466688383,1,unknown,unknown,downstream
720575940613891442,720575940466335839,1,unknown,unknown,downstream
720575940613891442,720575940466332767,1,unknown,unknown,downstream
720575940613891442,720575940466208578,1,unknown,unknown,downstream
720575940613891442,720575940465300413,1,unknown,unknown,downstream
720575940613891442,720575940466201410,1,unknown,unknown,downstream
720575940613891442,720575940466191426,1,unknown,unknown,downstream
720575940613891442,720575940465978864,1,unknown,unknown,downstream
720575940613891442,720575940465965552,1,unknown,unknown,downstream
720575940613891442,720575940465964440,1,unknown,unknown,downstream
720575940613891442,720575940465828141,1,unknown,unknown,downstream
720575940613891442,720575940465682397,1,unknown,unknown,downstream
720575940613891442,720575940465344957,1,unknown,unknown,downstream
720575940613891442,720575940465316285,1,unknown,unknown,downstream
720575940613891442,720575940470548526,1,unknown,unknown,downstream
720575940613891442,720575940470587011,1,unknown,unknown,downstream
720575940613891442,720575940477332125,1,unknown,unknown,downstream
720575940613891442,720575940474896815,1,unknown,unknown,downstream
720575940613891442,720575940476161312,1,unknown,unknown,downstream
720575940613891442,720575940476148371,1,unknown,unknown,downstream
720575940613891442,720575940476137107,1,unknown,unknown,downstream
720575940613891442,720575940476136736,1,unknown,unknown,downstream
720575940613891442,720575940476134035,1,unknown,unknown,downstream
720575940613891442,720575940476127776,1,unknown,unknown,downstream
720575940613891442,720575940476124819,1,unknown,unknown,downstream
720575940613891442,720575940476112160,1,unknown,unknown,downstream
720575940613891442,720575940476056270,1,unknown,unknown,downstream
720575940613891442,720575940475992014,1,unknown,unknown,downstream
720575940613891442,720575940475989966,1,unknown,unknown,downstream
720575940613891442,720575940475930231,1,unknown,unknown,downstream
720575940613891442,720575940475927415,1,unknown,unknown,downstream
720575940613891442,720575940475913079,1,unknown,unknown,downstream
720575940613891442,720575940475876471,1,unknown,unknown,downstream
720575940613891442,720575940475610402,1,unknown,unknown,downstream
720575940613891442,720575940475313596,1,unknown,unknown,downstream
720575940613891442,720575940475306940,1,unknown,unknown,downstream
720575940613891442,720575940475303100,1,unknown,unknown,downstream
720575940613891442,720575940475042035,1,unknown,unknown,downstream
720575940613891442,720575940474941286,1,unknown,unknown,downstream
720575940613891442,720575940476170643,1,unknown,unknown,downstream
720575940613891442,720575940476223495,1,unknown,unknown,downstream
720575940613891442,720575940476229383,1,unknown,unknown,downstream
720575940613891442,720575940476744582,1,unknown,unknown,downstream
720575940613891442,720575940477324445,1,unknown,unknown,downstream
720575940613891442,720575940477212367,1,unknown,unknown,downstream
720575940613891442,720575940477153743,1,unknown,unknown,downstream
720575940613891442,720575940476860275,1,unknown,unknown,downstream
720575940613891442,720575940476849267,1,unknown,unknown,downstream
720575940613891442,720575940476843123,1,unknown,unknown,downstream
720575940613891442,720575940476781375,1,unknown,unknown,downstream
720575940613891442,720575940476772415,1,unknown,unknown,downstream
720575940613891442,720575940476767807,1,unknown,unknown,downstream
720575940613891442,720575940476562078,1,unknown,unknown,downstream
720575940613891442,720575940476291264,1,unknown,unknown,downstream
720575940613891442,720575940476559262,1,unknown,unknown,downstream
720575940613891442,720575940476554654,1,unknown,unknown,downstream
720575940613891442,720575940476461897,1,unknown,unknown,downstream
720575940613891442,720575940476458825,1,unknown,unknown,downstream
720575940613891442,720575940476458313,1,unknown,unknown,downstream
720575940613891442,720575940476438345,1,unknown,unknown,downstream
720575940613891442,720575940476429129,1,unknown,unknown,downstream
720575940613891442,720575940476425801,1,unknown,unknown,downstream
720575940613891442,720575940476422729,1,unknown,unknown,downstream
720575940613891442,720575940474911659,1,unknown,unknown,downstream
720575940613891442,720575940474866742,1,unknown,unknown,downstream
720575940613891442,720575940470591107,1,unknown,unknown,downstream
720575940613891442,720575940474864438,1,unknown,unknown,downstream
720575940613891442,720575940472377217,1,unknown,unknown,downstream
720575940613891442,720575940472325249,1,unknown,unknown,downstream
720575940613891442,720575940472268107,1,unknown,unknown,downstream
720575940613891442,720575940472262475,1,unknown,unknown,downstream
720575940613891442,720575940471807965,1,unknown,unknown,downstream
720575940613891442,720575940471794909,1,unknown,unknown,downstream
720575940613891442,720575940471790813,1,unknown,unknown,downstream
720575940613891442,720575940471786205,1,unknown,unknown,downstream
720575940613891442,720575940471716044,1,unknown,unknown,downstream
720575940613891442,720575940471338650,1,unknown,unknown,downstream
720575940613891442,720575940471310597,1,unknown,unknown,downstream
720575940613891442,720575940471284232,1,unknown,unknown,downstream
720575940613891442,720575940471188452,1,unknown,unknown,downstream
720575940613891442,720575940471165668,1,unknown,unknown,downstream
720575940613891442,720575940471060747,1,unknown,unknown,downstream
720575940613891442,720575940471055371,1,unknown,unknown,downstream
720575940613891442,720575940470987755,1,unknown,unknown,downstream
720575940613891442,720575940470987499,1,unknown,unknown,downstream
720575940613891442,720575940470943986,1,unknown,unknown,downstream
720575940613891442,720575940470820798,1,unknown,unknown,downstream
720575940613891442,720575940470786435,1,unknown,unknown,downstream
720575940613891442,720575940472782187,1,unknown,unknown,downstream
720575940613891442,720575940473276523,1,unknown,unknown,downstream
720575940613891442,720575940473300819,1,unknown,unknown,downstream
720575940613891442,720575940473767898,1,unknown,unknown,downstream
720575940613891442,720575940474785963,1,unknown,unknown,downstream
720575940613891442,720575940474664361,1,unknown,unknown,downstream
720575940613891442,720575940474599833,1,unknown,unknown,downstream
720575940613891442,720575940474596249,1,unknown,unknown,downstream
720575940613891442,720575940474593945,1,unknown,unknown,downstream
720575940613891442,720575940474033918,1,unknown,unknown,downstream
720575940613891442,720575940473988606,1,unknown,unknown,downstream
720575940613891442,720575940473846144,1,unknown,unknown,downstream
720575940613891442,720575940473842816,1,unknown,unknown,downstream
720575940613891442,720575940473764826,1,unknown,unknown,downstream
720575940613891442,720575940473302099,1,unknown,unknown,downstream
720575940613891442,720575940473715884,1,unknown,unknown,downstream
720575940613891442,720575940473690909,1,unknown,unknown,downstream
720575940613891442,720575940473655212,1,unknown,unknown,downstream
720575940613891442,720575940473621932,1,unknown,unknown,downstream
720575940613891442,720575940473610894,1,unknown,unknown,downstream
720575940613891442,720575940473550121,1,unknown,unknown,downstream
720575940613891442,720575940473549865,1,unknown,unknown,downstream
720575940613891442,720575940473542185,1,unknown,unknown,downstream
720575940613891442,720575940473379923,1,unknown,unknown,downstream
720575940613891442,720575940430965871,1,unknown,unknown,downstream
720575940613891442,720575940430963823,1,unknown,unknown,downstream
720575940613891442,720575940430516468,1,unknown,unknown,downstream
720575940613891442,720575940392418904,1,unknown,unknown,downstream
720575940613891442,720575940394701625,1,unknown,unknown,downstream
720575940613891442,720575940394690873,1,unknown,unknown,downstream
720575940613891442,720575940394601623,1,unknown,unknown,downstream
720575940613891442,720575940394592151,1,unknown,unknown,downstream
720575940613891442,720575940394256847,1,unknown,unknown,downstream
720575940613891442,720575940394022891,1,unknown,unknown,downstream
720575940613891442,720575940393914876,1,unknown,unknown,downstream
720575940613891442,720575940393737418,1,unknown,unknown,downstream
720575940613891442,720575940393702858,1,unknown,unknown,downstream
720575940613891442,720575940393680074,1,unknown,unknown,downstream
720575940613891442,720575940393663434,1,unknown,unknown,downstream
720575940613891442,720575940393452976,1,unknown,unknown,downstream
720575940613891442,720575940393450160,1,unknown,unknown,downstream
720575940613891442,720575940393442224,1,unknown,unknown,downstream
720575940613891442,720575940393425108,1,unknown,unknown,downstream
720575940613891442,720575940393217766,1,unknown,unknown,downstream
720575940613891442,720575940392923523,1,unknown,unknown,downstream
720575940613891442,720575940392667864,1,unknown,unknown,downstream
720575940613891442,720575940392469269,1,unknown,unknown,downstream
720575940613891442,720575940392448088,1,unknown,unknown,downstream
720575940613891442,720575940392438293,1,unknown,unknown,downstream
720575940613891442,720575940394770489,1,unknown,unknown,downstream
720575940613891442,720575940394796857,1,unknown,unknown,downstream
720575940613891442,720575940395186797,1,unknown,unknown,downstream
720575940613891442,720575940397033970,1,unknown,unknown,downstream
720575940613891442,720575940398164133,1,unknown,unknown,downstream
720575940613891442,720575940398157733,1,unknown,unknown,downstream
720575940613891442,720575940398157221,1,unknown,unknown,downstream
720575940613891442,720575940397985354,1,unknown,unknown,downstream
720575940613891442,720575940397794016,1,unknown,unknown,downstream
720575940613891442,720575940397754637,1,unknown,unknown,downstream
720575940613891442,720575940397751520,1,unknown,unknown,downstream
720575940613891442,720575940397663456,1,unknown,unknown,downstream
720575940613891442,720575940397652704,1,unknown,unknown,downstream
720575940613891442,720575940396958962,1,unknown,unknown,downstream
720575940613891442,720575940395520750,1,unknown,unknown,downstream
720575940613891442,720575940396855415,1,unknown,unknown,downstream
720575940613891442,720575940396736672,1,unknown,unknown,downstream
720575940613891442,720575940396735136,1,unknown,unknown,downstream
720575940613891442,720575940396680864,1,unknown,unknown,downstream
720575940613891442,720575940396174077,1,unknown,unknown,downstream
720575940613891442,720575940396166879,1,unknown,unknown,downstream
720575940613891442,720575940396163295,1,unknown,unknown,downstream
720575940613891442,720575940395898148,1,unknown,unknown,downstream
720575940613891442,720575940395771419,1,unknown,unknown,downstream
720575940613891442,720575940392438037,1,unknown,unknown,downstream
720575940613891442,720575940392375896,1,unknown,unknown,downstream
720575940613891442,720575940398810905,1,unknown,unknown,downstream
720575940613891442,720575940392254736,1,unknown,unknown,downstream
720575940613891442,720575940390076589,1,unknown,unknown,downstream
720575940613891442,720575940390075204,1,unknown,unknown,downstream
720575940613891442,720575940389958465,1,unknown,unknown,downstream
720575940613891442,720575940389911622,1,unknown,unknown,downstream
720575940613891442,720575940389882614,1,unknown,unknown,downstream
720575940613891442,720575940389817425,1,unknown,unknown,downstream
720575940613891442,720575940389733019,1,unknown,unknown,downstream
720575940613891442,720575940389701959,1,unknown,unknown,downstream
720575940613891442,720575940389633873,1,unknown,unknown,downstream
720575940613891442,720575940389551456,1,unknown,unknown,downstream
720575940613891442,720575940389486498,1,unknown,unknown,downstream
720575940613891442,720575940389471906,1,unknown,unknown,downstream
720575940613891442,720575940389325549,1,unknown,unknown,downstream
720575940613891442,720575940389046582,1,unknown,unknown,downstream
720575940613891442,720575940389005622,1,unknown,unknown,downstream
720575940613891442,720575940388946442,1,unknown,unknown,downstream
720575940613891442,720575940388855946,1,unknown,unknown,downstream
720575940613891442,720575940388783868,1,unknown,unknown,downstream
720575940613891442,720575940388778236,1,unknown,unknown,downstream
720575940613891442,720575940388437213,1,unknown,unknown,downstream
720575940613891442,720575940388409320,1,unknown,unknown,downstream
720575940613891442,720575940390102957,1,unknown,unknown,downstream
720575940613891442,720575940390107053,1,unknown,unknown,downstream
720575940613891442,720575940390129912,1,unknown,unknown,downstream
720575940613891442,720575940390829335,1,unknown,unknown,downstream
720575940613891442,720575940392085230,1,unknown,unknown,downstream
720575940613891442,720575940392007662,1,unknown,unknown,downstream
720575940613891442,720575940392006126,1,unknown,unknown,downstream
720575940613891442,720575940391486690,1,unknown,unknown,downstream
720575940613891442,720575940391171489,1,unknown,unknown,downstream
720575940613891442,720575940391070873,1,unknown,unknown,downstream
720575940613891442,720575940391011958,1,unknown,unknown,downstream
720575940613891442,720575940390991478,1,unknown,unknown,downstream
720575940613891442,720575940390894412,1,unknown,unknown,downstream
720575940613891442,720575940390763084,1,unknown,unknown,downstream
720575940613891442,720575940390131885,1,unknown,unknown,downstream
720575940613891442,720575940390756172,1,unknown,unknown,downstream
720575940613891442,720575940390556077,1,unknown,unknown,downstream
720575940613891442,720575940390550957,1,unknown,unknown,downstream
720575940613891442,720575940390550445,1,unknown,unknown,downstream
720575940613891442,720575940390529965,1,unknown,unknown,downstream
720575940613891442,720575940390518957,1,unknown,unknown,downstream
720575940613891442,720575940390418428,1,unknown,unknown,downstream
720575940613891442,720575940390362541,1,unknown,unknown,downstream
720575940613891442,720575940390347859,1,unknown,unknown,downstream
720575940613891442,720575940398164901,1,unknown,unknown,downstream
720575940613891442,720575940398815595,1,unknown,unknown,downstream
720575940613891442,720575940388371176,1,unknown,unknown,downstream
720575940613891442,720575940403510755,1,unknown,unknown,downstream
720575940613891442,720575940404603094,1,unknown,unknown,downstream
720575940613891442,720575940404595414,1,unknown,unknown,downstream
720575940613891442,720575940404528086,1,unknown,unknown,downstream
720575940613891442,720575940404473302,1,unknown,unknown,downstream
720575940613891442,720575940404466806,1,unknown,unknown,downstream
720575940613891442,720575940404449494,1,unknown,unknown,downstream
720575940613891442,720575940404409730,1,unknown,unknown,downstream
720575940613891442,720575940404238992,1,unknown,unknown,downstream
720575940613891442,720575940404233872,1,unknown,unknown,downstream
720575940613891442,720575940404227728,1,unknown,unknown,downstream
720575940613891442,720575940404204432,1,unknown,unknown,downstream
720575940613891442,720575940404112219,1,unknown,unknown,downstream
720575940613891442,720575940403993510,1,unknown,unknown,downstream
720575940613891442,720575940403989414,1,unknown,unknown,downstream
720575940613891442,720575940403890244,1,unknown,unknown,downstream
720575940613891442,720575940403832666,1,unknown,unknown,downstream
720575940613891442,720575940403807556,1,unknown,unknown,downstream
720575940613891442,720575940403791113,1,unknown,unknown,downstream
720575940613891442,720575940403781641,1,unknown,unknown,downstream
720575940613891442,720575940403615459,1,unknown,unknown,downstream
720575940613891442,720575940403520227,1,unknown,unknown,downstream
720575940613891442,720575940404611202,1,unknown,unknown,downstream
720575940613891442,720575940404619394,1,unknown,unknown,downstream
720575940613891442,720575940404620418,1,unknown,unknown,downstream
720575940613891442,720575940405361221,1,unknown,unknown,downstream
720575940613891442,720575940406064563,1,unknown,unknown,downstream
720575940613891442,720575940406059443,1,unknown,unknown,downstream
720575940613891442,720575940405441605,1,unknown,unknown,downstream
720575940613891442,720575940405423173,1,unknown,unknown,downstream
720575940613891442,720575940405421381,1,unknown,unknown,downstream
720575940613891442,720575940405419589,1,unknown,unknown,downstream
720575940613891442,720575940405414469,1,unknown,unknown,downstream
720575940613891442,720575940405388357,1,unknown,unknown,downstream
720575940613891442,720575940405372229,1,unknown,unknown,downstream
720575940613891442,720575940405348165,1,unknown,unknown,downstream
720575940613891442,720575940404687922,1,unknown,unknown,downstream
720575940613891442,720575940405230897,1,unknown,unknown,downstream
720575940613891442,720575940405190686,1,unknown,unknown,downstream
720575940613891442,720575940405177374,1,unknown,unknown,downstream
720575940613891442,720575940405161848,1,unknown,unknown,downstream
720575940613891442,720575940405136760,1,unknown,unknown,downstream
720575940613891442,720575940405124984,1,unknown,unknown,downstream
720575940613891442,720575940404930301,1,unknown,unknown,downstream
720575940613891442,720575940404722962,1,unknown,unknown,downstream
720575940613891442,720575940404696370,1,unknown,unknown,downstream
720575940613891442,720575940403518179,1,unknown,unknown,downstream
720575940613891442,720575940403445282,1,unknown,unknown,downstream
720575940613891442,720575940398831385,1,unknown,unknown,downstream
720575940613891442,720575940403432482,1,unknown,unknown,downstream
720575940613891442,720575940401798339,1,unknown,unknown,downstream
720575940613891442,720575940401758960,1,unknown,unknown,downstream
720575940613891442,720575940401638055,1,unknown,unknown,downstream
720575940613891442,720575940401597607,1,unknown,unknown,downstream
720575940613891442,720575940401587623,1,unknown,unknown,downstream
720575940613891442,720575940401582247,1,unknown,unknown,downstream
720575940613891442,720575940401496452,1,unknown,unknown,downstream
720575940613891442,720575940401492100,1,unknown,unknown,downstream
720575940613891442,720575940401475972,1,unknown,unknown,downstream
720575940613891442,720575940401194575,1,unknown,unknown,downstream
720575940613891442,720575940400708937,1,unknown,unknown,downstream
720575940613891442,720575940400695881,1,unknown,unknown,downstream
720575940613891442,720575940400690249,1,unknown,unknown,downstream
720575940613891442,720575940400685644,1,unknown,unknown,downstream
720575940613891442,720575940400623180,1,unknown,unknown,downstream
720575940613891442,720575940400534753,1,unknown,unknown,downstream
720575940613891442,720575940400157855,1,unknown,unknown,downstream
720575940613891442,720575940399780312,1,unknown,unknown,downstream
720575940613891442,720575940399776728,1,unknown,unknown,downstream
720575940613891442,720575940399652056,1,unknown,unknown,downstream
720575940613891442,720575940399202839,1,unknown,unknown,downstream
720575940613891442,720575940402029052,1,unknown,unknown,downstream
720575940613891442,720575940402207966,1,unknown,unknown,downstream
720575940613891442,720575940402354573,1,unknown,unknown,downstream
720575940613891442,720575940402918622,1,unknown,unknown,downstream
720575940613891442,720575940403428642,1,unknown,unknown,downstream
720575940613891442,720575940403347827,1,unknown,unknown,downstream
720575940613891442,720575940403146329,1,unknown,unknown,downstream
720575940613891442,720575940403139673,1,unknown,unknown,downstream
720575940613891442,720575940403091033,1,unknown,unknown,downstream
720575940613891442,720575940402982021,1,unknown,unknown,downstream
720575940613891442,720575940402981509,1,unknown,unknown,downstream
720575940613891442,720575940402929886,1,unknown,unknown,downstream
720575940613891442,720575940402929630,1,unknown,unknown,downstream
720575940613891442,720575940402910174,1,unknown,unknown,downstream
720575940613891442,720575940402521071,1,unknown,unknown,downstream
720575940613891442,720575940402905054,1,unknown,unknown,downstream
720575940613891442,720575940402760220,1,unknown,unknown,downstream
720575940613891442,720575940402750748,1,unknown,unknown,downstream
720575940613891442,720575940402598351,1,unknown,unknown,downstream
720575940613891442,720575940402574221,1,unknown,unknown,downstream
720575940613891442,720575940402549743,1,unknown,unknown,downstream
720575940613891442,720575940402546159,1,unknown,unknown,downstream
720575940613891442,720575940402540271,1,unknown,unknown,downstream
720575940613891442,720575940402535151,1,unknown,unknown,downstream
720575940613891442,720575940388385512,1,unknown,unknown,downstream
720575940613891442,720575940388366568,1,unknown,unknown,downstream
720575940613891442,720575940430168514,1,unknown,unknown,downstream
720575940613891442,720575940648606340,1,ATL027,right,downstream
720575940613891442,720575940380009323,1,unknown,unknown,downstream
720575940613891442,720575940628256367,1,unknown,unknown,downstream
720575940613891442,720575940659340673,1,unknown,left,downstream
720575940613891442,720575940659009409,1,unknown,left,downstream
720575940613891442,720575940658875777,1,WED031,left,downstream
720575940613891442,720575940654777505,1,PLP249,left,downstream
720575940613891442,720575940654607265,1,LAL198,left,downstream
720575940613891442,720575940653028257,1,IB032,right,downstream
720575940613891442,720575940652621185,1,unknown,unknown,downstream
720575940613891442,720575940652436470,1,unknown,right,downstream
720575940613891442,720575940652283126,1,unknown,right,downstream
720575940613891442,720575940652104694,1,unknown,right,downstream
720575940613891442,720575940651928566,1,PS202,left,downstream
720575940613891442,720575940651298945,1,unknown,unknown,downstream
720575940613891442,720575940651145857,1,unknown,right,downstream
720575940613891442,720575940650590593,1,unknown,unknown,downstream
720575940613891442,720575940650528897,1,unknown,unknown,downstream
720575940613891442,720575940650525313,1,unknown,unknown,downstream
720575940613891442,720575940649994369,1,unknown,unknown,downstream
720575940613891442,720575940649951361,1,unknown,unknown,downstream
720575940613891442,720575940648924025,1,unknown,unknown,downstream
720575940613891442,720575940380869541,1,unknown,unknown,downstream
720575940613891442,720575940380880549,1,unknown,unknown,downstream
720575940613891442,720575940382778906,1,unknown,unknown,downstream
720575940613891442,720575940383956394,1,unknown,unknown,downstream
720575940613891442,720575940384147038,1,unknown,unknown,downstream
720575940613891442,720575940384142686,1,unknown,unknown,downstream
720575940613891442,720575940384124254,1,unknown,unknown,downstream
720575940613891442,720575940384103458,1,unknown,unknown,downstream
720575940613891442,720575940384012831,1,unknown,unknown,downstream
720575940613891442,720575940383991839,1,unknown,unknown,downstream
720575940613891442,720575940383987999,1,unknown,unknown,downstream
720575940613891442,720575940383986975,1,unknown,unknown,downstream
720575940613891442,720575940383983391,1,unknown,unknown,downstream
720575940613891442,720575940383953834,1,unknown,unknown,downstream
720575940613891442,720575940382863976,1,unknown,unknown,downstream
720575940613891442,720575940383920554,1,unknown,unknown,downstream
720575940613891442,720575940383894550,1,unknown,unknown,downstream
720575940613891442,720575940383879850,1,unknown,unknown,downstream
720575940613891442,720575940383876374,1,unknown,unknown,downstream
720575940613891442,720575940383874326,1,unknown,unknown,downstream
720575940613891442,720575940383860502,1,unknown,unknown,downstream
720575940613891442,720575940383337413,1,unknown,unknown,downstream
720575940613891442,720575940383335621,1,unknown,unknown,downstream
720575940613891442,720575940383328965,1,unknown,unknown,downstream
720575940613891442,720575940648648068,1,WED011,left,downstream
720575940613891442,720575940648296833,1,unknown,unknown,downstream
720575940613891442,720575940384168975,1,unknown,unknown,downstream
720575940613891442,720575940648275329,1,unknown,unknown,downstream
720575940613891442,720575940645309089,1,unknown,unknown,downstream
720575940613891442,720575940645282158,1,LAL200,left,downstream
720575940613891442,720575940645248417,1,unknown,unknown,downstream
720575940613891442,720575940645219892,1,LAL090,right,downstream
720575940613891442,720575940645215137,1,unknown,unknown,downstream
720575940613891442,720575940645158600,1,unknown,right,downstream
720575940613891442,720575940645023268,1,LC9,left,downstream
720575940613891442,720575940644987009,1,unknown,unknown,downstream
720575940613891442,720575940644964993,1,unknown,unknown,downstream
720575940613891442,720575940644962177,1,unknown,unknown,downstream
720575940613891442,720575940644751652,1,unknown,right,downstream
720575940613891442,720575940644733975,1,PFR,right,downstream
720575940613891442,720575940644702112,1,LT39,left,downstream
720575940613891442,720575940644698903,1,CRE068,left,downstream
720575940613891442,720575940644593352,1,unknown,unknown,downstream
720575940613891442,720575940644248993,1,unknown,unknown,downstream
720575940613891442,720575940644022551,1,VES081,right,downstream
720575940613891442,720575940643863496,1,MBON20,left,downstream
720575940613891442,720575940643846180,1,unknown,left,downstream
720575940613891442,720575940643829102,1,LAL056,left,downstream
720575940613891442,720575940643826212,1,unknown,left,downstream
720575940613891442,720575940645309345,1,unknown,unknown,downstream
720575940613891442,720575940645362308,1,AVLP454_a,left,downstream
720575940613891442,720575940645430177,1,unknown,unknown,downstream
720575940613891442,720575940646367137,1,unknown,unknown,downstream
720575940613891442,720575940647342201,1,unknown,unknown,downstream
720575940613891442,720575940647314561,1,unknown,unknown,downstream
720575940613891442,720575940647186561,1,unknown,unknown,downstream
720575940613891442,720575940647185537,1,unknown,unknown,downstream
720575940613891442,720575940647184001,1,unknown,unknown,downstream
720575940613891442,720575940646988417,1,unknown,unknown,downstream
720575940613891442,720575940646400673,1,unknown,unknown,downstream
720575940613891442,720575940646391969,1,unknown,unknown,downstream
720575940613891442,720575940646367649,1,unknown,unknown,downstream
720575940613891442,720575940646344609,1,unknown,unknown,downstream
720575940613891442,720575940645460260,1,unknown,left,downstream
720575940613891442,720575940646343329,1,unknown,unknown,downstream
720575940613891442,720575940646133124,1,LAL140,left,downstream
720575940613891442,720575940646062103,1,ATL027,left,downstream
720575940613891442,720575940645996705,1,unknown,unknown,downstream
720575940613891442,720575940645989399,1,LAL131,left,downstream
720575940613891442,720575940645834275,1,unknown,right,downstream
720575940613891442,720575940645774900,1,CL327,right,downstream
720575940613891442,720575940645693476,1,PS216,right,downstream
720575940613891442,720575940645517700,1,PS087,left,downstream
720575940613891442,720575940384158479,1,unknown,unknown,downstream
720575940613891442,720575940384259934,1,unknown,unknown,downstream
720575940613891442,720575940388341275,1,unknown,unknown,downstream
720575940613891442,720575940386798287,1,unknown,unknown,downstream
720575940613891442,720575940387390745,1,unknown,unknown,downstream
720575940613891442,720575940387196175,1,unknown,unknown,downstream
720575940613891442,720575940387189263,1,unknown,unknown,downstream
720575940613891442,720575940387186191,1,unknown,unknown,downstream
720575940613891442,720575940387173025,1,unknown,unknown,downstream
720575940613891442,720575940387167905,1,unknown,unknown,downstream
720575940613891442,720575940387149370,1,unknown,unknown,downstream
720575940613891442,720575940386994101,1,unknown,unknown,downstream
720575940613891442,720575940386986677,1,unknown,unknown,downstream
720575940613891442,720575940386975183,1,unknown,unknown,downstream
720575940613891442,720575940386970831,1,unknown,unknown,downstream
720575940613891442,720575940386891619,1,unknown,unknown,downstream
720575940613891442,720575940386886014,1,unknown,unknown,downstream
720575940613891442,720575940386880355,1,unknown,unknown,downstream
720575940613891442,720575940386875578,1,unknown,unknown,downstream
720575940613891442,720575940386874750,1,unknown,unknown,downstream
720575940613891442,720575940386863034,1,unknown,unknown,downstream
720575940613891442,720575940386833594,1,unknown,unknown,downstream
720575940613891442,720575940386830930,1,unknown,unknown,downstream
720575940613891442,720575940386830162,1,unknown,unknown,downstream
720575940613891442,720575940386817487,1,unknown,unknown,downstream
720575940613891442,720575940387488568,1,unknown,unknown,downstream
720575940613891442,720575940387768494,1,unknown,unknown,downstream
720575940613891442,720575940387807049,1,unknown,unknown,downstream
720575940613891442,720575940388043185,1,unknown,unknown,downstream
720575940613891442,720575940388303131,1,unknown,unknown,downstream
720575940613891442,720575940388289051,1,unknown,unknown,downstream
720575940613891442,720575940388218139,1,unknown,unknown,downstream
720575940613891442,720575940388154671,1,unknown,unknown,downstream
720575940613891442,720575940388126767,1,unknown,unknown,downstream
720575940613891442,720575940388123695,1,unknown,unknown,downstream
720575940613891442,720575940388119599,1,unknown,unknown,downstream
720575940613891442,720575940388104257,1,unknown,unknown,downstream
720575940613891442,720575940388091969,1,unknown,unknown,downstream
720575940613891442,720575940388013985,1,unknown,unknown,downstream
720575940613891442,720575940387837759,1,unknown,unknown,downstream
720575940613891442,720575940387972298,1,unknown,unknown,downstream
720575940613891442,720575940387966922,1,unknown,unknown,downstream
720575940613891442,720575940387958193,1,unknown,unknown,downstream
720575940613891442,720575940387947978,1,unknown,unknown,downstream
720575940613891442,720575940387900106,1,unknown,unknown,downstream
720575940613891442,720575940387891024,1,unknown,unknown,downstream
720575940613891442,720575940387850576,1,unknown,unknown,downstream
720575940613891442,720575940387849040,1,unknown,unknown,downstream
720575940613891442,720575940387848272,1,unknown,unknown,downstream
720575940613891442,720575940386817042,1,unknown,unknown,downstream
720575940613891442,720575940386792911,1,unknown,unknown,downstream
720575940613891442,720575940384277097,1,unknown,unknown,downstream
720575940613891442,720575940386789583,1,unknown,unknown,downstream
720575940613891442,720575940384939065,1,unknown,unknown,downstream
720575940613891442,720575940384935993,1,unknown,unknown,downstream
720575940613891442,720575940384924729,1,unknown,unknown,downstream
720575940613891442,720575940384914233,1,unknown,unknown,downstream
720575940613891442,720575940384817046,1,unknown,unknown,downstream
720575940613891442,720575940384637586,1,unknown,unknown,downstream
720575940613891442,720575940384624274,1,unknown,unknown,downstream
720575940613891442,720575940384623462,1,unknown,unknown,downstream
720575940613891442,720575940384592786,1,unknown,unknown,downstream
720575940613891442,720575940384582802,1,unknown,unknown,downstream
720575940613891442,720575940384500326,1,unknown,unknown,downstream
720575940613891442,720575940384459565,1,unknown,unknown,downstream
720575940613891442,720575940384442214,1,unknown,unknown,downstream
720575940613891442,720575940384440365,1,unknown,unknown,downstream
720575940613891442,720575940384351849,1,unknown,unknown,downstream
720575940613891442,720575940384328719,1,unknown,unknown,downstream
720575940613891442,720575940384325391,1,unknown,unknown,downstream
720575940613891442,720575940384322319,1,unknown,unknown,downstream
720575940613891442,720575940384319247,1,unknown,unknown,downstream
720575940613891442,720575940384314127,1,unknown,unknown,downstream
720575940613891442,720575940384287849,1,unknown,unknown,downstream
720575940613891442,720575940384967852,1,unknown,unknown,downstream
720575940613891442,720575940384998316,1,unknown,unknown,downstream
720575940613891442,720575940385016464,1,unknown,unknown,downstream
720575940613891442,720575940386332061,1,unknown,unknown,downstream
720575940613891442,720575940386785210,1,unknown,unknown,downstream
720575940613891442,720575940386774479,1,unknown,unknown,downstream
720575940613891442,720575940386774223,1,unknown,unknown,downstream
720575940613891442,720575940386433531,1,unknown,unknown,downstream
720575940613891442,720575940386365947,1,unknown,unknown,downstream
720575940613891442,720575940386362269,1,unknown,unknown,downstream
720575940613891442,720575940386359453,1,unknown,unknown,downstream
720575940613891442,720575940386353309,1,unknown,unknown,downstream
720575940613891442,720575940386348485,1,unknown,unknown,downstream
720575940613891442,720575940386312349,1,unknown,unknown,downstream
720575940613891442,720575940385016976,1,unknown,unknown,downstream
720575940613891442,720575940386181630,1,unknown,unknown,downstream
720575940613891442,720575940385866488,1,unknown,unknown,downstream
720575940613891442,720575940385739559,1,unknown,unknown,downstream
720575940613891442,720575940385684263,1,unknown,unknown,downstream
720575940613891442,720575940385631271,1,unknown,unknown,downstream
720575940613891442,720575940385594334,1,unknown,unknown,downstream
720575940613891442,720575940385328420,1,unknown,unknown,downstream
720575940613891442,720575940385243103,1,unknown,unknown,downstream
720575940613891442,720575940385232351,1,unknown,unknown,downstream
720575940613891442,720575940406067123,1,unknown,unknown,downstream
720575940613891442,720575940406078372,1,unknown,unknown,downstream
720575940613891442,720575940406084516,1,unknown,unknown,downstream
720575940613891442,720575940422249597,1,unknown,unknown,downstream
720575940613891442,720575940423640980,1,unknown,unknown,downstream
720575940613891442,720575940423618708,1,unknown,unknown,downstream
720575940613891442,720575940423615993,1,unknown,unknown,downstream
720575940613891442,720575940423610105,1,unknown,unknown,downstream
720575940613891442,720575940423604985,1,unknown,unknown,downstream
720575940613891442,720575940423598146,1,unknown,unknown,downstream
720575940613891442,720575940423594132,1,unknown,unknown,downstream
720575940613891442,720575940423581844,1,unknown,unknown,downstream
720575940613891442,720575940423416468,1,unknown,unknown,downstream
720575940613891442,720575940423385025,1,unknown,unknown,downstream
720575940613891442,720575940423295937,1,unknown,unknown,downstream
720575940613891442,720575940423175728,1,unknown,unknown,downstream
720575940613891442,720575940422795933,1,unknown,unknown,downstream
720575940613891442,720575940422692765,1,unknown,unknown,downstream
720575940613891442,720575940422687389,1,unknown,unknown,downstream
720575940613891442,720575940422674333,1,unknown,unknown,downstream
720575940613891442,720575940422424688,1,unknown,unknown,downstream
720575940613891442,720575940422401648,1,unknown,unknown,downstream
720575940613891442,720575940422385590,1,unknown,unknown,downstream
720575940613891442,720575940422382061,1,unknown,unknown,downstream
720575940613891442,720575940422310582,1,unknown,unknown,downstream
720575940613891442,720575940423833226,1,unknown,unknown,downstream
720575940613891442,720575940423845514,1,unknown,unknown,downstream
720575940613891442,720575940423875855,1,unknown,unknown,downstream
720575940613891442,720575940425622026,1,unknown,unknown,downstream
720575940613891442,720575940425983052,1,unknown,unknown,downstream
720575940613891442,720575940425982065,1,unknown,unknown,downstream
720575940613891442,720575940425959025,1,unknown,unknown,downstream
720575940613891442,720575940425943328,1,unknown,unknown,downstream
720575940613891442,720575940425924940,1,unknown,unknown,downstream
720575940613891442,720575940425720536,1,unknown,unknown,downstream
720575940613891442,720575940425711261,1,unknown,unknown,downstream
720575940613891442,720575940425680650,1,unknown,unknown,downstream
720575940613891442,720575940425673793,1,unknown,unknown,downstream
720575940613891442,720575940425371487,1,unknown,unknown,downstream
720575940613891442,720575940424268413,1,unknown,unknown,downstream
720575940613891442,720575940425364319,1,unknown,unknown,downstream
720575940613891442,720575940425360991,1,unknown,unknown,downstream
720575940613891442,720575940424945318,1,unknown,unknown,downstream
720575940613891442,720575940424887462,1,unknown,unknown,downstream
720575940613891442,720575940424844805,1,unknown,unknown,downstream
720575940613891442,720575940424832773,1,unknown,unknown,downstream
720575940613891442,720575940424553331,1,unknown,unknown,downstream
720575940613891442,720575940424470349,1,unknown,unknown,downstream
720575940613891442,720575940424322136,1,unknown,unknown,downstream
720575940613891442,720575940422306230,1,unknown,unknown,downstream
720575940613891442,720575940422247293,1,unknown,unknown,downstream
720575940613891442,720575940426056049,1,unknown,unknown,downstream
720575940613891442,720575940422246269,1,unknown,unknown,downstream
720575940613891442,720575940420328918,1,unknown,unknown,downstream
720575940613891442,720575940420326102,1,unknown,unknown,downstream
720575940613891442,720575940419875700,1,unknown,unknown,downstream
720575940613891442,720575940419872372,1,unknown,unknown,downstream
720575940613891442,720575940419871092,1,unknown,unknown,downstream
720575940613891442,720575940419156836,1,unknown,unknown,downstream
720575940613891442,720575940419149924,1,unknown,unknown,downstream
720575940613891442,720575940418973036,1,unknown,unknown,downstream
720575940613891442,720575940418954348,1,unknown,unknown,downstream
720575940613891442,720575940418952690,1,unknown,unknown,downstream
720575940613891442,720575940418923661,1,unknown,unknown,downstream
720575940613891442,720575940418921869,1,unknown,unknown,downstream
720575940613891442,720575940418920589,1,unknown,unknown,downstream
720575940613891442,720575940418913677,1,unknown,unknown,downstream
720575940613891442,720575940418532951,1,unknown,unknown,downstream
720575940613891442,720575940418446935,1,unknown,unknown,downstream
720575940613891442,720575940417983946,1,unknown,unknown,downstream
720575940613891442,720575940417859120,1,unknown,unknown,downstream
720575940613891442,720575940417677469,1,unknown,unknown,downstream
720575940613891442,720575940417669533,1,unknown,unknown,downstream
720575940613891442,720575940417635741,1,unknown,unknown,downstream
720575940613891442,720575940420395202,1,unknown,unknown,downstream
720575940613891442,720575940420404162,1,unknown,unknown,downstream
720575940613891442,720575940420487641,1,unknown,unknown,downstream
720575940613891442,720575940421360496,1,unknown,unknown,downstream
720575940613891442,720575940422239613,1,unknown,unknown,downstream
720575940613891442,720575940422219133,1,unknown,unknown,downstream
720575940613891442,720575940422213757,1,unknown,unknown,downstream
720575940613891442,720575940422178173,1,unknown,unknown,downstream
720575940613891442,720575940421797913,1,unknown,unknown,downstream
720575940613891442,720575940421715276,1,unknown,unknown,downstream
720575940613891442,720575940421711692,1,unknown,unknown,downstream
720575940613891442,720575940421509028,1,unknown,unknown,downstream
720575940613891442,720575940421500836,1,unknown,unknown,downstream
720575940613891442,720575940421069500,1,unknown,unknown,downstream
720575940613891442,720575940420487897,1,unknown,unknown,downstream
720575940613891442,720575940420810543,1,unknown,unknown,downstream
720575940613891442,720575940420763439,1,unknown,unknown,downstream
720575940613891442,720575940420643921,1,unknown,unknown,downstream
720575940613891442,720575940420632706,1,unknown,unknown,downstream
720575940613891442,720575940420632100,1,unknown,unknown,downstream
720575940613891442,720575940420613969,1,unknown,unknown,downstream
720575940613891442,720575940420597284,1,unknown,unknown,downstream
720575940613891442,720575940420556347,1,unknown,unknown,downstream
720575940613891442,720575940420541499,1,unknown,unknown,downstream
720575940613891442,720575940426008048,1,unknown,unknown,downstream
720575940613891442,720575940426062449,1,unknown,unknown,downstream
720575940613891442,720575940406234132,1,unknown,unknown,downstream
720575940613891442,720575940428891844,1,unknown,unknown,downstream
720575940613891442,720575940429791424,1,unknown,unknown,downstream
720575940613891442,720575940429781813,1,unknown,unknown,downstream
720575940613891442,720575940429725493,1,unknown,unknown,downstream
720575940613891442,720575940429689414,1,unknown,unknown,downstream
720575940613891442,720575940429600683,1,unknown,unknown,downstream
720575940613891442,720575940429581079,1,unknown,unknown,downstream
720575940613891442,720575940429565638,1,unknown,unknown,downstream
720575940613891442,720575940429557190,1,unknown,unknown,downstream
720575940613891442,720575940429535430,1,unknown,unknown,downstream
720575940613891442,720575940429428938,1,unknown,unknown,downstream
720575940613891442,720575940612748858,1,unknown,unknown,downstream
720575940613891442,720575940429350344,1,unknown,unknown,downstream
720575940613891442,720575940429339848,1,unknown,unknown,downstream
720575940613891442,720575940429073384,1,unknown,unknown,downstream
720575940613891442,720575940429071592,1,unknown,unknown,downstream
720575940613891442,720575940429057256,1,unknown,unknown,downstream
720575940613891442,720575940429039925,1,unknown,unknown,downstream
720575940613891442,720575940429037800,1,unknown,unknown,downstream
720575940613891442,720575940429034984,1,unknown,unknown,downstream
720575940613891442,720575940429016309,1,unknown,unknown,downstream
720575940613891442,720575940428995467,1,unknown,unknown,downstream
720575940613891442,720575940429791541,1,unknown,unknown,downstream
720575940613891442,720575940429881706,1,unknown,unknown,downstream
720575940613891442,720575940429881962,1,unknown,unknown,downstream
720575940613891442,720575940430041015,1,unknown,unknown,downstream
720575940613891442,720575940430139080,1,unknown,unknown,downstream
720575940613891442,720575940430136008,1,unknown,unknown,downstream
720575940613891442,720575940430133174,1,unknown,unknown,downstream
720575940613891442,720575940430129590,1,unknown,unknown,downstream
720575940613891442,720575940430116535,1,unknown,unknown,downstream
720575940613891442,720575940430111176,1,unknown,unknown,downstream
720575940613891442,720575940430109878,1,unknown,unknown,downstream
720575940613891442,720575940430082998,1,unknown,unknown,downstream
720575940613891442,720575940430079414,1,unknown,unknown,downstream
720575940613891442,720575940429962975,1,unknown,unknown,downstream
720575940613891442,720575940429904005,1,unknown,unknown,downstream
720575940613891442,720575940429961695,1,unknown,unknown,downstream
720575940613891442,720575940429956319,1,unknown,unknown,downstream
720575940613891442,720575940429941643,1,unknown,unknown,downstream
720575940613891442,720575940429935243,1,unknown,unknown,downstream
720575940613891442,720575940429920645,1,unknown,unknown,downstream
720575940613891442,720575940429918989,1,unknown,unknown,downstream
720575940613891442,720575940429916043,1,unknown,unknown,downstream
720575940613891442,720575940429911429,1,unknown,unknown,downstream
720575940613891442,720575940429904261,1,unknown,unknown,downstream
720575940613891442,720575940428974325,1,unknown,unknown,downstream
720575940613891442,720575940428666023,1,unknown,unknown,downstream
720575940613891442,720575940426068812,1,unknown,unknown,downstream
720575940613891442,720575940428665787,1,unknown,unknown,downstream
720575940613891442,720575940427569181,1,unknown,unknown,downstream
720575940613891442,720575940427509773,1,unknown,unknown,downstream
720575940613891442,720575940427507562,1,unknown,unknown,downstream
720575940613891442,720575940427216846,1,unknown,unknown,downstream
720575940613891442,720575940427155562,1,unknown,unknown,downstream
720575940613891442,720575940427145928,1,unknown,unknown,downstream
720575940613891442,720575940427137224,1,unknown,unknown,downstream
720575940613891442,720575940427136968,1,unknown,unknown,downstream
720575940613891442,720575940427135338,1,unknown,unknown,downstream
720575940613891442,720575940427124074,1,unknown,unknown,downstream
720575940613891442,720575940427094634,1,unknown,unknown,downstream
720575940613891442,720575940427023978,1,unknown,unknown,downstream
720575940613891442,720575940427021704,1,unknown,unknown,downstream
720575940613891442,720575940426717823,1,unknown,unknown,downstream
720575940613891442,720575940426465026,1,unknown,unknown,downstream
720575940613891442,720575940426368722,1,unknown,unknown,downstream
720575940613891442,720575940426327207,1,unknown,unknown,downstream
720575940613891442,720575940426320039,1,unknown,unknown,downstream
720575940613891442,720575940426302375,1,unknown,unknown,downstream
720575940613891442,720575940426078065,1,unknown,unknown,downstream
720575940613891442,720575940426074700,1,unknown,unknown,downstream
720575940613891442,720575940427587869,1,unknown,unknown,downstream
720575940613891442,720575940427601138,1,unknown,unknown,downstream
720575940613891442,720575940427628530,1,unknown,unknown,downstream
720575940613891442,720575940428096102,1,unknown,unknown,downstream
720575940613891442,720575940428663585,1,unknown,unknown,downstream
720575940613891442,720575940428629947,1,unknown,unknown,downstream
720575940613891442,720575940428587692,1,unknown,unknown,downstream
720575940613891442,720575940428585644,1,unknown,unknown,downstream
720575940613891442,720575940428584763,1,unknown,unknown,downstream
720575940613891442,720575940428576423,1,unknown,unknown,downstream
720575940613891442,720575940428516466,1,unknown,unknown,downstream
720575940613891442,720575940428197990,1,unknown,unknown,downstream
720575940613891442,720575940428106182,1,unknown,unknown,downstream
720575940613891442,720575940428043110,1,unknown,unknown,downstream
720575940613891442,720575940427642866,1,unknown,unknown,downstream
720575940613891442,720575940428021350,1,unknown,unknown,downstream
720575940613891442,720575940427907942,1,unknown,unknown,downstream
720575940613891442,720575940427904614,1,unknown,unknown,downstream
720575940613891442,720575940427883878,1,unknown,unknown,downstream
720575940613891442,720575940427858188,1,unknown,unknown,downstream
720575940613891442,720575940427740269,1,unknown,unknown,downstream
720575940613891442,720575940427721060,1,unknown,unknown,downstream
720575940613891442,720575940427706468,1,unknown,unknown,downstream
720575940613891442,720575940427701092,1,unknown,unknown,downstream
720575940613891442,720575940417615302,1,unknown,unknown,downstream
720575940613891442,720575940417560376,1,unknown,unknown,downstream
720575940613891442,720575940417285188,1,unknown,unknown,downstream
720575940613891442,720575940408081315,1,unknown,unknown,downstream
720575940613891442,720575940408781524,1,unknown,unknown,downstream
720575940613891442,720575940408779988,1,unknown,unknown,downstream
720575940613891442,720575940408640980,1,unknown,unknown,downstream
720575940613891442,720575940408636628,1,unknown,unknown,downstream
720575940613891442,720575940408492025,1,unknown,unknown,downstream
720575940613891442,720575940408491938,1,unknown,unknown,downstream
720575940613891442,720575940408484089,1,unknown,unknown,downstream
720575940613891442,720575940408407238,1,unknown,unknown,downstream
720575940613891442,720575940408320774,1,unknown,unknown,downstream
720575940613891442,720575940408302342,1,unknown,unknown,downstream
720575940613891442,720575940408197640,1,unknown,unknown,downstream
720575940613891442,720575940408196616,1,unknown,unknown,downstream
720575940613891442,720575940408156323,1,unknown,unknown,downstream
720575940613891442,720575940408146559,1,unknown,unknown,downstream
720575940613891442,720575940408142463,1,unknown,unknown,downstream
720575940613891442,720575940408107204,1,unknown,unknown,downstream
720575940613891442,720575940408105379,1,unknown,unknown,downstream
720575940613891442,720575940408092323,1,unknown,unknown,downstream
720575940613891442,720575940408089594,1,unknown,unknown,downstream
720575940613891442,720575940408088227,1,unknown,unknown,downstream
720575940613891442,720575940408084246,1,unknown,unknown,downstream
720575940613891442,720575940408803796,1,unknown,unknown,downstream
720575940613891442,720575940408820292,1,unknown,unknown,downstream
720575940613891442,720575940408884773,1,unknown,unknown,downstream
720575940613891442,720575940409278437,1,unknown,unknown,downstream
720575940613891442,720575940409934470,1,unknown,unknown,downstream
720575940613891442,720575940409916038,1,unknown,unknown,downstream
720575940613891442,720575940409799133,1,unknown,unknown,downstream
720575940613891442,720575940409748939,1,unknown,unknown,downstream
720575940613891442,720575940409744075,1,unknown,unknown,downstream
720575940613891442,720575940409341413,1,unknown,unknown,downstream
720575940613891442,720575940409314533,1,unknown,unknown,downstream
720575940613891442,720575940409282021,1,unknown,unknown,downstream
720575940613891442,720575940409279205,1,unknown,unknown,downstream
720575940613891442,720575940409221478,1,unknown,unknown,downstream
720575940613891442,720575940408911572,1,unknown,unknown,downstream
720575940613891442,720575940409203316,1,unknown,unknown,downstream
720575940613891442,720575940409187117,1,unknown,unknown,downstream
720575940613891442,720575940409182522,1,unknown,unknown,downstream
720575940613891442,720575940409179706,1,unknown,unknown,downstream
720575940613891442,720575940409179194,1,unknown,unknown,downstream
720575940613891442,720575940409165684,1,unknown,unknown,downstream
720575940613891442,720575940409160493,1,unknown,unknown,downstream
720575940613891442,720575940409154874,1,unknown,unknown,downstream
720575940613891442,720575940409031191,1,unknown,unknown,downstream
720575940613891442,720575940408084131,1,unknown,unknown,downstream
720575940613891442,720575940408078755,1,unknown,unknown,downstream
720575940613891442,720575940417272644,1,unknown,unknown,downstream
720575940613891442,720575940408071446,1,unknown,unknown,downstream
720575940613891442,720575940407019247,1,unknown,unknown,downstream
720575940613891442,720575940407002095,1,unknown,unknown,downstream
720575940613891442,720575940406964719,1,unknown,unknown,downstream
720575940613891442,720575940406805843,1,unknown,unknown,downstream
720575940613891442,720575940406788691,1,unknown,unknown,downstream
720575940613891442,720575940406692634,1,unknown,unknown,downstream
720575940613891442,720575940406592692,1,unknown,unknown,downstream
720575940613891442,720575940406582452,1,unknown,unknown,downstream
720575940613891442,720575940406575540,1,unknown,unknown,downstream
720575940613891442,720575940406543768,1,unknown,unknown,downstream
720575940613891442,720575940406519988,1,unknown,unknown,downstream
720575940613891442,720575940406479987,1,unknown,unknown,downstream
720575940613891442,720575940406379485,1,unknown,unknown,downstream
720575940613891442,720575940406338313,1,unknown,unknown,downstream
720575940613891442,720575940406330377,1,unknown,unknown,downstream
720575940613891442,720575940406325257,1,unknown,unknown,downstream
720575940613891442,720575940406309555,1,unknown,unknown,downstream
720575940613891442,720575940406307280,1,unknown,unknown,downstream
720575940613891442,720575940406307005,1,unknown,unknown,downstream
720575940613891442,720575940406306237,1,unknown,unknown,downstream
720575940613891442,720575940406270740,1,unknown,unknown,downstream
720575940613891442,720575940407029231,1,unknown,unknown,downstream
720575940613891442,720575940407030255,1,unknown,unknown,downstream
720575940613891442,720575940407083107,1,unknown,unknown,downstream
720575940613891442,720575940407338430,1,unknown,unknown,downstream
720575940613891442,720575940408070934,1,unknown,unknown,downstream
720575940613891442,720575940408069828,1,unknown,unknown,downstream
720575940613891442,720575940408062591,1,unknown,unknown,downstream
720575940613891442,720575940408001814,1,unknown,unknown,downstream
720575940613891442,720575940407739179,1,unknown,unknown,downstream
720575940613891442,720575940407503335,1,unknown,unknown,downstream
720575940613891442,720575940407412635,1,unknown,unknown,downstream
720575940613891442,720575940407404955,1,unknown,unknown,downstream
720575940613891442,720575940407339931,1,unknown,unknown,downstream
720575940613891442,720575940407280574,1,unknown,unknown,downstream
720575940613891442,720575940407086691,1,unknown,unknown,downstream
720575940613891442,720575940407257691,1,unknown,unknown,downstream
720575940613891442,720575940407255486,1,unknown,unknown,downstream
720575940613891442,720575940407205306,1,unknown,unknown,downstream
720575940613891442,720575940407202234,1,unknown,unknown,downstream
720575940613891442,720575940407200190,1,unknown,unknown,downstream
720575940613891442,720575940407199934,1,unknown,unknown,downstream
720575940613891442,720575940407187646,1,unknown,unknown,downstream
720575940613891442,720575940407114851,1,unknown,unknown,downstream
720575940613891442,720575940407100655,1,unknown,unknown,downstream
720575940613891442,720575940409936774,1,unknown,unknown,downstream
720575940613891442,720575940409957263,1,unknown,unknown,downstream
720575940613891442,720575940409961606,1,unknown,unknown,downstream
720575940613891442,720575940409967750,1,unknown,unknown,downstream
720575940613891442,720575940414910317,1,unknown,unknown,downstream
720575940613891442,720575940414907757,1,unknown,unknown,downstream
720575940613891442,720575940414890093,1,unknown,unknown,downstream
720575940613891442,720575940414888770,1,unknown,unknown,downstream
720575940613891442,720575940414874361,1,unknown,unknown,downstream
720575940613891442,720575940414868589,1,unknown,unknown,downstream
720575940613891442,720575940414865005,1,unknown,unknown,downstream
720575940613891442,720575940414862957,1,unknown,unknown,downstream
720575940613891442,720575940414860653,1,unknown,unknown,downstream
720575940613891442,720575940414752871,1,unknown,unknown,downstream
720575940613891442,720575940414707819,1,unknown,unknown,downstream
720575940613891442,720575940414166716,1,unknown,unknown,downstream
720575940613891442,720575940414121916,1,unknown,unknown,downstream
720575940613891442,720575940413873886,1,unknown,unknown,downstream
720575940613891442,720575940413854942,1,unknown,unknown,downstream
720575940613891442,720575940413801980,1,unknown,unknown,downstream
720575940613891442,720575940413747541,1,unknown,unknown,downstream
720575940613891442,720575940413731157,1,unknown,unknown,downstream
720575940613891442,720575940413728085,1,unknown,unknown,downstream
720575940613891442,720575940413727573,1,unknown,unknown,downstream
720575940613891442,720575940413666560,1,unknown,unknown,downstream
720575940613891442,720575940414940269,1,unknown,unknown,downstream
720575940613891442,720575940414948717,1,unknown,unknown,downstream
720575940613891442,720575940414991682,1,unknown,unknown,downstream
720575940613891442,720575940415696083,1,unknown,unknown,downstream
720575940613891442,720575940417208747,1,unknown,unknown,downstream
720575940613891442,720575940416827632,1,unknown,unknown,downstream
720575940613891442,720575940416634417,1,unknown,unknown,downstream
720575940613891442,720575940416501843,1,unknown,unknown,downstream
720575940613891442,720575940416408915,1,unknown,unknown,downstream
720575940613891442,720575940416059286,1,unknown,unknown,downstream
720575940613891442,720575940416017620,1,unknown,unknown,downstream
720575940613891442,720575940415867386,1,unknown,unknown,downstream
720575940613891442,720575940415853569,1,unknown,unknown,downstream
720575940613891442,720575940415661723,1,unknown,unknown,downstream
720575940613891442,720575940414996473,1,unknown,unknown,downstream
720575940613891442,720575940415632364,1,unknown,unknown,downstream
720575940613891442,720575940415576044,1,unknown,unknown,downstream
720575940613891442,720575940415446992,1,unknown,unknown,downstream
720575940613891442,720575940415445456,1,unknown,unknown,downstream
720575940613891442,720575940415363756,1,unknown,unknown,downstream
720575940613891442,720575940415048977,1,unknown,unknown,downstream
720575940613891442,720575940415012418,1,unknown,unknown,downstream
720575940613891442,720575940415010041,1,unknown,unknown,downstream
720575940613891442,720575940414997826,1,unknown,unknown,downstream
720575940613891442,720575940413623316,1,unknown,unknown,downstream
720575940613891442,720575940413585698,1,unknown,unknown,downstream
720575940613891442,720575940413545984,1,unknown,unknown,downstream
720575940613891442,720575940410537264,1,unknown,unknown,downstream
720575940613891442,720575940410844042,1,unknown,unknown,downstream
720575940613891442,720575940410698730,1,unknown,unknown,downstream
720575940613891442,720575940410694811,1,unknown,unknown,downstream
720575940613891442,720575940410691483,1,unknown,unknown,downstream
720575940613891442,720575940410688746,1,unknown,unknown,downstream
720575940613891442,720575940410687210,1,unknown,unknown,downstream
720575940613891442,720575940410686875,1,unknown,unknown,downstream
720575940613891442,720575940410575152,1,unknown,unknown,downstream
720575940613891442,720575940410555034,1,unknown,unknown,downstream
720575940613891442,720575940410491696,1,unknown,unknown,downstream
720575940613891442,720575940411219527,1,unknown,unknown,downstream
720575940613891442,720575940410297856,1,unknown,unknown,downstream
720575940613891442,720575940410284674,1,unknown,unknown,downstream
720575940613891442,720575940410269677,1,unknown,unknown,downstream
720575940613891442,720575940410201719,1,unknown,unknown,downstream
720575940613891442,720575940410047501,1,unknown,unknown,downstream
720575940613891442,720575940410000132,1,unknown,unknown,downstream
720575940613891442,720575940409985674,1,unknown,unknown,downstream
720575940613891442,720575940409981839,1,unknown,unknown,downstream
720575940613891442,720575940409976966,1,unknown,unknown,downstream
720575940613891442,720575940411188966,1,unknown,unknown,downstream
720575940613891442,720575940411232327,1,unknown,unknown,downstream
720575940613891442,720575940413520714,1,unknown,unknown,downstream
720575940613891442,720575940411979619,1,unknown,unknown,downstream
720575940613891442,720575940413271575,1,unknown,unknown,downstream
720575940613891442,720575940413262615,1,unknown,unknown,downstream
720575940613891442,720575940413240599,1,unknown,unknown,downstream
720575940613891442,720575940413075984,1,unknown,unknown,downstream
720575940613891442,720575940413074704,1,unknown,unknown,downstream
720575940613891442,720575940412862144,1,unknown,unknown,downstream
720575940613891442,720575940412728093,1,unknown,unknown,downstream
720575940613891442,720575940412083043,1,unknown,unknown,downstream
720575940613891442,720575940412033123,1,unknown,unknown,downstream
720575940613891442,720575940411875142,1,unknown,unknown,downstream
720575940613891442,720575940411233095,1,unknown,unknown,downstream
720575940613891442,720575940411845190,1,unknown,unknown,downstream
720575940613891442,720575940411768646,1,unknown,unknown,downstream
720575940613891442,720575940411458745,1,unknown,unknown,downstream
720575940613891442,720575940411448249,1,unknown,unknown,downstream
720575940613891442,720575940411350842,1,unknown,unknown,downstream
720575940613891442,720575940411311930,1,unknown,unknown,downstream
720575940613891442,720575940411306298,1,unknown,unknown,downstream
720575940613891442,720575940411258439,1,unknown,unknown,downstream
720575940613891442,720575940411241358,1,unknown,unknown,downstream
720575940613891442,720575940612751968,1,unknown,unknown,downstream
720575940613891442,720575940601081053,1,unknown,unknown,downstream
720575940613891442,720575940612748346,1,unknown,unknown,downstream
720575940613891442,720575940565888650,1,unknown,unknown,downstream
720575940613891442,720575940566655309,1,unknown,unknown,downstream
720575940613891442,720575940566652637,1,unknown,unknown,downstream
720575940613891442,720575940566637789,1,unknown,unknown,downstream
720575940613891442,720575940566571341,1,unknown,unknown,downstream
720575940613891442,720575940566562650,1,unknown,unknown,downstream
720575940613891442,720575940566457421,1,unknown,unknown,downstream
720575940613891442,720575940566448461,1,unknown,unknown,downstream
720575940613891442,720575940566422605,1,unknown,unknown,downstream
720575940613891442,720575940566398960,1,unknown,unknown,downstream
720575940613891442,720575940566303218,1,unknown,unknown,downstream
720575940613891442,720575940566211314,1,unknown,unknown,downstream
720575940613891442,720575940566198514,1,unknown,unknown,downstream
720575940613891442,720575940566197857,1,unknown,unknown,downstream
720575940613891442,720575940566177889,1,unknown,unknown,downstream
720575940613891442,720575940566150896,1,unknown,unknown,downstream
720575940613891442,720575940566142192,1,unknown,unknown,downstream
720575940613891442,720575940566111579,1,unknown,unknown,downstream
720575940613891442,720575940566084336,1,unknown,unknown,downstream
720575940613891442,720575940565909898,1,unknown,unknown,downstream
720575940613891442,720575940565906058,1,unknown,unknown,downstream
720575940613891442,720575940565898122,1,unknown,unknown,downstream
720575940613891442,720575940566663133,1,unknown,unknown,downstream
720575940613891442,720575940566721287,1,unknown,unknown,downstream
720575940613891442,720575940567218339,1,unknown,unknown,downstream
720575940613891442,720575940568209990,1,unknown,unknown,downstream
720575940613891442,720575940569193746,1,unknown,unknown,downstream
720575940613891442,720575940569185446,1,unknown,unknown,downstream
720575940613891442,720575940568880418,1,unknown,unknown,downstream
720575940613891442,720575940568879906,1,unknown,unknown,downstream
720575940613891442,720575940568841499,1,unknown,unknown,downstream
720575940613891442,720575940568839707,1,unknown,unknown,downstream
720575940613891442,720575940568399771,1,unknown,unknown,downstream
720575940613891442,720575940568333382,1,unknown,unknown,downstream
720575940613891442,720575940568300102,1,unknown,unknown,downstream
720575940613891442,720575940568048998,1,unknown,unknown,downstream
720575940613891442,720575940567305495,1,unknown,unknown,downstream
720575940613891442,720575940567874133,1,unknown,unknown,downstream
720575940613891442,720575940567811256,1,unknown,unknown,downstream
720575940613891442,720575940567783853,1,unknown,unknown,downstream
720575940613891442,720575940567693240,1,unknown,unknown,downstream
720575940613891442,720575940567485814,1,unknown,unknown,downstream
720575940613891442,720575940567359446,1,unknown,unknown,downstream
720575940613891442,720575940567348694,1,unknown,unknown,downstream
720575940613891442,720575940567326487,1,unknown,unknown,downstream
720575940613891442,720575940567307990,1,unknown,unknown,downstream
720575940613891442,720575940565897354,1,unknown,unknown,downstream
720575940613891442,720575940565867026,1,unknown,unknown,downstream
720575940613891442,720575940569389210,1,unknown,unknown,downstream
720575940613891442,720575940565781799,1,unknown,unknown,downstream
720575940613891442,720575940564176812,1,unknown,unknown,downstream
720575940613891442,720575940564171121,1,unknown,unknown,downstream
720575940613891442,720575940564168108,1,unknown,unknown,downstream
720575940613891442,720575940564120373,1,unknown,unknown,downstream
720575940613891442,720575940564114741,1,unknown,unknown,downstream
720575940613891442,720575940563802318,1,unknown,unknown,downstream
720575940613891442,720575940563746437,1,unknown,unknown,downstream
720575940613891442,720575940563743365,1,unknown,unknown,downstream
720575940613891442,720575940563716997,1,unknown,unknown,downstream
720575940613891442,720575940563705806,1,unknown,unknown,downstream
720575940613891442,720575940563584822,1,unknown,unknown,downstream
720575940613891442,720575940563298300,1,unknown,unknown,downstream
720575940613891442,720575940563284988,1,unknown,unknown,downstream
720575940613891442,720575940563276796,1,unknown,unknown,downstream
720575940613891442,720575940563235124,1,unknown,unknown,downstream
720575940613891442,720575940563156039,1,unknown,unknown,downstream
720575940613891442,720575940563152967,1,unknown,unknown,downstream
720575940613891442,720575940562662657,1,unknown,unknown,downstream
720575940613891442,720575940562649601,1,unknown,unknown,downstream
720575940613891442,720575940562532100,1,unknown,unknown,downstream
720575940613891442,720575940562515716,1,unknown,unknown,downstream
720575940613891442,720575940564180322,1,unknown,unknown,downstream
720575940613891442,720575940564182882,1,unknown,unknown,downstream
720575940613891442,720575940564184162,1,unknown,unknown,downstream
720575940613891442,720575940565441655,1,unknown,unknown,downstream
720575940613891442,720575940565766310,1,unknown,unknown,downstream
720575940613891442,720575940565758118,1,unknown,unknown,downstream
720575940613891442,720575940565675914,1,unknown,unknown,downstream
720575940613891442,720575940565650523,1,unknown,unknown,downstream
720575940613891442,720575940565644577,1,unknown,unknown,downstream
720575940613891442,720575940565642273,1,unknown,unknown,downstream
720575940613891442,720575940565622182,1,unknown,unknown,downstream
720575940613891442,720575940565542314,1,unknown,unknown,downstream
720575940613891442,720575940565442423,1,unknown,unknown,downstream
720575940613891442,720575940565394472,1,unknown,unknown,downstream
720575940613891442,720575940564265826,1,unknown,unknown,downstream
720575940613891442,720575940565388840,1,unknown,unknown,downstream
720575940613891442,720575940565382696,1,unknown,unknown,downstream
720575940613891442,720575940565004791,1,unknown,unknown,downstream
720575940613891442,720575940564638085,1,unknown,unknown,downstream
720575940613891442,720575940564631429,1,unknown,unknown,downstream
720575940613891442,720575940564608389,1,unknown,unknown,downstream
720575940613891442,720575940564349129,1,unknown,unknown,downstream
720575940613891442,720575940564298953,1,unknown,unknown,downstream
720575940613891442,720575940564293033,1,unknown,unknown,downstream
720575940613891442,720575940569378890,1,unknown,unknown,downstream
720575940613891442,720575940569426096,1,unknown,unknown,downstream
720575940613891442,720575940562413334,1,unknown,unknown,downstream
720575940613891442,720575940571326476,1,unknown,unknown,downstream
720575940613891442,720575940572622254,1,unknown,unknown,downstream
720575940613891442,720575940572613910,1,unknown,unknown,downstream
720575940613891442,720575940572612886,1,unknown,unknown,downstream
720575940613891442,720575940572604950,1,unknown,unknown,downstream
720575940613891442,720575940572593781,1,unknown,unknown,downstream
720575940613891442,720575940572461590,1,unknown,unknown,downstream
720575940613891442,720575940572352527,1,unknown,unknown,downstream
720575940613891442,720575940572224933,1,unknown,unknown,downstream
720575940613891442,720575940572068147,1,unknown,unknown,downstream
720575940613891442,720575940572064051,1,unknown,unknown,downstream
720575940613891442,720575940572060979,1,unknown,unknown,downstream
720575940613891442,720575940571977954,1,unknown,unknown,downstream
720575940613891442,720575940571945509,1,unknown,unknown,downstream
720575940613891442,720575940571944445,1,unknown,unknown,downstream
720575940613891442,720575940571932925,1,unknown,unknown,downstream
720575940613891442,720575940571905533,1,unknown,unknown,downstream
720575940613891442,720575940571574953,1,unknown,unknown,downstream
720575940613891442,720575940571489170,1,unknown,unknown,downstream
720575940613891442,720575940571456067,1,unknown,unknown,downstream
720575940613891442,720575940571452483,1,unknown,unknown,downstream
720575940613891442,720575940571448588,1,unknown,unknown,downstream
720575940613891442,720575940572622358,1,unknown,unknown,downstream
720575940613891442,720575940572622510,1,unknown,unknown,downstream
720575940613891442,720575940572634286,1,unknown,unknown,downstream
720575940613891442,720575940572875324,1,unknown,unknown,downstream
720575940613891442,720575940573080550,1,unknown,unknown,downstream
720575940613891442,720575940573062586,1,unknown,unknown,downstream
720575940613891442,720575940573058226,1,unknown,unknown,downstream
720575940613891442,720575940573051314,1,unknown,unknown,downstream
720575940613891442,720575940572995417,1,unknown,unknown,downstream
720575940613891442,720575940572891708,1,unknown,unknown,downstream
720575940613891442,720575940572880700,1,unknown,unknown,downstream
720575940613891442,720575940572879932,1,unknown,unknown,downstream
720575940613891442,720575940572877884,1,unknown,unknown,downstream
720575940613891442,720575940572835900,1,unknown,unknown,downstream
720575940613891442,720575940572634390,1,unknown,unknown,downstream
720575940613891442,720575940572788576,1,unknown,unknown,downstream
720575940613891442,720575940572781152,1,unknown,unknown,downstream
720575940613891442,720575940572741728,1,unknown,unknown,downstream
720575940613891442,720575940572740192,1,unknown,unknown,downstream
720575940613891442,720575940572716206,1,unknown,unknown,downstream
720575940613891442,720575940572658606,1,unknown,unknown,downstream
720575940613891442,720575940572647854,1,unknown,unknown,downstream
720575940613891442,720575940572643246,1,unknown,unknown,downstream
720575940613891442,720575940572637614,1,unknown,unknown,downstream
720575940613891442,720575940571432629,1,unknown,unknown,downstream
720575940613891442,720575940571309836,1,unknown,unknown,downstream
720575940613891442,720575940569431728,1,unknown,unknown,downstream
720575940613891442,720575940571299852,1,unknown,unknown,downstream
720575940613891442,720575940570311772,1,unknown,unknown,downstream
720575940613891442,720575940570262149,1,unknown,unknown,downstream
720575940613891442,720575940570126247,1,unknown,unknown,downstream
720575940613891442,720575940570043273,1,unknown,unknown,downstream
720575940613891442,720575940570035849,1,unknown,unknown,downstream
720575940613891442,720575940570011273,1,unknown,unknown,downstream
720575940613891442,720575940570008581,1,unknown,unknown,downstream
720575940613891442,720575940569999109,1,unknown,unknown,downstream
720575940613891442,720575940569861884,1,unknown,unknown,downstream
720575940613891442,720575940569636449,1,unknown,unknown,downstream
720575940613891442,720575940569631927,1,unknown,unknown,downstream
720575940613891442,720575940569630903,1,unknown,unknown,downstream
720575940613891442,720575940569603760,1,unknown,unknown,downstream
720575940613891442,720575940569525943,1,unknown,unknown,downstream
720575940613891442,720575940569517856,1,unknown,unknown,downstream
720575940613891442,720575940569478576,1,unknown,unknown,downstream
720575940613891442,720575940569472944,1,unknown,unknown,downstream
720575940613891442,720575940569468592,1,unknown,unknown,downstream
720575940613891442,720575940569465008,1,unknown,unknown,downstream
720575940613891442,720575940569461168,1,unknown,unknown,downstream
720575940613891442,720575940569446832,1,unknown,unknown,downstream
720575940613891442,720575940570359900,1,unknown,unknown,downstream
720575940613891442,720575940570521386,1,unknown,unknown,downstream
720575940613891442,720575940570544987,1,unknown,unknown,downstream
720575940613891442,720575940570821546,1,unknown,unknown,downstream
720575940613891442,720575940571265531,1,unknown,unknown,downstream
720575940613891442,720575940571175061,1,unknown,unknown,downstream
720575940613891442,720575940571173013,1,unknown,unknown,downstream
720575940613891442,720575940571169173,1,unknown,unknown,downstream
720575940613891442,720575940571164565,1,unknown,unknown,downstream
720575940613891442,720575940571163643,1,unknown,unknown,downstream
720575940613891442,720575940571048190,1,unknown,unknown,downstream
720575940613891442,720575940571008766,1,unknown,unknown,downstream
720575940613891442,720575940570893435,1,unknown,unknown,downstream
720575940613891442,720575940570819242,1,unknown,unknown,downstream
720575940613891442,720575940570545755,1,unknown,unknown,downstream
720575940613891442,720575940570803882,1,unknown,unknown,downstream
720575940613891442,720575940570779907,1,unknown,unknown,downstream
720575940613891442,720575940570776579,1,unknown,unknown,downstream
720575940613891442,720575940570772739,1,unknown,unknown,downstream
720575940613891442,720575940570685435,1,unknown,unknown,downstream
720575940613891442,720575940570682875,1,unknown,unknown,downstream
720575940613891442,720575940570649595,1,unknown,unknown,downstream
720575940613891442,720575940570625309,1,unknown,unknown,downstream
720575940613891442,720575940570610939,1,unknown,unknown,downstream
720575940613891442,720575940562428950,1,unknown,unknown,downstream
720575940613891442,720575940562394625,1,unknown,unknown,downstream
720575940613891442,720575940573125059,1,unknown,unknown,downstream
720575940613891442,720575940554762968,1,unknown,unknown,downstream
720575940613891442,720575940555922007,1,unknown,unknown,downstream
720575940613891442,720575940555910231,1,unknown,unknown,downstream
720575940613891442,720575940555892055,1,unknown,unknown,downstream
720575940613891442,720575940555880556,1,unknown,unknown,downstream
720575940613891442,720575940555842412,1,unknown,unknown,downstream
720575940613891442,720575940555835244,1,unknown,unknown,downstream
720575940613891442,720575940555823336,1,unknown,unknown,downstream
720575940613891442,720575940555716764,1,unknown,unknown,downstream
720575940613891442,720575940555705500,1,unknown,unknown,downstream
720575940613891442,720575940555697820,1,unknown,unknown,downstream
720575940613891442,720575940555691676,1,unknown,unknown,downstream
720575940613891442,720575940555691420,1,unknown,unknown,downstream
720575940613891442,720575940555681436,1,unknown,unknown,downstream
720575940613891442,720575940555679388,1,unknown,unknown,downstream
720575940613891442,720575940555668671,1,unknown,unknown,downstream
720575940613891442,720575940555425060,1,unknown,unknown,downstream
720575940613891442,720575940555254179,1,unknown,unknown,downstream
720575940613891442,720575940555252131,1,unknown,unknown,downstream
720575940613891442,720575940555015698,1,unknown,unknown,downstream
720575940613891442,720575940555009810,1,unknown,unknown,downstream
720575940613891442,720575940554824455,1,unknown,unknown,downstream
720575940613891442,720575940555940934,1,unknown,unknown,downstream
720575940613891442,720575940555948870,1,unknown,unknown,downstream
720575940613891442,720575940556045465,1,unknown,unknown,downstream
720575940613891442,720575940556916293,1,unknown,unknown,downstream
720575940613891442,720575940557424230,1,unknown,unknown,downstream
720575940613891442,720575940557417677,1,unknown,unknown,downstream
720575940613891442,720575940557416806,1,unknown,unknown,downstream
720575940613891442,720575940557377638,1,unknown,unknown,downstream
720575940613891442,720575940557137848,1,unknown,unknown,downstream
720575940613891442,720575940557131704,1,unknown,unknown,downstream
720575940613891442,720575940557067192,1,unknown,unknown,downstream
720575940613891442,720575940557052088,1,unknown,unknown,downstream
720575940613891442,720575940557030840,1,unknown,unknown,downstream
720575940613891442,720575940556524425,1,unknown,unknown,downstream
720575940613891442,720575940556052121,1,unknown,unknown,downstream
720575940613891442,720575940556389257,1,unknown,unknown,downstream
720575940613891442,720575940556373641,1,unknown,unknown,downstream
720575940613891442,720575940556220487,1,unknown,unknown,downstream
720575940613891442,720575940556161661,1,unknown,unknown,downstream
720575940613891442,720575940556132477,1,unknown,unknown,downstream
720575940613891442,720575940556111393,1,unknown,unknown,downstream
720575940613891442,720575940556095897,1,unknown,unknown,downstream
720575940613891442,720575940556082585,1,unknown,unknown,downstream
720575940613891442,720575940556064153,1,unknown,unknown,downstream
720575940613891442,720575940554808839,1,unknown,unknown,downstream
720575940613891442,720575940554760152,1,unknown,unknown,downstream
720575940613891442,720575940557467923,1,unknown,unknown,downstream
720575940613891442,720575940554741874,1,unknown,unknown,downstream
720575940613891442,720575940552966399,1,unknown,unknown,downstream
720575940613891442,720575940552862149,1,unknown,unknown,downstream
720575940613891442,720575940552733305,1,unknown,unknown,downstream
720575940613891442,720575940552689273,1,unknown,unknown,downstream
720575940613891442,720575940552664697,1,unknown,unknown,downstream
720575940613891442,720575940551532588,1,unknown,unknown,downstream
720575940613891442,720575940551529772,1,unknown,unknown,downstream
720575940613891442,720575940551254497,1,unknown,unknown,downstream
720575940613891442,720575940551230177,1,unknown,unknown,downstream
720575940613891442,720575940551116538,1,unknown,unknown,downstream
720575940613891442,720575940551106051,1,unknown,unknown,downstream
720575940613891442,720575940551087866,1,unknown,unknown,downstream
720575940613891442,720575940550855864,1,unknown,unknown,downstream
720575940613891442,720575940550538835,1,unknown,unknown,downstream
720575940613891442,720575940550512926,1,unknown,unknown,downstream
720575940613891442,720575940550506323,1,unknown,unknown,downstream
720575940613891442,720575940550343851,1,unknown,unknown,downstream
720575940613891442,720575940550271543,1,unknown,unknown,downstream
720575940613891442,720575940550265911,1,unknown,unknown,downstream
720575940613891442,720575940550260279,1,unknown,unknown,downstream
720575940613891442,720575940550256695,1,unknown,unknown,downstream
720575940613891442,720575940553302262,1,unknown,unknown,downstream
720575940613891442,720575940553313585,1,unknown,unknown,downstream
720575940613891442,720575940553474840,1,unknown,unknown,downstream
720575940613891442,720575940554216497,1,unknown,unknown,downstream
720575940613891442,720575940554741208,1,unknown,unknown,downstream
720575940613891442,720575940554718441,1,unknown,unknown,downstream
720575940613891442,720575940554715369,1,unknown,unknown,downstream
720575940613891442,720575940554701426,1,unknown,unknown,downstream
720575940613891442,720575940554675314,1,unknown,unknown,downstream
720575940613891442,720575940554405204,1,unknown,unknown,downstream
720575940613891442,720575940554389076,1,unknown,unknown,downstream
720575940613891442,720575940554298370,1,unknown,unknown,downstream
720575940613891442,720575940554283266,1,unknown,unknown,downstream
720575940613891442,720575940554209973,1,unknown,unknown,downstream
720575940613891442,720575940553503256,1,unknown,unknown,downstream
720575940613891442,720575940554017065,1,unknown,unknown,downstream
720575940613891442,720575940553985476,1,unknown,unknown,downstream
720575940613891442,720575940553947844,1,unknown,unknown,downstream
720575940613891442,720575940553943748,1,unknown,unknown,downstream
720575940613891442,720575940553934967,1,unknown,unknown,downstream
720575940613891442,720575940553743570,1,unknown,unknown,downstream
720575940613891442,720575940553682915,1,unknown,unknown,downstream
720575940613891442,720575940553643193,1,unknown,unknown,downstream
720575940613891442,720575940553616313,1,unknown,unknown,downstream
720575940613891442,720575940557448321,1,unknown,unknown,downstream
720575940613891442,720575940557490511,1,unknown,unknown,downstream
720575940613891442,720575940562387713,1,unknown,unknown,downstream
720575940613891442,720575940559256179,1,unknown,unknown,downstream
720575940613891442,720575940560297927,1,unknown,unknown,downstream
720575940613891442,720575940560290937,1,unknown,unknown,downstream
720575940613891442,720575940560230493,1,unknown,unknown,downstream
720575940613891442,720575940560203357,1,unknown,unknown,downstream
720575940613891442,720575940560184620,1,unknown,unknown,downstream
720575940613891442,720575940560110124,1,unknown,unknown,downstream
720575940613891442,720575940560075172,1,unknown,unknown,downstream
720575940613891442,720575940560074916,1,unknown,unknown,downstream
720575940613891442,720575940560068260,1,unknown,unknown,downstream
720575940613891442,720575940559960018,1,unknown,unknown,downstream
720575940613891442,720575940559950802,1,unknown,unknown,downstream
720575940613891442,720575940559937490,1,unknown,unknown,downstream
720575940613891442,720575940559841873,1,unknown,unknown,downstream
720575940613891442,720575940559799377,1,unknown,unknown,downstream
720575940613891442,720575940559797329,1,unknown,unknown,downstream
720575940613891442,720575940559583204,1,unknown,unknown,downstream
720575940613891442,720575940559570091,1,unknown,unknown,downstream
720575940613891442,720575940559562760,1,unknown,unknown,downstream
720575940613891442,720575940559507806,1,unknown,unknown,downstream
720575940613891442,720575940559498411,1,unknown,unknown,downstream
720575940613891442,720575940559485448,1,unknown,unknown,downstream
720575940613891442,720575940560302791,1,unknown,unknown,downstream
720575940613891442,720575940560347342,1,unknown,unknown,downstream
720575940613891442,720575940560378825,1,unknown,unknown,downstream
720575940613891442,720575940561183856,1,unknown,unknown,downstream
720575940613891442,720575940562385409,1,unknown,unknown,downstream
720575940613891442,720575940562368513,1,unknown,unknown,downstream
720575940613891442,720575940562350358,1,unknown,unknown,downstream
720575940613891442,720575940562331390,1,unknown,unknown,downstream
720575940613891442,720575940562266018,1,unknown,unknown,downstream
720575940613891442,720575940562242387,1,unknown,unknown,downstream
720575940613891442,720575940562212435,1,unknown,unknown,downstream
720575940613891442,720575940561878594,1,unknown,unknown,downstream
720575940613891442,720575940561226096,1,unknown,unknown,downstream
720575940613891442,720575940561115978,1,unknown,unknown,downstream
720575940613891442,720575940560404169,1,unknown,unknown,downstream
720575940613891442,720575940561106009,1,unknown,unknown,downstream
720575940613891442,720575940561065817,1,unknown,unknown,downstream
720575940613891442,720575940560871001,1,unknown,unknown,downstream
720575940613891442,720575940560847062,1,unknown,unknown,downstream
720575940613891442,720575940560728203,1,unknown,unknown,downstream
720575940613891442,720575940560531934,1,unknown,unknown,downstream
720575940613891442,720575940560502001,1,unknown,unknown,downstream
720575940613891442,720575940560419529,1,unknown,unknown,downstream
720575940613891442,720575940560406985,1,unknown,unknown,downstream
720575940613891442,720575940559279692,1,unknown,unknown,downstream
720575940613891442,720575940559248755,1,unknown,unknown,downstream
720575940613891442,720575940557517075,1,unknown,unknown,downstream
720575940613891442,720575940559230343,1,unknown,unknown,downstream
720575940613891442,720575940557676087,1,unknown,unknown,downstream
720575940613891442,720575940557675061,1,unknown,unknown,downstream
720575940613891442,720575940557673269,1,unknown,unknown,downstream
720575940613891442,720575940557668919,1,unknown,unknown,downstream
720575940613891442,720575940557663799,1,unknown,unknown,downstream
720575940613891442,720575940557663543,1,unknown,unknown,downstream
720575940613891442,720575940557587209,1,unknown,unknown,downstream
720575940613891442,720575940557584079,1,unknown,unknown,downstream
720575940613891442,720575940557582345,1,unknown,unknown,downstream
720575940613891442,720575940557570943,1,unknown,unknown,downstream
720575940613891442,720575940557564425,1,unknown,unknown,downstream
720575940613891442,720575940557559167,1,unknown,unknown,downstream
720575940613891442,720575940557558143,1,unknown,unknown,downstream
720575940613891442,720575940557555071,1,unknown,unknown,downstream
720575940613891442,720575940557553161,1,unknown,unknown,downstream
720575940613891442,720575940557550207,1,unknown,unknown,downstream
720575940613891442,720575940557547647,1,unknown,unknown,downstream
720575940613891442,720575940557542665,1,unknown,unknown,downstream
720575940613891442,720575940557540467,1,unknown,unknown,downstream
720575940613891442,720575940557530227,1,unknown,unknown,downstream
720575940613891442,720575940557520915,1,unknown,unknown,downstream
720575940613891442,720575940557688885,1,unknown,unknown,downstream
720575940613891442,720575940557981819,1,unknown,unknown,downstream
720575940613891442,720575940558062612,1,unknown,unknown,downstream
720575940613891442,720575940558878932,1,unknown,unknown,downstream
720575940613891442,720575940559216313,1,unknown,unknown,downstream
720575940613891442,720575940559190713,1,unknown,unknown,downstream
720575940613891442,720575940559166137,1,unknown,unknown,downstream
720575940613891442,720575940559155385,1,unknown,unknown,downstream
720575940613891442,720575940559106785,1,unknown,unknown,downstream
720575940613891442,720575940559100897,1,unknown,unknown,downstream
720575940613891442,720575940559084606,1,unknown,unknown,downstream
720575940613891442,720575940559050681,1,unknown,unknown,downstream
720575940613891442,720575940558962894,1,unknown,unknown,downstream
720575940613891442,720575940558878420,1,unknown,unknown,downstream
720575940613891442,720575940558160117,1,unknown,unknown,downstream
720575940613891442,720575940558878164,1,unknown,unknown,downstream
720575940613891442,720575940558874560,1,unknown,unknown,downstream
720575940613891442,720575940558859712,1,unknown,unknown,downstream
720575940613891442,720575940558785216,1,unknown,unknown,downstream
720575940613891442,720575940558631362,1,unknown,unknown,downstream
720575940613891442,720575940558577602,1,unknown,unknown,downstream
720575940613891442,720575940558538451,1,unknown,unknown,downstream
720575940613891442,720575940558343787,1,unknown,unknown,downstream
720575940613891442,720575940558333291,1,unknown,unknown,downstream
720575940613891442,720575940573096370,1,unknown,unknown,downstream
720575940613891442,720575940573128370,1,unknown,unknown,downstream
720575940613891442,720575940583765671,1,unknown,unknown,downstream
720575940613891442,720575940580470835,1,unknown,unknown,downstream
720575940613891442,720575940581003060,1,unknown,unknown,downstream
720575940613891442,720575940580988468,1,unknown,unknown,downstream
720575940613891442,720575940580803696,1,unknown,unknown,downstream
720575940613891442,720575940580749781,1,unknown,unknown,downstream
720575940613891442,720575940580666761,1,unknown,unknown,downstream
720575940613891442,720575940580664201,1,unknown,unknown,downstream
720575940613891442,720575940580662153,1,unknown,unknown,downstream
720575940613891442,720575940580660361,1,unknown,unknown,downstream
720575940613891442,720575940580659593,1,unknown,unknown,downstream
720575940613891442,720575940580540467,1,unknown,unknown,downstream
720575940613891442,720575940580528576,1,unknown,unknown,downstream
720575940613891442,720575940580520613,1,unknown,unknown,downstream
720575940613891442,720575940580518336,1,unknown,unknown,downstream
720575940613891442,720575940580517257,1,unknown,unknown,downstream
720575940613891442,720575940580510373,1,unknown,unknown,downstream
720575940613891442,720575940580508096,1,unknown,unknown,downstream
720575940613891442,720575940580506816,1,unknown,unknown,downstream
720575940613891442,720575940580505253,1,unknown,unknown,downstream
720575940613891442,720575940580504229,1,unknown,unknown,downstream
720575940613891442,720575940580490978,1,unknown,unknown,downstream
720575940613891442,720575940580487360,1,unknown,unknown,downstream
720575940613891442,720575940581028660,1,unknown,unknown,downstream
720575940613891442,720575940581051161,1,unknown,unknown,downstream
720575940613891442,720575940581104921,1,unknown,unknown,downstream
720575940613891442,720575940581512103,1,unknown,unknown,downstream
720575940613891442,720575940581776124,1,unknown,unknown,downstream
720575940613891442,720575940581752572,1,unknown,unknown,downstream
720575940613891442,720575940581748512,1,unknown,unknown,downstream
720575940613891442,720575940581739223,1,unknown,unknown,downstream
720575940613891442,720575940581599065,1,unknown,unknown,downstream
720575940613891442,720575940581598041,1,unknown,unknown,downstream
720575940613891442,720575940581584040,1,unknown,unknown,downstream
720575940613891442,720575940581561234,1,unknown,unknown,downstream
720575940613891442,720575940581551250,1,unknown,unknown,downstream
720575940613891442,720575940581509543,1,unknown,unknown,downstream
720575940613891442,720575940581123097,1,unknown,unknown,downstream
720575940613891442,720575940581425810,1,unknown,unknown,downstream
720575940613891442,720575940581422226,1,unknown,unknown,downstream
720575940613891442,720575940581402499,1,unknown,unknown,downstream
720575940613891442,720575940581387168,1,unknown,unknown,downstream
720575940613891442,720575940581265750,1,unknown,unknown,downstream
720575940613891442,720575940581245904,1,unknown,unknown,downstream
720575940613891442,720575940581242832,1,unknown,unknown,downstream
720575940613891442,720575940581240627,1,unknown,unknown,downstream
720575940613891442,720575940581215236,1,unknown,unknown,downstream
720575940613891442,720575940580474931,1,unknown,unknown,downstream
720575940613891442,720575940580463086,1,unknown,unknown,downstream
720575940613891442,720575940581881730,1,unknown,unknown,downstream
720575940613891442,720575940580461107,1,unknown,unknown,downstream
720575940613891442,720575940579280050,1,unknown,unknown,downstream
720575940613891442,720575940579239739,1,unknown,unknown,downstream
720575940613891442,720575940579234875,1,unknown,unknown,downstream
720575940613891442,720575940579231025,1,unknown,unknown,downstream
720575940613891442,720575940579152577,1,unknown,unknown,downstream
720575940613891442,720575940579141196,1,unknown,unknown,downstream
720575940613891442,720575940579134686,1,unknown,unknown,downstream
720575940613891442,720575940579115037,1,unknown,unknown,downstream
720575940613891442,720575940579100957,1,unknown,unknown,downstream
720575940613891442,720575940579088350,1,unknown,unknown,downstream
720575940613891442,720575940579079134,1,unknown,unknown,downstream
720575940613891442,720575940579032349,1,unknown,unknown,downstream
720575940613891442,720575940579021085,1,unknown,unknown,downstream
720575940613891442,720575940579014429,1,unknown,unknown,downstream
720575940613891442,720575940578994329,1,unknown,unknown,downstream
720575940613891442,720575940578979750,1,unknown,unknown,downstream
720575940613891442,720575940578973862,1,unknown,unknown,downstream
720575940613891442,720575940578962073,1,unknown,unknown,downstream
720575940613891442,720575940578954905,1,unknown,unknown,downstream
720575940613891442,720575940578953881,1,unknown,unknown,downstream
720575940613891442,720575940578892926,1,unknown,unknown,downstream
720575940613891442,720575940579289778,1,unknown,unknown,downstream
720575940613891442,720575940579440050,1,unknown,unknown,downstream
720575940613891442,720575940579451528,1,unknown,unknown,downstream
720575940613891442,720575940580183951,1,unknown,unknown,downstream
720575940613891442,720575940580460270,1,unknown,unknown,downstream
720575940613891442,720575940580448750,1,unknown,unknown,downstream
720575940613891442,720575940580438766,1,unknown,unknown,downstream
720575940613891442,720575940580437129,1,unknown,unknown,downstream
720575940613891442,720575940580434825,1,unknown,unknown,downstream
720575940613891442,720575940580272924,1,unknown,unknown,downstream
720575940613891442,720575940580270876,1,unknown,unknown,downstream
720575940613891442,720575940580263501,1,unknown,unknown,downstream
720575940613891442,720575940580243337,1,unknown,unknown,downstream
720575940613891442,720575940580131727,1,unknown,unknown,downstream
720575940613891442,720575940579523112,1,unknown,unknown,downstream
720575940613891442,720575940580117896,1,unknown,unknown,downstream
720575940613891442,720575940580019396,1,unknown,unknown,downstream
720575940613891442,720575940579897731,1,unknown,unknown,downstream
720575940613891442,720575940579858085,1,unknown,unknown,downstream
720575940613891442,720575940579618599,1,unknown,unknown,downstream
720575940613891442,720575940579598597,1,unknown,unknown,downstream
720575940613891442,720575940579557370,1,unknown,unknown,downstream
720575940613891442,720575940579534120,1,unknown,unknown,downstream
720575940613891442,720575940579528691,1,unknown,unknown,downstream
720575940613891442,720575940581815296,1,unknown,unknown,downstream
720575940613891442,720575940581882498,1,unknown,unknown,downstream
720575940613891442,720575940578788867,1,unknown,unknown,downstream
720575940613891442,720575940583093640,1,unknown,unknown,downstream
720575940613891442,720575940583435645,1,unknown,unknown,downstream
720575940613891442,720575940583315053,1,unknown,unknown,downstream
720575940613891442,720575940583305295,1,unknown,unknown,downstream
720575940613891442,720575940583299176,1,unknown,unknown,downstream
720575940613891442,720575940583289679,1,unknown,unknown,downstream
720575940613891442,720575940583273283,1,unknown,unknown,downstream
720575940613891442,720575940583265954,1,unknown,unknown,downstream
720575940613891442,720575940583252136,1,unknown,unknown,downstream
720575940613891442,720575940583218562,1,unknown,unknown,downstream
720575940613891442,720575940583216770,1,unknown,unknown,downstream
720575940613891442,720575940583216258,1,unknown,unknown,downstream
720575940613891442,720575940583215996,1,unknown,unknown,downstream
720575940613891442,720575940583215234,1,unknown,unknown,downstream
720575940613891442,720575940583211650,1,unknown,unknown,downstream
720575940613891442,720575940583208572,1,unknown,unknown,downstream
720575940613891442,720575940583188604,1,unknown,unknown,downstream
720575940613891442,720575940583186496,1,unknown,unknown,downstream
720575940613891442,720575940583183936,1,unknown,unknown,downstream
720575940613891442,720575940583148352,1,unknown,unknown,downstream
720575940613891442,720575940583127360,1,unknown,unknown,downstream
720575940613891442,720575940583115223,1,unknown,unknown,downstream
720575940613891442,720575940583439997,1,unknown,unknown,downstream
720575940613891442,720575940583506410,1,unknown,unknown,downstream
720575940613891442,720575940583509117,1,unknown,unknown,downstream
720575940613891442,720575940583639412,1,unknown,unknown,downstream
720575940613891442,720575940583731693,1,unknown,unknown,downstream
720575940613891442,720575940583731437,1,unknown,unknown,downstream
720575940613891442,720575940583729575,1,unknown,unknown,downstream
720575940613891442,720575940583712284,1,unknown,unknown,downstream
720575940613891442,720575940583712028,1,unknown,unknown,downstream
720575940613891442,720575940583675047,1,unknown,unknown,downstream
720575940613891442,720575940583674791,1,unknown,unknown,downstream
720575940613891442,720575940583650431,1,unknown,unknown,downstream
720575940613891442,720575940583645044,1,unknown,unknown,downstream
720575940613891442,720575940583621416,1,unknown,unknown,downstream
720575940613891442,720575940583510909,1,unknown,unknown,downstream
720575940613891442,720575940583604714,1,unknown,unknown,downstream
720575940613891442,720575940583582700,1,unknown,unknown,downstream
720575940613891442,720575940583533096,1,unknown,unknown,downstream
720575940613891442,720575940583531304,1,unknown,unknown,downstream
720575940613891442,720575940583530280,1,unknown,unknown,downstream
720575940613891442,720575940583518248,1,unknown,unknown,downstream
720575940613891442,720575940583515176,1,unknown,unknown,downstream
720575940613891442,720575940583514920,1,unknown,unknown,downstream
720575940613891442,720575940583512957,1,unknown,unknown,downstream
720575940613891442,720575940583096243,1,unknown,unknown,downstream
720575940613891442,720575940583091336,1,unknown,unknown,downstream
720575940613891442,720575940581883392,1,unknown,unknown,downstream
720575940613891442,720575940583080768,1,unknown,unknown,downstream
720575940613891442,720575940582357334,1,unknown,unknown,downstream
720575940613891442,720575940582281028,1,unknown,unknown,downstream
720575940613891442,720575940582279748,1,unknown,unknown,downstream
720575940613891442,720575940582273174,1,unknown,unknown,downstream
720575940613891442,720575940582241174,1,unknown,unknown,downstream
720575940613891442,720575940582187899,1,unknown,unknown,downstream
720575940613891442,720575940582114034,1,unknown,unknown,downstream
720575940613891442,720575940582110583,1,unknown,unknown,downstream
720575940613891442,720575940582080631,1,unknown,unknown,downstream
720575940613891442,720575940582058524,1,unknown,unknown,downstream
720575940613891442,720575940582054684,1,unknown,unknown,downstream
720575940613891442,720575940582052892,1,unknown,unknown,downstream
720575940613891442,720575940582025115,1,unknown,unknown,downstream
720575940613891442,720575940582008520,1,unknown,unknown,downstream
720575940613891442,720575940582008008,1,unknown,unknown,downstream
720575940613891442,720575940582005403,1,unknown,unknown,downstream
720575940613891442,720575940582005147,1,unknown,unknown,downstream
720575940613891442,720575940581976300,1,unknown,unknown,downstream
720575940613891442,720575940581973147,1,unknown,unknown,downstream
720575940613891442,720575940581969132,1,unknown,unknown,downstream
720575940613891442,720575940581888436,1,unknown,unknown,downstream
720575940613891442,720575940582370454,1,unknown,unknown,downstream
720575940613891442,720575940582378564,1,unknown,unknown,downstream
720575940613891442,720575940582424536,1,unknown,unknown,downstream
720575940613891442,720575940583027635,1,unknown,unknown,downstream
720575940613891442,720575940583077591,1,unknown,unknown,downstream
720575940613891442,720575940583077079,1,unknown,unknown,downstream
720575940613891442,720575940583076311,1,unknown,unknown,downstream
720575940613891442,720575940583069143,1,unknown,unknown,downstream
720575940613891442,720575940583054216,1,unknown,unknown,downstream
720575940613891442,720575940583053783,1,unknown,unknown,downstream
720575940613891442,720575940583052503,1,unknown,unknown,downstream
720575940613891442,720575940583044972,1,unknown,unknown,downstream
720575940613891442,720575940583030195,1,unknown,unknown,downstream
720575940613891442,720575940583025075,1,unknown,unknown,downstream
720575940613891442,720575940582450235,1,unknown,unknown,downstream
720575940613891442,720575940582815893,1,unknown,unknown,downstream
720575940613891442,720575940582807149,1,unknown,unknown,downstream
720575940613891442,720575940582696594,1,unknown,unknown,downstream
720575940613891442,720575940582676950,1,unknown,unknown,downstream
720575940613891442,720575940582654333,1,unknown,unknown,downstream
720575940613891442,720575940582631523,1,unknown,unknown,downstream
720575940613891442,720575940582594776,1,unknown,unknown,downstream
720575940613891442,720575940582561139,1,unknown,unknown,downstream
720575940613891442,720575940582506183,1,unknown,unknown,downstream
720575940613891442,720575940578830974,1,unknown,unknown,downstream
720575940613891442,720575940578782211,1,unknown,unknown,downstream
720575940613891442,720575940573136306,1,unknown,unknown,downstream
720575940613891442,720575940575361122,1,unknown,unknown,downstream
720575940613891442,720575940575769767,1,unknown,unknown,downstream
720575940613891442,720575940575762822,1,unknown,unknown,downstream
720575940613891442,720575940575749799,1,unknown,unknown,downstream
720575940613891442,720575940575744720,1,unknown,unknown,downstream
720575940613891442,720575940575742672,1,unknown,unknown,downstream
720575940613891442,720575940575742375,1,unknown,unknown,downstream
720575940613891442,720575940575737296,1,unknown,unknown,downstream
720575940613891442,720575940575703381,1,unknown,unknown,downstream
720575940613891442,720575940575646873,1,unknown,unknown,downstream
720575940613891442,720575940575597279,1,unknown,unknown,downstream
720575940613891442,720575940575575210,1,unknown,unknown,downstream
720575940613891442,720575940575573418,1,unknown,unknown,downstream
720575940613891442,720575940575572650,1,unknown,unknown,downstream
720575940613891442,720575940575558826,1,unknown,unknown,downstream
720575940613891442,720575940575540633,1,unknown,unknown,downstream
720575940613891442,720575940575539109,1,unknown,unknown,downstream
720575940613891442,720575940575500108,1,unknown,unknown,downstream
720575940613891442,720575940575495500,1,unknown,unknown,downstream
720575940613891442,720575940575427916,1,unknown,unknown,downstream
720575940613891442,720575940575403596,1,unknown,unknown,downstream
720575940613891442,720575940575386053,1,unknown,unknown,downstream
720575940613891442,720575940575773601,1,unknown,unknown,downstream
720575940613891442,720575940575783039,1,unknown,unknown,downstream
720575940613891442,720575940575789190,1,unknown,unknown,downstream
720575940613891442,720575940576419972,1,unknown,unknown,downstream
720575940613891442,720575940576608760,1,unknown,unknown,downstream
720575940613891442,720575940576608006,1,unknown,unknown,downstream
720575940613891442,720575940576605367,1,unknown,unknown,downstream
720575940613891442,720575940576598790,1,unknown,unknown,downstream
720575940613891442,720575940576598062,1,unknown,unknown,downstream
720575940613891442,720575940576541742,1,unknown,unknown,downstream
720575940613891442,720575940576525614,1,unknown,unknown,downstream
720575940613891442,720575940576432004,1,unknown,unknown,downstream
720575940613891442,720575940576428038,1,unknown,unknown,downstream
720575940613891442,720575940576372060,1,unknown,unknown,downstream
720575940613891442,720575940575795617,1,unknown,unknown,downstream
720575940613891442,720575940576349715,1,unknown,unknown,downstream
720575940613891442,720575940576306707,1,unknown,unknown,downstream
720575940613891442,720575940576268051,1,unknown,unknown,downstream
720575940613891442,720575940576190613,1,unknown,unknown,downstream
720575940613891442,720575940576016062,1,unknown,unknown,downstream
720575940613891442,720575940575922885,1,unknown,unknown,downstream
720575940613891442,720575940575879651,1,unknown,unknown,downstream
720575940613891442,720575940575864005,1,unknown,unknown,downstream
720575940613891442,720575940575811489,1,unknown,unknown,downstream
720575940613891442,720575940575361221,1,unknown,unknown,downstream
720575940613891442,720575940575346274,1,unknown,unknown,downstream
720575940613891442,720575940576611590,1,unknown,unknown,downstream
720575940613891442,720575940575334754,1,unknown,unknown,downstream
720575940613891442,720575940574684991,1,unknown,unknown,downstream
720575940613891442,720575940574633279,1,unknown,unknown,downstream
720575940613891442,720575940574596105,1,unknown,unknown,downstream
720575940613891442,720575940574592265,1,unknown,unknown,downstream
720575940613891442,720575940574551359,1,unknown,unknown,downstream
720575940613891442,720575940574532361,1,unknown,unknown,downstream
720575940613891442,720575940574306288,1,unknown,unknown,downstream
720575940613891442,720575940574129604,1,unknown,unknown,downstream
720575940613891442,720575940574107807,1,unknown,unknown,downstream
720575940613891442,720575940573846128,1,unknown,unknown,downstream
720575940613891442,720575940573698082,1,unknown,unknown,downstream
720575940613891442,720575940573697058,1,unknown,unknown,downstream
720575940613891442,720575940573673328,1,unknown,unknown,downstream
720575940613891442,720575940573640433,1,unknown,unknown,downstream
720575940613891442,720575940573611249,1,unknown,unknown,downstream
720575940613891442,720575940573497073,1,unknown,unknown,downstream
720575940613891442,720575940573488881,1,unknown,unknown,downstream
720575940613891442,720575940573282221,1,unknown,unknown,downstream
720575940613891442,720575940573264891,1,unknown,unknown,downstream
720575940613891442,720575940573206620,1,unknown,unknown,downstream
720575940613891442,720575940573142706,1,unknown,unknown,downstream
720575940613891442,720575940574689545,1,unknown,unknown,downstream
720575940613891442,720575940574694975,1,unknown,unknown,downstream
720575940613891442,720575940574724361,1,unknown,unknown,downstream
720575940613891442,720575940575086590,1,unknown,unknown,downstream
720575940613891442,720575940575327586,1,unknown,unknown,downstream
720575940613891442,720575940575253188,1,unknown,unknown,downstream
720575940613891442,720575940575238242,1,unknown,unknown,downstream
720575940613891442,720575940575224674,1,unknown,unknown,downstream
720575940613891442,720575940575213252,1,unknown,unknown,downstream
720575940613891442,720575940575196612,1,unknown,unknown,downstream
720575940613891442,720575940575131619,1,unknown,unknown,downstream
720575940613891442,720575940575096830,1,unknown,unknown,downstream
720575940613891442,720575940575090686,1,unknown,unknown,downstream
720575940613891442,720575940575083653,1,unknown,unknown,downstream
720575940613891442,720575940574730658,1,unknown,unknown,downstream
720575940613891442,720575940575082629,1,unknown,unknown,downstream
720575940613891442,720575940575082117,1,unknown,unknown,downstream
720575940613891442,720575940575000149,1,unknown,unknown,downstream
720575940613891442,720575940574997731,1,unknown,unknown,downstream
720575940613891442,720575940574992981,1,unknown,unknown,downstream
720575940613891442,720575940574951509,1,unknown,unknown,downstream
720575940613891442,720575940574918556,1,unknown,unknown,downstream
720575940613891442,720575940574897237,1,unknown,unknown,downstream
720575940613891442,720575940574888533,1,unknown,unknown,downstream
720575940613891442,720575940576610310,1,unknown,unknown,downstream
720575940613891442,720575940576614392,1,unknown,unknown,downstream
720575940613891442,720575940578770151,1,unknown,unknown,downstream
720575940613891442,720575940577656687,1,unknown,unknown,downstream
720575940613891442,720575940578100058,1,unknown,unknown,downstream
720575940613891442,720575940578095511,1,unknown,unknown,downstream
720575940613891442,720575940578094151,1,unknown,unknown,downstream
720575940613891442,720575940578090311,1,unknown,unknown,downstream
720575940613891442,720575940578006106,1,unknown,unknown,downstream
720575940613891442,720575940577981767,1,unknown,unknown,downstream
720575940613891442,720575940577928263,1,unknown,unknown,downstream
720575940613891442,720575940577888136,1,unknown,unknown,downstream
720575940613891442,720575940577859751,1,unknown,unknown,downstream
720575940613891442,720575940577843553,1,unknown,unknown,downstream
720575940613891442,720575940577811320,1,unknown,unknown,downstream
720575940613891442,720575940577808504,1,unknown,unknown,downstream
720575940613891442,720575940577806968,1,unknown,unknown,downstream
720575940613891442,720575940577755902,1,unknown,unknown,downstream
720575940613891442,720575940577754215,1,unknown,unknown,downstream
720575940613891442,720575940577752318,1,unknown,unknown,downstream
720575940613891442,720575940577747198,1,unknown,unknown,downstream
720575940613891442,720575940577726199,1,unknown,unknown,downstream
720575940613891442,720575940577685976,1,unknown,unknown,downstream
720575940613891442,720575940577666008,1,unknown,unknown,downstream
720575940613891442,720575940577662430,1,unknown,unknown,downstream
720575940613891442,720575940578108506,1,unknown,unknown,downstream
720575940613891442,720575940578128474,1,unknown,unknown,downstream
720575940613891442,720575940578142023,1,unknown,unknown,downstream
720575940613891442,720575940578521575,1,unknown,unknown,downstream
720575940613891442,720575940578765771,1,unknown,unknown,downstream
720575940613891442,720575940578724347,1,unknown,unknown,downstream
720575940613891442,720575940578694395,1,unknown,unknown,downstream
720575940613891442,720575940578689019,1,unknown,unknown,downstream
720575940613891442,720575940578591995,1,unknown,unknown,downstream
720575940613891442,720575940578577659,1,unknown,unknown,downstream
720575940613891442,720575940578570747,1,unknown,unknown,downstream
720575940613891442,720575940578567355,1,unknown,unknown,downstream
720575940613891442,720575940578548219,1,unknown,unknown,downstream
720575940613891442,720575940578515963,1,unknown,unknown,downstream
720575940613891442,720575940578163095,1,unknown,unknown,downstream
720575940613891442,720575940578510587,1,unknown,unknown,downstream
720575940613891442,720575940578417449,1,unknown,unknown,downstream
720575940613891442,720575940578410281,1,unknown,unknown,downstream
720575940613891442,720575940578367655,1,unknown,unknown,downstream
720575940613891442,720575940578207066,1,unknown,unknown,downstream
720575940613891442,720575940578192986,1,unknown,unknown,downstream
720575940613891442,720575940578174615,1,unknown,unknown,downstream
720575940613891442,720575940578166167,1,unknown,unknown,downstream
720575940613891442,720575940578163607,1,unknown,unknown,downstream
720575940613891442,720575940577658824,1,unknown,unknown,downstream
720575940613891442,720575940577649374,1,unknown,unknown,downstream
720575940613891442,720575940576616184,1,unknown,unknown,downstream
720575940613891442,720575940577634039,1,unknown,unknown,downstream
720575940613891442,720575940577038286,1,unknown,unknown,downstream
720575940613891442,720575940577000894,1,unknown,unknown,downstream
720575940613891442,720575940576987596,1,unknown,unknown,downstream
720575940613891442,720575940576986828,1,unknown,unknown,downstream
720575940613891442,720575940576982988,1,unknown,unknown,downstream
720575940613891442,720575940576976588,1,unknown,unknown,downstream
720575940613891442,720575940576971980,1,unknown,unknown,downstream
720575940613891442,720575940576960716,1,unknown,unknown,downstream
720575940613891442,720575940576865177,1,unknown,unknown,downstream
720575940613891442,720575940576861849,1,unknown,unknown,downstream
720575940613891442,720575940576842172,1,unknown,unknown,downstream
720575940613891442,720575940576799255,1,unknown,unknown,downstream
720575940613891442,720575940576798487,1,unknown,unknown,downstream
720575940613891442,720575940576788759,1,unknown,unknown,downstream
720575940613891442,720575940576785431,1,unknown,unknown,downstream
720575940613891442,720575940576754424,1,unknown,unknown,downstream
720575940613891442,720575940576664024,1,unknown,unknown,downstream
720575940613891442,720575940576652846,1,unknown,unknown,downstream
720575940613891442,720575940576633271,1,unknown,unknown,downstream
720575940613891442,720575940576628919,1,unknown,unknown,downstream
720575940613891442,720575940576619512,1,unknown,unknown,downstream
720575940613891442,720575940577052358,1,unknown,unknown,downstream
720575940613891442,720575940577059022,1,unknown,unknown,downstream
720575940613891442,720575940577071564,1,unknown,unknown,downstream
720575940613891442,720575940577411148,1,unknown,unknown,downstream
720575940613891442,720575940577627247,1,unknown,unknown,downstream
720575940613891442,720575940577611375,1,unknown,unknown,downstream
720575940613891442,720575940577550273,1,unknown,unknown,downstream
720575940613891442,720575940577547998,1,unknown,unknown,downstream
720575940613891442,720575940577541037,1,unknown,unknown,downstream
720575940613891442,720575940577496311,1,unknown,unknown,downstream
720575940613891442,720575940577488557,1,unknown,unknown,downstream
720575940613891442,720575940577484399,1,unknown,unknown,downstream
720575940613891442,720575940577416524,1,unknown,unknown,downstream
720575940613891442,720575940577398511,1,unknown,unknown,downstream
720575940613891442,720575940577083854,1,unknown,unknown,downstream
720575940613891442,720575940577329839,1,unknown,unknown,downstream
720575940613891442,720575940577266798,1,unknown,unknown,downstream
720575940613891442,720575940577266030,1,unknown,unknown,downstream
720575940613891442,720575940577263470,1,unknown,unknown,downstream
720575940613891442,720575940577262958,1,unknown,unknown,downstream
720575940613891442,720575940577256367,1,unknown,unknown,downstream
720575940613891442,720575940577168815,1,unknown,unknown,downstream
720575940613891442,720575940577123840,1,unknown,unknown,downstream
720575940613891442,720575940577107279,1,unknown,unknown,downstream
720575940613891442,720575940550241335,1,unknown,unknown,downstream
720575940613891442,720575940550218646,1,unknown,unknown,downstream
720575940613891442,720575940550208823,1,unknown,unknown,downstream
720575940613891442,720575940511167116,1,unknown,unknown,downstream
720575940613891442,720575940513030158,1,unknown,unknown,downstream
720575940613891442,720575940512947477,1,unknown,unknown,downstream
720575940613891442,720575940512783856,1,unknown,unknown,downstream
720575940613891442,720575940512774128,1,unknown,unknown,downstream
720575940613891442,720575940512692976,1,unknown,unknown,downstream
720575940613891442,720575940512669279,1,unknown,unknown,downstream
720575940613891442,720575940512644198,1,unknown,unknown,downstream
720575940613891442,720575940512614656,1,unknown,unknown,downstream
720575940613891442,720575940512610048,1,unknown,unknown,downstream
720575940613891442,720575940512566272,1,unknown,unknown,downstream
720575940613891442,720575940512313426,1,unknown,unknown,downstream
720575940613891442,720575940512271455,1,unknown,unknown,downstream
720575940613891442,720575940512267615,1,unknown,unknown,downstream
720575940613891442,720575940512259167,1,unknown,unknown,downstream
720575940613891442,720575940512256095,1,unknown,unknown,downstream
720575940613891442,720575940512254724,1,unknown,unknown,downstream
720575940613891442,720575940512002475,1,unknown,unknown,downstream
720575940613891442,720575940511730680,1,unknown,unknown,downstream
720575940613891442,720575940511580571,1,unknown,unknown,downstream
720575940613891442,720575940511578267,1,unknown,unknown,downstream
720575940613891442,720575940511179404,1,unknown,unknown,downstream
720575940613891442,720575940513041678,1,unknown,unknown,downstream
720575940613891442,720575940513042702,1,unknown,unknown,downstream
720575940613891442,720575940513061667,1,unknown,unknown,downstream
720575940613891442,720575940514176796,1,unknown,unknown,downstream
720575940613891442,720575940514442680,1,unknown,unknown,downstream
720575940613891442,720575940514245368,1,unknown,unknown,downstream
720575940613891442,720575940514242552,1,unknown,unknown,downstream
720575940613891442,720575940514213880,1,unknown,unknown,downstream
720575940613891442,720575940514203640,1,unknown,unknown,downstream
720575940613891442,720575940514203384,1,unknown,unknown,downstream
720575940613891442,720575940514202872,1,unknown,unknown,downstream
720575940613891442,720575940514201336,1,unknown,unknown,downstream
720575940613891442,720575940514186744,1,unknown,unknown,downstream
720575940613891442,720575940514159608,1,unknown,unknown,downstream
720575940613891442,720575940513066275,1,unknown,unknown,downstream
720575940613891442,720575940514066575,1,unknown,unknown,downstream
720575940613891442,720575940513619847,1,unknown,unknown,downstream
720575940613891442,720575940513598599,1,unknown,unknown,downstream
720575940613891442,720575940513548679,1,unknown,unknown,downstream
720575940613891442,720575940513470452,1,unknown,unknown,downstream
720575940613891442,720575940513087011,1,unknown,unknown,downstream
720575940613891442,720575940513077027,1,unknown,unknown,downstream
720575940613891442,720575940513073955,1,unknown,unknown,downstream
720575940613891442,720575940513069859,1,unknown,unknown,downstream
720575940613891442,720575940511174028,1,unknown,unknown,downstream
720575940613891442,720575940510983016,1,unknown,unknown,downstream
720575940613891442,720575940514453432,1,unknown,unknown,downstream
720575940613891442,720575940510949087,1,unknown,unknown,downstream
720575940613891442,720575940509744775,1,unknown,unknown,downstream
720575940613891442,720575940509736071,1,unknown,unknown,downstream
720575940613891442,720575940509637511,1,unknown,unknown,downstream
720575940613891442,720575940509633415,1,unknown,unknown,downstream
720575940613891442,720575940509588232,1,unknown,unknown,downstream
720575940613891442,720575940509563400,1,unknown,unknown,downstream
720575940613891442,720575940509222942,1,unknown,unknown,downstream
720575940613891442,720575940508926510,1,unknown,unknown,downstream
720575940613891442,720575940508685435,1,unknown,unknown,downstream
720575940613891442,720575940508229392,1,unknown,unknown,downstream
720575940613891442,720575940508169711,1,unknown,unknown,downstream
720575940613891442,720575940507996143,1,unknown,unknown,downstream
720575940613891442,720575940507988719,1,unknown,unknown,downstream
720575940613891442,720575940507987951,1,unknown,unknown,downstream
720575940613891442,720575940507978479,1,unknown,unknown,downstream
720575940613891442,720575940507867777,1,unknown,unknown,downstream
720575940613891442,720575940507813505,1,unknown,unknown,downstream
720575940613891442,720575940507726448,1,unknown,unknown,downstream
720575940613891442,720575940507486297,1,unknown,unknown,downstream
720575940613891442,720575940507484761,1,unknown,unknown,downstream
720575940613891442,720575940507481945,1,unknown,unknown,downstream
720575940613891442,720575940509746055,1,unknown,unknown,downstream
720575940613891442,720575940509747046,1,unknown,unknown,downstream
720575940613891442,720575940509759078,1,unknown,unknown,downstream
720575940613891442,720575940510523968,1,unknown,unknown,downstream
720575940613891442,720575940510910774,1,unknown,unknown,downstream
720575940613891442,720575940510791978,1,unknown,unknown,downstream
720575940613891442,720575940510773546,1,unknown,unknown,downstream
720575940613891442,720575940510759466,1,unknown,unknown,downstream
720575940613891442,720575940510749482,1,unknown,unknown,downstream
720575940613891442,720575940510742058,1,unknown,unknown,downstream
720575940613891442,720575940510721445,1,unknown,unknown,downstream
720575940613891442,720575940510689578,1,unknown,unknown,downstream
720575940613891442,720575940510683946,1,unknown,unknown,downstream
720575940613891442,720575940510367555,1,unknown,unknown,downstream
720575940613891442,720575940509764198,1,unknown,unknown,downstream
720575940613891442,720575940510331368,1,unknown,unknown,downstream
720575940613891442,720575940510328296,1,unknown,unknown,downstream
720575940613891442,720575940510286357,1,unknown,unknown,downstream
720575940613891442,720575940510275245,1,unknown,unknown,downstream
720575940613891442,720575940510273965,1,unknown,unknown,downstream
720575940613891442,720575940510226259,1,unknown,unknown,downstream
720575940613891442,720575940510207315,1,unknown,unknown,downstream
720575940613891442,720575940510082325,1,unknown,unknown,downstream
720575940613891442,720575940509936897,1,unknown,unknown,downstream
720575940613891442,720575940514444728,1,unknown,unknown,downstream
720575940613891442,720575940514663131,1,unknown,unknown,downstream
720575940613891442,720575940507435799,1,unknown,unknown,downstream
720575940613891442,720575940519495563,1,unknown,unknown,downstream
720575940613891442,720575940520774008,1,unknown,unknown,downstream
720575940613891442,720575940520765395,1,unknown,unknown,downstream
720575940613891442,720575940520759507,1,unknown,unknown,downstream
720575940613891442,720575940520632366,1,unknown,unknown,downstream
720575940613891442,720575940520523632,1,unknown,unknown,downstream
720575940613891442,720575940520507248,1,unknown,unknown,downstream
720575940613891442,720575940520506736,1,unknown,unknown,downstream
720575940613891442,720575940520438630,1,unknown,unknown,downstream
720575940613891442,720575940520342384,1,unknown,unknown,downstream
720575940613891442,720575940520237809,1,unknown,unknown,downstream
720575940613891442,720575940520135493,1,unknown,unknown,downstream
720575940613891442,720575940520128325,1,unknown,unknown,downstream
720575940613891442,720575940520126277,1,unknown,unknown,downstream
720575940613891442,720575940520087396,1,unknown,unknown,downstream
720575940613891442,720575940520070469,1,unknown,unknown,downstream
720575940613891442,720575940520043364,1,unknown,unknown,downstream
720575940613891442,720575940519659165,1,unknown,unknown,downstream
720575940613891442,720575940519648925,1,unknown,unknown,downstream
720575940613891442,720575940519638173,1,unknown,unknown,downstream
720575940613891442,720575940519527224,1,unknown,unknown,downstream
720575940613891442,720575940519512715,1,unknown,unknown,downstream
720575940613891442,720575940520774099,1,unknown,unknown,downstream
720575940613891442,720575940520788435,1,unknown,unknown,downstream
720575940613891442,720575940520879272,1,unknown,unknown,downstream
720575940613891442,720575940521876594,1,unknown,unknown,downstream
720575940613891442,720575940522884578,1,unknown,unknown,downstream
720575940613891442,720575940522738882,1,unknown,unknown,downstream
720575940613891442,720575940522734530,1,unknown,unknown,downstream
720575940613891442,720575940522674058,1,unknown,unknown,downstream
720575940613891442,720575940522578114,1,unknown,unknown,downstream
720575940613891442,720575940522460298,1,unknown,unknown,downstream
720575940613891442,720575940521970208,1,unknown,unknown,downstream
720575940613891442,720575940521964104,1,unknown,unknown,downstream
720575940613891442,720575940521962016,1,unknown,unknown,downstream
720575940613891442,720575940521771668,1,unknown,unknown,downstream
720575940613891442,720575940521059312,1,unknown,unknown,downstream
720575940613891442,720575940521756820,1,unknown,unknown,downstream
720575940613891442,720575940521751700,1,unknown,unknown,downstream
720575940613891442,720575940521332350,1,unknown,unknown,downstream
720575940613891442,720575940521323646,1,unknown,unknown,downstream
720575940613891442,720575940521285246,1,unknown,unknown,downstream
720575940613891442,720575940521281662,1,unknown,unknown,downstream
720575940613891442,720575940521185520,1,unknown,unknown,downstream
720575940613891442,720575940521114608,1,unknown,unknown,downstream
720575940613891442,720575940521113584,1,unknown,unknown,downstream
720575940613891442,720575940519512203,1,unknown,unknown,downstream
720575940613891442,720575940519494027,1,unknown,unknown,downstream
720575940613891442,720575940514676443,1,unknown,unknown,downstream
720575940613891442,720575940519492235,1,unknown,unknown,downstream
720575940613891442,720575940516184114,1,unknown,unknown,downstream
720575940613891442,720575940516034201,1,unknown,unknown,downstream
720575940613891442,720575940516019768,1,unknown,unknown,downstream
720575940613891442,720575940515944460,1,unknown,unknown,downstream
720575940613891442,720575940515891865,1,unknown,unknown,downstream
720575940613891442,720575940515889817,1,unknown,unknown,downstream
720575940613891442,720575940515571990,1,unknown,unknown,downstream
720575940613891442,720575940515558934,1,unknown,unknown,downstream
720575940613891442,720575940515508367,1,unknown,unknown,downstream
720575940613891442,720575940515490326,1,unknown,unknown,downstream
720575940613891442,720575940515449231,1,unknown,unknown,downstream
720575940613891442,720575940515445391,1,unknown,unknown,downstream
720575940613891442,720575940515436175,1,unknown,unknown,downstream
720575940613891442,720575940515385411,1,unknown,unknown,downstream
720575940613891442,720575940515066752,1,unknown,unknown,downstream
720575940613891442,720575940514913399,1,unknown,unknown,downstream
720575940613891442,720575940514909568,1,unknown,unknown,downstream
720575940613891442,720575940514826653,1,unknown,unknown,downstream
720575940613891442,720575940514705115,1,unknown,unknown,downstream
720575940613891442,720575940514702811,1,unknown,unknown,downstream
720575940613891442,720575940514701787,1,unknown,unknown,downstream
720575940613891442,720575940516225074,1,unknown,unknown,downstream
720575940613891442,720575940516949603,1,unknown,unknown,downstream
720575940613891442,720575940517310865,1,unknown,unknown,downstream
720575940613891442,720575940518792653,1,unknown,unknown,downstream
720575940613891442,720575940519477899,1,unknown,unknown,downstream
720575940613891442,720575940518925166,1,unknown,unknown,downstream
720575940613891442,720575940518921838,1,unknown,unknown,downstream
720575940613891442,720575940518921070,1,unknown,unknown,downstream
720575940613891442,720575940518819021,1,unknown,unknown,downstream
720575940613891442,720575940518817741,1,unknown,unknown,downstream
720575940613891442,720575940518802637,1,unknown,unknown,downstream
720575940613891442,720575940518795981,1,unknown,unknown,downstream
720575940613891442,720575940518793165,1,unknown,unknown,downstream
720575940613891442,720575940518785756,1,unknown,unknown,downstream
720575940613891442,720575940517317009,1,unknown,unknown,downstream
720575940613891442,720575940518764493,1,unknown,unknown,downstream
720575940613891442,720575940518567903,1,unknown,unknown,downstream
720575940613891442,720575940518563295,1,unknown,unknown,downstream
720575940613891442,720575940518542303,1,unknown,unknown,downstream
720575940613891442,720575940518530527,1,unknown,unknown,downstream
720575940613891442,720575940518477939,1,unknown,unknown,downstream
720575940613891442,720575940518196358,1,unknown,unknown,downstream
720575940613891442,720575940517650918,1,unknown,unknown,downstream
720575940613891442,720575940517628390,1,unknown,unknown,downstream
720575940613891442,720575940507466775,1,unknown,unknown,downstream
720575940613891442,720575940507422231,1,unknown,unknown,downstream
720575940613891442,720575940550193207,1,unknown,unknown,downstream
720575940613891442,720575940498205887,1,unknown,unknown,downstream
720575940613891442,720575940499134205,1,unknown,unknown,downstream
720575940613891442,720575940499126013,1,unknown,unknown,downstream
720575940613891442,720575940499039458,1,unknown,unknown,downstream
720575940613891442,720575940499003325,1,unknown,unknown,downstream
720575940613891442,720575940498789468,1,unknown,unknown,downstream
720575940613891442,720575940498757468,1,unknown,unknown,downstream
720575940613891442,720575940498722695,1,unknown,unknown,downstream
720575940613891442,720575940498718343,1,unknown,unknown,downstream
720575940613891442,720575940498657436,1,unknown,unknown,downstream
720575940613891442,720575940498640519,1,unknown,unknown,downstream
720575940613891442,720575940498631836,1,unknown,unknown,downstream
720575940613891442,720575940498622953,1,unknown,unknown,downstream
720575940613891442,720575940498607516,1,unknown,unknown,downstream
720575940613891442,720575940498592231,1,unknown,unknown,downstream
720575940613891442,720575940498588647,1,unknown,unknown,downstream
720575940613891442,720575940498588135,1,unknown,unknown,downstream
720575940613891442,720575940498586087,1,unknown,unknown,downstream
720575940613891442,720575940498581479,1,unknown,unknown,downstream
720575940613891442,720575940498570727,1,unknown,unknown,downstream
720575940613891442,720575940498542498,1,unknown,unknown,downstream
720575940613891442,720575940498542242,1,unknown,unknown,downstream
720575940613891442,720575940499223442,1,unknown,unknown,downstream
720575940613891442,720575940499230866,1,unknown,unknown,downstream
720575940613891442,720575940499237010,1,unknown,unknown,downstream
720575940613891442,720575940500141927,1,unknown,unknown,downstream
720575940613891442,720575940500627394,1,unknown,unknown,downstream
720575940613891442,720575940500617030,1,unknown,unknown,downstream
720575940613891442,720575940500591298,1,unknown,unknown,downstream
720575940613891442,720575940500513474,1,unknown,unknown,downstream
720575940613891442,720575940500457161,1,unknown,unknown,downstream
720575940613891442,720575940500400447,1,unknown,unknown,downstream
720575940613891442,720575940500383628,1,unknown,unknown,downstream
720575940613891442,720575940500382071,1,unknown,unknown,downstream
720575940613891442,720575940500161742,1,unknown,unknown,downstream
720575940613891442,720575940500113246,1,unknown,unknown,downstream
720575940613891442,720575940499393855,1,unknown,unknown,downstream
720575940613891442,720575940500111975,1,unknown,unknown,downstream
720575940613891442,720575940500108903,1,unknown,unknown,downstream
720575940613891442,720575940500107111,1,unknown,unknown,downstream
720575940613891442,720575940500103374,1,unknown,unknown,downstream
720575940613891442,720575940500059239,1,unknown,unknown,downstream
720575940613891442,720575940500057447,1,unknown,unknown,downstream
720575940613891442,720575940499927296,1,unknown,unknown,downstream
720575940613891442,720575940499480895,1,unknown,unknown,downstream
720575940613891442,720575940499468726,1,unknown,unknown,downstream
720575940613891442,720575940498371798,1,unknown,unknown,downstream
720575940613891442,720575940498197439,1,unknown,unknown,downstream
720575940613891442,720575940500736810,1,unknown,unknown,downstream
720575940613891442,720575940498146239,1,unknown,unknown,downstream
720575940613891442,720575940495995031,1,unknown,unknown,downstream
720575940613891442,720575940495973534,1,unknown,unknown,downstream
720575940613891442,720575940495904158,1,unknown,unknown,downstream
720575940613891442,720575940495791785,1,unknown,unknown,downstream
720575940613891442,720575940495786153,1,unknown,unknown,downstream
720575940613891442,720575940495767654,1,unknown,unknown,downstream
720575940613891442,720575940495763046,1,unknown,unknown,downstream
720575940613891442,720575940495750758,1,unknown,unknown,downstream
720575940613891442,720575940495712870,1,unknown,unknown,downstream
720575940613891442,720575940495696998,1,unknown,unknown,downstream
720575940613891442,720575940495694950,1,unknown,unknown,downstream
720575940613891442,720575940495682918,1,unknown,unknown,downstream
720575940613891442,720575940495627796,1,unknown,unknown,downstream
720575940613891442,720575940495519441,1,unknown,unknown,downstream
720575940613891442,720575940495512529,1,unknown,unknown,downstream
720575940613891442,720575940495506641,1,unknown,unknown,downstream
720575940613891442,720575940495369022,1,unknown,unknown,downstream
720575940613891442,720575940495329854,1,unknown,unknown,downstream
720575940613891442,720575940495116986,1,unknown,unknown,downstream
720575940613891442,720575940495112890,1,unknown,unknown,downstream
720575940613891442,720575940495107707,1,unknown,unknown,downstream
720575940613891442,720575940496017303,1,unknown,unknown,downstream
720575940613891442,720575940496191404,1,unknown,unknown,downstream
720575940613891442,720575940496208730,1,unknown,unknown,downstream
720575940613891442,720575940497489222,1,unknown,unknown,downstream
720575940613891442,720575940498098879,1,unknown,unknown,downstream
720575940613891442,720575940497998783,1,unknown,unknown,downstream
720575940613891442,720575940497915031,1,unknown,unknown,downstream
720575940613891442,720575940497910632,1,unknown,unknown,downstream
720575940613891442,720575940497907095,1,unknown,unknown,downstream
720575940613891442,720575940497880277,1,unknown,unknown,downstream
720575940613891442,720575940497858152,1,unknown,unknown,downstream
720575940613891442,720575940497838487,1,unknown,unknown,downstream
720575940613891442,720575940497737034,1,unknown,unknown,downstream
720575940613891442,720575940497413957,1,unknown,unknown,downstream
720575940613891442,720575940496219226,1,unknown,unknown,downstream
720575940613891442,720575940497380165,1,unknown,unknown,downstream
720575940613891442,720575940497306407,1,unknown,unknown,downstream
720575940613891442,720575940497227577,1,unknown,unknown,downstream
720575940613891442,720575940497080362,1,unknown,unknown,downstream
720575940613891442,720575940496409458,1,unknown,unknown,downstream
720575940613891442,720575940496340682,1,unknown,unknown,downstream
720575940613891442,720575940496278002,1,unknown,unknown,downstream
720575940613891442,720575940496230572,1,unknown,unknown,downstream
720575940613891442,720575940496223834,1,unknown,unknown,downstream
720575940613891442,720575940500732824,1,unknown,unknown,downstream
720575940613891442,720575940500786748,1,unknown,unknown,downstream
720575940613891442,720575940507415851,1,unknown,unknown,downstream
720575940613891442,720575940504062580,1,unknown,unknown,downstream
720575940613891442,720575940505230886,1,unknown,unknown,downstream
720575940613891442,720575940505210700,1,unknown,unknown,downstream
720575940613891442,720575940505210662,1,unknown,unknown,downstream
720575940613891442,720575940505206604,1,unknown,unknown,downstream
720575940613891442,720575940505166625,1,unknown,unknown,downstream
720575940613891442,720575940505158433,1,unknown,unknown,downstream
720575940613891442,720575940505157921,1,unknown,unknown,downstream
720575940613891442,720575940505150753,1,unknown,unknown,downstream
720575940613891442,720575940504785486,1,unknown,unknown,downstream
720575940613891442,720575940504660482,1,unknown,unknown,downstream
720575940613891442,720575940504606466,1,unknown,unknown,downstream
720575940613891442,720575940504574978,1,unknown,unknown,downstream
720575940613891442,720575940504530946,1,unknown,unknown,downstream
720575940613891442,720575940504518658,1,unknown,unknown,downstream
720575940613891442,720575940504390206,1,unknown,unknown,downstream
720575940613891442,720575940504384574,1,unknown,unknown,downstream
720575940613891442,720575940504382782,1,unknown,unknown,downstream
720575940613891442,720575940504377150,1,unknown,unknown,downstream
720575940613891442,720575940504363838,1,unknown,unknown,downstream
720575940613891442,720575940504355279,1,unknown,unknown,downstream
720575940613891442,720575940504249390,1,unknown,unknown,downstream
720575940613891442,720575940505255206,1,unknown,unknown,downstream
720575940613891442,720575940505297963,1,unknown,unknown,downstream
720575940613891442,720575940505391818,1,unknown,unknown,downstream
720575940613891442,720575940506545314,1,unknown,unknown,downstream
720575940613891442,720575940507407639,1,unknown,unknown,downstream
720575940613891442,720575940507406891,1,unknown,unknown,downstream
720575940613891442,720575940507369522,1,unknown,unknown,downstream
720575940613891442,720575940507359019,1,unknown,unknown,downstream
720575940613891442,720575940507091117,1,unknown,unknown,downstream
720575940613891442,720575940507090349,1,unknown,unknown,downstream
720575940613891442,720575940506958425,1,unknown,unknown,downstream
720575940613891442,720575940506674601,1,unknown,unknown,downstream
720575940613891442,720575940506551458,1,unknown,unknown,downstream
720575940613891442,720575940506540194,1,unknown,unknown,downstream
720575940613891442,720575940505403594,1,unknown,unknown,downstream
720575940613891442,720575940506535074,1,unknown,unknown,downstream
720575940613891442,720575940506512802,1,unknown,unknown,downstream
720575940613891442,720575940506031673,1,unknown,unknown,downstream
720575940613891442,720575940505968074,1,unknown,unknown,downstream
720575940613891442,720575940505901217,1,unknown,unknown,downstream
720575940613891442,720575940505880737,1,unknown,unknown,downstream
720575940613891442,720575940505473711,1,unknown,unknown,downstream
720575940613891442,720575940505465349,1,unknown,unknown,downstream
720575940613891442,720575940505460741,1,unknown,unknown,downstream
720575940613891442,720575940504128990,1,unknown,unknown,downstream
720575940613891442,720575940504021816,1,unknown,unknown,downstream
720575940613891442,720575940500832408,1,unknown,unknown,downstream
720575940613891442,720575940503949731,1,unknown,unknown,downstream
720575940613891442,720575940502000296,1,unknown,unknown,downstream
720575940613891442,720575940502000040,1,unknown,unknown,downstream
720575940613891442,720575940501992360,1,unknown,unknown,downstream
720575940613891442,720575940501969328,1,unknown,unknown,downstream
720575940613891442,720575940501428083,1,unknown,unknown,downstream
720575940613891442,720575940501398643,1,unknown,unknown,downstream
720575940613891442,720575940501385575,1,unknown,unknown,downstream
720575940613891442,720575940501379088,1,unknown,unknown,downstream
720575940613891442,720575940501377127,1,unknown,unknown,downstream
720575940613891442,720575940501371495,1,unknown,unknown,downstream
720575940613891442,720575940501206286,1,unknown,unknown,downstream
720575940613891442,720575940501206030,1,unknown,unknown,downstream
720575940613891442,720575940501028262,1,unknown,unknown,downstream
720575940613891442,720575940501022374,1,unknown,unknown,downstream
720575940613891442,720575940501019814,1,unknown,unknown,downstream
720575940613891442,720575940501013670,1,unknown,unknown,downstream
720575940613891442,720575940501004106,1,unknown,unknown,downstream
720575940613891442,720575940501003594,1,unknown,unknown,downstream
720575940613891442,720575940500942910,1,unknown,unknown,downstream
720575940613891442,720575940500847768,1,unknown,unknown,downstream
720575940613891442,720575940500837784,1,unknown,unknown,downstream
720575940613891442,720575940502415237,1,unknown,unknown,downstream
720575940613891442,720575940502435840,1,unknown,unknown,downstream
720575940613891442,720575940502502656,1,unknown,unknown,downstream
720575940613891442,720575940503240527,1,unknown,unknown,downstream
720575940613891442,720575940503934627,1,unknown,unknown,downstream
720575940613891442,720575940503849624,1,unknown,unknown,downstream
720575940613891442,720575940503835288,1,unknown,unknown,downstream
720575940613891442,720575940503788740,1,unknown,unknown,downstream
720575940613891442,720575940503741080,1,unknown,unknown,downstream
720575940613891442,720575940503727300,1,unknown,unknown,downstream
720575940613891442,720575940503383680,1,unknown,unknown,downstream
720575940613891442,720575940503378816,1,unknown,unknown,downstream
720575940613891442,720575940503356524,1,unknown,unknown,downstream
720575940613891442,720575940503239759,1,unknown,unknown,downstream
720575940613891442,720575940502511616,1,unknown,unknown,downstream
720575940613891442,720575940503001817,1,unknown,unknown,downstream
720575940613891442,720575940502958809,1,unknown,unknown,downstream
720575940613891442,720575940502837469,1,unknown,unknown,downstream
720575940613891442,720575940502824157,1,unknown,unknown,downstream
720575940613891442,720575940502823901,1,unknown,unknown,downstream
720575940613891442,720575940502795225,1,unknown,unknown,downstream
720575940613891442,720575940502794457,1,unknown,unknown,downstream
720575940613891442,720575940502735834,1,unknown,unknown,downstream
720575940613891442,720575940502516736,1,unknown,unknown,downstream
720575940613891442,720575940523200737,1,unknown,unknown,downstream
720575940613891442,720575940523685348,1,unknown,unknown,downstream
720575940613891442,720575940523789053,1,unknown,unknown,downstream
720575940613891442,720575940540297064,1,unknown,unknown,downstream
720575940613891442,720575940541555159,1,unknown,unknown,downstream
720575940613891442,720575940541538263,1,unknown,unknown,downstream
720575940613891442,720575940541515552,1,unknown,unknown,downstream
720575940613891442,720575940541506848,1,unknown,unknown,downstream
720575940613891442,720575940541490208,1,unknown,unknown,downstream
720575940613891442,720575940541448828,1,unknown,unknown,downstream
720575940613891442,720575940541440380,1,unknown,unknown,downstream
720575940613891442,720575940541245564,1,unknown,unknown,downstream
720575940613891442,720575940541219145,1,unknown,unknown,downstream
720575940613891442,720575940541207556,1,unknown,unknown,downstream
720575940613891442,720575940541193033,1,unknown,unknown,downstream
720575940613891442,720575940541172897,1,unknown,unknown,downstream
720575940613891442,720575940541090209,1,unknown,unknown,downstream
720575940613891442,720575940540887201,1,unknown,unknown,downstream
720575940613891442,720575940540866977,1,unknown,unknown,downstream
720575940613891442,720575940540819172,1,unknown,unknown,downstream
720575940613891442,720575940540791268,1,unknown,unknown,downstream
720575940613891442,720575940540557236,1,unknown,unknown,downstream
720575940613891442,720575940540552372,1,unknown,unknown,downstream
720575940613891442,720575940540550324,1,unknown,unknown,downstream
720575940613891442,720575940540527838,1,unknown,unknown,downstream
720575940613891442,720575940541557399,1,unknown,unknown,downstream
720575940613891442,720575940541814238,1,unknown,unknown,downstream
720575940613891442,720575940541825758,1,unknown,unknown,downstream
720575940613891442,720575940542324112,1,unknown,unknown,downstream
720575940613891442,720575940542675843,1,unknown,unknown,downstream
720575940613891442,720575940542621848,1,unknown,unknown,downstream
720575940613891442,720575940542604696,1,unknown,unknown,downstream
720575940613891442,720575940542602904,1,unknown,unknown,downstream
720575940613891442,720575940542567568,1,unknown,unknown,downstream
720575940613891442,720575940542566800,1,unknown,unknown,downstream
720575940613891442,720575940542562704,1,unknown,unknown,downstream
720575940613891442,720575940542367107,1,unknown,unknown,downstream
720575940613891442,720575940542357517,1,unknown,unknown,downstream
720575940613891442,720575940542316432,1,unknown,unknown,downstream
720575940613891442,720575940541982859,1,unknown,unknown,downstream
720575940613891442,720575940542313360,1,unknown,unknown,downstream
720575940613891442,720575940542261401,1,unknown,unknown,downstream
720575940613891442,720575940542158517,1,unknown,unknown,downstream
720575940613891442,720575940542151861,1,unknown,unknown,downstream
720575940613891442,720575940542073758,1,unknown,unknown,downstream
720575940613891442,720575940542058421,1,unknown,unknown,downstream
720575940613891442,720575940542043787,1,unknown,unknown,downstream
720575940613891442,720575940542024885,1,unknown,unknown,downstream
720575940613891442,720575940541999755,1,unknown,unknown,downstream
720575940613891442,720575940540307304,1,unknown,unknown,downstream
720575940613891442,720575940540276584,1,unknown,unknown,downstream
720575940613891442,720575940542749383,1,unknown,unknown,downstream
720575940613891442,720575940540033079,1,unknown,unknown,downstream
720575940613891442,720575940538905806,1,unknown,unknown,downstream
720575940613891442,720575940538785314,1,unknown,unknown,downstream
720575940613891442,720575940538785058,1,unknown,unknown,downstream
720575940613891442,720575940538781218,1,unknown,unknown,downstream
720575940613891442,720575940538746914,1,unknown,unknown,downstream
720575940613891442,720575940538526545,1,unknown,unknown,downstream
720575940613891442,720575940538525521,1,unknown,unknown,downstream
720575940613891442,720575940538472644,1,unknown,unknown,downstream
720575940613891442,720575940538461380,1,unknown,unknown,downstream
720575940613891442,720575940538358544,1,unknown,unknown,downstream
720575940613891442,720575940538354704,1,unknown,unknown,downstream
720575940613891442,720575940538341648,1,unknown,unknown,downstream
720575940613891442,720575940538320400,1,unknown,unknown,downstream
720575940613891442,720575940538156326,1,unknown,unknown,downstream
720575940613891442,720575940538079575,1,unknown,unknown,downstream
720575940613891442,720575940538073943,1,unknown,unknown,downstream
720575940613891442,720575940537842285,1,unknown,unknown,downstream
720575940613891442,720575940537828973,1,unknown,unknown,downstream
720575940613891442,720575940537248098,1,unknown,unknown,downstream
720575940613891442,720575940536983619,1,unknown,unknown,downstream
720575940613891442,720575940536980748,1,unknown,unknown,downstream
720575940613891442,720575940539040674,1,unknown,unknown,downstream
720575940613891442,720575940539046306,1,unknown,unknown,downstream
720575940613891442,720575940539046818,1,unknown,unknown,downstream
720575940613891442,720575940539297944,1,unknown,unknown,downstream
720575940613891442,720575940539942255,1,unknown,unknown,downstream
720575940613891442,720575940539789113,1,unknown,unknown,downstream
720575940613891442,720575940539787577,1,unknown,unknown,downstream
720575940613891442,720575940539720249,1,unknown,unknown,downstream
720575940613891442,720575940539571071,1,unknown,unknown,downstream
720575940613891442,720575940539555967,1,unknown,unknown,downstream
720575940613891442,720575940539514495,1,unknown,unknown,downstream
720575940613891442,720575940539513215,1,unknown,unknown,downstream
720575940613891442,720575940539344024,1,unknown,unknown,downstream
720575940613891442,720575940539297688,1,unknown,unknown,downstream
720575940613891442,720575940539060898,1,unknown,unknown,downstream
720575940613891442,720575940539273880,1,unknown,unknown,downstream
720575940613891442,720575940539175296,1,unknown,unknown,downstream
720575940613891442,720575940539126848,1,unknown,unknown,downstream
720575940613891442,720575940539109099,1,unknown,unknown,downstream
720575940613891442,720575940539076480,1,unknown,unknown,downstream
720575940613891442,720575940539074432,1,unknown,unknown,downstream
720575940613891442,720575940539067264,1,unknown,unknown,downstream
720575940613891442,720575940539067042,1,unknown,unknown,downstream
720575940613891442,720575940539066240,1,unknown,unknown,downstream
720575940613891442,720575940542702723,1,unknown,unknown,downstream
720575940613891442,720575940542844268,1,unknown,unknown,downstream
720575940613891442,720575940523821565,1,unknown,unknown,downstream
720575940613891442,720575940547007675,1,unknown,unknown,downstream
720575940613891442,720575940548198556,1,unknown,unknown,downstream
720575940613891442,720575940548159458,1,unknown,unknown,downstream
720575940613891442,720575940548158298,1,unknown,unknown,downstream
720575940613891442,720575940547957259,1,unknown,unknown,downstream
720575940613891442,720575940547870915,1,unknown,unknown,downstream
720575940613891442,720575940547869891,1,unknown,unknown,downstream
720575940613891442,720575940547624761,1,unknown,unknown,downstream
720575940613891442,720575940547623737,1,unknown,unknown,downstream
720575940613891442,720575940547574853,1,unknown,unknown,downstream
720575940613891442,720575940547362385,1,unknown,unknown,downstream
720575940613891442,720575940547320913,1,unknown,unknown,downstream
720575940613891442,720575940547263851,1,unknown,unknown,downstream
720575940613891442,720575940547229468,1,unknown,unknown,downstream
720575940613891442,720575940547207295,1,unknown,unknown,downstream
720575940613891442,720575940547184345,1,unknown,unknown,downstream
720575940613891442,720575940547180249,1,unknown,unknown,downstream
720575940613891442,720575940547160025,1,unknown,unknown,downstream
720575940613891442,720575940547157721,1,unknown,unknown,downstream
720575940613891442,720575940547127001,1,unknown,unknown,downstream
720575940613891442,720575940547061349,1,unknown,unknown,downstream
720575940613891442,720575940547033475,1,unknown,unknown,downstream
720575940613891442,720575940548208028,1,unknown,unknown,downstream
720575940613891442,720575940548342227,1,unknown,unknown,downstream
720575940613891442,720575940548426707,1,unknown,unknown,downstream
720575940613891442,720575940549720076,1,unknown,unknown,downstream
720575940613891442,720575940550127415,1,unknown,unknown,downstream
720575940613891442,720575940550123319,1,unknown,unknown,downstream
720575940613891442,720575940550116434,1,unknown,unknown,downstream
720575940613891442,720575940550085905,1,unknown,unknown,downstream
720575940613891442,720575940550076433,1,unknown,unknown,downstream
720575940613891442,720575940550059025,1,unknown,unknown,downstream
720575940613891442,720575940550023626,1,unknown,unknown,downstream
720575940613891442,720575940549722892,1,unknown,unknown,downstream
720575940613891442,720575940549720332,1,unknown,unknown,downstream
720575940613891442,720575940549684866,1,unknown,unknown,downstream
720575940613891442,720575940548433363,1,unknown,unknown,downstream
720575940613891442,720575940549676162,1,unknown,unknown,downstream
720575940613891442,720575940549441811,1,unknown,unknown,downstream
720575940613891442,720575940549385497,1,unknown,unknown,downstream
720575940613891442,720575940549372020,1,unknown,unknown,downstream
720575940613891442,720575940548975145,1,unknown,unknown,downstream
720575940613891442,720575940548969513,1,unknown,unknown,downstream
720575940613891442,720575940548967721,1,unknown,unknown,downstream
720575940613891442,720575940548929930,1,unknown,unknown,downstream
720575940613891442,720575940548453843,1,unknown,unknown,downstream
720575940613891442,720575940547014843,1,unknown,unknown,downstream
720575940613891442,720575940547006629,1,unknown,unknown,downstream
720575940613891442,720575940542873196,1,unknown,unknown,downstream
720575940613891442,720575940547006117,1,unknown,unknown,downstream
720575940613891442,720575940545144820,1,unknown,unknown,downstream
720575940613891442,720575940545139700,1,unknown,unknown,downstream
720575940613891442,720575940545123461,1,unknown,unknown,downstream
720575940613891442,720575940545018007,1,unknown,unknown,downstream
720575940613891442,720575940545002391,1,unknown,unknown,downstream
720575940613891442,720575940544617810,1,unknown,unknown,downstream
720575940613891442,720575940544486795,1,unknown,unknown,downstream
720575940613891442,720575940544236077,1,unknown,unknown,downstream
720575940613891442,720575940544201261,1,unknown,unknown,downstream
720575940613891442,720575940544072228,1,unknown,unknown,downstream
720575940613891442,720575940544034340,1,unknown,unknown,downstream
720575940613891442,720575940544033386,1,unknown,unknown,downstream
720575940613891442,720575940544027242,1,unknown,unknown,downstream
720575940613891442,720575940544023914,1,unknown,unknown,downstream
720575940613891442,720575940543969642,1,unknown,unknown,downstream
720575940613891442,720575940543703133,1,unknown,unknown,downstream
720575940613891442,720575940543544037,1,unknown,unknown,downstream
720575940613891442,720575940543535333,1,unknown,unknown,downstream
720575940613891442,720575940543275023,1,unknown,unknown,downstream
720575940613891442,720575940543261455,1,unknown,unknown,downstream
720575940613891442,720575940543244949,1,unknown,unknown,downstream
720575940613891442,720575940545148954,1,unknown,unknown,downstream
720575940613891442,720575940545154804,1,unknown,unknown,downstream
720575940613891442,720575940545159924,1,unknown,unknown,downstream
720575940613891442,720575940545595821,1,unknown,unknown,downstream
720575940613891442,720575940546989853,1,unknown,unknown,downstream
720575940613891442,720575940546973981,1,unknown,unknown,downstream
720575940613891442,720575940546969117,1,unknown,unknown,downstream
720575940613891442,720575940546950685,1,unknown,unknown,downstream
720575940613891442,720575940546909469,1,unknown,unknown,downstream
720575940613891442,720575940546891109,1,unknown,unknown,downstream
720575940613891442,720575940546233868,1,unknown,unknown,downstream
720575940613891442,720575940546046599,1,unknown,unknown,downstream
720575940613891442,720575940546031239,1,unknown,unknown,downstream
720575940613891442,720575940545525354,1,unknown,unknown,downstream
720575940613891442,720575940545170676,1,unknown,unknown,downstream
720575940613891442,720575940545513285,1,unknown,unknown,downstream
720575940613891442,720575940545463109,1,unknown,unknown,downstream
720575940613891442,720575940545202309,1,unknown,unknown,downstream
720575940613891442,720575940545199642,1,unknown,unknown,downstream
720575940613891442,720575940545194266,1,unknown,unknown,downstream
720575940613891442,720575940545186330,1,unknown,unknown,downstream
720575940613891442,720575940545178308,1,unknown,unknown,downstream
720575940613891442,720575940545175236,1,unknown,unknown,downstream
720575940613891442,720575940545174554,1,unknown,unknown,downstream
720575940613891442,720575940536979724,1,unknown,unknown,downstream
720575940613891442,720575940536889188,1,unknown,unknown,downstream
720575940613891442,720575940536823623,1,unknown,unknown,downstream
720575940613891442,720575940528335025,1,unknown,unknown,downstream
720575940613891442,720575940530103640,1,unknown,unknown,downstream
720575940613891442,720575940530089560,1,unknown,unknown,downstream
720575940613891442,720575940530045784,1,unknown,unknown,downstream
720575940613891442,720575940530032984,1,unknown,unknown,downstream
720575940613891442,720575940530002254,1,unknown,unknown,downstream
720575940613891442,720575940530001998,1,unknown,unknown,downstream
720575940613891442,720575940529958744,1,unknown,unknown,downstream
720575940613891442,720575940529885464,1,unknown,unknown,downstream
720575940613891442,720575940529872408,1,unknown,unknown,downstream
720575940613891442,720575940529850257,1,unknown,unknown,downstream
720575940613891442,720575940529768260,1,unknown,unknown,downstream
720575940613891442,720575940529758788,1,unknown,unknown,downstream
720575940613891442,720575940529709679,1,unknown,unknown,downstream
720575940613891442,720575940529706863,1,unknown,unknown,downstream
720575940613891442,720575940529702511,1,unknown,unknown,downstream
720575940613891442,720575940529399830,1,unknown,unknown,downstream
720575940613891442,720575940529380450,1,unknown,unknown,downstream
720575940613891442,720575940529313046,1,unknown,unknown,downstream
720575940613891442,720575940529294102,1,unknown,unknown,downstream
720575940613891442,720575940529161353,1,unknown,unknown,downstream
720575940613891442,720575940528868104,1,unknown,unknown,downstream
720575940613891442,720575940530176856,1,unknown,unknown,downstream
720575940613891442,720575940530177880,1,unknown,unknown,downstream
720575940613891442,720575940530181976,1,unknown,unknown,downstream
720575940613891442,720575940530725962,1,unknown,unknown,downstream
720575940613891442,720575940531028723,1,unknown,unknown,downstream
720575940613891442,720575940531025651,1,unknown,unknown,downstream
720575940613891442,720575940531010540,1,unknown,unknown,downstream
720575940613891442,720575940531008682,1,unknown,unknown,downstream
720575940613891442,720575940530986988,1,unknown,unknown,downstream
720575940613891442,720575940530974378,1,unknown,unknown,downstream
720575940613891442,720575940530951338,1,unknown,unknown,downstream
720575940613891442,720575940530941354,1,unknown,unknown,downstream
720575940613891442,720575940530786693,1,unknown,unknown,downstream
720575940613891442,720575940530725339,1,unknown,unknown,downstream
720575940613891442,720575940530182232,1,unknown,unknown,downstream
720575940613891442,720575940530697439,1,unknown,unknown,downstream
720575940613891442,720575940530680543,1,unknown,unknown,downstream
720575940613891442,720575940530673119,1,unknown,unknown,downstream
720575940613891442,720575940530671859,1,unknown,unknown,downstream
720575940613891442,720575940530669791,1,unknown,unknown,downstream
720575940613891442,720575940530665459,1,unknown,unknown,downstream
720575940613891442,720575940530644703,1,unknown,unknown,downstream
720575940613891442,720575940530404006,1,unknown,unknown,downstream
720575940613891442,720575940530190680,1,unknown,unknown,downstream
720575940613891442,720575940528425012,1,unknown,unknown,downstream
720575940613891442,720575940528184201,1,unknown,unknown,downstream
720575940613891442,720575940536721755,1,unknown,unknown,downstream
720575940613891442,720575940528171913,1,unknown,unknown,downstream
720575940613891442,720575940525566250,1,unknown,unknown,downstream
720575940613891442,720575940525487773,1,unknown,unknown,downstream
720575940613891442,720575940525407331,1,unknown,unknown,downstream
720575940613891442,720575940525391971,1,unknown,unknown,downstream
720575940613891442,720575940525281497,1,unknown,unknown,downstream
720575940613891442,720575940525280611,1,unknown,unknown,downstream
720575940613891442,720575940525279843,1,unknown,unknown,downstream
720575940613891442,720575940525277539,1,unknown,unknown,downstream
720575940613891442,720575940525269859,1,unknown,unknown,downstream
720575940613891442,720575940525255523,1,unknown,unknown,downstream
720575940613891442,720575940525221337,1,unknown,unknown,downstream
720575940613891442,720575940524804325,1,unknown,unknown,downstream
720575940613891442,720575940524756646,1,unknown,unknown,downstream
720575940613891442,720575940524473180,1,unknown,unknown,downstream
720575940613891442,720575940524464988,1,unknown,unknown,downstream
720575940613891442,720575940524449884,1,unknown,unknown,downstream
720575940613891442,720575940524435292,1,unknown,unknown,downstream
720575940613891442,720575940524424540,1,unknown,unknown,downstream
720575940613891442,720575940523851495,1,unknown,unknown,downstream
720575940613891442,720575940523835111,1,unknown,unknown,downstream
720575940613891442,720575940523826429,1,unknown,unknown,downstream
720575940613891442,720575940525609770,1,unknown,unknown,downstream
720575940613891442,720575940525765386,1,unknown,unknown,downstream
720575940613891442,720575940526118652,1,unknown,unknown,downstream
720575940613891442,720575940527219012,1,unknown,unknown,downstream
720575940613891442,720575940528169097,1,unknown,unknown,downstream
720575940613891442,720575940528167049,1,unknown,unknown,downstream
720575940613891442,720575940528148105,1,unknown,unknown,downstream
720575940613891442,720575940528073002,1,unknown,unknown,downstream
720575940613891442,720575940528064298,1,unknown,unknown,downstream
720575940613891442,720575940527667569,1,unknown,unknown,downstream
720575940613891442,720575940527321385,1,unknown,unknown,downstream
720575940613891442,720575940527296068,1,unknown,unknown,downstream
720575940613891442,720575940527273796,1,unknown,unknown,downstream
720575940613891442,720575940527210564,1,unknown,unknown,downstream
720575940613891442,720575940526193200,1,unknown,unknown,downstream
720575940613891442,720575940526917872,1,unknown,unknown,downstream
720575940613891442,720575940526791920,1,unknown,unknown,downstream
720575940613891442,720575940526722454,1,unknown,unknown,downstream
720575940613891442,720575940526718870,1,unknown,unknown,downstream
720575940613891442,720575940526667414,1,unknown,unknown,downstream
720575940613891442,720575940526511454,1,unknown,unknown,downstream
720575940613891442,720575940526507870,1,unknown,unknown,downstream
720575940613891442,720575940526499678,1,unknown,unknown,downstream
720575940613891442,720575940526216240,1,unknown,unknown,downstream
720575940613891442,720575940531039987,1,unknown,unknown,downstream
720575940613891442,720575940531187716,1,unknown,unknown,downstream
720575940613891442,720575940531490724,1,unknown,unknown,downstream
720575940613891442,720575940531507364,1,unknown,unknown,downstream
720575940613891442,720575940535050148,1,unknown,unknown,downstream
720575940613891442,720575940534964149,1,unknown,unknown,downstream
720575940613891442,720575940534909934,1,unknown,unknown,downstream
720575940613891442,720575940534887861,1,unknown,unknown,downstream
720575940613891442,720575940534863854,1,unknown,unknown,downstream
720575940613891442,720575940534860526,1,unknown,unknown,downstream
720575940613891442,720575940534854894,1,unknown,unknown,downstream
720575940613891442,720575940534805582,1,unknown,unknown,downstream
720575940613891442,720575940534784421,1,unknown,unknown,downstream
720575940613891442,720575940534707109,1,unknown,unknown,downstream
720575940613891442,720575940534701477,1,unknown,unknown,downstream
720575940613891442,720575940534472570,1,unknown,unknown,downstream
720575940613891442,720575940534471290,1,unknown,unknown,downstream
720575940613891442,720575940534461562,1,unknown,unknown,downstream
720575940613891442,720575940534452346,1,unknown,unknown,downstream
720575940613891442,720575940534410837,1,unknown,unknown,downstream
720575940613891442,720575940534359232,1,unknown,unknown,downstream
720575940613891442,720575940534346432,1,unknown,unknown,downstream
720575940613891442,720575940534343616,1,unknown,unknown,downstream
720575940613891442,720575940534298377,1,unknown,unknown,downstream
720575940613891442,720575940534285844,1,unknown,unknown,downstream
720575940613891442,720575940535129943,1,unknown,unknown,downstream
720575940613891442,720575940535148375,1,unknown,unknown,downstream
720575940613891442,720575940535242063,1,unknown,unknown,downstream
720575940613891442,720575940536289817,1,unknown,unknown,downstream
720575940613891442,720575940536672264,1,unknown,unknown,downstream
720575940613891442,720575940536521773,1,unknown,unknown,downstream
720575940613891442,720575940536404156,1,unknown,unknown,downstream
720575940613891442,720575940536324121,1,unknown,unknown,downstream
720575940613891442,720575940536317465,1,unknown,unknown,downstream
720575940613891442,720575940536315417,1,unknown,unknown,downstream
720575940613891442,720575940536296217,1,unknown,unknown,downstream
720575940613891442,720575940536295961,1,unknown,unknown,downstream
720575940613891442,720575940536291865,1,unknown,unknown,downstream
720575940613891442,720575940536288281,1,unknown,unknown,downstream
720575940613891442,720575940535261263,1,unknown,unknown,downstream
720575940613891442,720575940535902206,1,unknown,unknown,downstream
720575940613891442,720575940535661567,1,unknown,unknown,downstream
720575940613891442,720575940535631359,1,unknown,unknown,downstream
720575940613891442,720575940535628799,1,unknown,unknown,downstream
720575940613891442,720575940535610111,1,unknown,unknown,downstream
720575940613891442,720575940535586047,1,unknown,unknown,downstream
720575940613891442,720575940535581232,1,unknown,unknown,downstream
720575940613891442,720575940535532848,1,unknown,unknown,downstream
720575940613891442,720575940535459536,1,unknown,unknown,downstream
720575940613891442,720575940533684393,1,unknown,unknown,downstream
720575940613891442,720575940533617577,1,unknown,unknown,downstream
720575940613891442,720575940533604405,1,unknown,unknown,downstream
720575940613891442,720575940532130173,1,unknown,unknown,downstream
720575940613891442,720575940532824162,1,unknown,unknown,downstream
720575940613891442,720575940532815970,1,unknown,unknown,downstream
720575940613891442,720575940532790428,1,unknown,unknown,downstream
720575940613891442,720575940532787298,1,unknown,unknown,downstream
720575940613891442,720575940532302279,1,unknown,unknown,downstream
720575940613891442,720575940532229319,1,unknown,unknown,downstream
720575940613891442,720575940532227271,1,unknown,unknown,downstream
720575940613891442,720575940532225479,1,unknown,unknown,downstream
720575940613891442,720575940532222151,1,unknown,unknown,downstream
720575940613891442,720575940532128893,1,unknown,unknown,downstream
720575940613891442,720575940532831074,1,unknown,unknown,downstream
720575940613891442,720575940531959795,1,unknown,unknown,downstream
720575940613891442,720575940531955955,1,unknown,unknown,downstream
720575940613891442,720575940531921907,1,unknown,unknown,downstream
720575940613891442,720575940531908570,1,unknown,unknown,downstream
720575940613891442,720575940531892954,1,unknown,unknown,downstream
720575940613891442,720575940531782865,1,unknown,unknown,downstream
720575940613891442,720575940531767297,1,unknown,unknown,downstream
720575940613891442,720575940531669871,1,unknown,unknown,downstream
720575940613891442,720575940531590464,1,unknown,unknown,downstream
720575940613891442,720575940532826105,1,unknown,unknown,downstream
720575940613891442,720575940532840546,1,unknown,unknown,downstream
720575940613891442,720575940533599342,1,unknown,unknown,downstream
720575940613891442,720575940533414130,1,unknown,unknown,downstream
720575940613891442,720575940533590953,1,unknown,unknown,downstream
720575940613891442,720575940533582178,1,unknown,unknown,downstream
720575940613891442,720575940533580713,1,unknown,unknown,downstream
720575940613891442,720575940533579362,1,unknown,unknown,downstream
720575940613891442,720575940533571170,1,unknown,unknown,downstream
720575940613891442,720575940533567330,1,unknown,unknown,downstream
720575940613891442,720575940533565435,1,unknown,unknown,downstream
720575940613891442,720575940533513838,1,unknown,unknown,downstream
720575940613891442,720575940533503342,1,unknown,unknown,downstream
720575940613891442,720575940533391090,1,unknown,unknown,downstream
720575940613891442,720575940532856418,1,unknown,unknown,downstream
720575940613891442,720575940533260530,1,unknown,unknown,downstream
720575940613891442,720575940533225763,1,unknown,unknown,downstream
720575940613891442,720575940533138303,1,unknown,unknown,downstream
720575940613891442,720575940533126271,1,unknown,unknown,downstream
720575940613891442,720575940533061197,1,unknown,unknown,downstream
720575940613891442,720575940532903590,1,unknown,unknown,downstream
720575940613891442,720575940532884134,1,unknown,unknown,downstream
720575940613891442,720575940532876966,1,unknown,unknown,downstream
720575940613891442,720575940532871522,1,unknown,unknown,downstream
720575940613891442,720575940583764135,1,unknown,unknown,downstream
720575940613891442,720575940583768090,1,unknown,unknown,downstream
720575940613891442,720575940612744544,1,unknown,unknown,downstream
720575940613891442,720575940605717348,1,unknown,unknown,downstream
720575940613891442,720575940606262355,1,unknown,unknown,downstream
720575940613891442,720575940606244123,1,unknown,unknown,downstream
720575940613891442,720575940606243099,1,unknown,unknown,downstream
720575940613891442,720575940606213047,1,unknown,unknown,downstream
720575940613891442,720575940606212023,1,unknown,unknown,downstream
720575940613891442,720575940606211255,1,unknown,unknown,downstream
720575940613891442,720575940606204322,1,unknown,unknown,downstream
720575940613891442,720575940606161490,1,unknown,unknown,downstream
720575940613891442,720575940606155404,1,unknown,unknown,downstream
720575940613891442,720575940606144360,1,unknown,unknown,downstream
720575940613891442,720575940606142820,1,unknown,unknown,downstream
720575940613891442,720575940606103093,1,unknown,unknown,downstream
720575940613891442,720575940606033882,1,unknown,unknown,downstream
720575940613891442,720575940606033626,1,unknown,unknown,downstream
720575940613891442,720575940606010242,1,unknown,left,downstream
720575940613891442,720575940606000744,1,unknown,unknown,downstream
720575940613891442,720575940605986347,1,unknown,unknown,downstream
720575940613891442,720575940605981483,1,unknown,unknown,downstream
720575940613891442,720575940605965650,1,unknown,unknown,downstream
720575940613891442,720575940605951844,1,unknown,unknown,downstream
720575940613891442,720575940605876580,1,unknown,unknown,downstream
720575940613891442,720575940606280501,1,unknown,unknown,downstream
720575940613891442,720575940606296936,1,unknown,unknown,downstream
720575940613891442,720575940606299240,1,unknown,unknown,downstream
720575940613891442,720575940606423170,1,LC9,left,downstream
720575940613891442,720575940606569499,1,unknown,unknown,downstream
720575940613891442,720575940606566253,1,unknown,unknown,downstream
720575940613891442,720575940606565997,1,unknown,unknown,downstream
720575940613891442,720575940606565239,1,unknown,unknown,downstream
720575940613891442,720575940606558060,1,unknown,unknown,downstream
720575940613891442,720575940606536202,1,unknown,unknown,downstream
720575940613891442,720575940606486827,1,unknown,unknown,downstream
720575940613891442,720575940606459691,1,unknown,unknown,downstream
720575940613891442,720575940606453769,1,unknown,right,downstream
720575940613891442,720575940606406764,1,unknown,unknown,downstream
720575940613891442,720575940606301288,1,unknown,unknown,downstream
720575940613891442,720575940606402408,1,unknown,unknown,downstream
720575940613891442,720575940606397544,1,unknown,unknown,downstream
720575940613891442,720575940606394624,1,unknown,unknown,downstream
720575940613891442,720575940606392424,1,unknown,unknown,downstream
720575940613891442,720575940606388840,1,unknown,unknown,downstream
720575940613891442,720575940606351208,1,unknown,unknown,downstream
720575940613891442,720575940606314795,1,unknown,unknown,downstream
720575940613891442,720575940606311528,1,unknown,unknown,downstream
720575940613891442,720575940606302056,1,unknown,unknown,downstream
720575940613891442,720575940605754033,1,"FB4A,FB4D,FB4E,FB4F,FB4G,FB4H,FB4I,FB4J",left,downstream
720575940613891442,720575940605717326,1,unknown,unknown,downstream
720575940613891442,720575940606577434,1,unknown,unknown,downstream
720575940613891442,720575940605713486,1,unknown,unknown,downstream
720575940613891442,720575940605055932,1,unknown,unknown,downstream
720575940613891442,720575940605045170,1,unknown,unknown,downstream
720575940613891442,720575940605040201,1,unknown,unknown,downstream
720575940613891442,720575940605012898,1,unknown,unknown,downstream
720575940613891442,720575940605011570,1,unknown,unknown,downstream
720575940613891442,720575940604972057,1,unknown,unknown,downstream
720575940613891442,720575940604919661,1,unknown,unknown,downstream
720575940613891442,720575940604911981,1,unknown,unknown,downstream
720575940613891442,720575940604907629,1,unknown,unknown,downstream
720575940613891442,720575940604893868,1,LLPC1,right,downstream
720575940613891442,720575940604884860,1,unknown,unknown,downstream
720575940613891442,720575940604831264,1,LAL088,right,downstream
720575940613891442,720575940604814526,1,WED070,left,downstream
720575940613891442,720575940604812146,1,unknown,unknown,downstream
720575940613891442,720575940604788375,1,unknown,unknown,downstream
720575940613891442,720575940604781719,1,unknown,unknown,downstream
720575940613891442,720575940604765820,1,unknown,unknown,downstream
720575940613891442,720575940604762932,1,unknown,unknown,downstream
720575940613891442,720575940604762420,1,unknown,unknown,downstream
720575940613891442,720575940604728983,1,unknown,unknown,downstream
720575940613891442,720575940604697257,1,unknown,unknown,downstream
720575940613891442,720575940605058492,1,unknown,unknown,downstream
720575940613891442,720575940605072350,1,unknown,unknown,downstream
720575940613891442,720575940605080649,1,unknown,unknown,downstream
720575940613891442,720575940605196706,1,unknown,unknown,downstream
720575940613891442,720575940605620806,1,unknown,unknown,downstream
720575940613891442,720575940605610733,1,unknown,unknown,downstream
720575940613891442,720575940605596486,1,unknown,unknown,downstream
720575940613891442,720575940605457645,1,unknown,unknown,downstream
720575940613891442,720575940605379196,1,unknown,unknown,downstream
720575940613891442,720575940605262722,1,unknown,right,downstream
720575940613891442,720575940605241212,1,unknown,unknown,downstream
720575940613891442,720575940605222234,1,unknown,unknown,downstream
720575940613891442,720575940605197158,1,ATL016,left,downstream
720575940613891442,720575940605158699,1,unknown,unknown,downstream
720575940613891442,720575940605080905,1,unknown,unknown,downstream
720575940613891442,720575940605149769,1,unknown,unknown,downstream
720575940613891442,720575940605148233,1,unknown,unknown,downstream
720575940613891442,720575940605138010,1,unknown,unknown,downstream
720575940613891442,720575940605133460,1,unknown,unknown,downstream
720575940613891442,720575940605128313,1,unknown,unknown,downstream
720575940613891442,720575940605118054,1,unknown,right,downstream
720575940613891442,720575940605101914,1,unknown,unknown,downstream
720575940613891442,720575940605094878,1,unknown,unknown,downstream
720575940613891442,720575940605081417,1,unknown,unknown,downstream
720575940613891442,720575940606575642,1,unknown,unknown,downstream
720575940613891442,720575940606585498,1,unknown,unknown,downstream
720575940613891442,720575940604672407,1,unknown,unknown,downstream
720575940613891442,720575940607280439,1,unknown,unknown,downstream
720575940613891442,720575940607638505,1,unknown,unknown,downstream
720575940613891442,720575940607629222,1,unknown,unknown,downstream
720575940613891442,720575940607620368,1,unknown,unknown,downstream
720575940613891442,720575940607619344,1,unknown,unknown,downstream
720575940613891442,720575940607590459,1,unknown,unknown,downstream
720575940613891442,720575940607581243,1,unknown,unknown,downstream
720575940613891442,720575940607573001,1,1283851444,right,downstream
720575940613891442,720575940607569706,1,unknown,unknown,downstream
720575940613891442,720575940607536732,1,PS111,left,downstream
720575940613891442,720575940607523108,1,unknown,unknown,downstream
720575940613891442,720575940607474960,1,unknown,unknown,downstream
720575940613891442,720575940607447491,1,LAL185,left,downstream
720575940613891442,720575940607417180,1,unknown,left,downstream
720575940613891442,720575940607365784,1,unknown,unknown,downstream
720575940613891442,720575940607364931,1,unknown,unknown,downstream
720575940613891442,720575940607362903,1,unknown,unknown,downstream
720575940613891442,720575940607355479,1,unknown,unknown,downstream
720575940613891442,720575940607319619,1,unknown,unknown,downstream
720575940613891442,720575940607317180,1,unknown,unknown,downstream
720575940613891442,720575940607316547,1,unknown,unknown,downstream
720575940613891442,720575940607306684,1,unknown,unknown,downstream
720575940613891442,720575940607643219,1,unknown,unknown,downstream
720575940613891442,720575940607671121,1,unknown,unknown,downstream
720575940613891442,720575940607673681,1,unknown,unknown,downstream
720575940613891442,720575940607853099,1,unknown,unknown,downstream
720575940613891442,720575940607924808,1,unknown,unknown,downstream
720575940613891442,720575940607908107,1,1283868229,left,downstream
720575940613891442,720575940607907432,1,unknown,unknown,downstream
720575940613891442,720575940607906439,1,unknown,unknown,downstream
720575940613891442,720575940607906152,1,unknown,unknown,downstream
720575940613891442,720575940607888712,1,unknown,unknown,downstream
720575940613891442,720575940607886673,1,unknown,unknown,downstream
720575940613891442,720575940607886161,1,unknown,unknown,downstream
720575940613891442,720575940607878019,1,unknown,unknown,downstream
720575940613891442,720575940607852843,1,unknown,unknown,downstream
720575940613891442,720575940607679315,1,unknown,unknown,downstream
720575940613891442,720575940607843883,1,unknown,unknown,downstream
720575940613891442,720575940607764561,1,unknown,unknown,downstream
720575940613891442,720575940607754563,1,unknown,unknown,downstream
720575940613891442,720575940607747651,1,unknown,unknown,downstream
720575940613891442,720575940607721299,1,unknown,unknown,downstream
720575940613891442,720575940607706984,1,unknown,unknown,downstream
720575940613891442,720575940607690600,1,unknown,unknown,downstream
720575940613891442,720575940607689553,1,unknown,unknown,downstream
720575940613891442,720575940607681107,1,unknown,unknown,downstream
720575940613891442,720575940607297859,1,unknown,unknown,downstream
720575940613891442,720575940607267349,1,unknown,unknown,downstream
720575940613891442,720575940606607234,1,unknown,right,downstream
720575940613891442,720575940607222577,1,unknown,unknown,downstream
720575940613891442,720575940606804049,1,unknown,unknown,downstream
720575940613891442,720575940606787176,1,unknown,unknown,downstream
720575940613891442,720575940606761670,1,unknown,unknown,downstream
720575940613891442,720575940606759706,1,unknown,unknown,downstream
720575940613891442,720575940606757574,1,unknown,unknown,downstream
720575940613891442,720575940606755270,1,unknown,unknown,downstream
720575940613891442,720575940606736539,1,unknown,unknown,downstream
720575940613891442,720575940606735642,1,unknown,unknown,downstream
720575940613891442,720575940606698598,1,PS087,right,downstream
720575940613891442,720575940606691106,1,unknown,unknown,downstream
720575940613891442,720575940606678353,1,unknown,unknown,downstream
720575940613891442,720575940606674075,1,unknown,unknown,downstream
720575940613891442,720575940606673051,1,unknown,unknown,downstream
720575940613891442,720575940606672027,1,unknown,unknown,downstream
720575940613891442,720575940606670491,1,unknown,unknown,downstream
720575940613891442,720575940606667163,1,unknown,unknown,downstream
720575940613891442,720575940606661742,1,unknown,unknown,downstream
720575940613891442,720575940606633248,1,unknown,left,downstream
720575940613891442,720575940606629713,1,unknown,unknown,downstream
720575940613891442,720575940606617498,1,unknown,unknown,downstream
720575940613891442,720575940606616174,1,unknown,unknown,downstream
720575940613891442,720575940606825041,1,unknown,unknown,downstream
720575940613891442,720575940606865745,1,unknown,unknown,downstream
720575940613891442,720575940606870717,1,unknown,unknown,downstream
720575940613891442,720575940607039002,1,unknown,unknown,downstream
720575940613891442,720575940607208738,1,unknown,unknown,downstream
720575940613891442,720575940607176344,1,unknown,unknown,downstream
720575940613891442,720575940607176097,1,unknown,unknown,downstream
720575940613891442,720575940607146092,1,unknown,unknown,downstream
720575940613891442,720575940607132524,1,unknown,unknown,downstream
720575940613891442,720575940607131809,1,unknown,unknown,downstream
720575940613891442,720575940607126485,1,LAL094,left,downstream
720575940613891442,720575940607097964,1,unknown,unknown,downstream
720575940613891442,720575940607061274,1,unknown,unknown,downstream
720575940613891442,720575940607024209,1,unknown,unknown,downstream
720575940613891442,720575940606872145,1,unknown,unknown,downstream
720575940613891442,720575940607023642,1,unknown,unknown,downstream
720575940613891442,720575940607022929,1,unknown,unknown,downstream
720575940613891442,720575940607020625,1,unknown,unknown,downstream
720575940613891442,720575940606996539,1,unknown,unknown,downstream
720575940613891442,720575940606986811,1,unknown,unknown,downstream
720575940613891442,720575940606980890,1,unknown,unknown,downstream
720575940613891442,720575940606952507,1,unknown,unknown,downstream
720575940613891442,720575940606885821,1,unknown,unknown,downstream
720575940613891442,720575940606873522,1,unknown,left,downstream
720575940613891442,720575940604696745,1,unknown,unknown,downstream
720575940613891442,720575940604666236,1,unknown,unknown,downstream
720575940613891442,720575940607953587,1,unknown,unknown,downstream
720575940613891442,720575940601182667,1,unknown,unknown,downstream
720575940613891442,720575940601617885,1,unknown,unknown,downstream
720575940613891442,720575940601568834,1,unknown,unknown,downstream
720575940613891442,720575940601541597,1,unknown,unknown,downstream
720575940613891442,720575940601522152,1,unknown,unknown,downstream
720575940613891442,720575940601520616,1,unknown,unknown,downstream
720575940613891442,720575940601457884,1,unknown,unknown,downstream
720575940613891442,720575940601414603,1,unknown,unknown,downstream
720575940613891442,720575940601411019,1,unknown,unknown,downstream
720575940613891442,720575940601376459,1,unknown,unknown,downstream
720575940613891442,720575940601373904,1,unknown,unknown,downstream
720575940613891442,720575940601370185,1,unknown,unknown,downstream
720575940613891442,720575940601368649,1,unknown,unknown,downstream
720575940613891442,720575940601351120,1,unknown,unknown,downstream
720575940613891442,720575940601344522,1,unknown,unknown,downstream
720575940613891442,720575940601269924,1,unknown,unknown,downstream
720575940613891442,720575940601263012,1,unknown,unknown,downstream
720575940613891442,720575940601241858,1,unknown,unknown,downstream
720575940613891442,720575940601241602,1,unknown,unknown,downstream
720575940613891442,720575940601240322,1,unknown,unknown,downstream
720575940613891442,720575940601209547,1,unknown,unknown,downstream
720575940613891442,720575940601208779,1,unknown,unknown,downstream
720575940613891442,720575940601643465,1,unknown,unknown,downstream
720575940613891442,720575940601656285,1,unknown,unknown,downstream
720575940613891442,720575940601687517,1,unknown,unknown,downstream
720575940613891442,720575940602250270,1,unknown,unknown,downstream
720575940613891442,720575940602546122,1,unknown,unknown,downstream
720575940613891442,720575940602528206,1,unknown,unknown,downstream
720575940613891442,720575940602465972,1,unknown,unknown,downstream
720575940613891442,720575940602415584,1,WED031,right,downstream
720575940613891442,720575940602392756,1,unknown,unknown,downstream
720575940613891442,720575940602325610,1,unknown,unknown,downstream
720575940613891442,720575940602295476,1,unknown,unknown,downstream
720575940613891442,720575940602279092,1,unknown,unknown,downstream
720575940613891442,720575940602275252,1,unknown,unknown,downstream
720575940613891442,720575940602086217,1,unknown,unknown,downstream
720575940613891442,720575940601700503,1,unknown,unknown,downstream
720575940613891442,720575940602059282,1,unknown,unknown,downstream
720575940613891442,720575940601982536,1,unknown,unknown,downstream
720575940613891442,720575940601858716,1,unknown,unknown,downstream
720575940613891442,720575940601852179,1,unknown,unknown,downstream
720575940613891442,720575940601851923,1,unknown,unknown,downstream
720575940613891442,720575940601829788,1,unknown,unknown,downstream
720575940613891442,720575940601813266,1,unknown,unknown,downstream
720575940613891442,720575940601797226,1,unknown,unknown,downstream
720575940613891442,720575940601731735,1,unknown,unknown,downstream
720575940613891442,720575940601184733,1,unknown,unknown,downstream
720575940613891442,720575940601153444,1,unknown,unknown,downstream
720575940613891442,720575940602759113,1,unknown,unknown,downstream
720575940613891442,720575940601152932,1,unknown,unknown,downstream
720575940613891442,720575940600656651,1,unknown,unknown,downstream
720575940613891442,720575940600654859,1,unknown,unknown,downstream
720575940613891442,720575940600654000,1,unknown,unknown,downstream
720575940613891442,720575940600620929,1,unknown,unknown,downstream
720575940613891442,720575940600616065,1,unknown,unknown,downstream
720575940613891442,720575940600615553,1,unknown,unknown,downstream
720575940613891442,720575940600594955,1,unknown,unknown,downstream
720575940613891442,720575940600594187,1,unknown,unknown,downstream
720575940613891442,720575940600593675,1,unknown,unknown,downstream
720575940613891442,720575940600581891,1,unknown,unknown,downstream
720575940613891442,720575940600560816,1,unknown,unknown,downstream
720575940613891442,720575940600557539,1,unknown,unknown,downstream
720575940613891442,720575940600552419,1,unknown,unknown,downstream
720575940613891442,720575940600548067,1,unknown,unknown,downstream
720575940613891442,720575940600547292,1,unknown,unknown,downstream
720575940613891442,720575940600539270,1,unknown,unknown,downstream
720575940613891442,720575940600504587,1,unknown,unknown,downstream
720575940613891442,720575940600457227,1,unknown,unknown,downstream
720575940613891442,720575940600446731,1,unknown,unknown,downstream
720575940613891442,720575940600422457,1,unknown,unknown,downstream
720575940613891442,720575940600372188,1,unknown,unknown,downstream
720575940613891442,720575940600659385,1,unknown,unknown,downstream
720575940613891442,720575940600701176,1,unknown,unknown,downstream
720575940613891442,720575940600701944,1,unknown,unknown,downstream
720575940613891442,720575940601101434,1,unknown,unknown,downstream
720575940613891442,720575940601151632,1,unknown,unknown,downstream
720575940613891442,720575940601134244,1,unknown,unknown,downstream
720575940613891442,720575940601130699,1,unknown,unknown,downstream
720575940613891442,720575940601129806,1,unknown,unknown,downstream
720575940613891442,720575940601124043,1,unknown,unknown,downstream
720575940613891442,720575940601122126,1,unknown,unknown,downstream
720575940613891442,720575940601119822,1,unknown,unknown,downstream
720575940613891442,720575940601119396,1,unknown,unknown,downstream
720575940613891442,720575940601117262,1,unknown,unknown,downstream
720575940613891442,720575940601080442,1,unknown,unknown,downstream
720575940613891442,720575940600704760,1,unknown,unknown,downstream
720575940613891442,720575940601067961,1,unknown,unknown,downstream
720575940613891442,720575940601064889,1,unknown,unknown,downstream
720575940613891442,720575940601049090,1,unknown,unknown,downstream
720575940613891442,720575940601023673,1,unknown,unknown,downstream
720575940613891442,720575940600853742,1,unknown,unknown,downstream
720575940613891442,720575940600852462,1,unknown,unknown,downstream
720575940613891442,720575940600781579,1,unknown,unknown,downstream
720575940613891442,720575940600764783,1,unknown,unknown,downstream
720575940613891442,720575940600705784,1,unknown,unknown,downstream
720575940613891442,720575940602741831,1,unknown,unknown,downstream
720575940613891442,720575940602782978,1,unknown,unknown,downstream
720575940613891442,720575940604662345,1,unknown,unknown,downstream
720575940613891442,720575940603804350,1,PLP018,right,downstream
720575940613891442,720575940604295316,1,unknown,unknown,downstream
720575940613891442,720575940604292883,1,unknown,unknown,downstream
720575940613891442,720575940604256787,1,unknown,unknown,downstream
720575940613891442,720575940604256531,1,unknown,unknown,downstream
720575940613891442,720575940604255763,1,unknown,unknown,downstream
720575940613891442,720575940604231670,1,unknown,unknown,downstream
720575940613891442,720575940604229904,1,unknown,unknown,downstream
720575940613891442,720575940604228112,1,unknown,unknown,downstream
720575940613891442,720575940604217467,1,unknown,unknown,downstream
720575940613891442,720575940604184980,1,unknown,unknown,downstream
720575940613891442,720575940604178323,1,unknown,unknown,downstream
720575940613891442,720575940604176895,1,unknown,unknown,downstream
720575940613891442,720575940604136448,1,unknown,unknown,downstream
720575940613891442,720575940604135035,1,unknown,unknown,downstream
720575940613891442,720575940604121856,1,unknown,unknown,downstream
720575940613891442,720575940604106065,1,unknown,unknown,downstream
720575940613891442,720575940604097915,1,unknown,unknown,downstream
720575940613891442,720575940604088288,1,AVLP016,right,downstream
720575940613891442,720575940603986744,1,unknown,unknown,downstream
720575940613891442,720575940603963540,1,unknown,unknown,downstream
720575940613891442,720575940603944672,1,LC9,left,downstream
720575940613891442,720575940604296438,1,unknown,unknown,downstream
720575940613891442,720575940604306195,1,unknown,unknown,downstream
720575940613891442,720575940604306963,1,unknown,unknown,downstream
720575940613891442,720575940604488959,1,unknown,unknown,downstream
720575940613891442,720575940604644169,1,unknown,unknown,downstream
720575940613891442,720575940604602318,1,unknown,unknown,downstream
720575940613891442,720575940604568983,1,unknown,unknown,downstream
720575940613891442,720575940604553488,1,unknown,unknown,downstream
720575940613891442,720575940604540176,1,unknown,unknown,downstream
720575940613891442,720575940604529047,1,unknown,unknown,downstream
720575940613891442,720575940604524998,1,unknown,unknown,downstream
720575940613891442,720575940604519575,1,unknown,unknown,downstream
720575940613891442,720575940604506519,1,unknown,unknown,downstream
720575940613891442,720575940604486911,1,unknown,unknown,downstream
720575940613891442,720575940604308755,1,unknown,unknown,downstream
720575940613891442,720575940604486399,1,unknown,unknown,downstream
720575940613891442,720575940604481175,1,unknown,unknown,downstream
720575940613891442,720575940604473855,1,unknown,unknown,downstream
720575940613891442,720575940604473107,1,unknown,unknown,downstream
720575940613891442,720575940604408270,1,unknown,unknown,downstream
720575940613891442,720575940604406734,1,unknown,unknown,downstream
720575940613891442,720575940604383636,1,unknown,unknown,downstream
720575940613891442,720575940604349332,1,unknown,unknown,downstream
720575940613891442,720575940604338705,1,unknown,unknown,downstream
720575940613891442,720575940603938238,1,unknown,right,downstream
720575940613891442,720575940603758647,1,unknown,unknown,downstream
720575940613891442,720575940602784208,1,unknown,unknown,downstream
720575940613891442,720575940603752852,1,unknown,unknown,downstream
720575940613891442,720575940603098062,1,unknown,unknown,downstream
720575940613891442,720575940603076512,1,unknown,unknown,downstream
720575940613891442,720575940603043654,1,unknown,unknown,downstream
720575940613891442,720575940603030432,1,unknown,unknown,downstream
720575940613891442,720575940603023520,1,unknown,unknown,downstream
720575940613891442,720575940603015956,1,unknown,unknown,downstream
720575940613891442,720575940603005204,1,unknown,unknown,downstream
720575940613891442,720575940603004692,1,unknown,unknown,downstream
720575940613891442,720575940603002784,1,unknown,unknown,downstream
720575940613891442,720575940603001364,1,unknown,unknown,downstream
720575940613891442,720575940603001248,1,unknown,unknown,downstream
720575940613891442,720575940602989712,1,unknown,unknown,downstream
720575940613891442,720575940602921748,1,unknown,unknown,downstream
720575940613891442,720575940602885344,1,unknown,right,downstream
720575940613891442,720575940602849375,1,unknown,unknown,downstream
720575940613891442,720575940602838623,1,unknown,unknown,downstream
720575940613891442,720575940602824654,1,unknown,unknown,downstream
720575940613891442,720575940602819790,1,unknown,unknown,downstream
720575940613891442,720575940602790482,1,unknown,unknown,downstream
720575940613891442,720575940602788167,1,unknown,unknown,downstream
720575940613891442,720575940602786898,1,unknown,unknown,downstream
720575940613891442,720575940603122592,1,unknown,unknown,downstream
720575940613891442,720575940603140256,1,unknown,unknown,downstream
720575940613891442,720575940603145934,1,unknown,unknown,downstream
720575940613891442,720575940603542591,1,unknown,unknown,downstream
720575940613891442,720575940603672375,1,unknown,unknown,downstream
720575940613891442,720575940603601919,1,unknown,unknown,downstream
720575940613891442,720575940603591014,1,DNa05,left,downstream
720575940613891442,720575940603589119,1,unknown,unknown,downstream
720575940613891442,720575940603588607,1,unknown,unknown,downstream
720575940613891442,720575940603580960,1,DNp16/17,left,downstream
720575940613891442,720575940603579672,1,unknown,unknown,downstream
720575940613891442,720575940603559136,1,unknown,unknown,downstream
720575940613891442,720575940603547928,1,unknown,unknown,downstream
720575940613891442,720575940603542079,1,unknown,unknown,downstream
720575940613891442,720575940603182598,1,unknown,unknown,downstream
720575940613891442,720575940603541311,1,unknown,unknown,downstream
720575940613891442,720575940603441632,1,unknown,left,downstream
720575940613891442,720575940603383560,1,unknown,unknown,downstream
720575940613891442,720575940603375159,1,unknown,unknown,downstream
720575940613891442,720575940603361286,1,unknown,unknown,downstream
720575940613891442,720575940603340276,1,unknown,unknown,downstream
720575940613891442,720575940603325940,1,unknown,unknown,downstream
720575940613891442,720575940603279092,1,unknown,unknown,downstream
720575940613891442,720575940603229460,1,unknown,unknown,downstream
720575940613891442,720575940607941724,1,unknown,unknown,downstream
720575940613891442,720575940607953843,1,unknown,unknown,downstream
720575940613891442,720575940583768602,1,unknown,unknown,downstream
720575940613891442,720575940610751705,1,unknown,unknown,downstream
720575940613891442,720575940611134488,1,unknown,unknown,downstream
720575940613891442,720575940611134232,1,unknown,unknown,downstream
720575940613891442,720575940611114262,1,VES022,left,downstream
720575940613891442,720575940611108676,1,unknown,center,downstream
720575940613891442,720575940611082102,1,unknown,unknown,downstream
720575940613891442,720575940611066058,1,unknown,unknown,downstream
720575940613891442,720575940611051978,1,unknown,unknown,downstream
720575940613891442,720575940611051722,1,unknown,unknown,downstream
720575940613891442,720575940611034586,1,unknown,left,downstream
720575940613891442,720575940610939510,1,unknown,unknown,downstream
720575940613891442,720575940610937718,1,unknown,unknown,downstream
720575940613891442,720575940610935414,1,unknown,unknown,downstream
720575940613891442,720575940610935158,1,unknown,unknown,downstream
720575940613891442,720575940610930550,1,unknown,unknown,downstream
720575940613891442,720575940610926040,1,unknown,unknown,downstream
720575940613891442,720575940610903961,1,unknown,right,downstream
720575940613891442,720575940610895896,1,unknown,unknown,downstream
720575940613891442,720575940610831058,1,SMP013,left,downstream
720575940613891442,720575940610829058,1,unknown,unknown,downstream
720575940613891442,720575940610795544,1,unknown,unknown,downstream
720575940613891442,720575940610795416,1,unknown,unknown,downstream
720575940613891442,720575940611139733,1,AVLP251,right,downstream
720575940613891442,720575940611141601,1,unknown,unknown,downstream
720575940613891442,720575940611143393,1,unknown,unknown,downstream
720575940613891442,720575940611357814,1,unknown,unknown,downstream
720575940613891442,720575940611432306,1,unknown,right,downstream
720575940613891442,720575940611422486,1,IB084,left,downstream
720575940613891442,720575940611405493,1,unknown,unknown,downstream
720575940613891442,720575940611394214,1,unknown,unknown,downstream
720575940613891442,720575940611392934,1,unknown,unknown,downstream
720575940613891442,720575940611387544,1,unknown,unknown,downstream
720575940613891442,720575940611368373,1,unknown,unknown,downstream
720575940613891442,720575940611358922,1,unknown,unknown,downstream
720575940613891442,720575940611358582,1,unknown,unknown,downstream
720575940613891442,720575940611334354,1,unknown,left,downstream
720575940613891442,720575940611182370,1,unknown,unknown,downstream
720575940613891442,720575940611330762,1,unknown,unknown,downstream
720575940613891442,720575940611330506,1,unknown,unknown,downstream
720575940613891442,720575940611328970,1,unknown,unknown,downstream
720575940613891442,720575940611328714,1,unknown,unknown,downstream
720575940613891442,720575940611320266,1,unknown,unknown,downstream
720575940613891442,720575940611295969,1,unknown,unknown,downstream
720575940613891442,720575940611274698,1,unknown,unknown,downstream
720575940613891442,720575940611195105,1,unknown,unknown,downstream
720575940613891442,720575940611182554,1,unknown,left,downstream
720575940613891442,720575940610772376,1,unknown,unknown,downstream
720575940613891442,720575940610745373,1,unknown,right,downstream
720575940613891442,720575940611446748,1,unknown,unknown,downstream
720575940613891442,720575940610741880,1,unknown,left,downstream
720575940613891442,720575940610438082,1,unknown,unknown,downstream
720575940613891442,720575940610429605,1,unknown,unknown,downstream
720575940613891442,720575940610418329,1,PS087,left,downstream
720575940613891442,720575940610393496,1,unknown,unknown,downstream
720575940613891442,720575940610391448,1,unknown,unknown,downstream
720575940613891442,720575940610389873,1,AOTU027,right,downstream
720575940613891442,720575940610380696,1,unknown,unknown,downstream
720575940613891442,720575940610367498,1,unknown,unknown,downstream
720575940613891442,720575940610361354,1,unknown,unknown,downstream
720575940613891442,720575940610346163,1,AVLP454_a,right,downstream
720575940613891442,720575940610345154,1,unknown,unknown,downstream
720575940613891442,720575940610335387,1,unknown,unknown,downstream
720575940613891442,720575940610334875,1,unknown,unknown,downstream
720575940613891442,720575940610334170,1,unknown,left,downstream
720575940613891442,720575940610333595,1,unknown,unknown,downstream
720575940613891442,720575940610325954,1,unknown,unknown,downstream
720575940613891442,720575940610319819,1,unknown,unknown,downstream
720575940613891442,720575940610310178,1,unknown,unknown,downstream
720575940613891442,720575940610296866,1,unknown,unknown,downstream
720575940613891442,720575940610296267,1,unknown,unknown,downstream
720575940613891442,720575940610290978,1,unknown,unknown,downstream
720575940613891442,720575940610451569,1,LAL043,left,downstream
720575940613891442,720575940610475298,1,unknown,unknown,downstream
720575940613891442,720575940610479138,1,unknown,unknown,downstream
720575940613891442,720575940610587353,1,unknown,unknown,downstream
720575940613891442,720575940610701530,1,LAL133,right,downstream
720575940613891442,720575940610699227,1,unknown,unknown,downstream
720575940613891442,720575940610670250,1,PFR,right,downstream
720575940613891442,720575940610669464,1,unknown,unknown,downstream
720575940613891442,720575940610665112,1,unknown,unknown,downstream
720575940613891442,720575940610653462,1,unknown,right,downstream
720575940613891442,720575940610640482,1,unknown,right,downstream
720575940613891442,720575940610638232,1,unknown,unknown,downstream
720575940613891442,720575940610598338,1,unknown,unknown,downstream
720575940613891442,720575940610580121,1,WED095,left,downstream
720575940613891442,720575940610488866,1,unknown,unknown,downstream
720575940613891442,720575940610576708,1,unknown,right,downstream
720575940613891442,720575940610549963,1,unknown,unknown,downstream
720575940613891442,720575940610548427,1,unknown,unknown,downstream
720575940613891442,720575940610532811,1,unknown,unknown,downstream
720575940613891442,720575940610527938,1,unknown,unknown,downstream
720575940613891442,720575940610505006,1,PVLP119,right,downstream
720575940613891442,720575940610502129,1,unknown,unknown,downstream
720575940613891442,720575940610500337,1,unknown,unknown,downstream
720575940613891442,720575940610494411,1,unknown,unknown,downstream
720575940613891442,720575940611435235,1,LAL110,right,downstream
720575940613891442,720575940611448010,1,unknown,unknown,downstream
720575940613891442,720575940610243736,1,unknown,unknown,downstream
720575940613891442,720575940612008223,1,unknown,unknown,downstream
720575940613891442,720575940612419427,1,unknown,unknown,downstream
720575940613891442,720575940612418659,1,unknown,unknown,downstream
720575940613891442,720575940612354983,1,LC9,right,downstream
720575940613891442,720575940612317483,1,unknown,unknown,downstream
720575940613891442,720575940612315435,1,unknown,unknown,downstream
720575940613891442,720575940612311987,1,VES081,left,downstream
720575940613891442,720575940612302042,1,SMP145,right,downstream
720575940613891442,720575940612279538,1,LAL004,left,downstream
720575940613891442,720575940612275298,1,IB049,right,downstream
720575940613891442,720575940612264817,1,AVLP079,left,downstream
720575940613891442,720575940612225989,1,unknown,unknown,downstream
720575940613891442,720575940612224943,1,LC9,right,downstream
720575940613891442,720575940612152930,1,FB3A,right,downstream
720575940613891442,720575940612121052,1,unknown,unknown,downstream
720575940613891442,720575940612118748,1,unknown,unknown,downstream
720575940613891442,720575940612118492,1,unknown,unknown,downstream
720575940613891442,720575940612111843,1,unknown,right,downstream
720575940613891442,720575940612041059,1,unknown,unknown,downstream
720575940613891442,720575940612040803,1,unknown,unknown,downstream
720575940613891442,720575940612033123,1,unknown,unknown,downstream
720575940613891442,720575940612025571,1,unknown,unknown,downstream
720575940613891442,720575940612422211,1,unknown,unknown,downstream
720575940613891442,720575940612496195,1,unknown,unknown,downstream
720575940613891442,720575940612511811,1,unknown,unknown,downstream
720575940613891442,720575940612650842,1,unknown,unknown,downstream
720575940613891442,720575940612735290,1,unknown,unknown,downstream
720575940613891442,720575940612732642,1,unknown,unknown,downstream
720575940613891442,720575940612728290,1,unknown,unknown,downstream
720575940613891442,720575940612711958,1,CRE082,left,downstream
720575940613891442,720575940612696596,1,unknown,unknown,downstream
720575940613891442,720575940612670740,1,unknown,unknown,downstream
720575940613891442,720575940612659779,1,unknown,unknown,downstream
720575940613891442,720575940612657987,1,unknown,unknown,downstream
720575940613891442,720575940612657475,1,unknown,unknown,downstream
720575940613891442,720575940612649122,1,WED163,right,downstream
720575940613891442,720575940612535386,1,unknown,unknown,downstream
720575940613891442,720575940612645908,1,unknown,unknown,downstream
720575940613891442,720575940612644442,1,unknown,unknown,downstream
720575940613891442,720575940612617453,1,LC9,right,downstream
720575940613891442,720575940612612757,1,unknown,right,downstream
720575940613891442,720575940612603706,1,unknown,unknown,downstream
720575940613891442,720575940612597306,1,unknown,unknown,downstream
720575940613891442,720575940612594219,1,unknown,unknown,downstream
720575940613891442,720575940612569146,1,unknown,unknown,downstream
720575940613891442,720575940612555354,1,unknown,unknown,downstream
720575940613891442,720575940612014044,1,unknown,unknown,downstream
720575940613891442,720575940611981029,1,1573072464,right,downstream
720575940613891442,720575940611463114,1,unknown,unknown,downstream
720575940613891442,720575940611965512,1,unknown,unknown,downstream
720575940613891442,720575940611676696,1,unknown,unknown,downstream
720575940613891442,720575940611668193,1,unknown,unknown,downstream
720575940613891442,720575940611666145,1,unknown,unknown,downstream
720575940613891442,720575940611643558,1,unknown,unknown,downstream
720575940613891442,720575940611641766,1,unknown,unknown,downstream
720575940613891442,720575940611639978,1,"LC33a,LC33b",right,downstream
720575940613891442,720575940611637414,1,unknown,unknown,downstream
720575940613891442,720575940611613698,1,unknown,unknown,downstream
720575940613891442,720575940611588610,1,unknown,unknown,downstream
720575940613891442,720575940611573656,1,unknown,unknown,downstream
720575940613891442,720575940611552370,1,unknown,right,downstream
720575940613891442,720575940611545093,1,unknown,unknown,downstream
720575940613891442,720575940611536133,1,unknown,unknown,downstream
720575940613891442,720575940611526625,1,unknown,unknown,downstream
720575940613891442,720575940611526434,1,unknown,unknown,downstream
720575940613891442,720575940611516586,1,PS233,right,downstream
720575940613891442,720575940611504370,1,unknown,left,downstream
720575940613891442,720575940611498904,1,unknown,unknown,downstream
720575940613891442,720575940611498419,1,unknown,left,downstream
720575940613891442,720575940611497112,1,unknown,unknown,downstream
720575940613891442,720575940611468587,1,unknown,unknown,downstream
720575940613891442,720575940611680993,1,unknown,unknown,downstream
720575940613891442,720575940611692658,1,unknown,unknown,downstream
720575940613891442,720575940611694338,1,unknown,unknown,downstream
720575940613891442,720575940611821078,1,unknown,left,downstream
720575940613891442,720575940611959460,1,unknown,unknown,downstream
720575940613891442,720575940611947336,1,unknown,unknown,downstream
720575940613891442,720575940611915172,1,unknown,unknown,downstream
720575940613891442,720575940611898146,1,unknown,unknown,downstream
720575940613891442,720575940611884030,1,unknown,unknown,downstream
720575940613891442,720575940611872227,1,PS118,right,downstream
720575940613891442,720575940611860121,1,unknown,left,downstream
720575940613891442,720575940611847644,1,unknown,unknown,downstream
720575940613891442,720575940611836286,1,unknown,unknown,downstream
720575940613891442,720575940611815332,1,unknown,unknown,downstream
720575940613891442,720575940611706779,1,unknown,unknown,downstream
720575940613891442,720575940611805660,1,unknown,unknown,downstream
720575940613891442,720575940611791585,1,unknown,unknown,downstream
720575940613891442,720575940611790829,1,LAL089,right,downstream
720575940613891442,720575940611786501,1,unknown,unknown,downstream
720575940613891442,720575940611755430,1,unknown,unknown,downstream
720575940613891442,720575940611748774,1,unknown,unknown,downstream
720575940613891442,720575940611747750,1,unknown,unknown,downstream
720575940613891442,720575940611734370,1,WED151,left,downstream
720575940613891442,720575940611719378,1,unknown,right,downstream
720575940613891442,720575940610244248,1,unknown,unknown,downstream
720575940613891442,720575940610241304,1,unknown,unknown,downstream
720575940613891442,720575940607965382,1,unknown,unknown,downstream
720575940613891442,720575940608531568,1,unknown,unknown,downstream
720575940613891442,720575940608826480,1,unknown,unknown,downstream
720575940613891442,720575940608824432,1,unknown,unknown,downstream
720575940613891442,720575940608823112,1,unknown,unknown,downstream
720575940613891442,720575940608822088,1,unknown,unknown,downstream
720575940613891442,720575940608810453,1,CRE005,left,downstream
720575940613891442,720575940608806256,1,unknown,unknown,downstream
720575940613891442,720575940608802416,1,unknown,unknown,downstream
720575940613891442,720575940608758241,1,unknown,unknown,downstream
720575940613891442,720575940608740176,1,unknown,unknown,downstream
720575940613891442,720575940608730960,1,unknown,unknown,downstream
720575940613891442,720575940608694155,1,unknown,unknown,downstream
720575940613891442,720575940608677461,1,unknown,unknown,downstream
720575940613891442,720575940608664405,1,unknown,unknown,downstream
720575940613891442,720575940608649469,1,unknown,unknown,downstream
720575940613891442,720575940608635800,1,unknown,unknown,downstream
720575940613891442,720575940608634840,1,unknown,unknown,downstream
720575940613891442,720575940608609896,1,unknown,unknown,downstream
720575940613891442,720575940608601865,1,LHPV3a1,left,downstream
720575940613891442,720575940608573296,1,unknown,unknown,downstream
720575940613891442,720575940608545219,1,AVLP080,right,downstream
720575940613891442,720575940608543592,1,unknown,unknown,downstream
720575940613891442,720575940608827208,1,unknown,unknown,downstream
720575940613891442,720575940608835440,1,unknown,unknown,downstream
720575940613891442,720575940608841112,1,unknown,unknown,downstream
720575940613891442,720575940608943869,1,unknown,unknown,downstream
720575940613891442,720575940609051372,1,unknown,unknown,downstream
720575940613891442,720575940608986709,1,unknown,unknown,downstream
720575940613891442,720575940608976644,1,unknown,unknown,downstream
720575940613891442,720575940608973867,1,unknown,unknown,downstream
720575940613891442,720575940608973309,1,unknown,unknown,downstream
720575940613891442,720575940608967476,1,unknown,unknown,downstream
720575940613891442,720575940608962356,1,unknown,unknown,downstream
720575940613891442,720575940608955781,1,unknown,unknown,downstream
720575940613891442,720575940608950405,1,unknown,unknown,downstream
720575940613891442,720575940608942077,1,unknown,unknown,downstream
720575940613891442,720575940608846960,1,unknown,unknown,downstream
720575940613891442,720575940608939080,1,unknown,unknown,downstream
720575940613891442,720575940608927485,1,unknown,unknown,downstream
720575940613891442,720575940608905605,1,unknown,unknown,downstream
720575940613891442,720575940608903016,1,unknown,unknown,downstream
720575940613891442,720575940608881512,1,unknown,unknown,downstream
720575940613891442,720575940608877053,1,unknown,unknown,downstream
720575940613891442,720575940608876392,1,unknown,unknown,downstream
720575940613891442,720575940608864984,1,unknown,unknown,downstream
720575940613891442,720575940608862936,1,unknown,unknown,downstream
720575940613891442,720575940608534896,1,unknown,unknown,downstream
720575940613891442,720575940608529710,1,SMP014,right,downstream
720575940613891442,720575940609055724,1,unknown,unknown,downstream
720575940613891442,720575940608525680,1,unknown,unknown,downstream
720575940613891442,720575940608314092,1,unknown,unknown,downstream
720575940613891442,720575940608309405,1,unknown,unknown,downstream
720575940613891442,720575940608296117,1,unknown,unknown,downstream
720575940613891442,720575940608295093,1,unknown,unknown,downstream
720575940613891442,720575940608293021,1,unknown,unknown,downstream
720575940613891442,720575940608252008,1,unknown,unknown,downstream
720575940613891442,720575940608239627,1,PS303,right,downstream
720575940613891442,720575940608223701,1,PLP170,right,downstream
720575940613891442,720575940608178831,1,unknown,unknown,downstream
720575940613891442,720575940608164753,1,unknown,unknown,downstream
720575940613891442,720575940608145026,1,PS166,left,downstream
720575940613891442,720575940608140380,1,FB4M,right,downstream
720575940613891442,720575940608137320,1,unknown,unknown,downstream
720575940613891442,720575940608123025,1,unknown,unknown,downstream
720575940613891442,720575940608119185,1,unknown,unknown,downstream
720575940613891442,720575940608061781,1,unknown,unknown,downstream
720575940613891442,720575940608059733,1,unknown,unknown,downstream
720575940613891442,720575940608059221,1,unknown,unknown,downstream
720575940613891442,720575940608057479,1,unknown,unknown,downstream
720575940613891442,720575940608022120,1,unknown,unknown,downstream
720575940613891442,720575940608014379,1,unknown,unknown,downstream
720575940613891442,720575940608317334,1,unknown,unknown,downstream
720575940613891442,720575940608334517,1,unknown,unknown,downstream
720575940613891442,720575940608339209,1,SMP148,right,downstream
720575940613891442,720575940608487301,1,unknown,unknown,downstream
720575940613891442,720575940608508264,1,unknown,unknown,downstream
720575940613891442,720575940608507752,1,unknown,unknown,downstream
720575940613891442,720575940608507240,1,unknown,unknown,downstream
720575940613891442,720575940608502287,1,unknown,unknown,downstream
720575940613891442,720575940608494213,1,unknown,unknown,downstream
720575940613891442,720575940608489605,1,unknown,unknown,downstream
720575940613891442,720575940608488581,1,unknown,unknown,downstream
720575940613891442,720575940608488408,1,unknown,unknown,downstream
720575940613891442,720575940608487557,1,unknown,unknown,downstream
720575940613891442,720575940608478524,1,unknown,unknown,downstream
720575940613891442,720575940608375342,1,WED124,right,downstream
720575940613891442,720575940608470405,1,unknown,unknown,downstream
720575940613891442,720575940608465644,1,unknown,unknown,downstream
720575940613891442,720575940608462060,1,unknown,unknown,downstream
720575940613891442,720575940608456940,1,unknown,unknown,downstream
720575940613891442,720575940608456344,1,unknown,unknown,downstream
720575940613891442,720575940608455823,1,unknown,unknown,downstream
720575940613891442,720575940608452568,1,unknown,unknown,downstream
720575940613891442,720575940608450447,1,unknown,unknown,downstream
720575940613891442,720575940608401560,1,unknown,unknown,downstream
720575940613891442,720575940609054444,1,unknown,unknown,downstream
720575940613891442,720575940609059636,1,unknown,unknown,downstream
720575940613891442,720575940610215859,1,unknown,left,downstream
720575940613891442,720575940609692049,1,unknown,unknown,downstream
720575940613891442,720575940609927563,1,unknown,unknown,downstream
720575940613891442,720575940609926539,1,unknown,unknown,downstream
720575940613891442,720575940609923778,1,unknown,unknown,downstream
720575940613891442,720575940609923493,1,unknown,unknown,downstream
720575940613891442,720575940609920421,1,unknown,unknown,downstream
720575940613891442,720575940609897514,1,unknown,unknown,downstream
720575940613891442,720575940609892773,1,unknown,unknown,downstream
720575940613891442,720575940609886629,1,unknown,unknown,downstream
720575940613891442,720575940609883025,1,unknown,unknown,downstream
720575940613891442,720575940609876010,1,unknown,unknown,downstream
720575940613891442,720575940609870408,1,unknown,unknown,downstream
720575940613891442,720575940609855698,1,unknown,left,downstream
720575940613891442,720575940609837313,1,unknown,unknown,downstream
720575940613891442,720575940609834136,1,unknown,unknown,downstream
720575940613891442,720575940609829121,1,unknown,unknown,downstream
720575940613891442,720575940609799470,1,PLP208,right,downstream
720575940613891442,720575940609788673,1,unknown,unknown,downstream
720575940613891442,720575940609783819,1,WED181,left,downstream
720575940613891442,720575940609778056,1,unknown,unknown,downstream
720575940613891442,720575940609772738,1,unknown,unknown,downstream
720575940613891442,720575940609769419,1,unknown,unknown,downstream
720575940613891442,720575940609935554,1,unknown,unknown,downstream
720575940613891442,720575940609939394,1,unknown,unknown,downstream
720575940613891442,720575940609942210,1,unknown,unknown,downstream
720575940613891442,720575940610100162,1,unknown,unknown,downstream
720575940613891442,720575940610199781,1,PS212,right,downstream
720575940613891442,720575940610186525,1,unknown,unknown,downstream
720575940613891442,720575940610119313,1,unknown,unknown,downstream
720575940613891442,720575940610118545,1,unknown,unknown,downstream
720575940613891442,720575940610117265,1,unknown,unknown,downstream
720575940613891442,720575940610113425,1,unknown,unknown,downstream
720575940613891442,720575940610110155,1,unknown,unknown,downstream
720575940613891442,720575940610109841,1,unknown,unknown,downstream
720575940613891442,720575940610103038,1,unknown,unknown,downstream
720575940613891442,720575940610077849,1,"PS023,PS024",right,downstream
720575940613891442,720575940609959637,1,MBON32,left,downstream
720575940613891442,720575940610047194,1,AVLP579,right,downstream
720575940613891442,720575940610035851,1,unknown,unknown,downstream
720575940613891442,720575940610018603,1,unknown,unknown,downstream
720575940613891442,720575940610017579,1,unknown,unknown,downstream
720575940613891442,720575940610014425,1,unknown,unknown,downstream
720575940613891442,720575940610009131,1,unknown,unknown,downstream
720575940613891442,720575940610005802,1,unknown,unknown,downstream
720575940613891442,720575940609980780,1,unknown,unknown,downstream
720575940613891442,720575940609968858,1,unknown,left,downstream
720575940613891442,720575940609754926,1,AVLP394,right,downstream
720575940613891442,720575940609676652,1,unknown,unknown,downstream
720575940613891442,720575940609099316,1,unknown,unknown,downstream
720575940613891442,720575940609674129,1,unknown,unknown,downstream
720575940613891442,720575940609349914,1,unknown,unknown,downstream
720575940613891442,720575940609343089,1,unknown,right,downstream
720575940613891442,720575940609340785,1,AOTU052,right,downstream
720575940613891442,720575940609327738,1,unknown,unknown,downstream
720575940613891442,720575940609297053,1,unknown,unknown,downstream
720575940613891442,720575940609291934,1,unknown,unknown,downstream
720575940613891442,720575940609284728,1,PS062,right,downstream
720575940613891442,720575940609267592,1,unknown,unknown,downstream
720575940613891442,720575940609262725,1,unknown,unknown,downstream
720575940613891442,720575940609239348,1,unknown,unknown,downstream
720575940613891442,720575940609234130,1,unknown,right,downstream
720575940613891442,720575940609217770,1,unknown,unknown,downstream
720575940613891442,720575940609206211,1,"FB4A,FB4D,FB4E,FB4F,FB4G,FB4H,FB4I,FB4J",right,downstream
720575940613891442,720575940609182667,1,unknown,unknown,downstream
720575940613891442,720575940609166165,1,unknown,unknown,downstream
720575940613891442,720575940609164373,1,unknown,unknown,downstream
720575940613891442,720575940609160533,1,unknown,unknown,downstream
720575940613891442,720575940609146262,1,unknown,unknown,downstream
720575940613891442,720575940609128428,1,unknown,unknown,downstream
720575940613891442,720575940609111549,1,unknown,unknown,downstream
720575940613891442,720575940609105716,1,unknown,unknown,downstream
720575940613891442,720575940609360024,1,unknown,unknown,downstream
720575940613891442,720575940609375580,1,FB5A,left,downstream
720575940613891442,720575940609382942,1,unknown,unknown,downstream
720575940613891442,720575940609588788,1,unknown,unknown,downstream
720575940613891442,720575940609661953,1,unknown,unknown,downstream
720575940613891442,720575940609647627,1,unknown,left,downstream
720575940613891442,720575940609644012,1,unknown,unknown,downstream
720575940613891442,720575940609643500,1,unknown,unknown,downstream
720575940613891442,720575940609628908,1,unknown,unknown,downstream
720575940613891442,720575940609621765,1,unknown,unknown,downstream
720575940613891442,720575940609621253,1,unknown,unknown,downstream
720575940613891442,720575940609604875,1,PFR,left,downstream
720575940613891442,720575940609596952,1,unknown,unknown,downstream
720575940613891442,720575940609539656,1,unknown,unknown,downstream
720575940613891442,720575940609385880,1,unknown,unknown,downstream
720575940613891442,720575940609539144,1,unknown,unknown,downstream
720575940613891442,720575940609522181,1,unknown,unknown,downstream
720575940613891442,720575940609518597,1,unknown,unknown,downstream
720575940613891442,720575940609515861,1,unknown,unknown,downstream
720575940613891442,720575940609499684,1,unknown,unknown,downstream
720575940613891442,720575940609499272,1,unknown,unknown,downstream
720575940613891442,720575940609489560,1,unknown,unknown,downstream
720575940613891442,720575940609454245,1,unknown,unknown,downstream
720575940613891442,720575940609439121,1,unknown,unknown,downstream
720575940613891442,720575940600290727,1,unknown,unknown,downstream
720575940613891442,720575940600280947,1,unknown,unknown,downstream
720575940613891442,720575940600280435,1,unknown,unknown,downstream
720575940613891442,720575940589179206,1,unknown,unknown,downstream
720575940613891442,720575940589929953,1,unknown,unknown,downstream
720575940613891442,720575940589928673,1,unknown,unknown,downstream
720575940613891442,720575940589918689,1,unknown,unknown,downstream
720575940613891442,720575940589886196,1,unknown,unknown,downstream
720575940613891442,720575940589872550,1,unknown,unknown,downstream
720575940613891442,720575940589870601,1,unknown,unknown,downstream
720575940613891442,720575940589860577,1,unknown,unknown,downstream
720575940613891442,720575940589790072,1,unknown,unknown,downstream
720575940613891442,720575940589755873,1,unknown,unknown,downstream
720575940613891442,720575940589734403,1,unknown,unknown,downstream
720575940613891442,720575940589732833,1,unknown,unknown,downstream
720575940613891442,720575940589675640,1,unknown,unknown,downstream
720575940613891442,720575940589648884,1,unknown,unknown,downstream
720575940613891442,720575940589488638,1,unknown,unknown,downstream
720575940613891442,720575940589485536,1,unknown,unknown,downstream
720575940613891442,720575940589467616,1,unknown,unknown,downstream
720575940613891442,720575940589458912,1,unknown,unknown,downstream
720575940613891442,720575940589300963,1,unknown,unknown,downstream
720575940613891442,720575940589278179,1,unknown,unknown,downstream
720575940613891442,720575940589278022,1,unknown,unknown,downstream
720575940613891442,720575940589276998,1,unknown,unknown,downstream
720575940613891442,720575940589932513,1,unknown,unknown,downstream
720575940613891442,720575940589939425,1,unknown,unknown,downstream
720575940613891442,720575940590008329,1,unknown,unknown,downstream
720575940613891442,720575940590271001,1,unknown,unknown,downstream
720575940613891442,720575940590653785,1,unknown,unknown,downstream
720575940613891442,720575940590623395,1,unknown,unknown,downstream
720575940613891442,720575940590590836,1,unknown,unknown,downstream
720575940613891442,720575940590465501,1,unknown,unknown,downstream
720575940613891442,720575940590452684,1,unknown,unknown,downstream
720575940613891442,720575940590441420,1,unknown,unknown,downstream
720575940613891442,720575940590437068,1,unknown,unknown,downstream
720575940613891442,720575940590368039,1,unknown,unknown,downstream
720575940613891442,720575940590352266,1,unknown,unknown,downstream
720575940613891442,720575940590248631,1,unknown,unknown,downstream
720575940613891442,720575940590011657,1,unknown,unknown,downstream
720575940613891442,720575940590245559,1,unknown,unknown,downstream
720575940613891442,720575940590244535,1,unknown,unknown,downstream
720575940613891442,720575940590244023,1,unknown,unknown,downstream
720575940613891442,720575940590194519,1,unknown,unknown,downstream
720575940613891442,720575940590189917,1,unknown,unknown,downstream
720575940613891442,720575940590181981,1,unknown,unknown,downstream
720575940613891442,720575940590054517,1,unknown,unknown,downstream
720575940613891442,720575940590024969,1,unknown,unknown,downstream
720575940613891442,720575940590019125,1,unknown,unknown,downstream
720575940613891442,720575940589232933,1,unknown,unknown,downstream
720575940613891442,720575940589174920,1,unknown,unknown,downstream
720575940613891442,720575940590725465,1,unknown,unknown,downstream
720575940613891442,720575940589139598,1,unknown,unknown,downstream
720575940613891442,720575940588627241,1,unknown,unknown,downstream
720575940613891442,720575940588618025,1,unknown,unknown,downstream
720575940613891442,720575940588599600,1,unknown,unknown,downstream
720575940613891442,720575940588596272,1,unknown,unknown,downstream
720575940613891442,720575940588593200,1,unknown,unknown,downstream
720575940613891442,720575940588588424,1,unknown,unknown,downstream
720575940613891442,720575940588587656,1,unknown,unknown,downstream
720575940613891442,720575940588587056,1,unknown,unknown,downstream
720575940613891442,720575940588582192,1,unknown,unknown,downstream
720575940613891442,720575940588524856,1,unknown,unknown,downstream
720575940613891442,720575940588511280,1,unknown,unknown,downstream
720575940613891442,720575940588509744,1,unknown,unknown,downstream
720575940613891442,720575940588508976,1,unknown,unknown,downstream
720575940613891442,720575940588508040,1,unknown,unknown,downstream
720575940613891442,720575940588504880,1,unknown,unknown,downstream
720575940613891442,720575940588504712,1,unknown,unknown,downstream
720575940613891442,720575940588482864,1,unknown,unknown,downstream
720575940613891442,720575940588473480,1,unknown,unknown,downstream
720575940613891442,720575940588447240,1,unknown,unknown,downstream
720575940613891442,720575940588438280,1,unknown,unknown,downstream
720575940613891442,720575940588431387,1,unknown,unknown,downstream
720575940613891442,720575940588642089,1,unknown,unknown,downstream
720575940613891442,720575940588689193,1,unknown,unknown,downstream
720575940613891442,720575940588689871,1,unknown,unknown,downstream
720575940613891442,720575940588784550,1,unknown,unknown,downstream
720575940613891442,720575940589130952,1,unknown,unknown,downstream
720575940613891442,720575940588914540,1,unknown,unknown,downstream
720575940613891442,720575940588872020,1,unknown,unknown,downstream
720575940613891442,720575940588867750,1,unknown,unknown,downstream
720575940613891442,720575940588843348,1,unknown,unknown,downstream
720575940613891442,720575940588837638,1,unknown,unknown,downstream
720575940613891442,720575940588822534,1,unknown,unknown,downstream
720575940613891442,720575940588792230,1,unknown,unknown,downstream
720575940613891442,720575940588788265,1,unknown,unknown,downstream
720575940613891442,720575940588783526,1,unknown,unknown,downstream
720575940613891442,720575940588712389,1,unknown,unknown,downstream
720575940613891442,720575940588778906,1,unknown,unknown,downstream
720575940613891442,720575940588753574,1,unknown,unknown,downstream
720575940613891442,720575940588751763,1,unknown,unknown,downstream
720575940613891442,720575940588749203,1,unknown,unknown,downstream
720575940613891442,720575940588747667,1,unknown,unknown,downstream
720575940613891442,720575940588738139,1,unknown,unknown,downstream
720575940613891442,720575940588736347,1,unknown,unknown,downstream
720575940613891442,720575940588728923,1,unknown,unknown,downstream
720575940613891442,720575940588712701,1,unknown,unknown,downstream
720575940613891442,720575940590660697,1,unknown,unknown,downstream
720575940613891442,720575940590747886,1,unknown,unknown,downstream
720575940613891442,720575940588407452,1,unknown,unknown,downstream
720575940613891442,720575940591608100,1,unknown,unknown,downstream
720575940613891442,720575940591812569,1,unknown,unknown,downstream
720575940613891442,720575940591796324,1,unknown,unknown,downstream
720575940613891442,720575940591768259,1,unknown,unknown,downstream
720575940613891442,720575940591766979,1,unknown,unknown,downstream
720575940613891442,720575940591758019,1,unknown,unknown,downstream
720575940613891442,720575940591736368,1,unknown,unknown,downstream
720575940613891442,720575940591734272,1,unknown,unknown,downstream
720575940613891442,720575940591728896,1,unknown,unknown,downstream
720575940613891442,720575940591716608,1,unknown,unknown,downstream
720575940613891442,720575940591715170,1,unknown,unknown,downstream
720575940613891442,720575940591710208,1,unknown,unknown,downstream
720575940613891442,720575940591702441,1,unknown,unknown,downstream
720575940613891442,720575940591698089,1,unknown,unknown,downstream
720575940613891442,720575940591695769,1,unknown,unknown,downstream
720575940613891442,720575940591685730,1,unknown,unknown,downstream
720575940613891442,720575940591684450,1,unknown,unknown,downstream
720575940613891442,720575940591673497,1,unknown,unknown,downstream
720575940613891442,720575940591671778,1,unknown,unknown,downstream
720575940613891442,720575940591669986,1,unknown,unknown,downstream
720575940613891442,720575940591666914,1,unknown,unknown,downstream
720575940613891442,720575940591648921,1,unknown,unknown,downstream
720575940613891442,720575940591814595,1,unknown,unknown,downstream
720575940613891442,720575940591873475,1,unknown,unknown,downstream
720575940613891442,720575940591884995,1,unknown,unknown,downstream
720575940613891442,720575940592310580,1,unknown,unknown,downstream
720575940613891442,720575940592520531,1,unknown,unknown,downstream
720575940613891442,720575940592513030,1,unknown,unknown,downstream
720575940613891442,720575940592495070,1,unknown,unknown,downstream
720575940613891442,720575940592480122,1,unknown,unknown,downstream
720575940613891442,720575940592465530,1,unknown,unknown,downstream
720575940613891442,720575940592355024,1,unknown,unknown,downstream
720575940613891442,720575940592331999,1,unknown,unknown,downstream
720575940613891442,720575940592315956,1,unknown,unknown,downstream
720575940613891442,720575940592313908,1,unknown,unknown,downstream
720575940613891442,720575940592271820,1,unknown,unknown,downstream
720575940613891442,720575940591892163,1,unknown,unknown,downstream
720575940613891442,720575940592246732,1,unknown,unknown,downstream
720575940613891442,720575940592193484,1,unknown,unknown,downstream
720575940613891442,720575940592157127,1,unknown,unknown,downstream
720575940613891442,720575940592048153,1,unknown,unknown,downstream
720575940613891442,720575940592013540,1,unknown,unknown,downstream
720575940613891442,720575940591922371,1,unknown,unknown,downstream
720575940613891442,720575940591920228,1,unknown,unknown,downstream
720575940613891442,720575940591916995,1,unknown,unknown,downstream
720575940613891442,720575940591913188,1,unknown,unknown,downstream
720575940613891442,720575940591613696,1,unknown,unknown,downstream
720575940613891442,720575940591607076,1,unknown,unknown,downstream
720575940613891442,720575940590771501,1,unknown,unknown,downstream
720575940613891442,720575940591596830,1,unknown,unknown,downstream
720575940613891442,720575940591096916,1,unknown,unknown,downstream
720575940613891442,720575940591095636,1,unknown,unknown,downstream
720575940613891442,720575940591066240,1,unknown,unknown,downstream
720575940613891442,720575940591015019,1,unknown,unknown,downstream
720575940613891442,720575940591012992,1,unknown,unknown,downstream
720575940613891442,720575940590988884,1,unknown,unknown,downstream
720575940613891442,720575940590976675,1,unknown,unknown,downstream
720575940613891442,720575940590914955,1,unknown,unknown,downstream
720575940613891442,720575940590914868,1,unknown,unknown,downstream
720575940613891442,720575940590912139,1,unknown,unknown,downstream
720575940613891442,720575940590910347,1,unknown,unknown,downstream
720575940613891442,720575940590872258,1,unknown,unknown,downstream
720575940613891442,720575940590870722,1,unknown,unknown,downstream
720575940613891442,720575940590860738,1,unknown,unknown,downstream
720575940613891442,720575940590854456,1,unknown,unknown,downstream
720575940613891442,720575940590842475,1,unknown,unknown,downstream
720575940613891442,720575940590840427,1,unknown,unknown,downstream
720575940613891442,720575940590835819,1,unknown,unknown,downstream
720575940613891442,720575940590792942,1,unknown,unknown,downstream
720575940613891442,720575940590788259,1,unknown,unknown,downstream
720575940613891442,720575940590787054,1,unknown,unknown,downstream
720575940613891442,720575940591099732,1,unknown,unknown,downstream
720575940613891442,720575940591131732,1,unknown,unknown,downstream
720575940613891442,720575940591132756,1,unknown,unknown,downstream
720575940613891442,720575940591480244,1,unknown,unknown,downstream
720575940613891442,720575940591595550,1,unknown,unknown,downstream
720575940613891442,720575940591566531,1,unknown,unknown,downstream
720575940613891442,720575940591564483,1,unknown,unknown,downstream
720575940613891442,720575940591552861,1,unknown,unknown,downstream
720575940613891442,720575940591545693,1,unknown,unknown,downstream
720575940613891442,720575940591528752,1,unknown,unknown,downstream
720575940613891442,720575940591484496,1,unknown,unknown,downstream
720575940613891442,720575940591483984,1,unknown,unknown,downstream
720575940613891442,720575940591481680,1,unknown,unknown,downstream
720575940613891442,720575940591470264,1,unknown,unknown,downstream
720575940613891442,720575940591137620,1,unknown,unknown,downstream
720575940613891442,720575940591468125,1,unknown,unknown,downstream
720575940613891442,720575940591440464,1,unknown,unknown,downstream
720575940613891442,720575940591439184,1,unknown,unknown,downstream
720575940613891442,720575940591412816,1,unknown,unknown,downstream
720575940613891442,720575940591384883,1,unknown,unknown,downstream
720575940613891442,720575940591321551,1,unknown,unknown,downstream
720575940613891442,720575940591319759,1,unknown,unknown,downstream
720575940613891442,720575940591304883,1,unknown,unknown,downstream
720575940613891442,720575940591226068,1,unknown,unknown,downstream
720575940613891442,720575940588407741,1,unknown,unknown,downstream
720575940613891442,720575940588397992,1,unknown,unknown,downstream
720575940613891442,720575940600175069,1,unknown,unknown,downstream
720575940613891442,720575940584753135,1,unknown,unknown,downstream
720575940613891442,720575940585312979,1,unknown,unknown,downstream
720575940613891442,720575940585285865,1,unknown,unknown,downstream
720575940613891442,720575940585276371,1,unknown,unknown,downstream
720575940613891442,720575940585267621,1,unknown,unknown,downstream
720575940613891442,720575940585263315,1,unknown,unknown,downstream
720575940613891442,720575940585234341,1,unknown,unknown,downstream
720575940613891442,720575940585226451,1,unknown,unknown,downstream
720575940613891442,720575940585152837,1,unknown,unknown,downstream
720575940613891442,720575940585086975,1,unknown,unknown,downstream
720575940613891442,720575940585051724,1,unknown,unknown,downstream
720575940613891442,720575940585015788,1,unknown,unknown,downstream
720575940613891442,720575940584985929,1,unknown,unknown,downstream
720575940613891442,720575940584981592,1,unknown,unknown,downstream
720575940613891442,720575940584961004,1,unknown,unknown,downstream
720575940613891442,720575940584948198,1,unknown,unknown,downstream
720575940613891442,720575940584945638,1,unknown,unknown,downstream
720575940613891442,720575940584909798,1,unknown,unknown,downstream
720575940613891442,720575940584897403,1,unknown,unknown,downstream
720575940613891442,720575940584793583,1,unknown,unknown,downstream
720575940613891442,720575940584786671,1,unknown,unknown,downstream
720575940613891442,720575940584765679,1,unknown,unknown,downstream
720575940613891442,720575940585326625,1,unknown,unknown,downstream
720575940613891442,720575940585331433,1,unknown,unknown,downstream
720575940613891442,720575940585331489,1,unknown,unknown,downstream
720575940613891442,720575940585559883,1,unknown,unknown,downstream
720575940613891442,720575940585820606,1,unknown,unknown,downstream
720575940613891442,720575940585810555,1,unknown,unknown,downstream
720575940613891442,720575940585786109,1,unknown,unknown,downstream
720575940613891442,720575940585766397,1,unknown,unknown,downstream
720575940613891442,720575940585761277,1,unknown,unknown,downstream
720575940613891442,720575940585742658,1,unknown,unknown,downstream
720575940613891442,720575940585712669,1,unknown,unknown,downstream
720575940613891442,720575940585594472,1,unknown,unknown,downstream
720575940613891442,720575940585588043,1,unknown,unknown,downstream
720575940613891442,720575940585552527,1,unknown,unknown,downstream
720575940613891442,720575940585353449,1,unknown,unknown,downstream
720575940613891442,720575940585491087,1,unknown,unknown,downstream
720575940613891442,720575940585443727,1,unknown,unknown,downstream
720575940613891442,720575940585404905,1,unknown,unknown,downstream
720575940613891442,720575940585399529,1,unknown,unknown,downstream
720575940613891442,720575940585393807,1,unknown,unknown,downstream
720575940613891442,720575940585393551,1,unknown,unknown,downstream
720575940613891442,720575940585393445,1,unknown,unknown,downstream
720575940613891442,720575940585387151,1,unknown,unknown,downstream
720575940613891442,720575940585384079,1,unknown,unknown,downstream
720575940613891442,720575940584753647,1,unknown,unknown,downstream
720575940613891442,720575940584742127,1,unknown,unknown,downstream
720575940613891442,720575940585963501,1,unknown,unknown,downstream
720575940613891442,720575940584678650,1,unknown,unknown,downstream
720575940613891442,720575940584249214,1,unknown,unknown,downstream
720575940613891442,720575940584224514,1,unknown,unknown,downstream
720575940613891442,720575940584208254,1,unknown,unknown,downstream
720575940613891442,720575940584199294,1,unknown,unknown,downstream
720575940613891442,720575940584195573,1,unknown,unknown,downstream
720575940613891442,720575940584191931,1,unknown,unknown,downstream
720575940613891442,720575940584188798,1,unknown,unknown,downstream
720575940613891442,720575940584184190,1,unknown,unknown,downstream
720575940613891442,720575940584138267,1,unknown,unknown,downstream
720575940613891442,720575940584105425,1,unknown,unknown,downstream
720575940613891442,720575940584084271,1,unknown,unknown,downstream
720575940613891442,720575940584064258,1,unknown,unknown,downstream
720575940613891442,720575940583962204,1,unknown,unknown,downstream
720575940613891442,720575940583885594,1,unknown,unknown,downstream
720575940613891442,720575940583858660,1,unknown,unknown,downstream
720575940613891442,720575940583834759,1,unknown,unknown,downstream
720575940613891442,720575940583832711,1,unknown,unknown,downstream
720575940613891442,720575940583789031,1,unknown,unknown,downstream
720575940613891442,720575940583777999,1,unknown,unknown,downstream
720575940613891442,720575940583776282,1,unknown,unknown,downstream
720575940613891442,720575940583773722,1,unknown,unknown,downstream
720575940613891442,720575940584301206,1,unknown,unknown,downstream
720575940613891442,720575940584301414,1,unknown,unknown,downstream
720575940613891442,720575940584303718,1,unknown,unknown,downstream
720575940613891442,720575940584430983,1,unknown,unknown,downstream
720575940613891442,720575940584666276,1,unknown,unknown,downstream
720575940613891442,720575940584605928,1,unknown,unknown,downstream
720575940613891442,720575940584600628,1,unknown,unknown,downstream
720575940613891442,720575940584529383,1,unknown,unknown,downstream
720575940613891442,720575940584517991,1,unknown,unknown,downstream
720575940613891442,720575940584505431,1,unknown,unknown,downstream
720575940613891442,720575940584462732,1,unknown,unknown,downstream
720575940613891442,720575940584462220,1,unknown,unknown,downstream
720575940613891442,720575940584447559,1,unknown,unknown,downstream
720575940613891442,720575940584430471,1,unknown,unknown,downstream
720575940613891442,720575940584304998,1,unknown,unknown,downstream
720575940613891442,720575940584430215,1,unknown,unknown,downstream
720575940613891442,720575940584429703,1,unknown,unknown,downstream
720575940613891442,720575940584429447,1,unknown,unknown,downstream
720575940613891442,720575940584427655,1,unknown,unknown,downstream
720575940613891442,720575940584346302,1,unknown,unknown,downstream
720575940613891442,720575940584339646,1,unknown,unknown,downstream
720575940613891442,720575940584337342,1,unknown,unknown,downstream
720575940613891442,720575940584328002,1,unknown,unknown,downstream
720575940613891442,720575940584322818,1,unknown,unknown,downstream
720575940613891442,720575940585925284,1,unknown,unknown,downstream
720575940613891442,720575940585964269,1,unknown,unknown,downstream
720575940613891442,720575940588313777,1,unknown,unknown,downstream
720575940613891442,720575940587051108,1,unknown,unknown,downstream
720575940613891442,720575940587415123,1,unknown,unknown,downstream
720575940613891442,720575940587369850,1,unknown,unknown,downstream
720575940613891442,720575940587369240,1,unknown,unknown,downstream
720575940613891442,720575940587367704,1,unknown,unknown,downstream
720575940613891442,720575940587364742,1,unknown,unknown,downstream
720575940613891442,720575940587326330,1,unknown,unknown,downstream
720575940613891442,720575940587316484,1,unknown,unknown,downstream
720575940613891442,720575940587315204,1,unknown,unknown,downstream
720575940613891442,720575940587312132,1,unknown,unknown,downstream
720575940613891442,720575940587272907,1,unknown,unknown,downstream
720575940613891442,720575940587272531,1,unknown,unknown,downstream
720575940613891442,720575940587270483,1,unknown,unknown,downstream
720575940613891442,720575940587269364,1,unknown,unknown,downstream
720575940613891442,720575940587267155,1,unknown,unknown,downstream
720575940613891442,720575940587266387,1,unknown,unknown,downstream
720575940613891442,720575940587261684,1,unknown,unknown,downstream
720575940613891442,720575940587259672,1,unknown,unknown,downstream
720575940613891442,720575940587258356,1,unknown,unknown,downstream
720575940613891442,720575940587257624,1,unknown,unknown,downstream
720575940613891442,720575940587257076,1,unknown,unknown,downstream
720575940613891442,720575940587251956,1,unknown,unknown,downstream
720575940613891442,720575940587417171,1,unknown,unknown,downstream
720575940613891442,720575940587417466,1,unknown,unknown,downstream
720575940613891442,720575940587419906,1,unknown,unknown,downstream
720575940613891442,720575940587732739,1,unknown,unknown,downstream
720575940613891442,720575940588310449,1,unknown,unknown,downstream
720575940613891442,720575940588267197,1,unknown,unknown,downstream
720575940613891442,720575940588259740,1,unknown,unknown,downstream
720575940613891442,720575940588253084,1,unknown,unknown,downstream
720575940613891442,720575940588119348,1,unknown,unknown,downstream
720575940613891442,720575940587955441,1,unknown,unknown,downstream
720575940613891442,720575940587877162,1,unknown,unknown,downstream
720575940613891442,720575940587841096,1,unknown,unknown,downstream
720575940613891442,720575940587821354,1,unknown,unknown,downstream
720575940613891442,720575940587642374,1,unknown,unknown,downstream
720575940613891442,720575940587427962,1,unknown,unknown,downstream
720575940613891442,720575940587620352,1,unknown,unknown,downstream
720575940613891442,720575940587529170,1,unknown,unknown,downstream
720575940613891442,720575940587524818,1,unknown,unknown,downstream
720575940613891442,720575940587457670,1,unknown,unknown,downstream
720575940613891442,720575940587456390,1,unknown,unknown,downstream
720575940613891442,720575940587448454,1,unknown,unknown,downstream
720575940613891442,720575940587446585,1,unknown,unknown,downstream
720575940613891442,720575940587429378,1,unknown,unknown,downstream
720575940613891442,720575940587428894,1,unknown,unknown,downstream
720575940613891442,720575940587089811,1,unknown,unknown,downstream
720575940613891442,720575940586995633,1,unknown,unknown,downstream
720575940613891442,720575940585973898,1,unknown,unknown,downstream
720575940613891442,720575940586993585,1,unknown,unknown,downstream
720575940613891442,720575940586440575,1,unknown,unknown,downstream
720575940613891442,720575940586428889,1,unknown,unknown,downstream
720575940613891442,720575940586367026,1,unknown,unknown,downstream
720575940613891442,720575940586281276,1,unknown,unknown,downstream
720575940613891442,720575940586281020,1,unknown,unknown,downstream
720575940613891442,720575940586274157,1,unknown,unknown,downstream
720575940613891442,720575940586270061,1,unknown,unknown,downstream
720575940613891442,720575940586218088,1,unknown,unknown,downstream
720575940613891442,720575940586193132,1,unknown,unknown,downstream
720575940613891442,720575940586181184,1,unknown,unknown,downstream
720575940613891442,720575940586177856,1,unknown,unknown,downstream
720575940613891442,720575940586177600,1,unknown,unknown,downstream
720575940613891442,720575940586158807,1,unknown,unknown,downstream
720575940613891442,720575940586155735,1,unknown,unknown,downstream
720575940613891442,720575940586139351,1,unknown,unknown,downstream
720575940613891442,720575940586090041,1,unknown,unknown,downstream
720575940613891442,720575940586063413,1,unknown,unknown,downstream
720575940613891442,720575940586008970,1,unknown,unknown,downstream
720575940613891442,720575940586007857,1,unknown,unknown,downstream
720575940613891442,720575940586000778,1,unknown,unknown,downstream
720575940613891442,720575940586000010,1,unknown,unknown,downstream
720575940613891442,720575940586445439,1,unknown,unknown,downstream
720575940613891442,720575940586446719,1,unknown,unknown,downstream
720575940613891442,720575940586449755,1,unknown,unknown,downstream
720575940613891442,720575940586653763,1,unknown,unknown,downstream
720575940613891442,720575940586971313,1,unknown,unknown,downstream
720575940613891442,720575940586932149,1,unknown,unknown,downstream
720575940613891442,720575940586931664,1,unknown,unknown,downstream
720575940613891442,720575940586841782,1,unknown,unknown,downstream
720575940613891442,720575940586794944,1,unknown,unknown,downstream
720575940613891442,720575940586789312,1,unknown,unknown,downstream
720575940613891442,720575940586788782,1,unknown,unknown,downstream
720575940613891442,720575940586712453,1,unknown,unknown,downstream
720575940613891442,720575940586708357,1,unknown,unknown,downstream
720575940613891442,720575940586653139,1,unknown,unknown,downstream
720575940613891442,720575940586482699,1,unknown,unknown,downstream
720575940613891442,720575940586652883,1,unknown,unknown,downstream
720575940613891442,720575940586605830,1,unknown,unknown,downstream
720575940613891442,720575940586596605,1,unknown,unknown,downstream
720575940613891442,720575940586592467,1,unknown,unknown,downstream
720575940613891442,720575940586582872,1,unknown,unknown,downstream
720575940613891442,720575940586581336,1,unknown,unknown,downstream
720575940613891442,720575940586573180,1,unknown,unknown,downstream
720575940613891442,720575940586548646,1,unknown,unknown,downstream
720575940613891442,720575940586528127,1,unknown,unknown,downstream
720575940613891442,720575940592567405,1,unknown,unknown,downstream
720575940613891442,720575940592567674,1,unknown,unknown,downstream
720575940613891442,720575940592570746,1,unknown,unknown,downstream
720575940613891442,720575940596941369,1,unknown,unknown,downstream
720575940613891442,720575940597577439,1,unknown,unknown,downstream
720575940613891442,720575940597477318,1,unknown,unknown,downstream
720575940613891442,720575940597447450,1,unknown,unknown,downstream
720575940613891442,720575940597410586,1,unknown,unknown,downstream
720575940613891442,720575940597409050,1,unknown,unknown,downstream
720575940613891442,720575940597401114,1,unknown,unknown,downstream
720575940613891442,720575940597396507,1,unknown,unknown,downstream
720575940613891442,720575940597390756,1,unknown,unknown,downstream
720575940613891442,720575940597372068,1,unknown,unknown,downstream
720575940613891442,720575940597330391,1,unknown,unknown,downstream
720575940613891442,720575940597294181,1,unknown,unknown,downstream
720575940613891442,720575940597279565,1,unknown,unknown,downstream
720575940613891442,720575940597211103,1,unknown,unknown,downstream
720575940613891442,720575940597176969,1,unknown,unknown,downstream
720575940613891442,720575940597172114,1,unknown,unknown,downstream
720575940613891442,720575940597160249,1,unknown,unknown,downstream
720575940613891442,720575940597155412,1,unknown,unknown,downstream
720575940613891442,720575940597111629,1,unknown,unknown,downstream
720575940613891442,720575940597078356,1,unknown,unknown,downstream
720575940613891442,720575940597068767,1,unknown,unknown,downstream
720575940613891442,720575940596988934,1,unknown,unknown,downstream
720575940613891442,720575940597612934,1,unknown,unknown,downstream
720575940613891442,720575940597697414,1,unknown,unknown,downstream
720575940613891442,720575940597701766,1,unknown,unknown,downstream
720575940613891442,720575940598131463,1,unknown,unknown,downstream
720575940613891442,720575940598403782,1,unknown,unknown,downstream
720575940613891442,720575940598363531,1,unknown,unknown,downstream
720575940613891442,720575940598362603,1,unknown,unknown,downstream
720575940613891442,720575940598361739,1,unknown,unknown,downstream
720575940613891442,720575940598360043,1,unknown,unknown,downstream
720575940613891442,720575940598335094,1,unknown,unknown,downstream
720575940613891442,720575940598302462,1,unknown,unknown,downstream
720575940613891442,720575940598212871,1,unknown,unknown,downstream
720575940613891442,720575940598172399,1,unknown,unknown,downstream
720575940613891442,720575940598095028,1,unknown,unknown,downstream
720575940613891442,720575940597703046,1,unknown,unknown,downstream
720575940613891442,720575940598086068,1,unknown,unknown,downstream
720575940613891442,720575940598027015,1,unknown,unknown,downstream
720575940613891442,720575940597945214,1,unknown,unknown,downstream
720575940613891442,720575940597914822,1,unknown,unknown,downstream
720575940613891442,720575940597806534,1,unknown,unknown,downstream
720575940613891442,720575940597792937,1,unknown,unknown,downstream
720575940613891442,720575940597784139,1,unknown,unknown,downstream
720575940613891442,720575940597775273,1,unknown,unknown,downstream
720575940613891442,720575940597704326,1,unknown,unknown,downstream
720575940613891442,720575940596960696,1,unknown,unknown,downstream
720575940613891442,720575940596918212,1,unknown,unknown,downstream
720575940613891442,720575940598430531,1,unknown,unknown,downstream
720575940613891442,720575940596917076,1,unknown,unknown,downstream
720575940613891442,720575940596593653,1,unknown,unknown,downstream
720575940613891442,720575940596578081,1,unknown,unknown,downstream
720575940613891442,720575940596570101,1,unknown,unknown,downstream
720575940613891442,720575940596560751,1,unknown,unknown,downstream
720575940613891442,720575940596545721,1,unknown,unknown,downstream
720575940613891442,720575940596543929,1,unknown,unknown,downstream
720575940613891442,720575940596537121,1,unknown,unknown,downstream
720575940613891442,720575940596534817,1,unknown,unknown,downstream
720575940613891442,720575940596520056,1,unknown,unknown,downstream
720575940613891442,720575940596519925,1,unknown,unknown,downstream
720575940613891442,720575940596514936,1,unknown,unknown,downstream
720575940613891442,720575940596498044,1,unknown,unknown,downstream
720575940613891442,720575940596471366,1,unknown,unknown,downstream
720575940613891442,720575940596470969,1,unknown,unknown,downstream
720575940613891442,720575940596454520,1,unknown,unknown,downstream
720575940613891442,720575940596417721,1,unknown,unknown,downstream
720575940613891442,720575940596407647,1,unknown,unknown,downstream
720575940613891442,720575940596405879,1,unknown,unknown,downstream
720575940613891442,720575940596403490,1,unknown,unknown,downstream
720575940613891442,720575940596395900,1,unknown,unknown,downstream
720575940613891442,720575940596372919,1,unknown,unknown,downstream
720575940613891442,720575940596594516,1,unknown,unknown,downstream
720575940613891442,720575940596597749,1,unknown,unknown,downstream
720575940613891442,720575940596600309,1,unknown,unknown,downstream
720575940613891442,720575940596719778,1,unknown,unknown,downstream
720575940613891442,720575940596902056,1,unknown,unknown,downstream
720575940613891442,720575940596890552,1,unknown,unknown,downstream
720575940613891442,720575940596866087,1,unknown,unknown,downstream
720575940613891442,720575940596865281,1,unknown,unknown,downstream
720575940613891442,720575940596856577,1,unknown,unknown,downstream
720575940613891442,720575940596850344,1,unknown,unknown,downstream
720575940613891442,720575940596848312,1,unknown,unknown,downstream
720575940613891442,720575940596755325,1,unknown,unknown,downstream
720575940613891442,720575940596723757,1,unknown,unknown,downstream
720575940613891442,720575940596719522,1,unknown,unknown,downstream
720575940613891442,720575940596616993,1,unknown,unknown,downstream
720575940613891442,720575940596703650,1,unknown,unknown,downstream
720575940613891442,720575940596688057,1,unknown,unknown,downstream
720575940613891442,720575940596678780,1,unknown,unknown,downstream
720575940613891442,720575940596671673,1,unknown,unknown,downstream
720575940613891442,720575940596668857,1,unknown,unknown,downstream
720575940613891442,720575940596658297,1,unknown,unknown,downstream
720575940613891442,720575940596642849,1,unknown,unknown,downstream
720575940613891442,720575940596642337,1,unknown,unknown,downstream
720575940613891442,720575940596641835,1,unknown,unknown,downstream
720575940613891442,720575940598411403,1,unknown,unknown,downstream
720575940613891442,720575940598439298,1,unknown,unknown,downstream
720575940613891442,720575940592630409,1,unknown,unknown,downstream
720575940613891442,720575940599282061,1,unknown,unknown,downstream
720575940613891442,720575940599596957,1,unknown,unknown,downstream
720575940613891442,720575940599593373,1,unknown,unknown,downstream
720575940613891442,720575940599586973,1,unknown,unknown,downstream
720575940613891442,720575940599583645,1,unknown,unknown,downstream
720575940613891442,720575940599582365,1,unknown,unknown,downstream
720575940613891442,720575940599580573,1,unknown,unknown,downstream
720575940613891442,720575940599549085,1,unknown,unknown,downstream
720575940613891442,720575940599495837,1,unknown,unknown,downstream
720575940613891442,720575940599487911,1,unknown,unknown,downstream
720575940613891442,720575940599468455,1,unknown,unknown,downstream
720575940613891442,720575940599460160,1,unknown,unknown,downstream
720575940613891442,720575940599423698,1,unknown,unknown,downstream
720575940613891442,720575940599403730,1,unknown,unknown,downstream
720575940613891442,720575940599398610,1,unknown,unknown,downstream
720575940613891442,720575940599397842,1,unknown,unknown,downstream
720575940613891442,720575940599338740,1,unknown,unknown,downstream
720575940613891442,720575940599336930,1,unknown,unknown,downstream
720575940613891442,720575940599327261,1,unknown,unknown,downstream
720575940613891442,720575940599326264,1,unknown,unknown,downstream
720575940613891442,720575940599318584,1,unknown,unknown,downstream
720575940613891442,720575940599291602,1,unknown,unknown,downstream
720575940613891442,720575940599604776,1,unknown,unknown,downstream
720575940613891442,720575940599737228,1,unknown,unknown,downstream
720575940613891442,720575940599745676,1,unknown,unknown,downstream
720575940613891442,720575940600065181,1,unknown,unknown,downstream
720575940613891442,720575940600172555,1,unknown,unknown,downstream
720575940613891442,720575940600171431,1,unknown,unknown,downstream
720575940613891442,720575940600133021,1,unknown,unknown,downstream
720575940613891442,720575940600119453,1,unknown,unknown,downstream
720575940613891442,720575940600099112,1,unknown,unknown,downstream
720575940613891442,720575940600069789,1,unknown,unknown,downstream
720575940613891442,720575940600068775,1,unknown,unknown,downstream
720575940613891442,720575940600067485,1,unknown,unknown,downstream
720575940613891442,720575940600065949,1,unknown,unknown,downstream
720575940613891442,720575940600056999,1,unknown,unknown,downstream
720575940613891442,720575940599753693,1,unknown,unknown,downstream
720575940613891442,720575940600039645,1,unknown,unknown,downstream
720575940613891442,720575940599989515,1,unknown,unknown,downstream
720575940613891442,720575940599928989,1,unknown,unknown,downstream
720575940613891442,720575940599928733,1,unknown,unknown,downstream
720575940613891442,720575940599888591,1,unknown,unknown,downstream
720575940613891442,720575940599873999,1,unknown,unknown,downstream
720575940613891442,720575940599843880,1,unknown,unknown,downstream
720575940613891442,720575940599795240,1,unknown,unknown,downstream
720575940613891442,720575940599789533,1,unknown,unknown,downstream
720575940613891442,720575940599283085,1,unknown,unknown,downstream
720575940613891442,720575940599276429,1,unknown,unknown,downstream
720575940613891442,720575940598441090,1,unknown,unknown,downstream
720575940613891442,720575940599221907,1,unknown,unknown,downstream
720575940613891442,720575940598841064,1,unknown,unknown,downstream
720575940613891442,720575940598840808,1,unknown,unknown,downstream
720575940613891442,720575940598834707,1,unknown,unknown,downstream
720575940613891442,720575940598832915,1,unknown,unknown,downstream
720575940613891442,720575940598826259,1,unknown,unknown,downstream
720575940613891442,720575940598825319,1,unknown,unknown,downstream
720575940613891442,720575940598817628,1,unknown,unknown,downstream
720575940613891442,720575940598753555,1,unknown,unknown,downstream
720575940613891442,720575940598701331,1,unknown,unknown,downstream
720575940613891442,720575940598668242,1,unknown,unknown,downstream
720575940613891442,720575940598638985,1,unknown,unknown,downstream
720575940613891442,720575940598631902,1,unknown,unknown,downstream
720575940613891442,720575940598623198,1,unknown,unknown,downstream
720575940613891442,720575940598620179,1,unknown,unknown,downstream
720575940613891442,720575940598582155,1,unknown,unknown,downstream
720575940613891442,720575940598570515,1,unknown,unknown,downstream
720575940613891442,720575940598546654,1,unknown,unknown,downstream
720575940613891442,720575940598534460,1,unknown,unknown,downstream
720575940613891442,720575940598522754,1,unknown,unknown,downstream
720575940613891442,720575940598505858,1,unknown,unknown,downstream
720575940613891442,720575940598495364,1,unknown,unknown,downstream
720575940613891442,720575940598847881,1,unknown,unknown,downstream
720575940613891442,720575940598862334,1,unknown,unknown,downstream
720575940613891442,720575940598875411,1,unknown,unknown,downstream
720575940613891442,720575940599026390,1,unknown,unknown,downstream
720575940613891442,720575940599220627,1,unknown,unknown,downstream
720575940613891442,720575940599194417,1,unknown,unknown,downstream
720575940613891442,720575940599144275,1,unknown,unknown,downstream
720575940613891442,720575940599116498,1,unknown,unknown,downstream
720575940613891442,720575940599065875,1,unknown,unknown,downstream
720575940613891442,720575940599050454,1,unknown,unknown,downstream
720575940613891442,720575940599036043,1,unknown,unknown,downstream
720575940613891442,720575940599034507,1,unknown,unknown,downstream
720575940613891442,720575940599033483,1,unknown,unknown,downstream
720575940613891442,720575940599026134,1,unknown,unknown,downstream
720575940613891442,720575940598893843,1,unknown,unknown,downstream
720575940613891442,720575940599021042,1,unknown,unknown,downstream
720575940613891442,720575940599005971,1,unknown,unknown,downstream
720575940613891442,720575940599000083,1,unknown,unknown,downstream
720575940613891442,720575940598974674,1,unknown,unknown,downstream
720575940613891442,720575940598971602,1,unknown,unknown,downstream
720575940613891442,720575940598971346,1,unknown,unknown,downstream
720575940613891442,720575940598939390,1,unknown,unknown,downstream
720575940613891442,720575940598930448,1,unknown,unknown,downstream
720575940613891442,720575940598917886,1,unknown,unknown,downstream
720575940613891442,720575940596320439,1,unknown,unknown,downstream
720575940613891442,720575940596250786,1,unknown,unknown,downstream
720575940613891442,720575940596250018,1,unknown,unknown,downstream
720575940613891442,720575940593532244,1,unknown,unknown,downstream
720575940613891442,720575940593991652,1,unknown,unknown,downstream
720575940613891442,720575940593973220,1,unknown,unknown,downstream
720575940613891442,720575940593971172,1,unknown,unknown,downstream
720575940613891442,720575940593951954,1,unknown,unknown,downstream
720575940613891442,720575940593948370,1,unknown,unknown,downstream
720575940613891442,720575940593942582,1,unknown,unknown,downstream
720575940613891442,720575940593933028,1,unknown,unknown,downstream
720575940613891442,720575940593930453,1,unknown,unknown,downstream
720575940613891442,720575940593909115,1,unknown,unknown,downstream
720575940613891442,720575940593908603,1,unknown,unknown,downstream
720575940613891442,720575940593870203,1,unknown,unknown,downstream
720575940613891442,720575940593791698,1,unknown,unknown,downstream
720575940613891442,720575940593739474,1,unknown,unknown,downstream
720575940613891442,720575940593675591,1,unknown,unknown,downstream
720575940613891442,720575940593663348,1,unknown,unknown,downstream
720575940613891442,720575940593652295,1,unknown,unknown,downstream
720575940613891442,720575940593648665,1,unknown,unknown,downstream
720575940613891442,720575940593642511,1,unknown,unknown,downstream
720575940613891442,720575940593568983,1,unknown,unknown,downstream
720575940613891442,720575940593567897,1,unknown,unknown,downstream
720575940613891442,720575940593544938,1,unknown,unknown,downstream
720575940613891442,720575940594018734,1,unknown,unknown,downstream
720575940613891442,720575940594042596,1,unknown,unknown,downstream
720575940613891442,720575940594049764,1,unknown,unknown,downstream
720575940613891442,720575940594183714,1,unknown,unknown,downstream
720575940613891442,720575940594383806,1,unknown,unknown,downstream
720575940613891442,720575940594329209,1,unknown,unknown,downstream
720575940613891442,720575940594298860,1,unknown,unknown,downstream
720575940613891442,720575940594263447,1,unknown,unknown,downstream
720575940613891442,720575940594254847,1,unknown,unknown,downstream
720575940613891442,720575940594252627,1,unknown,unknown,downstream
720575940613891442,720575940594246524,1,unknown,unknown,downstream
720575940613891442,720575940594242303,1,unknown,unknown,downstream
720575940613891442,720575940594240968,1,unknown,unknown,downstream
720575940613891442,720575940594180898,1,unknown,unknown,downstream
720575940613891442,720575940594050403,1,unknown,unknown,downstream
720575940613891442,720575940594177314,1,unknown,unknown,downstream
720575940613891442,720575940594161248,1,unknown,unknown,downstream
720575940613891442,720575940594151520,1,unknown,unknown,downstream
720575940613891442,720575940594148119,1,unknown,unknown,downstream
720575940613891442,720575940594138647,1,unknown,unknown,downstream
720575940613891442,720575940594123619,1,unknown,unknown,downstream
720575940613891442,720575940594108796,1,unknown,unknown,downstream
720575940613891442,720575940594069347,1,unknown,unknown,downstream
720575940613891442,720575940594068835,1,unknown,unknown,downstream
720575940613891442,720575940593539873,1,unknown,unknown,downstream
720575940613891442,720575940593531732,1,unknown,unknown,downstream
720575940613891442,720575940596171054,1,unknown,unknown,downstream
720575940613891442,720575940593528916,1,unknown,unknown,downstream
720575940613891442,720575940593111839,1,unknown,unknown,downstream
720575940613891442,720575940593087876,1,unknown,unknown,downstream
720575940613891442,720575940593085316,1,unknown,unknown,downstream
720575940613891442,720575940593003881,1,unknown,unknown,downstream
720575940613891442,720575940593001577,1,unknown,unknown,downstream
720575940613891442,720575940592999529,1,unknown,unknown,downstream
720575940613891442,720575940592982903,1,unknown,unknown,downstream
720575940613891442,720575940592922820,1,unknown,unknown,downstream
720575940613891442,720575940592907517,1,unknown,unknown,downstream
720575940613891442,720575940592893208,1,unknown,unknown,downstream
720575940613891442,720575940592892440,1,unknown,unknown,downstream
720575940613891442,720575940592883305,1,unknown,unknown,downstream
720575940613891442,720575940592879730,1,unknown,unknown,downstream
720575940613891442,720575940592878706,1,unknown,unknown,downstream
720575940613891442,720575940592853444,1,unknown,unknown,downstream
720575940613891442,720575940592851480,1,unknown,unknown,downstream
720575940613891442,720575940592773482,1,unknown,unknown,downstream
720575940613891442,720575940592746090,1,unknown,unknown,downstream
720575940613891442,720575940592693892,1,unknown,unknown,downstream
720575940613891442,720575940592692706,1,unknown,unknown,downstream
720575940613891442,720575940592690302,1,unknown,unknown,downstream
720575940613891442,720575940593117708,1,unknown,unknown,downstream
720575940613891442,720575940593121548,1,unknown,unknown,downstream
720575940613891442,720575940593121804,1,unknown,unknown,downstream
720575940613891442,720575940593351890,1,unknown,unknown,downstream
720575940613891442,720575940593505652,1,unknown,unknown,downstream
720575940613891442,720575940593503674,1,unknown,unknown,downstream
720575940613891442,720575940593500276,1,unknown,unknown,downstream
720575940613891442,720575940593495668,1,unknown,unknown,downstream
720575940613891442,720575940593494132,1,unknown,unknown,downstream
720575940613891442,720575940593491316,1,unknown,unknown,downstream
720575940613891442,720575940593464150,1,unknown,unknown,downstream
720575940613891442,720575940593434196,1,unknown,unknown,downstream
720575940613891442,720575940593377442,1,unknown,unknown,downstream
720575940613891442,720575940593343698,1,unknown,unknown,downstream
720575940613891442,720575940593154075,1,unknown,unknown,downstream
720575940613891442,720575940593343442,1,unknown,unknown,downstream
720575940613891442,720575940593309089,1,unknown,unknown,downstream
720575940613891442,720575940593305249,1,unknown,unknown,downstream
720575940613891442,720575940593284172,1,unknown,unknown,downstream
720575940613891442,720575940593251248,1,unknown,unknown,downstream
720575940613891442,720575940593233072,1,unknown,unknown,downstream
720575940613891442,720575940593162779,1,unknown,unknown,downstream
720575940613891442,720575940593162267,1,unknown,unknown,downstream
720575940613891442,720575940593158171,1,unknown,unknown,downstream
720575940613891442,720575940594386366,1,unknown,unknown,downstream
720575940613891442,720575940594446627,1,unknown,unknown,downstream
720575940613891442,720575940594452259,1,unknown,unknown,downstream
720575940613891442,720575940594453539,1,unknown,unknown,downstream
720575940613891442,720575940595703041,1,unknown,unknown,downstream
720575940613891442,720575940595679563,1,unknown,unknown,downstream
720575940613891442,720575940595678283,1,unknown,unknown,downstream
720575940613891442,720575940595675467,1,unknown,unknown,downstream
720575940613891442,720575940595671370,1,unknown,unknown,downstream
720575940613891442,720575940595670346,1,unknown,unknown,downstream
720575940613891442,720575940595668810,1,unknown,unknown,downstream
720575940613891442,720575940595667274,1,unknown,unknown,downstream
720575940613891442,720575940595665482,1,unknown,unknown,downstream
720575940613891442,720575940595660874,1,unknown,unknown,downstream
720575940613891442,720575940595659082,1,unknown,unknown,downstream
720575940613891442,720575940595641390,1,unknown,unknown,downstream
720575940613891442,720575940595605067,1,unknown,unknown,downstream
720575940613891442,720575940595587360,1,unknown,unknown,downstream
720575940613891442,720575940595583666,1,unknown,unknown,downstream
720575940613891442,720575940595567399,1,unknown,unknown,downstream
720575940613891442,720575940595548718,1,unknown,unknown,downstream
720575940613891442,720575940595534382,1,unknown,unknown,downstream
720575940613891442,720575940595515050,1,unknown,unknown,downstream
720575940613891442,720575940595497546,1,unknown,unknown,downstream
720575940613891442,720575940595496778,1,unknown,unknown,downstream
720575940613891442,720575940595731607,1,unknown,unknown,downstream
720575940613891442,720575940595732887,1,unknown,unknown,downstream
720575940613891442,720575940595742871,1,unknown,unknown,downstream
720575940613891442,720575940595957017,1,unknown,unknown,downstream
720575940613891442,720575940596170798,1,unknown,unknown,downstream
720575940613891442,720575940596074759,1,unknown,unknown,downstream
720575940613891442,720575940596037802,1,unknown,unknown,downstream
720575940613891442,720575940596036678,1,unknown,unknown,downstream
720575940613891442,720575940596026538,1,unknown,unknown,downstream
720575940613891442,720575940596016475,1,unknown,unknown,downstream
720575940613891442,720575940596016219,1,unknown,unknown,downstream
720575940613891442,720575940596013382,1,unknown,unknown,downstream
720575940613891442,720575940595957529,1,unknown,unknown,downstream
720575940613891442,720575940595953433,1,unknown,unknown,downstream
720575940613891442,720575940595762924,1,unknown,unknown,downstream
720575940613891442,720575940595949241,1,unknown,unknown,downstream
720575940613891442,720575940595949081,1,unknown,unknown,downstream
720575940613891442,720575940595945497,1,unknown,unknown,downstream
720575940613891442,720575940595931321,1,unknown,unknown,downstream
720575940613891442,720575940595926201,1,unknown,unknown,downstream
720575940613891442,720575940595869977,1,unknown,unknown,downstream
720575940613891442,720575940595813345,1,unknown,unknown,downstream
720575940613891442,720575940595813089,1,unknown,unknown,downstream
720575940613891442,720575940595803361,1,unknown,unknown,downstream
720575940613891442,720575940595496266,1,unknown,unknown,downstream
720575940613891442,720575940595444009,1,unknown,unknown,downstream
720575940613891442,720575940595376885,1,unknown,unknown,downstream
720575940613891442,720575940594701776,1,unknown,unknown,downstream
720575940613891442,720575940594780620,1,unknown,unknown,downstream
720575940613891442,720575940594778828,1,unknown,unknown,downstream
720575940613891442,720575940594777036,1,unknown,unknown,downstream
720575940613891442,720575940594768167,1,unknown,unknown,downstream
720575940613891442,720575940594754678,1,unknown,unknown,downstream
720575940613891442,720575940594728781,1,unknown,unknown,downstream
720575940613891442,720575940594723538,1,unknown,unknown,downstream
720575940613891442,720575940594712141,1,unknown,unknown,downstream
720575940613891442,720575940594702288,1,unknown,unknown,downstream
720575940613891442,720575940594649234,1,unknown,unknown,downstream
720575940613891442,720575940594808313,1,unknown,unknown,downstream
720575940613891442,720575940594634045,1,unknown,unknown,downstream
720575940613891442,720575940594616147,1,unknown,unknown,downstream
720575940613891442,720575940594561181,1,unknown,unknown,downstream
720575940613891442,720575940594545570,1,unknown,unknown,downstream
720575940613891442,720575940594524094,1,unknown,unknown,downstream
720575940613891442,720575940594523582,1,unknown,unknown,downstream
720575940613891442,720575940594516798,1,unknown,unknown,downstream
720575940613891442,720575940594495000,1,unknown,unknown,downstream
720575940613891442,720575940594492934,1,unknown,unknown,downstream
720575940613891442,720575940594808057,1,unknown,unknown,downstream
720575940613891442,720575940594851250,1,unknown,unknown,downstream
720575940613891442,720575940595298089,1,unknown,unknown,downstream
720575940613891442,720575940595132423,1,unknown,unknown,downstream
720575940613891442,720575940595282711,1,unknown,unknown,downstream
720575940613891442,720575940595281943,1,unknown,unknown,downstream
720575940613891442,720575940595278334,1,unknown,unknown,downstream
720575940613891442,720575940595271844,1,unknown,unknown,downstream
720575940613891442,720575940595260263,1,unknown,unknown,downstream
720575940613891442,720575940595248036,1,unknown,unknown,downstream
720575940613891442,720575940595224996,1,unknown,unknown,downstream
720575940613891442,720575940595224228,1,unknown,unknown,downstream
720575940613891442,720575940595183514,1,unknown,unknown,downstream
720575940613891442,720575940595125502,1,unknown,unknown,downstream
720575940613891442,720575940594869053,1,unknown,unknown,downstream
720575940613891442,720575940595122686,1,unknown,unknown,downstream
720575940613891442,720575940595100031,1,unknown,unknown,downstream
720575940613891442,720575940595085183,1,unknown,unknown,downstream
720575940613891442,720575940595063016,1,unknown,unknown,downstream
720575940613891442,720575940595009198,1,unknown,unknown,downstream
720575940613891442,720575940595006126,1,unknown,unknown,downstream
720575940613891442,720575940594987647,1,unknown,unknown,downstream
720575940613891442,720575940594986111,1,unknown,unknown,downstream
720575940613891442,720575940594985599,1,unknown,unknown,downstream
720575940613891442,720575940494886290,1,unknown,unknown,downstream
