root_id,nt_type,flow,super_class,class,sub_class,cell_type,hemilineage,nerve,side,input_synapses,output_synapses,Syn
720575940607155890,acetylcholine,intrinsic,central,MBON,,MBON26,putative_primary,,right,7656,15196,83
720575940653480438,gaba,intrinsic,central,,,CRE100,putative_primary,,right,2855,10079,53
720575940620464321,glutamate,intrinsic,central,MBON,,MBON04,putative_primary,,left,10169,16845,47
720575940620317564,glutamate,intrinsic,central,CX,tangential,"FB4P,FB4Q,FB4R",AOTUv4_ventral,,right,580,2051,43
720575940621164720,acetylcholine,intrinsic,central,MBON,,MBON05,putative_primary,,left,13153,10587,41
720575940621766938,acetylcholine,intrinsic,central,,,LAL159,putative_primary,,right,4925,8096,34
720575940626654041,acetylcholine,intrinsic,central,,,LAL185,DM5_ventral,,right,1748,2693,33
720575940637098352,gaba,intrinsic,central,LHCENT,,LHCENT3,primary,,right,7636,23289,32
720575940611344078,gaba,intrinsic,central,MBON,,MBON20,putative_primary,,right,2423,17063,27
720575940622719770,gaba,intrinsic,central,,,mALD1,CREa1_ventral,,left,3057,25529,19
720575940644849431,glutamate,intrinsic,central,,,SMP075,putative_primary,,right,878,3167,17
720575940629592143,acetylcholine,intrinsic,central,,,LAL185,DM5_ventral,,right,1005,3029,17
720575940619814997,glutamate,intrinsic,central,,,SMP075,putative_primary,,right,922,3542,15
720575940629112579,glutamate,intrinsic,central,CX,tangential,FB4C,LALv1_dorsal,,right,1467,1496,15
720575940623120222,gaba,intrinsic,central,,,LAL100,putative_primary,,right,1973,5150,15
720575940636343147,acetylcholine,intrinsic,central,LHCENT,,LHCENT11,primary,,right,1706,15857,14
720575940623817223,glutamate,intrinsic,central,,,VES047,putative_primary,,right,3173,5769,14
720575940618249797,acetylcholine,intrinsic,central,MBON,,MBON27,putative_primary,,right,4221,6591,13
720575940614428319,acetylcholine,intrinsic,central,,,LAL169,putative_primary,,right,2829,4250,13
720575940625886666,acetylcholine,intrinsic,central,,,CRE081,DM1_antero_dorsal,,right,497,2311,13
720575940618295376,glutamate,intrinsic,central,CX,tangential,"FB4P,FB4Q,FB4R",AOTUv4_ventral,,right,687,2524,12
720575940617691170,dopamine,intrinsic,central,DAN,,PPL101,putative_primary,,right,10378,3507,12
720575940629981440,acetylcholine,intrinsic,central,MBON,,MBON26,putative_primary,,left,6486,12537,12
720575940627653502,glutamate,intrinsic,central,CX,tangential,"FB4P,FB4Q,FB4R",AOTUv4_ventral,,right,280,1692,11
720575940631449411,gaba,intrinsic,central,CX,tangential,"FB4A,FB4D,FB4E,FB4F,FB4G,FB4H,FB4I,FB4J",LALv1_dorsal,,right,2007,5543,11
720575940625990500,acetylcholine,intrinsic,central,,,SMP586,putative_primary,,right,1692,9775,10
720575940617532089,glutamate,intrinsic,central,,,CRE050,putative_primary,,right,2936,6756,10
720575940611738035,gaba,intrinsic,central,,,"SMP049,SMP076",putative_primary,,right,3280,13168,10
720575940628137222,glutamate,intrinsic,central,CX,tangential,FB4O,AOTUv4_ventral,,right,356,1495,10
720575940610051733,glutamate,intrinsic,central,CX,tangential,FB4O,AOTUv4_ventral,,right,625,2004,10
720575940620903518,glutamate,intrinsic,central,,,"ATL005,ATL007",CREa1_dorsal,,right,719,1517,10
720575940629897260,glutamate,intrinsic,central,,,CRE075,putative_primary,,right,3316,6328,9
720575940629760567,acetylcholine,intrinsic,central,,,CRE080,DM1_antero_dorsal,,right,449,1855,8
720575940633117580,gaba,intrinsic,central,,,"SMP049,SMP076",putative_primary,,right,3083,13132,8
720575940629332730,acetylcholine,intrinsic,central,,,CRE080,DM1_antero_dorsal,,right,644,2215,8
720575940621569006,glutamate,intrinsic,central,,,ATL033,putative_primary,,right,1058,3601,8
720575940633541857,dopamine,intrinsic,central,DAN,,PAM13,CREa2_medial,,right,346,143,7
720575940612953714,acetylcholine,intrinsic,central,,,LAL196,putative_primary,,right,1216,1671,7
720575940617071372,glutamate,intrinsic,central,,,CRE050,putative_primary,,left,2476,7851,7
720575940608663253,acetylcholine,intrinsic,central,,,CRE082,DM1_antero_dorsal,,right,504,3081,7
720575940636489140,gaba,intrinsic,central,LHCENT,,LHCENT3,primary,,left,7391,22897,7
720575940633145903,gaba,intrinsic,central,CX,,ExR6,LALv1_dorsal,,right,6263,10182,7
720575940612488142,acetylcholine,intrinsic,central,,,SMP053,putative_primary,,right,3175,7818,7
720575940614587615,acetylcholine,intrinsic,central,,,IB064,putative_primary,,right,932,4341,6
720575940649591673,gaba,intrinsic,central,,,CRE100,putative_primary,,left,2554,9882,6
720575940644639342,acetylcholine,intrinsic,central,,,CB0039,putative_primary,,left,1925,7324,6
720575940620715224,acetylcholine,intrinsic,central,MBON,,MBON21,putative_primary,,left,2636,5412,6
720575940618447514,,,,,,,,,,0,0,6
720575940619637056,gaba,intrinsic,central,,,mALD1,CREa1_ventral,,right,2571,23953,5
720575940638886307,acetylcholine,intrinsic,central,,,CL326,putative_primary,,left,1157,3319,5
720575940620959081,,,,,,,,,,0,0,5
720575940614677810,dopamine,intrinsic,central,DAN,,PAM12,CREa2_medial,,right,287,169,5
720575940634057884,acetylcholine,intrinsic,central,,,LAL154,putative_primary,,left,910,4296,5
720575940611981869,,,,,,,,,,0,0,5
720575940640770957,dopamine,intrinsic,central,DAN,,PAM12,CREa2_medial,,right,184,149,5
720575940610181496,dopamine,intrinsic,central,DAN,,PAM12,CREa2_medial,,right,199,174,5
720575940622236365,acetylcholine,intrinsic,central,,,CB2025,DM1_antero_dorsal,,right,568,2322,5
720575940628093309,acetylcholine,intrinsic,central,,,IB049,putative_primary,,right,953,2041,5
720575940625929971,acetylcholine,intrinsic,central,CX,,ExR4,LALv1_dorsal,,right,1314,144,5
720575940636134366,glutamate,intrinsic,central,CX,ring neuron,ER1,EBa1,,right,149,50,5
720575940624169255,acetylcholine,intrinsic,central,,,SMP031,LHl2_dorsal,,right,617,1532,4
720575940635342236,glutamate,intrinsic,central,,,"ATL035,ATL036",putative_primary,,right,575,891,4
720575940620716897,dopamine,intrinsic,central,,,PAL02,putative_primary,,right,1334,810,4
720575940614812319,glutamate,intrinsic,central,,,"ATL005,ATL007",CREa1_dorsal,,right,697,1262,4
720575940626316606,glutamate,intrinsic,central,CX,tangential,"FB4P,FB4Q,FB4R",AOTUv4_ventral,,right,712,2111,4
720575940643234760,glutamate,intrinsic,central,,,"ATL035,ATL036",putative_primary,,right,451,728,4
720575940609978866,acetylcholine,intrinsic,central,,,CB1357,DL1_dorsal,,right,313,996,4
720575940605772884,,,,,,,,,,0,0,4
720575940613364199,,,,,,,,,,0,0,4
720575940601229838,,,,,,,,,,0,0,4
720575940612441025,,,,,,,,,,0,0,4
720575940625663269,acetylcholine,intrinsic,central,,,LAL154,putative_primary,,right,1366,5032,4
720575940621980329,,,,,,,,,,0,0,4
720575940408424242,,,,,,,,,,0,0,4
720575940613104359,,,,,,,,,,0,0,4
720575940626243810,,,,,,,,,,0,0,4
720575940380025429,,,,,,,,,,0,0,4
720575940603322422,,,,,,,,,,0,0,4
720575940626196732,glutamate,intrinsic,central,CX,tangential,FB4O,AOTUv4_ventral,,right,697,2068,4
720575940625804819,acetylcholine,intrinsic,central,,,CRE080,DM1_antero_dorsal,,right,451,2086,3
720575940499038575,,,,,,,,,,0,0,3
720575940379961941,,,,,,,,,,0,0,3
720575940642272456,acetylcholine,intrinsic,central,,,SMP194,DL1_dorsal,,right,223,972,3
720575940590277288,,,,,,,,,,0,0,3
720575940575697881,,,,,,,,,,0,0,3
720575940441373059,,,,,,,,,,0,0,3
720575940621242589,acetylcholine,intrinsic,central,,,CRE065,CREl1,,right,54,660,3
720575940586001639,,,,,,,,,,0,0,3
720575940625893507,acetylcholine,intrinsic,central,,,ATL029,DM1_antero_dorsal,,right,736,1730,3
720575940607802012,,,,,,,,,,0,0,3
720575940610209378,acetylcholine,intrinsic,central,,,VES011,putative_primary,,right,2484,3169,3
720575940612983875,,,,,,,,,,0,0,3
720575940617720142,,,,,,,,,,0,0,3
720575940612275298,acetylcholine,intrinsic,central,,,IB049,putative_primary,,right,970,2516,3
720575940610319892,,,,,,,,,,0,0,3
720575940508808589,,,,,,,,,,0,0,3
720575940581056039,,,,,,,,,,0,0,3
720575940404945591,,,,,,,,,,0,0,3
720575940581053991,,,,,,,,,,0,0,3
720575940612340797,,,,,,,,,,0,0,3
720575940608458220,,,,,,,,,,0,0,3
720575940625048250,gaba,intrinsic,central,,,LAL113,putative_primary,,right,2682,3891,3
720575940643309197,glutamate,intrinsic,central,MBON,,MBON01,putative_primary,,left,4333,6868,3
720575940487434408,,,,,,,,,,0,0,3
720575940601434791,,,,,,,,,,0,0,3
720575940620538357,,,,,,,,,,0,0,3
720575940627344012,,,,,,,,,,0,0,3
720575940612327451,,,,,,,,,,0,0,3
720575940610558072,acetylcholine,intrinsic,central,,,LAL196,putative_primary,,right,1099,1749,3
720575940611846520,glutamate,intrinsic,central,,,,SMPad3,,left,1256,4911,3
720575940617387732,gaba,intrinsic,central,CX,tangential,"FB4A,FB4D,FB4E,FB4F,FB4G,FB4H,FB4I,FB4J",LALv1_dorsal,,left,1634,5498,3
720575940620584497,glutamate,intrinsic,central,CX,tangential,CB.FB2I1,LALv1_dorsal,,right,433,672,3
720575940417025664,,,,,,,,,,0,0,3
720575940490396856,,,,,,,,,,0,0,3
720575940621527145,,,,,,,,,,0,0,3
720575940630051443,,,,,,,,,,0,0,3
720575940575697625,,,,,,,,,,0,0,3
720575940448254828,,,,,,,,,,0,0,3
720575940608458476,,,,,,,,,,0,0,3
720575940586185003,,,,,,,,,,0,0,3
720575940615604062,,,,,,,,,,0,0,3
720575940615603806,,,,,,,,,,0,0,3
720575940643700640,acetylcholine,intrinsic,central,MBON,,MBON29,DL2_ventral,,right,1355,2567,3
720575940607806364,,,,,,,,,,0,0,3
720575940629428695,glutamate,intrinsic,central,,,VES047,putative_primary,,left,2728,5060,3
720575940441366915,,,,,,,,,,0,0,3
720575940617886030,,,,,,,,,,0,0,3
720575940604861356,dopamine,intrinsic,central,DAN,,PAM12,CREa1_dorsal,,right,171,79,3
720575940395717095,,,,,,,,,,0,0,3
720575940496186811,,,,,,,,,,0,0,3
720575940617724494,,,,,,,,,,0,0,3
720575940634139799,acetylcholine,intrinsic,central,,,CB0191,putative_primary,,right,1734,6784,3
720575940514311998,,,,,,,,,,0,0,3
720575940622539411,acetylcholine,intrinsic,central,,,SMP180,DL2_dorsal,,right,1068,4589,3
720575940622547208,acetylcholine,intrinsic,central,,,CB2310,DL1_dorsal,,right,457,1042,3
720575940612857878,dopamine,intrinsic,central,DAN,,PAM08,CREa2_medial,,right,513,514,3
720575940613678263,,,,,,,,,,0,0,3
720575940622389640,acetylcholine,intrinsic,central,,,LAL196,putative_primary,,left,957,1798,3
720575940627644584,dopamine,intrinsic,central,DAN,,PAM08,CREa1_dorsal,,right,765,330,3
720575940623225848,,,,,,,,,,0,0,3
720575940379971963,,,,,,,,,,0,0,3
720575940613583001,gaba,intrinsic,central,MBIN,,APL,putative_primary,,right,66711,93696,3
720575940615921803,serotonin,intrinsic,central,CX,tangential,"FB4A,FB4D,FB4E,FB4F,FB4G,FB4H,FB4I,FB4J",LALv1_dorsal,,right,509,430,3
720575940404950967,,,,,,,,,,0,0,3
720575940611961163,,,,,,,,,,0,0,3
720575940612325147,,,,,,,,,,0,0,3
720575940628734376,glutamate,intrinsic,central,MBON,,MBON04,putative_primary,,right,8261,16092,3
720575940572455272,,,,,,,,,,0,0,3
720575940612933620,,,,,,,,,,0,0,3
720575940564584058,,,,,,,,,,0,0,3
720575940600965308,,,,,,,,,,0,0,3
720575940572456040,,,,,,,,,,0,0,3
720575940499016047,,,,,,,,,,0,0,3
720575940602941648,,,,,,,,,,0,0,3
720575940612354115,,,,,,,,,,0,0,3
720575940397379896,,,,,,,,,,0,0,3
720575940628572815,glutamate,intrinsic,central,,,SMP075,putative_primary,,left,850,3115,3
720575940490433464,,,,,,,,,,0,0,3
720575940600659832,,,,,,,,,,0,0,3
720575940620324079,glutamate,intrinsic,central,,,SMP115,SMPad3,,left,3295,5668,3
720575940628455942,acetylcholine,intrinsic,central,,,CRE011,putative_primary,,right,12311,18837,3
720575940618521385,,,,,,,,,,0,0,3
720575940575740121,,,,,,,,,,0,0,3
720575940397307448,,,,,,,,,,0,0,3
720575940636318350,acetylcholine,intrinsic,central,,,CB1357,DL1_dorsal,,right,225,948,3
720575940628238023,acetylcholine,intrinsic,central,,,LAL011,putative_primary,,left,2657,3408,3
720575940607249365,acetylcholine,intrinsic,central,,,CRE080,DM1_antero_dorsal,,right,500,2652,3
720575940596307622,,,,,,,,,,0,0,3
720575940379918715,,,,,,,,,,0,0,3
720575940607907849,acetylcholine,intrinsic,central,,,CRE065,CREl1,,right,123,735,3
720575940452623012,,,,,,,,,,0,0,2
720575940452641700,,,,,,,,,,0,0,2
720575940606934036,,,,,,,,,,0,0,2
720575940606932244,,,,,,,,,,0,0,2
720575940606931732,,,,,,,,,,0,0,2
720575940595752181,,,,,,,,,,0,0,2
720575940617726542,,,,,,,,,,0,0,2
720575940617726030,,,,,,,,,,0,0,2
720575940617725262,,,,,,,,,,0,0,2
720575940617723982,,,,,,,,,,0,0,2
720575940421858328,,,,,,,,,,0,0,2
720575940606892674,dopamine,intrinsic,central,Kenyon_Cell,,KCg-s2,MBp4,,right,384,864,2
720575940595750133,,,,,,,,,,0,0,2
720575940606795038,,,,,,,,,,0,0,2
720575940585277497,,,,,,,,,,0,0,2
720575940585265977,,,,,,,,,,0,0,2
720575940606445396,,,,,,,,,,0,0,2
720575940448308806,,,,,,,,,,0,0,2
720575940585261113,,,,,,,,,,0,0,2
720575940594792007,,,,,,,,,,0,0,2
720575940381196046,,,,,,,,,,0,0,2
720575940585866471,,,,,,,,,,0,0,2
720575940575894632,,,,,,,,,,0,0,2
720575940404940983,,,,,,,,,,0,0,2
720575940575895656,,,,,,,,,,0,0,2
720575940382433022,,,,,,,,,,0,0,2
720575940433385665,,,,,,,,,,0,0,2
720575940408633702,,,,,,,,,,0,0,2
720575940607808412,,,,,,,,,,0,0,2
720575940607808156,,,,,,,,,,0,0,2
720575940607807388,,,,,,,,,,0,0,2
720575940607805852,,,,,,,,,,0,0,2
720575940607805596,,,,,,,,,,0,0,2
720575940596102310,,,,,,,,,,0,0,2
720575940433374657,,,,,,,,,,0,0,2
720575940617897294,,,,,,,,,,0,0,2
720575940409041309,,,,,,,,,,0,0,2
720575940441845846,,,,,,,,,,0,0,2
720575940607166484,,,,,,,,,,0,0,2
720575940536743217,,,,,,,,,,0,0,2
720575940617889358,,,,,,,,,,0,0,2
720575940585872103,,,,,,,,,,0,0,2
720575940607156756,,,,,,,,,,0,0,2
720575940490419640,,,,,,,,,,0,0,2
720575940607151124,,,,,,,,,,0,0,2
720575940479148022,,,,,,,,,,0,0,2
720575940433368257,,,,,,,,,,0,0,2
720575940575791411,,,,,,,,,,0,0,2
720575940397393208,,,,,,,,,,0,0,2
720575940616694862,,,,,,,,,,0,0,2
720575940606198473,glutamate,intrinsic,central,CX,tangential,"FB4P,FB4Q,FB4R",AOTUv4_ventral,,left,474,2470,2
720575940644759319,dopamine,intrinsic,central,Kenyon_Cell,,KCg-m,MBp3,,right,186,250,2
720575940644747828,dopamine,intrinsic,central,DAN,,PAM08,CREa2_medial,,right,558,415,2
720575940615606878,,,,,,,,,,0,0,2
720575940394114576,,,,,,,,,,0,0,2
720575940478519257,,,,,,,,,,0,0,2
720575940381220110,,,,,,,,,,0,0,2
720575940592845331,,,,,,,,,,0,0,2
720575940642652104,acetylcholine,intrinsic,central,,,CRE065,CREl1,,left,143,1144,2
720575940575693529,,,,,,,,,,0,0,2
720575940615314782,,,,,,,,,,0,0,2
720575940575467715,,,,,,,,,,0,0,2
720575940380000635,,,,,,,,,,0,0,2
720575940561959211,,,,,,,,,,0,0,2
720575940504405596,,,,,,,,,,0,0,2
720575940504385116,,,,,,,,,,0,0,2
720575940605429985,,,,,,,,,,0,0,2
720575940638711331,,,,,,,,,,0,0,2
720575940615166111,acetylcholine,intrinsic,central,,,LHPV10d1,putative_primary,,right,6384,16207,2
720575940638710563,,,,,,,,,,0,0,2
720575940518147626,,,,,,,,,,0,0,2
720575940586191147,,,,,,,,,,0,0,2
720575940645990935,glutamate,intrinsic,central,,,LAL002,putative_primary,,left,1792,7150,2
720575940648680580,acetylcholine,intrinsic,central,,,SMP173,CREl1,,right,229,1326,2
720575940583867005,,,,,,,,,,0,0,2
720575940616087323,dopamine,intrinsic,central,Kenyon_Cell,,KCg-m,MBp1,,right,155,190,2
720575940594571839,,,,,,,,,,0,0,2
720575940584914919,,,,,,,,,,0,0,2
720575940584912103,,,,,,,,,,0,0,2
720575940606147924,,,,,,,,,,0,0,2
720575940594402386,,,,,,,,,,0,0,2
720575940575790899,,,,,,,,,,0,0,2
720575940490306622,,,,,,,,,,0,0,2
720575940584668701,,,,,,,,,,0,0,2
720575940616117794,acetylcholine,intrinsic,central,,,CRE065,CREl1,,right,85,975,2
720575940593698074,,,,,,,,,,0,0,2
720575940654607265,acetylcholine,intrinsic,central,,,LAL198,putative_primary,,left,1385,6642,2
720575940615816754,dopamine,intrinsic,central,Kenyon_Cell,,KCg-m,MBp3,,right,159,178,2
720575940381226254,,,,,,,,,,0,0,2
720575940380295764,,,,,,,,,,0,0,2
720575940420612847,,,,,,,,,,0,0,2
720575940583872637,,,,,,,,,,0,0,2
720575940605932523,,,,,,,,,,0,0,2
720575940593473309,,,,,,,,,,0,0,2
720575940615750562,dopamine,intrinsic,central,DAN,,PPL108,putative_primary,,right,1424,973,2
720575940625680784,glutamate,intrinsic,central,CX,tangential,"FB4P,FB4Q,FB4R",AOTUv4_ventral,,left,347,2261,2
720575940607810460,,,,,,,,,,0,0,2
720575940423030541,,,,,,,,,,0,0,2
720575940490462136,,,,,,,,,,0,0,2
720575940600293342,,,,,,,,,,0,0,2
720575940621765467,glutamate,intrinsic,central,CX,tangential,FB5V,AOTUv4_ventral,,right,753,1357,2
720575940586314283,,,,,,,,,,0,0,2
720575940379926613,,,,,,,,,,0,0,2
720575940621603573,,,,,,,,,,0,0,2
720575940448971969,,,,,,,,,,0,0,2
720575940442080531,,,,,,,,,,0,0,2
720575940564633978,,,,,,,,,,0,0,2
720575940428801104,,,,,,,,,,0,0,2
720575940556688479,,,,,,,,,,0,0,2
720575940621349516,,,,,,,,,,0,0,2
720575940611121995,,,,,,,,,,0,0,2
720575940564598138,,,,,,,,,,0,0,2
720575940621216982,dopamine,intrinsic,central,DAN,,PAM08,CREa2_medial,,right,567,316,2
720575940381063097,,,,,,,,,,0,0,2
720575940621111687,acetylcholine,intrinsic,central,,,"CL123,CRE061",CREl1,,right,439,925,2
720575940620830057,,,,,,,,,,0,0,2
720575940620826729,,,,,,,,,,0,0,2
720575940620823401,,,,,,,,,,0,0,2
720575940611114827,,,,,,,,,,0,0,2
720575940586287659,,,,,,,,,,0,0,2
720575940586286379,,,,,,,,,,0,0,2
720575940621811182,glutamate,intrinsic,central,CX,tangential,"FB4P,FB4Q,FB4R",AOTUv4_ventral,,right,661,2531,2
720575940469041545,,,,,,,,,,0,0,2
720575940449006650,,,,,,,,,,0,0,2
720575940622771082,dopamine,intrinsic,central,Kenyon_Cell,,KCg-m,MBp1,,right,175,186,2
720575940587139067,,,,,,,,,,0,0,2
720575940408372530,,,,,,,,,,0,0,2
720575940424427158,,,,,,,,,,0,0,2
720575940587133435,,,,,,,,,,0,0,2
720575940600974524,,,,,,,,,,0,0,2
720575940559153198,,,,,,,,,,0,0,2
720575940496142988,,,,,,,,,,0,0,2
720575940611812050,acetylcholine,intrinsic,central,,,CB0272,putative_primary,,right,1363,6836,2
720575940600969148,,,,,,,,,,0,0,2
720575940622338269,dopamine,intrinsic,central,DAN,,PAM08,CREa1_dorsal,,right,607,669,2
720575940449018682,,,,,,,,,,0,0,2
720575940504320604,,,,,,,,,,0,0,2
720575940611714379,,,,,,,,,,0,0,2
720575940428804432,,,,,,,,,,0,0,2
720575940622016169,glutamate,intrinsic,central,CX,tangential,FB5V,AOTUv4_ventral,,right,592,1744,2
720575940579227488,,,,,,,,,,0,0,2
720575940487467688,,,,,,,,,,0,0,2
720575940586842224,,,,,,,,,,0,0,2
720575940469065865,,,,,,,,,,0,0,2
720575940469059209,,,,,,,,,,0,0,2
720575940600300510,,,,,,,,,,0,0,2
720575940437229947,,,,,,,,,,0,0,2
720575940490481848,,,,,,,,,,0,0,2
720575940586284331,,,,,,,,,,0,0,2
720575940609230313,,,,,,,,,,0,0,2
720575940597798189,,,,,,,,,,0,0,2
720575940463270533,,,,,,,,,,0,0,2
720575940618442650,,,,,,,,,,0,0,2
720575940564548474,,,,,,,,,,0,0,2
720575940609223404,,,,,,,,,,0,0,2
720575940618429594,,,,,,,,,,0,0,2
720575940564544122,,,,,,,,,,0,0,2
720575940490508984,,,,,,,,,,0,0,2
720575940618425242,,,,,,,,,,0,0,2
720575940618387354,,,,,,,,,,0,0,2
720575940490503352,,,,,,,,,,0,0,2
720575940430937327,,,,,,,,,,0,0,2
720575940586199083,,,,,,,,,,0,0,2
720575940556592223,,,,,,,,,,0,0,2
720575940564479859,,,,,,,,,,0,0,2
720575940490496440,,,,,,,,,,0,0,2
720575940608343276,,,,,,,,,,0,0,2
720575940577639190,,,,,,,,,,0,0,2
720575940509224756,,,,,,,,,,0,0,2
720575940385142052,,,,,,,,,,0,0,2
720575940618509865,,,,,,,,,,0,0,2
720575940452956989,,,,,,,,,,0,0,2
720575940490514872,,,,,,,,,,0,0,2
720575940578278603,,,,,,,,,,0,0,2
720575940434886090,,,,,,,,,,0,0,2
720575940379984725,,,,,,,,,,0,0,2
720575940620419317,,,,,,,,,,0,0,2
720575940415990045,,,,,,,,,,0,0,2
720575940620352565,,,,,,,,,,0,0,2
720575940610321684,,,,,,,,,,0,0,2
720575940417032320,,,,,,,,,,0,0,2
720575940620027515,glutamate,intrinsic,central,CX,,ExR6,LALv1_dorsal,,left,6079,10057,2
720575940610319380,,,,,,,,,,0,0,2
720575940380258644,,,,,,,,,,0,0,2
720575940618529321,,,,,,,,,,0,0,2
720575940465956656,,,,,,,,,,0,0,2
720575940618754894,,,,,,,,,,0,0,2
720575940618751054,,,,,,,,,,0,0,2
720575940618682782,glutamate,intrinsic,central,,,SMP081,SMPad1,,right,2900,8166,2
720575940417026176,,,,,,,,,,0,0,2
720575940578164187,,,,,,,,,,0,0,2
720575940598624113,,,,,,,,,,0,0,2
720575940490525427,,,,,,,,,,0,0,2
720575940448938689,,,,,,,,,,0,0,2
720575940615138448,,,,,,,,,,0,0,2
720575940586202155,,,,,,,,,,0,0,2
720575940615132469,,,,,,,,,,0,0,2
720575940432799787,,,,,,,,,,0,0,2
720575940601654695,,,,,,,,,,0,0,2
720575940428831824,,,,,,,,,,0,0,2
720575940496287931,,,,,,,,,,0,0,2
720575940496281531,,,,,,,,,,0,0,2
720575940580838100,,,,,,,,,,0,0,2
720575940567014479,,,,,,,,,,0,0,2
720575940580770772,,,,,,,,,,0,0,2
720575940580769748,,,,,,,,,,0,0,2
720575940612574253,,,,,,,,,,0,0,2
720575940612573485,,,,,,,,,,0,0,2
720575940567012687,,,,,,,,,,0,0,2
720575940588702071,,,,,,,,,,0,0,2
720575940601466358,,,,,,,,,,0,0,2
720575940545247733,,,,,,,,,,0,0,2
720575940601465846,,,,,,,,,,0,0,2
720575940626743495,acetylcholine,intrinsic,central,,,CRE065,CREl1,,left,84,872,2
720575940514277950,,,,,,,,,,0,0,2
720575940588700023,,,,,,,,,,0,0,2
720575940612539437,,,,,,,,,,0,0,2
720575940470398412,,,,,,,,,,0,0,2
720575940612499005,,,,,,,,,,0,0,2
720575940612755618,dopamine,intrinsic,central,DAN,,PAM07,CREa2_medial,,right,167,337,2
720575940628017038,,,,,,,,,,0,0,2
720575940589735182,,,,,,,,,,0,0,2
720575940601848487,,,,,,,,,,0,0,2
720575940612985923,,,,,,,,,,0,0,2
720575940629736162,,,,,,,,,,0,0,2
720575940629735394,,,,,,,,,,0,0,2
720575940435244580,,,,,,,,,,0,0,2
720575940612984643,,,,,,,,,,0,0,2
720575940588957418,,,,,,,,,,0,0,2
720575940603088438,,,,,,,,,,0,0,2
720575940629596386,,,,,,,,,,0,0,2
720575940581060391,,,,,,,,,,0,0,2
720575940581057575,,,,,,,,,,0,0,2
720575940404953271,,,,,,,,,,0,0,2
720575940581055783,,,,,,,,,,0,0,2
720575940629095323,acetylcholine,intrinsic,central,,,CB2706,DM1_antero_dorsal,,right,646,2679,2
720575940612979779,,,,,,,,,,0,0,2
720575940514332222,,,,,,,,,,0,0,2
720575940588744823,,,,,,,,,,0,0,2
720575940602146685,,,,,,,,,,0,0,2
720575940581050919,,,,,,,,,,0,0,2
720575940379928917,,,,,,,,,,0,0,2
720575940612972867,,,,,,,,,,0,0,2
720575940628057862,glutamate,intrinsic,central,CX,tangential,FB4O,AOTUv4_ventral,,left,446,1884,2
720575940404950711,,,,,,,,,,0,0,2
720575940612422696,acetylcholine,intrinsic,central,,,IB064,putative_primary,,left,689,4900,2
720575940544394649,,,,,,,,,,0,0,2
720575940428825936,,,,,,,,,,0,0,2
720575940559210030,,,,,,,,,,0,0,2
720575940624294143,acetylcholine,intrinsic,central,,,CRE001,LHl2_dorsal,,right,405,1327,2
720575940601203909,,,,,,,,,,0,0,2
720575940624176107,glutamate,intrinsic,central,,,ATL034,putative_primary,,right,885,3638,2
720575940601203397,,,,,,,,,,0,0,2
720575940601202629,,,,,,,,,,0,0,2
720575940439356286,,,,,,,,,,0,0,2
720575940448760247,,,,,,,,,,0,0,2
720575940489299851,,,,,,,,,,0,0,2
720575940601200837,,,,,,,,,,0,0,2
720575940397359672,,,,,,,,,,0,0,2
720575940489286539,,,,,,,,,,0,0,2
720575940612023371,,,,,,,,,,0,0,2
720575940601197509,,,,,,,,,,0,0,2
720575940428819280,,,,,,,,,,0,0,2
720575940623440460,acetylcholine,intrinsic,central,,,SMP173,CREl1,,right,224,1195,2
720575940434922442,,,,,,,,,,0,0,2
720575940623230200,,,,,,,,,,0,0,2
720575940382359038,,,,,,,,,,0,0,2
720575940448456774,,,,,,,,,,0,0,2
720575940615108405,,,,,,,,,,0,0,2
720575940566987087,,,,,,,,,,0,0,2
720575940579716447,,,,,,,,,,0,0,2
720575940588119578,,,,,,,,,,0,0,2
720575940559219246,,,,,,,,,,0,0,2
720575940559226670,,,,,,,,,,0,0,2
720575940601306535,,,,,,,,,,0,0,2
720575940626230754,,,,,,,,,,0,0,2
720575940588125978,,,,,,,,,,0,0,2
720575940588123930,,,,,,,,,,0,0,2
720575940496259003,,,,,,,,,,0,0,2
720575940439391870,,,,,,,,,,0,0,2
720575940626191635,gaba,intrinsic,central,,,CB3065,LALa1_anterior,,right,373,964,2
720575940601273285,,,,,,,,,,0,0,2
720575940625934094,dopamine,intrinsic,central,MBIN,,DPM,putative_primary,,right,43022,9165,2
720575940612203803,,,,,,,,,,0,0,2
720575940612331837,,,,,,,,,,0,0,2
720575940625800852,acetylcholine,intrinsic,central,,,CRE080,DM1_antero_dorsal,,left,540,2466,2
720575940615724638,,,,,,,,,,0,0,2
720575940601230789,,,,,,,,,,0,0,2
720575940601230606,,,,,,,,,,0,0,2
720575940625513360,acetylcholine,efferent,descending,,,CRE101,putative_primary,CV,right,764,2774,2
720575940625369096,glutamate,intrinsic,central,,,SMP075,putative_primary,,left,906,3539,2
720575940439380350,,,,,,,,,,0,0,2
720575940625031403,acetylcholine,intrinsic,central,,,LAL155,putative_primary,,right,1360,2009,2
720575940432803371,,,,,,,,,,0,0,2
720575940601459190,,,,,,,,,,0,0,2
720575940428886722,,,,,,,,,,0,0,2
720575940613795247,,,,,,,,,,0,0,2
720575940476521819,,,,,,,,,,0,0,2
720575940613587687,,,,,,,,,,0,0,2
720575940500262879,,,,,,,,,,0,0,2
720575940635559220,,,,,,,,,,0,0,2
720575940476493915,,,,,,,,,,0,0,2
720575940613562039,,,,,,,,,,0,0,2
720575940613522026,acetylcholine,intrinsic,central,,,ATL037,putative_primary,,left,1633,5224,2
720575940613509559,,,,,,,,,,0,0,2
720575940635022703,acetylcholine,intrinsic,central,,,CRE080,DM1_antero_dorsal,,left,664,2539,2
720575940604491546,,,,,,,,,,0,0,2
720575940613442487,,,,,,,,,,0,0,2
720575940634893419,acetylcholine,intrinsic,central,CX,,LNO1,putative_primary,,right,1348,2422,2
720575940613437111,,,,,,,,,,0,0,2
720575940548977769,,,,,,,,,,0,0,2
720575940604461038,,,,,,,,,,0,0,2
720575940634464352,acetylcholine,intrinsic,central,,,IB017,putative_primary,,left,1546,5497,2
720575940382397438,,,,,,,,,,0,0,2
720575940404960951,,,,,,,,,,0,0,2
720575940448859841,,,,,,,,,,0,0,2
720575940613367015,,,,,,,,,,0,0,2
720575940561921323,,,,,,,,,,0,0,2
720575940635640312,serotonin,efferent,descending,,,DSKMP1B,putative_primary,CV,left,1235,1711,2
720575940592496696,,,,,,,,,,0,0,2
720575940633592776,,,,,,,,,,0,0,2
720575940592516381,,,,,,,,,,0,0,2
720575940637934308,glutamate,intrinsic,central,MBON,,MBON30,putative_primary,,right,4753,9777,2
720575940561946155,,,,,,,,,,0,0,2
720575940629818424,,,,,,,,,,0,0,2
720575940637837603,,,,,,,,,,0,0,2
720575940605427937,,,,,,,,,,0,0,2
720575940448877249,,,,,,,,,,0,0,2
720575940457892026,,,,,,,,,,0,0,2
720575940637826595,,,,,,,,,,0,0,2
720575940518121514,,,,,,,,,,0,0,2
720575940592559389,,,,,,,,,,0,0,2
720575940614506663,gaba,intrinsic,central,,,"SMP049,SMP076",putative_primary,,left,2780,11930,2
720575940447373145,,,,,,,,,,0,0,2
720575940605327956,,,,,,,,,,0,0,2
720575940605326932,,,,,,,,,,0,0,2
720575940432841003,,,,,,,,,,0,0,2
720575940572455016,,,,,,,,,,0,0,2
720575940572454504,,,,,,,,,,0,0,2
720575940518096170,,,,,,,,,,0,0,2
720575940592525085,,,,,,,,,,0,0,2
720575940614005223,,,,,,,,,,0,0,2
720575940571879800,,,,,,,,,,0,0,2
720575940581866507,,,,,,,,,,0,0,2
720575940517879594,,,,,,,,,,0,0,2
720575940561881387,,,,,,,,,,0,0,2
720575940450290141,,,,,,,,,,0,0,2
720575940499048047,,,,,,,,,,0,0,2
720575940426134774,,,,,,,,,,0,0,2
720575940590391826,,,,,,,,,,0,0,2
720575940581450485,,,,,,,,,,0,0,2
720575940561883435,,,,,,,,,,0,0,2
720575940630536441,dopamine,intrinsic,central,DAN,,PAM12,CREa1_dorsal,,right,190,210,2
720575940603319862,,,,,,,,,,0,0,2
720575940630202267,gaba,intrinsic,central,,,LAL100,putative_primary,,left,1029,4182,2
720575940561880363,,,,,,,,,,0,0,2
720575940630057075,,,,,,,,,,0,0,2
720575940630055795,,,,,,,,,,0,0,2
720575940499036015,,,,,,,,,,0,0,2
720575940416049181,,,,,,,,,,0,0,2
720575940432811563,,,,,,,,,,0,0,2
720575940603138382,,,,,,,,,,0,0,2
720575940581242115,,,,,,,,,,0,0,2
720575940435638564,,,,,,,,,,0,0,2
720575940561917227,,,,,,,,,,0,0,2
720575940603131982,,,,,,,,,,0,0,2
720575940561272723,,,,,,,,,,0,0,2
720575940629923456,,,,,,,,,,0,0,2
720575940450287325,,,,,,,,,,0,0,2
720575940499039855,,,,,,,,,,0,0,2
720575940379795528,,,,,,,,,,0,0,2
720575940581820552,,,,,,,,,,0,0,2
720575940633338449,glutamate,intrinsic,central,,,"ATL035,ATL036",putative_primary,,left,462,1222,2
720575940591246227,,,,,,,,,,0,0,2
720575940416097938,,,,,,,,,,0,0,2
720575940613326350,,,,,,,,,,0,0,2
720575940561910571,,,,,,,,,,0,0,2
720575940381188878,,,,,,,,,,0,0,2
720575940591110628,,,,,,,,,,0,0,2
720575940591110372,,,,,,,,,,0,0,2
720575940633107328,,,,,,,,,,0,0,2
720575940397371704,,,,,,,,,,0,0,2
720575940435676964,,,,,,,,,,0,0,2
720575940632793369,acetylcholine,intrinsic,central,,,CRE059,CREl1,,right,282,2697,2
720575940613211918,,,,,,,,,,0,0,2
720575940448841409,,,,,,,,,,0,0,2
720575940381215246,,,,,,,,,,0,0,2
720575940632362258,gaba,intrinsic,central,,,CB2066,LALa1_anterior,,right,329,679,2
720575940631844492,dopamine,intrinsic,central,DAN,,PAM13,CREa2_medial,,right,343,142,2
720575940613143613,,,,,,,,,,0,0,2
720575940632079943,gaba,intrinsic,central,,,CRE044,AOTUv1_medial,,left,395,1046,2
720575940613202151,,,,,,,,,,0,0,2
720575940611961931,,,,,,,,,,0,0,1
720575940611961389,,,,,,,,,,0,0,1
720575940612025419,,,,,,,,,,0,0,1
720575940611965259,,,,,,,,,,0,0,1
720575940611920613,,,,,,,,,,0,0,1
720575940611958442,acetylcholine,intrinsic,central,,,CRE059,CREl1,,left,361,3258,1
720575940611977547,,,,,,,,,,0,0,1
720575940611981357,,,,,,,,,,0,0,1
720575940611989441,,,,,,,,,,0,0,1
720575940612022091,,,,,,,,,,0,0,1
720575940612022603,,,,,,,,,,0,0,1
720575940611122507,,,,,,,,,,0,0,1
720575940612028235,,,,,,,,,,0,0,1
720575940612032587,,,,,,,,,,0,0,1
720575940612033967,glutamate,intrinsic,central,,,CB2736,SLPad1_posterior,,right,292,1569,1
720575940612034635,,,,,,,,,,0,0,1
720575940612035147,,,,,,,,,,0,0,1
720575940612035915,,,,,,,,,,0,0,1
720575940612036171,,,,,,,,,,0,0,1
720575940612049709,,,,,,,,,,0,0,1
720575940611918578,dopamine,intrinsic,central,DAN,,PAM08,CREa1_dorsal,,right,243,149,1
720575940612056109,,,,,,,,,,0,0,1
720575940612057901,,,,,,,,,,0,0,1
720575940611919809,,,,,,,,,,0,0,1
720575940611124555,,,,,,,,,,0,0,1
720575940611852052,,,,,,,,,,0,0,1
720575940611809597,,,,,,,,,,0,0,1
720575940612196850,acetylcholine,intrinsic,central,MBON,,MBON15-like,DL1_dorsal,,right,531,2600,1
720575940611119691,,,,,,,,,,0,0,1
720575940611123787,,,,,,,,,,0,0,1
720575940611129163,,,,,,,,,,0,0,1
720575940611129419,,,,,,,,,,0,0,1
720575940611201067,,,,,,,,,,0,0,1
720575940611203115,,,,,,,,,,0,0,1
720575940611204907,,,,,,,,,,0,0,1
720575940611284659,glutamate,intrinsic,central,CX,tangential,CB.FB5I1,LALv1_dorsal,,right,619,932,1
720575940611402059,,,,,,,,,,0,0,1
720575940611446859,,,,,,,,,,0,0,1
720575940611450134,dopamine,intrinsic,central,Kenyon_Cell,,KCg-m,MBp1,,right,163,198,1
720575940611532949,dopamine,intrinsic,central,Kenyon_Cell,,KCg-m,MBp1,,right,232,213,1
720575940611612572,,,,,,,,,,0,0,1
720575940611615388,,,,,,,,,,0,0,1
720575940611615900,,,,,,,,,,0,0,1
720575940611709771,,,,,,,,,,0,0,1
720575940611712075,,,,,,,,,,0,0,1
720575940611713099,,,,,,,,,,0,0,1
720575940611717963,,,,,,,,,,0,0,1
720575940611760284,,,,,,,,,,0,0,1
720575940612170981,acetylcholine,intrinsic,central,,,AVLP032,putative_primary,,left,1884,6202,1
720575940612981571,,,,,,,,,,0,0,1
720575940612225985,,,,,,,,,,0,0,1
720575940612281842,acetylcholine,intrinsic,central,,,CRE005,putative_primary,,right,655,4195,1
720575940612687939,,,,,,,,,,0,0,1
720575940612688195,,,,,,,,,,0,0,1
720575940612689475,,,,,,,,,,0,0,1
720575940612690243,,,,,,,,,,0,0,1
720575940612690499,,,,,,,,,,0,0,1
720575940612691523,,,,,,,,,,0,0,1
720575940612728022,,,,,,,,,,0,0,1
720575940612969611,,,,,,,,,,0,0,1
720575940612970635,,,,,,,,,,0,0,1
720575940612971331,,,,,,,,,,0,0,1
720575940612973379,,,,,,,,,,0,0,1
720575940612973635,,,,,,,,,,0,0,1
720575940612976707,,,,,,,,,,0,0,1
720575940612977219,,,,,,,,,,0,0,1
720575940612978499,,,,,,,,,,0,0,1
720575940612979523,,,,,,,,,,0,0,1
720575940612980035,,,,,,,,,,0,0,1
720575940612980291,,,,,,,,,,0,0,1
720575940612980803,,,,,,,,,,0,0,1
720575940612982339,,,,,,,,,,0,0,1
720575940612982595,,,,,,,,,,0,0,1
720575940611118411,,,,,,,,,,0,0,1
720575940612984131,,,,,,,,,,0,0,1
720575940612687427,,,,,,,,,,0,0,1
720575940612677142,glutamate,intrinsic,central,,,"ATL005,ATL007",CREa1_dorsal,,left,1425,2103,1
720575940612573229,,,,,,,,,,0,0,1
720575940612349467,,,,,,,,,,0,0,1
720575940612328219,,,,,,,,,,0,0,1
720575940612328475,,,,,,,,,,0,0,1
720575940612333123,,,,,,,,,,0,0,1
720575940612335171,,,,,,,,,,0,0,1
720575940612335427,,,,,,,,,,0,0,1
720575940612339227,,,,,,,,,,0,0,1
720575940612339773,,,,,,,,,,0,0,1
720575940612343067,,,,,,,,,,0,0,1
720575940612347163,,,,,,,,,,0,0,1
720575940612348187,,,,,,,,,,0,0,1
720575940612414781,,,,,,,,,,0,0,1
720575940612572131,acetylcholine,intrinsic,central,,,SMP175,putative_primary,,right,5262,7888,1
720575940612421290,dopamine,intrinsic,central,Kenyon_Cell,,KCg-m,MBp4,,right,226,243,1
720575940612430403,,,,,,,,,,0,0,1
720575940612453603,dopamine,intrinsic,central,Kenyon_Cell,,KCg-m,MBp2,,right,187,206,1
720575940612537901,,,,,,,,,,0,0,1
720575940612541485,,,,,,,,,,0,0,1
720575940612541741,,,,,,,,,,0,0,1
720575940612543021,,,,,,,,,,0,0,1
720575940612546605,,,,,,,,,,0,0,1
720575940612546861,,,,,,,,,,0,0,1
720575940612553005,,,,,,,,,,0,0,1
720575940611119435,,,,,,,,,,0,0,1
720575940605613396,,,,,,,,,,0,0,1
720575940611109451,,,,,,,,,,0,0,1
720575940611054828,,,,,,,,,,0,0,1
720575940606151252,,,,,,,,,,0,0,1
720575940606401620,,,,,,,,,,0,0,1
720575940606403156,,,,,,,,,,0,0,1
720575940606418004,,,,,,,,,,0,0,1
720575940606426452,,,,,,,,,,0,0,1
720575940606427220,,,,,,,,,,0,0,1
720575940606433410,acetylcholine,intrinsic,central,,,SMP254,SMPpv2_dorsal,,left,1031,5846,1
720575940606444884,,,,,,,,,,0,0,1
720575940606449748,,,,,,,,,,0,0,1
720575940606453076,,,,,,,,,,0,0,1
720575940606628274,acetylcholine,intrinsic,central,,,SMP567,VLPl&p1_posterior,,left,324,857,1
720575940606765726,,,,,,,,,,0,0,1
720575940606800030,,,,,,,,,,0,0,1
720575940606893186,dopamine,intrinsic,central,Kenyon_Cell,,KCg-m,MBp1,,right,217,266,1
720575940606921374,,,,,,,,,,0,0,1
720575940606934686,,,,,,,,,,0,0,1
720575940606936340,,,,,,,,,,0,0,1
720575940606936596,,,,,,,,,,0,0,1
720575940606947092,,,,,,,,,,0,0,1
720575940606948884,,,,,,,,,,0,0,1
720575940607010825,dopamine,intrinsic,central,Kenyon_Cell,,KCg-m,MBp4,,right,145,209,1
720575940607147069,,,,,,,,,,0,0,1
720575940607155732,,,,,,,,,,0,0,1
720575940606149460,,,,,,,,,,0,0,1
720575940606148436,,,,,,,,,,0,0,1
720575940606145108,,,,,,,,,,0,0,1
720575940605705556,,,,,,,,,,0,0,1
720575940605602942,,,,,,,,,,0,0,1
720575940605605716,,,,,,,,,,0,0,1
720575940605606228,,,,,,,,,,0,0,1
720575940605608020,,,,,,,,,,0,0,1
720575940605611092,,,,,,,,,,0,0,1
720575940605611348,,,,,,,,,,0,0,1
720575940612985155,,,,,,,,,,0,0,1
720575940605618772,,,,,,,,,,0,0,1
720575940605697620,,,,,,,,,,0,0,1
720575940605700180,,,,,,,,,,0,0,1
720575940605774420,,,,,,,,,,0,0,1
720575940606128212,,,,,,,,,,0,0,1
720575940605814868,,,,,,,,,,0,0,1
720575940605964628,,,,,,,,,,0,0,1
720575940606039636,,,,,,,,,,0,0,1
720575940606074196,,,,,,,,,,0,0,1
720575940606119508,,,,,,,,,,0,0,1
720575940606122324,,,,,,,,,,0,0,1
720575940606124372,,,,,,,,,,0,0,1
720575940606126932,,,,,,,,,,0,0,1
720575940606127444,,,,,,,,,,0,0,1
720575940606127700,,,,,,,,,,0,0,1
720575940607156244,,,,,,,,,,0,0,1
720575940607161364,,,,,,,,,,0,0,1
720575940607164180,,,,,,,,,,0,0,1
720575940610125332,,,,,,,,,,0,0,1
720575940609229801,,,,,,,,,,0,0,1
720575940609230057,,,,,,,,,,0,0,1
720575940609230825,,,,,,,,,,0,0,1
720575940609231081,,,,,,,,,,0,0,1
720575940609231593,,,,,,,,,,0,0,1
720575940609231849,,,,,,,,,,0,0,1
720575940609554674,,,,,,,,,,0,0,1
720575940609638702,,,,,,,,,,0,0,1
720575940609950869,dopamine,intrinsic,central,Kenyon_Cell,,KCg-m,MBp1,,right,225,200,1
720575940610022164,,,,,,,,,,0,0,1
720575940610155028,,,,,,,,,,0,0,1
720575940609179331,dopamine,intrinsic,central,Kenyon_Cell,,KCg-m,MBp2,,right,134,187,1
720575940610165205,glutamate,intrinsic,central,CX,tangential,FB5V,AOTUv4_ventral,,right,565,932,1
720575940610321428,,,,,,,,,,0,0,1
720575940610323220,,,,,,,,,,0,0,1
720575940610323476,,,,,,,,,,0,0,1
720575940610325268,,,,,,,,,,0,0,1
720575940610466836,,,,,,,,,,0,0,1
720575940610569028,dopamine,intrinsic,central,DAN,,PAM08,CREa1_dorsal,,left,743,482,1
720575940610649294,acetylcholine,intrinsic,central,,,SMP254,SMPpv2_dorsal,,right,934,5627,1
720575940610886166,,,,,,,,,,0,0,1
720575940610910700,,,,,,,,,,0,0,1
720575940609228521,,,,,,,,,,0,0,1
720575940609077828,acetylcholine,intrinsic,central,,,ATL029,DM1_antero_dorsal,,left,691,1672,1
720575940607177748,,,,,,,,,,0,0,1
720575940607810972,,,,,,,,,,0,0,1
720575940607280818,dopamine,intrinsic,central,Kenyon_Cell,,KCg-m,MBp1,,right,152,161,1
720575940607408926,,,,,,,,,,0,0,1
720575940607802268,,,,,,,,,,0,0,1
720575940607804060,,,,,,,,,,0,0,1
720575940607804572,,,,,,,,,,0,0,1
720575940607804828,,,,,,,,,,0,0,1
720575940607805340,,,,,,,,,,0,0,1
720575940607807900,,,,,,,,,,0,0,1
720575940607808668,,,,,,,,,,0,0,1
720575940607809948,,,,,,,,,,0,0,1
720575940607811228,,,,,,,,,,0,0,1
720575940608461292,,,,,,,,,,0,0,1
720575940607811484,,,,,,,,,,0,0,1
720575940607950389,,,,,,,,,,0,0,1
720575940608132884,,,,,,,,,,0,0,1
720575940608140380,dopamine,intrinsic,central,CX,tangential,FB4M,DM6__prim,,right,3031,1672,1
720575940608457452,,,,,,,,,,0,0,1
720575940608458988,,,,,,,,,,0,0,1
720575940608459500,,,,,,,,,,0,0,1
720575940608459756,,,,,,,,,,0,0,1
720575940608460780,,,,,,,,,,0,0,1
720575940608461036,,,,,,,,,,0,0,1
720575940612984387,,,,,,,,,,0,0,1
720575940615771230,,,,,,,,,,0,0,1
720575940612985667,,,,,,,,,,0,0,1
720575940616421161,,,,,,,,,,0,0,1
720575940617798593,,,,,,,,,,0,0,1
720575940617807517,dopamine,intrinsic,central,Kenyon_Cell,,KCg-m,MBp4,,right,166,191,1
720575940617837902,,,,,,,,,,0,0,1
720575940617838670,,,,,,,,,,0,0,1
720575940617838926,,,,,,,,,,0,0,1
720575940617839182,,,,,,,,,,0,0,1
720575940617881678,,,,,,,,,,0,0,1
720575940617882446,,,,,,,,,,0,0,1
720575940617882958,,,,,,,,,,0,0,1
720575940617885262,,,,,,,,,,0,0,1
720575940617885774,,,,,,,,,,0,0,1
720575940617888846,,,,,,,,,,0,0,1
720575940617890638,,,,,,,,,,0,0,1
720575940617890894,,,,,,,,,,0,0,1
720575940617891150,,,,,,,,,,0,0,1
720575940617892686,,,,,,,,,,0,0,1
720575940617893454,,,,,,,,,,0,0,1
720575940617896270,,,,,,,,,,0,0,1
720575940617897550,,,,,,,,,,0,0,1
720575940617899342,,,,,,,,,,0,0,1
720575940617899598,,,,,,,,,,0,0,1
720575940617900110,,,,,,,,,,0,0,1
720575940617901134,,,,,,,,,,0,0,1
720575940617795777,,,,,,,,,,0,0,1
720575940617731918,,,,,,,,,,0,0,1
720575940617731150,,,,,,,,,,0,0,1
720575940617078489,acetylcholine,intrinsic,central,,,CB1721,CREa2_ventral,,left,513,2018,1
720575940616653902,,,,,,,,,,0,0,1
720575940616654158,,,,,,,,,,0,0,1
720575940616654414,,,,,,,,,,0,0,1
720575940616654670,,,,,,,,,,0,0,1
720575940616655182,,,,,,,,,,0,0,1
720575940616757326,,,,,,,,,,0,0,1
720575940616758094,,,,,,,,,,0,0,1
720575940616758862,,,,,,,,,,0,0,1
720575940616886301,acetylcholine,efferent,descending,,,CRE101,putative_primary,CV,left,653,2770,1
720575940616972622,,,,,,,,,,0,0,1
720575940617362766,,,,,,,,,,0,0,1
720575940617730126,,,,,,,,,,0,0,1
720575940617630182,acetylcholine,intrinsic,central,,,CB0114,putative_primary,,right,435,2365,1
720575940617712974,,,,,,,,,,0,0,1
720575940617717070,,,,,,,,,,0,0,1
720575940617718094,,,,,,,,,,0,0,1
720575940617719886,,,,,,,,,,0,0,1
720575940617720398,,,,,,,,,,0,0,1
720575940617720577,acetylcholine,intrinsic,central,,,"LAL160,LAL161",DM5_central,,right,2579,5207,1
720575940617721166,,,,,,,,,,0,0,1
720575940617722702,,,,,,,,,,0,0,1
720575940617727822,,,,,,,,,,0,0,1
720575940617901390,,,,,,,,,,0,0,1
720575940617901646,,,,,,,,,,0,0,1
720575940617901902,,,,,,,,,,0,0,1
720575940618530345,,,,,,,,,,0,0,1
720575940618428570,,,,,,,,,,0,0,1
720575940618435994,,,,,,,,,,0,0,1
720575940618437786,,,,,,,,,,0,0,1
720575940618442906,,,,,,,,,,0,0,1
720575940618447002,,,,,,,,,,0,0,1
720575940618469681,gaba,intrinsic,central,,,CB2469,EBa1,,right,261,1244,1
720575940618516521,,,,,,,,,,0,0,1
720575940618527785,,,,,,,,,,0,0,1
720575940618528809,,,,,,,,,,0,0,1
720575940618529577,,,,,,,,,,0,0,1
720575940618531881,,,,,,,,,,0,0,1
720575940618425754,,,,,,,,,,0,0,1
720575940618619689,,,,,,,,,,0,0,1
720575940618625833,,,,,,,,,,0,0,1
720575940618626345,,,,,,,,,,0,0,1
720575940618626601,,,,,,,,,,0,0,1
720575940618800064,glutamate,intrinsic,central,,,VES043,putative_primary,,right,1249,5096,1
720575940619175930,,,,,,,,,,0,0,1
720575940619481879,,,,,,,,,,0,0,1
720575940619778645,dopamine,intrinsic,central,Kenyon_Cell,,KCg-m,MBp2,,right,136,171,1
720575940619820368,acetylcholine,intrinsic,central,,,LAL185,DM5_ventral,,left,820,2732,1
720575940605430612,,,,,,,,,,0,0,1
720575940618428314,,,,,,,,,,0,0,1
720575940618387332,,,,,,,,,,0,0,1
720575940617904208,serotonin,efferent,descending,,,DSKMP1B,putative_primary,CV,right,1679,1556,1
720575940617973326,,,,,,,,,,0,0,1
720575940617904462,,,,,,,,,,0,0,1
720575940617907022,,,,,,,,,,0,0,1
720575940617908302,,,,,,,,,,0,0,1
720575940617909326,,,,,,,,,,0,0,1
720575940617909582,,,,,,,,,,0,0,1
720575940617910094,,,,,,,,,,0,0,1
720575940617916494,,,,,,,,,,0,0,1
720575940617932110,,,,,,,,,,0,0,1
720575940617937437,dopamine,intrinsic,central,Kenyon_Cell,,KCg-m,MBp3,,right,146,187,1
720575940617955099,acetylcholine,intrinsic,central,,,SMP471,DM1_antero_dorsal,,right,3239,6777,1
720575940617974350,,,,,,,,,,0,0,1
720575940618329043,,,,,,,,,,0,0,1
720575940617974606,,,,,,,,,,0,0,1
720575940617976654,,,,,,,,,,0,0,1
720575940618148174,,,,,,,,,,0,0,1
720575940618198721,dopamine,intrinsic,central,Kenyon_Cell,,KCg-m,MBp3,,right,144,172,1
720575940618280147,,,,,,,,,,0,0,1
720575940618281427,,,,,,,,,,0,0,1
720575940618286803,,,,,,,,,,0,0,1
720575940618301651,,,,,,,,,,0,0,1
720575940618321028,,,,,,,,,,0,0,1
720575940618328787,,,,,,,,,,0,0,1
720575940616651086,,,,,,,,,,0,0,1
720575940616143925,,,,,,,,,,0,0,1
720575940612986179,,,,,,,,,,0,0,1
720575940616126913,,,,,,,,,,0,0,1
720575940613113063,,,,,,,,,,0,0,1
720575940613113319,,,,,,,,,,0,0,1
720575940613149245,,,,,,,,,,0,0,1
720575940613212430,,,,,,,,,,0,0,1
720575940613212942,,,,,,,,,,0,0,1
720575940613227495,,,,,,,,,,0,0,1
720575940613300673,,,,,,,,,,0,0,1
720575940613308353,,,,,,,,,,0,0,1
720575940613314497,,,,,,,,,,0,0,1
720575940613315521,,,,,,,,,,0,0,1
720575940613344231,,,,,,,,,,0,0,1
720575940613351105,,,,,,,,,,0,0,1
720575940613355239,,,,,,,,,,0,0,1
720575940613357543,,,,,,,,,,0,0,1
720575940613361127,,,,,,,,,,0,0,1
720575940613365185,,,,,,,,,,0,0,1
720575940613368295,,,,,,,,,,0,0,1
720575940613378605,,,,,,,,,,0,0,1
720575940613380653,,,,,,,,,,0,0,1
720575940613409729,,,,,,,,,,0,0,1
720575940613436599,,,,,,,,,,0,0,1
720575940613445815,,,,,,,,,,0,0,1
720575940613563831,,,,,,,,,,0,0,1
720575940613112807,,,,,,,,,,0,0,1
720575940613112551,,,,,,,,,,0,0,1
720575940613111271,,,,,,,,,,0,0,1
720575940613100519,,,,,,,,,,0,0,1
720575940612986947,,,,,,,,,,0,0,1
720575940612990531,,,,,,,,,,0,0,1
720575940612995139,,,,,,,,,,0,0,1
720575940612996931,,,,,,,,,,0,0,1
720575940613019176,,,,,,,,,,0,0,1
720575940613020221,,,,,,,,,,0,0,1
720575940613073895,,,,,,,,,,0,0,1
720575940613080643,,,,,,,,,,0,0,1
720575940613082599,,,,,,,,,,0,0,1
720575940613096771,,,,,,,,,,0,0,1
720575940613102823,,,,,,,,,,0,0,1
720575940613110503,,,,,,,,,,0,0,1
720575940613104615,,,,,,,,,,0,0,1
720575940613105383,,,,,,,,,,0,0,1
720575940613105639,,,,,,,,,,0,0,1
720575940613105895,,,,,,,,,,0,0,1
720575940613106407,,,,,,,,,,0,0,1
720575940613106663,,,,,,,,,,0,0,1
720575940613107175,,,,,,,,,,0,0,1
720575940613107431,,,,,,,,,,0,0,1
720575940613107943,,,,,,,,,,0,0,1
720575940613110247,,,,,,,,,,0,0,1
720575940613581495,,,,,,,,,,0,0,1
720575940613588663,,,,,,,,,,0,0,1
720575940613641911,,,,,,,,,,0,0,1
720575940615608414,,,,,,,,,,0,0,1
720575940615299934,,,,,,,,,,0,0,1
720575940615301982,,,,,,,,,,0,0,1
720575940615303404,,,,,,,,,,0,0,1
720575940615306078,,,,,,,,,,0,0,1
720575940615349086,,,,,,,,,,0,0,1
720575940615379440,,,,,,,,,,0,0,1
720575940615556190,,,,,,,,,,0,0,1
720575940615593310,,,,,,,,,,0,0,1
720575940615606622,,,,,,,,,,0,0,1
720575940615607390,,,,,,,,,,0,0,1
720575940615648350,,,,,,,,,,0,0,1
720575940615290718,,,,,,,,,,0,0,1
720575940615724382,,,,,,,,,,0,0,1
720575940615741534,,,,,,,,,,0,0,1
720575940615754334,,,,,,,,,,0,0,1
720575940615766110,,,,,,,,,,0,0,1
720575940615780714,gaba,intrinsic,central,,,CRE043,AOTUv1_medial,,right,523,1394,1
720575940615799308,acetylcholine,intrinsic,central,,,SMP109,putative_primary,,left,3297,9108,1
720575940615813637,,,,,,,,,,0,0,1
720575940615833055,glutamate,intrinsic,central,CX,tangential,FB4C,LALv1_dorsal,,left,2727,4650,1
720575940615907997,dopamine,intrinsic,central,Kenyon_Cell,,KCg-m,MBp1,,right,130,160,1
720575940616029164,,,,,,,,,,0,0,1
720575940615298398,,,,,,,,,,0,0,1
720575940615210975,glutamate,intrinsic,central,,,CRE107,putative_primary,,right,1604,6585,1
720575940613802433,,,,,,,,,,0,0,1
720575940614138855,,,,,,,,,,0,0,1
720575940613928679,,,,,,,,,,0,0,1
720575940613981905,glutamate,intrinsic,central,,,LAL052,putative_primary,,left,3031,4245,1
720575940614006759,,,,,,,,,,0,0,1
720575940614008039,,,,,,,,,,0,0,1
720575940614008295,,,,,,,,,,0,0,1
720575940614011111,,,,,,,,,,0,0,1
720575940614013415,,,,,,,,,,0,0,1
720575940614036019,dopamine,intrinsic,central,Kenyon_Cell,,KCg-m,MBp1,,right,140,227,1
720575940614074087,,,,,,,,,,0,0,1
720575940614114535,,,,,,,,,,0,0,1
720575940614309179,,,,,,,,,,0,0,1
720575940615140661,,,,,,,,,,0,0,1
720575940614314399,acetylcholine,intrinsic,central,,,LHAV9a1_a,CREl1,,right,494,1643,1
720575940614544523,,,,,,,,,,0,0,1
720575940614686003,gaba,intrinsic,central,mAL,,"mAL1,mAL2A,mAL2B,mAL3A,mAL3B,mAL4,mAL5A,mAL5B,mAL6",CREa1_ventral,,right,214,851,1
720575940614714262,acetylcholine,intrinsic,central,,,CRE004,putative_primary,,right,952,6050,1
720575940614714518,dopamine,intrinsic,central,Kenyon_Cell,,KCg-m,MBp2,,right,143,159,1
720575940614756589,gaba,intrinsic,central,ALLN,,ALBN1,putative_primary,,right,2304,8437,1
720575940614952415,acetylcholine,intrinsic,central,,,CRE076,putative_primary,,right,2121,5740,1
720575940615059240,acetylcholine,intrinsic,central,,,SMP586,putative_primary,,left,1779,9540,1
720575940615108149,,,,,,,,,,0,0,1
720575940615133237,,,,,,,,,,0,0,1
720575940605590910,,,,,,,,,,0,0,1
720575940590404626,,,,,,,,,,0,0,1
720575940605430100,,,,,,,,,,0,0,1
720575940595274751,,,,,,,,,,0,0,1
720575940590390331,,,,,,,,,,0,0,1
720575940590392850,,,,,,,,,,0,0,1
720575940590394386,,,,,,,,,,0,0,1
720575940590398482,,,,,,,,,,0,0,1
720575940590401298,,,,,,,,,,0,0,1
720575940590402578,,,,,,,,,,0,0,1
720575940620032788,glutamate,intrinsic,central,,,CB1957,SMPp&v1_posterior,,left,452,775,1
720575940590405138,,,,,,,,,,0,0,1
720575940590839869,,,,,,,,,,0,0,1
720575940591093732,,,,,,,,,,0,0,1
720575940591095268,,,,,,,,,,0,0,1
720575940591097316,,,,,,,,,,0,0,1
720575940591104484,,,,,,,,,,0,0,1
720575940591113188,,,,,,,,,,0,0,1
720575940591113275,,,,,,,,,,0,0,1
720575940591228028,,,,,,,,,,0,0,1
720575940591244691,,,,,,,,,,0,0,1
720575940591246483,,,,,,,,,,0,0,1
720575940591248019,,,,,,,,,,0,0,1
720575940591249555,,,,,,,,,,0,0,1
720575940591589555,,,,,,,,,,0,0,1
720575940591591347,,,,,,,,,,0,0,1
720575940591592115,,,,,,,,,,0,0,1
720575940590388027,,,,,,,,,,0,0,1
720575940590095016,,,,,,,,,,0,0,1
720575940590093992,,,,,,,,,,0,0,1
720575940588956906,,,,,,,,,,0,0,1
720575940588739959,,,,,,,,,,0,0,1
720575940588743031,,,,,,,,,,0,0,1
720575940588743287,,,,,,,,,,0,0,1
720575940588744055,,,,,,,,,,0,0,1
720575940588826851,,,,,,,,,,0,0,1
720575940588859882,,,,,,,,,,0,0,1
720575940588866538,,,,,,,,,,0,0,1
720575940588934122,,,,,,,,,,0,0,1
720575940588944362,,,,,,,,,,0,0,1
720575940588954858,,,,,,,,,,0,0,1
720575940589733902,,,,,,,,,,0,0,1
720575940589965224,,,,,,,,,,0,0,1
720575940589734158,,,,,,,,,,0,0,1
720575940589734926,,,,,,,,,,0,0,1
720575940589735950,,,,,,,,,,0,0,1
720575940589736206,,,,,,,,,,0,0,1
720575940589737230,,,,,,,,,,0,0,1
720575940589737998,,,,,,,,,,0,0,1
720575940589738766,,,,,,,,,,0,0,1
720575940589881811,,,,,,,,,,0,0,1
720575940589905107,,,,,,,,,,0,0,1
720575940589906387,,,,,,,,,,0,0,1
720575940591592371,,,,,,,,,,0,0,1
720575940591594675,,,,,,,,,,0,0,1
720575940591955763,,,,,,,,,,0,0,1
720575940593699354,,,,,,,,,,0,0,1
720575940592860445,,,,,,,,,,0,0,1
720575940592864797,,,,,,,,,,0,0,1
720575940592869661,,,,,,,,,,0,0,1
720575940592876317,,,,,,,,,,0,0,1
720575940593471773,,,,,,,,,,0,0,1
720575940593576953,,,,,,,,,,0,0,1
720575940593615219,,,,,,,,,,0,0,1
720575940593615731,,,,,,,,,,0,0,1
720575940593617011,,,,,,,,,,0,0,1
720575940593695770,,,,,,,,,,0,0,1
720575940593700634,,,,,,,,,,0,0,1
720575940592846611,,,,,,,,,,0,0,1
720575940593701146,,,,,,,,,,0,0,1
720575940594400338,,,,,,,,,,0,0,1
720575940594571327,,,,,,,,,,0,0,1
720575940594571583,,,,,,,,,,0,0,1
720575940594572351,,,,,,,,,,0,0,1
720575940594717231,,,,,,,,,,0,0,1
720575940594722095,,,,,,,,,,0,0,1
720575940594723887,,,,,,,,,,0,0,1
720575940594796871,,,,,,,,,,0,0,1
720575940594798919,,,,,,,,,,0,0,1
720575940592849427,,,,,,,,,,0,0,1
720575940592845075,,,,,,,,,,0,0,1
720575940591956275,,,,,,,,,,0,0,1
720575940592655222,,,,,,,,,,0,0,1
720575940591961651,,,,,,,,,,0,0,1
720575940592524317,,,,,,,,,,0,0,1
720575940592525341,,,,,,,,,,0,0,1
720575940592526109,,,,,,,,,,0,0,1
720575940592526365,,,,,,,,,,0,0,1
720575940592540906,,,,,,,,,,0,0,1
720575940592541162,,,,,,,,,,0,0,1
720575940592546538,,,,,,,,,,0,0,1
720575940592548074,,,,,,,,,,0,0,1
720575940592648822,,,,,,,,,,0,0,1
720575940592777334,,,,,,,,,,0,0,1
720575940592843539,,,,,,,,,,0,0,1
720575940592778870,,,,,,,,,,0,0,1
720575940592782454,,,,,,,,,,0,0,1
720575940592783478,,,,,,,,,,0,0,1
720575940592789110,,,,,,,,,,0,0,1
720575940592795510,,,,,,,,,,0,0,1
720575940592796278,,,,,,,,,,0,0,1
720575940592797302,,,,,,,,,,0,0,1
720575940592825363,,,,,,,,,,0,0,1
720575940592829203,,,,,,,,,,0,0,1
720575940592842771,,,,,,,,,,0,0,1
720575940588711287,,,,,,,,,,0,0,1
720575940588708215,,,,,,,,,,0,0,1
720575940588707191,,,,,,,,,,0,0,1
720575940586205483,,,,,,,,,,0,0,1
720575940586200107,,,,,,,,,,0,0,1
720575940586200363,,,,,,,,,,0,0,1
720575940586200619,,,,,,,,,,0,0,1
720575940586200875,,,,,,,,,,0,0,1
720575940586201131,,,,,,,,,,0,0,1
720575940586202411,,,,,,,,,,0,0,1
720575940586202667,,,,,,,,,,0,0,1
720575940586203947,,,,,,,,,,0,0,1
720575940586204203,,,,,,,,,,0,0,1
720575940586204459,,,,,,,,,,0,0,1
720575940586234923,,,,,,,,,,0,0,1
720575940586198827,,,,,,,,,,0,0,1
720575940586235179,,,,,,,,,,0,0,1
720575940586239676,,,,,,,,,,0,0,1
720575940586271531,,,,,,,,,,0,0,1
720575940586279723,,,,,,,,,,0,0,1
720575940586280491,,,,,,,,,,0,0,1
720575940586281515,,,,,,,,,,0,0,1
720575940586283819,,,,,,,,,,0,0,1
720575940586284843,,,,,,,,,,0,0,1
720575940586287915,,,,,,,,,,0,0,1
720575940586299836,,,,,,,,,,0,0,1
720575940586199339,,,,,,,,,,0,0,1
720575940586197803,,,,,,,,,,0,0,1
720575940586307883,,,,,,,,,,0,0,1
720575940585874663,,,,,,,,,,0,0,1
720575940585858262,,,,,,,,,,0,0,1
720575940585862119,,,,,,,,,,0,0,1
720575940585866727,,,,,,,,,,0,0,1
720575940585867990,,,,,,,,,,0,0,1
720575940585869270,,,,,,,,,,0,0,1
720575940585870806,,,,,,,,,,0,0,1
720575940585871335,,,,,,,,,,0,0,1
720575940585871574,,,,,,,,,,0,0,1
720575940585873895,,,,,,,,,,0,0,1
720575940585874151,,,,,,,,,,0,0,1
720575940585997031,,,,,,,,,,0,0,1
720575940586197547,,,,,,,,,,0,0,1
720575940586181675,,,,,,,,,,0,0,1
720575940586185515,,,,,,,,,,0,0,1
720575940586189611,,,,,,,,,,0,0,1
720575940586190891,,,,,,,,,,0,0,1
720575940586191915,,,,,,,,,,0,0,1
720575940586192171,,,,,,,,,,0,0,1
720575940586192427,,,,,,,,,,0,0,1
720575940586193707,,,,,,,,,,0,0,1
720575940586195755,,,,,,,,,,0,0,1
720575940586196779,,,,,,,,,,0,0,1
720575940586305980,,,,,,,,,,0,0,1
720575940586308907,,,,,,,,,,0,0,1
720575940588706935,,,,,,,,,,0,0,1
720575940588356369,,,,,,,,,,0,0,1
720575940588067610,,,,,,,,,,0,0,1
720575940588111707,,,,,,,,,,0,0,1
720575940588112666,,,,,,,,,,0,0,1
720575940588117274,,,,,,,,,,0,0,1
720575940588119066,,,,,,,,,,0,0,1
720575940588120090,,,,,,,,,,0,0,1
720575940588120858,,,,,,,,,,0,0,1
720575940588121114,,,,,,,,,,0,0,1
720575940588122906,,,,,,,,,,0,0,1
720575940588126746,,,,,,,,,,0,0,1
720575940588698487,,,,,,,,,,0,0,1
720575940587836893,,,,,,,,,,0,0,1
720575940588699255,,,,,,,,,,0,0,1
720575940588699511,,,,,,,,,,0,0,1
720575940588700279,,,,,,,,,,0,0,1
720575940588700791,,,,,,,,,,0,0,1
720575940588703095,,,,,,,,,,0,0,1
720575940588703351,,,,,,,,,,0,0,1
720575940588703863,,,,,,,,,,0,0,1
720575940588704375,,,,,,,,,,0,0,1
720575940588704631,,,,,,,,,,0,0,1
720575940588705143,,,,,,,,,,0,0,1
720575940587837661,,,,,,,,,,0,0,1
720575940587343079,,,,,,,,,,0,0,1
720575940586309419,,,,,,,,,,0,0,1
720575940586953329,,,,,,,,,,0,0,1
720575940586311723,,,,,,,,,,0,0,1
720575940586311979,,,,,,,,,,0,0,1
720575940586313259,,,,,,,,,,0,0,1
720575940586314027,,,,,,,,,,0,0,1
720575940586322620,,,,,,,,,,0,0,1
720575940586371516,,,,,,,,,,0,0,1
720575940586374844,,,,,,,,,,0,0,1
720575940586383292,,,,,,,,,,0,0,1
720575940586578065,,,,,,,,,,0,0,1
720575940586950001,,,,,,,,,,0,0,1
720575940586954609,,,,,,,,,,0,0,1
720575940587337191,,,,,,,,,,0,0,1
720575940586955377,,,,,,,,,,0,0,1
720575940587065831,,,,,,,,,,0,0,1
720575940587127547,,,,,,,,,,0,0,1
720575940587128059,,,,,,,,,,0,0,1
720575940587138043,,,,,,,,,,0,0,1
720575940587138299,,,,,,,,,,0,0,1
720575940587140091,,,,,,,,,,0,0,1
720575940587140603,,,,,,,,,,0,0,1
720575940587140859,,,,,,,,,,0,0,1
720575940587144187,,,,,,,,,,0,0,1
720575940595159012,,,,,,,,,,0,0,1
720575940595291555,,,,,,,,,,0,0,1
720575940605429588,,,,,,,,,,0,0,1
720575940595294115,,,,,,,,,,0,0,1
720575940603059766,,,,,,,,,,0,0,1
720575940603068726,,,,,,,,,,0,0,1
720575940603070006,,,,,,,,,,0,0,1
720575940603079734,,,,,,,,,,0,0,1
720575940603082038,,,,,,,,,,0,0,1
720575940603083574,,,,,,,,,,0,0,1
720575940603089974,,,,,,,,,,0,0,1
720575940603092022,,,,,,,,,,0,0,1
720575940603121998,,,,,,,,,,0,0,1
720575940603122254,,,,,,,,,,0,0,1
720575940603124046,,,,,,,,,,0,0,1
720575940603131214,,,,,,,,,,0,0,1
720575940603131470,,,,,,,,,,0,0,1
720575940603133774,,,,,,,,,,0,0,1
720575940603136078,,,,,,,,,,0,0,1
720575940603136334,,,,,,,,,,0,0,1
720575940603136846,,,,,,,,,,0,0,1
720575940603138638,,,,,,,,,,0,0,1
720575940603169590,,,,,,,,,,0,0,1
720575940603169846,,,,,,,,,,0,0,1
720575940603310646,,,,,,,,,,0,0,1
720575940603325238,,,,,,,,,,0,0,1
720575940603325750,,,,,,,,,,0,0,1
720575940603055926,,,,,,,,,,0,0,1
720575940602920225,,,,,,,,,,0,0,1
720575940602145405,,,,,,,,,,0,0,1
720575940601474806,,,,,,,,,,0,0,1
720575940601280453,,,,,,,,,,0,0,1
720575940601435303,,,,,,,,,,0,0,1
720575940601458166,,,,,,,,,,0,0,1
720575940601458934,,,,,,,,,,0,0,1
720575940601459702,,,,,,,,,,0,0,1
720575940601462518,,,,,,,,,,0,0,1
720575940601463286,,,,,,,,,,0,0,1
720575940601464566,,,,,,,,,,0,0,1
720575940601466102,,,,,,,,,,0,0,1
720575940601466614,,,,,,,,,,0,0,1
720575940601502966,,,,,,,,,,0,0,1
720575940602145149,,,,,,,,,,0,0,1
720575940601512182,,,,,,,,,,0,0,1
720575940601591463,,,,,,,,,,0,0,1
720575940601594791,,,,,,,,,,0,0,1
720575940601596071,,,,,,,,,,0,0,1
720575940601645479,,,,,,,,,,0,0,1
720575940601648807,,,,,,,,,,0,0,1
720575940601653415,,,,,,,,,,0,0,1
720575940601654951,,,,,,,,,,0,0,1
720575940601745831,,,,,,,,,,0,0,1
720575940601824679,,,,,,,,,,0,0,1
720575940603326262,,,,,,,,,,0,0,1
720575940603327542,,,,,,,,,,0,0,1
720575940603329846,,,,,,,,,,0,0,1
720575940604962918,dopamine,intrinsic,central,Kenyon_Cell,,KCg-m,MBp2,,right,191,165,1
720575940604493338,,,,,,,,,,0,0,1
720575940604495898,,,,,,,,,,0,0,1
720575940604496154,,,,,,,,,,0,0,1
720575940604496878,,,,,,,,,,0,0,1
720575940604496922,,,,,,,,,,0,0,1
720575940604497902,,,,,,,,,,0,0,1
720575940604498414,,,,,,,,,,0,0,1
720575940604500974,,,,,,,,,,0,0,1
720575940604503834,,,,,,,,,,0,0,1
720575940604505838,,,,,,,,,,0,0,1
720575940605194036,,,,,,,,,,0,0,1
720575940604483098,,,,,,,,,,0,0,1
720575940605325396,,,,,,,,,,0,0,1
720575940605328468,,,,,,,,,,0,0,1
720575940605329492,,,,,,,,,,0,0,1
720575940605331284,,,,,,,,,,0,0,1
720575940605418209,,,,,,,,,,0,0,1
720575940605421396,,,,,,,,,,0,0,1
720575940605422817,,,,,,,,,,0,0,1
720575940605428193,,,,,,,,,,0,0,1
720575940605428564,,,,,,,,,,0,0,1
720575940605428820,,,,,,,,,,0,0,1
720575940604493082,,,,,,,,,,0,0,1
720575940604460014,,,,,,,,,,0,0,1
720575940603331382,,,,,,,,,,0,0,1
720575940603786734,,,,,,,,,,0,0,1
720575940603331894,,,,,,,,,,0,0,1
720575940603463734,,,,,,,,,,0,0,1
720575940603541587,,,,,,,,,,0,0,1
720575940603542099,,,,,,,,,,0,0,1
720575940603569990,,,,,,,,,,0,0,1
720575940603721454,,,,,,,,,,0,0,1
720575940603724014,,,,,,,,,,0,0,1
720575940603724526,,,,,,,,,,0,0,1
720575940603726830,,,,,,,,,,0,0,1
720575940603777518,,,,,,,,,,0,0,1
720575940603794998,,,,,,,,,,0,0,1
720575940604451505,dopamine,intrinsic,central,CX,tangential,FB5H,putative_primary,,right,2898,1600,1
720575940603795254,,,,,,,,,,0,0,1
720575940603795510,,,,,,,,,,0,0,1
720575940603812606,,,,,,,,,,0,0,1
720575940603872510,,,,,,,,,,0,0,1
720575940603936766,,,,,,,,,,0,0,1
720575940603940862,,,,,,,,,,0,0,1
720575940604155118,,,,,,,,,,0,0,1
720575940604314622,,,,,,,,,,0,0,1
720575940604356334,,,,,,,,,,0,0,1
720575940604446958,,,,,,,,,,0,0,1
720575940601278149,,,,,,,,,,0,0,1
720575940601277637,,,,,,,,,,0,0,1
720575940601275333,,,,,,,,,,0,0,1
720575940597459762,,,,,,,,,,0,0,1
720575940596874136,,,,,,,,,,0,0,1
720575940596874392,,,,,,,,,,0,0,1
720575940596874904,,,,,,,,,,0,0,1
720575940597209321,,,,,,,,,,0,0,1
720575940597261801,,,,,,,,,,0,0,1
720575940597266409,,,,,,,,,,0,0,1
720575940597267177,,,,,,,,,,0,0,1
720575940597268201,,,,,,,,,,0,0,1
720575940597282458,,,,,,,,,,0,0,1
720575940597458994,,,,,,,,,,0,0,1
720575940597797933,,,,,,,,,,0,0,1
720575940596506682,,,,,,,,,,0,0,1
720575940597802285,,,,,,,,,,0,0,1
720575940597803053,,,,,,,,,,0,0,1
720575940597805373,,,,,,,,,,0,0,1
720575940598046133,,,,,,,,,,0,0,1
720575940598492239,,,,,,,,,,0,0,1
720575940598634097,,,,,,,,,,0,0,1
720575940599078978,,,,,,,,,,0,0,1
720575940599088194,,,,,,,,,,0,0,1
720575940599102577,,,,,,,,,,0,0,1
720575940599148808,,,,,,,,,,0,0,1
720575940596873880,,,,,,,,,,0,0,1
720575940596506426,,,,,,,,,,0,0,1
720575940599201649,,,,,,,,,,0,0,1
720575940595902868,,,,,,,,,,0,0,1
720575940595750901,,,,,,,,,,0,0,1
720575940595752437,,,,,,,,,,0,0,1
720575940595753973,,,,,,,,,,0,0,1
720575940595755253,,,,,,,,,,0,0,1
720575940595858108,,,,,,,,,,0,0,1
720575940595860156,,,,,,,,,,0,0,1
720575940595862204,,,,,,,,,,0,0,1
720575940595899540,,,,,,,,,,0,0,1
720575940595899870,,,,,,,,,,0,0,1
720575940595900052,,,,,,,,,,0,0,1
720575940595903380,,,,,,,,,,0,0,1
720575940596505914,,,,,,,,,,0,0,1
720575940595990932,,,,,,,,,,0,0,1
720575940595997332,,,,,,,,,,0,0,1
720575940596002964,,,,,,,,,,0,0,1
720575940596008340,,,,,,,,,,0,0,1
720575940596023206,,,,,,,,,,0,0,1
720575940596156582,,,,,,,,,,0,0,1
720575940596157094,,,,,,,,,,0,0,1
720575940596326566,,,,,,,,,,0,0,1
720575940596504634,,,,,,,,,,0,0,1
720575940596505658,,,,,,,,,,0,0,1
720575940599196017,,,,,,,,,,0,0,1
720575940599202417,,,,,,,,,,0,0,1
720575940601234190,,,,,,,,,,0,0,1
720575940601190594,,,,,,,,,,0,0,1
720575940600968892,,,,,,,,,,0,0,1
720575940600971708,,,,,,,,,,0,0,1
720575940600973244,,,,,,,,,,0,0,1
720575940600974780,,,,,,,,,,0,0,1
720575940601000339,,,,,,,,,,0,0,1
720575940601002899,,,,,,,,,,0,0,1
720575940601013395,,,,,,,,,,0,0,1
720575940601173186,,,,,,,,,,0,0,1
720575940601187778,,,,,,,,,,0,0,1
720575940601189314,,,,,,,,,,0,0,1
720575940601195714,,,,,,,,,,0,0,1
720575940600966588,,,,,,,,,,0,0,1
720575940601199813,,,,,,,,,,0,0,1
720575940601200325,,,,,,,,,,0,0,1
720575940601201093,,,,,,,,,,0,0,1
720575940601201349,,,,,,,,,,0,0,1
720575940601202373,,,,,,,,,,0,0,1
720575940601204165,,,,,,,,,,0,0,1
720575940601204933,,,,,,,,,,0,0,1
720575940601205445,,,,,,,,,,0,0,1
720575940601223694,,,,,,,,,,0,0,1
720575940601229582,,,,,,,,,,0,0,1
720575940600968380,,,,,,,,,,0,0,1
720575940600965052,,,,,,,,,,0,0,1
720575940599204465,,,,,,,,,,0,0,1
720575940600510328,,,,,,,,,,0,0,1
720575940599206001,,,,,,,,,,0,0,1
720575940599209585,,,,,,,,,,0,0,1
720575940600286942,,,,,,,,,,0,0,1
720575940600303838,,,,,,,,,,0,0,1
720575940600352632,,,,,,,,,,0,0,1
720575940600392312,,,,,,,,,,0,0,1
720575940600437168,,,,,,,,,,0,0,1
720575940600457080,,,,,,,,,,0,0,1
720575940600457336,,,,,,,,,,0,0,1
720575940600457848,,,,,,,,,,0,0,1
720575940600548377,,,,,,,,,,0,0,1
720575940600964284,,,,,,,,,,0,0,1
720575940600750105,,,,,,,,,,0,0,1
720575940600774926,,,,,,,,,,0,0,1
720575940600775694,,,,,,,,,,0,0,1
720575940600777998,,,,,,,,,,0,0,1
720575940600855484,,,,,,,,,,0,0,1
720575940600858556,,,,,,,,,,0,0,1
720575940600925816,,,,,,,,,,0,0,1
720575940600927608,,,,,,,,,,0,0,1
720575940600929144,,,,,,,,,,0,0,1
720575940600955216,,,,,,,,,,0,0,1
720575940619823536,dopamine,intrinsic,central,DAN,,PAM08,CREa2_medial,,right,363,198,1
720575940379803208,,,,,,,,,,0,0,1
720575940620260800,dopamine,intrinsic,central,DAN,,PAM05,CREa2_medial,,left,773,416,1
720575940395728879,,,,,,,,,,0,0,1
720575940397371960,,,,,,,,,,0,0,1
720575940397375544,,,,,,,,,,0,0,1
720575940397378104,,,,,,,,,,0,0,1
720575940397385016,,,,,,,,,,0,0,1
720575940397386296,,,,,,,,,,0,0,1
720575940397389624,,,,,,,,,,0,0,1
720575940397393464,,,,,,,,,,0,0,1
720575940397393720,,,,,,,,,,0,0,1
720575940397393976,,,,,,,,,,0,0,1
720575940397394488,,,,,,,,,,0,0,1
720575940397406776,,,,,,,,,,0,0,1
720575940397407288,,,,,,,,,,0,0,1
720575940397409080,,,,,,,,,,0,0,1
720575940397409592,,,,,,,,,,0,0,1
720575940397415224,,,,,,,,,,0,0,1
720575940397420344,,,,,,,,,,0,0,1
720575940397423672,,,,,,,,,,0,0,1
720575940397427000,,,,,,,,,,0,0,1
720575940397429304,,,,,,,,,,0,0,1
720575940397429560,,,,,,,,,,0,0,1
720575940397442872,,,,,,,,,,0,0,1
720575940397895580,,,,,,,,,,0,0,1
720575940397895836,,,,,,,,,,0,0,1
720575940397371448,,,,,,,,,,0,0,1
720575940397365816,,,,,,,,,,0,0,1
720575940397364536,,,,,,,,,,0,0,1
720575940397335352,,,,,,,,,,0,0,1
720575940396251084,,,,,,,,,,0,0,1
720575940396262604,,,,,,,,,,0,0,1
720575940396609632,,,,,,,,,,0,0,1
720575940396620128,,,,,,,,,,0,0,1
720575940397314616,,,,,,,,,,0,0,1
720575940397315384,,,,,,,,,,0,0,1
720575940397315640,,,,,,,,,,0,0,1
720575940397318200,,,,,,,,,,0,0,1
720575940397318968,,,,,,,,,,0,0,1
720575940397329720,,,,,,,,,,0,0,1
720575940397338168,,,,,,,,,,0,0,1
720575940397363768,,,,,,,,,,0,0,1
720575940397338936,,,,,,,,,,0,0,1
720575940397339960,,,,,,,,,,0,0,1
720575940397342520,,,,,,,,,,0,0,1
720575940397346104,,,,,,,,,,0,0,1
720575940397346872,,,,,,,,,,0,0,1
720575940397349432,,,,,,,,,,0,0,1
720575940397357112,,,,,,,,,,0,0,1
720575940397357368,,,,,,,,,,0,0,1
720575940397359416,,,,,,,,,,0,0,1
720575940397363256,,,,,,,,,,0,0,1
720575940397903004,,,,,,,,,,0,0,1
720575940397907868,,,,,,,,,,0,0,1
720575940398761425,,,,,,,,,,0,0,1
720575940404904119,,,,,,,,,,0,0,1
720575940403685451,,,,,,,,,,0,0,1
720575940403685963,,,,,,,,,,0,0,1
720575940403688779,,,,,,,,,,0,0,1
720575940403695947,,,,,,,,,,0,0,1
720575940403729227,,,,,,,,,,0,0,1
720575940404751107,,,,,,,,,,0,0,1
720575940404799491,,,,,,,,,,0,0,1
720575940404880823,,,,,,,,,,0,0,1
720575940404882359,,,,,,,,,,0,0,1
720575940404903863,,,,,,,,,,0,0,1
720575940404907447,,,,,,,,,,0,0,1
720575940402437005,,,,,,,,,,0,0,1
720575940404912311,,,,,,,,,,0,0,1
720575940404912823,,,,,,,,,,0,0,1
720575940404935351,,,,,,,,,,0,0,1
720575940404941751,,,,,,,,,,0,0,1
720575940404942775,,,,,,,,,,0,0,1
720575940404944055,,,,,,,,,,0,0,1
720575940404947895,,,,,,,,,,0,0,1
720575940404948663,,,,,,,,,,0,0,1
720575940404948919,,,,,,,,,,0,0,1
720575940404949431,,,,,,,,,,0,0,1
720575940403651147,,,,,,,,,,0,0,1
720575940402265855,,,,,,,,,,0,0,1
720575940398763985,,,,,,,,,,0,0,1
720575940401240741,,,,,,,,,,0,0,1
720575940398770897,,,,,,,,,,0,0,1
720575940398778065,,,,,,,,,,0,0,1
720575940398807249,,,,,,,,,,0,0,1
720575940399813791,,,,,,,,,,0,0,1
720575940399814047,,,,,,,,,,0,0,1
720575940400081925,,,,,,,,,,0,0,1
720575940400118021,,,,,,,,,,0,0,1
720575940400139781,,,,,,,,,,0,0,1
720575940400709922,,,,,,,,,,0,0,1
720575940400717858,,,,,,,,,,0,0,1
720575940401265573,,,,,,,,,,0,0,1
720575940402263039,,,,,,,,,,0,0,1
720575940402207999,,,,,,,,,,0,0,1
720575940402211583,,,,,,,,,,0,0,1
720575940402229503,,,,,,,,,,0,0,1
720575940402231551,,,,,,,,,,0,0,1
720575940402232063,,,,,,,,,,0,0,1
720575940402237951,,,,,,,,,,0,0,1
720575940402247935,,,,,,,,,,0,0,1
720575940402252031,,,,,,,,,,0,0,1
720575940402254847,,,,,,,,,,0,0,1
720575940402262527,,,,,,,,,,0,0,1
720575940395731439,,,,,,,,,,0,0,1
720575940395725039,,,,,,,,,,0,0,1
720575940620310625,dopamine,intrinsic,central,Kenyon_Cell,,KCg-m,MBp3,,right,207,246,1
720575940395710951,,,,,,,,,,0,0,1
720575940388657714,,,,,,,,,,0,0,1
720575940388661042,,,,,,,,,,0,0,1
720575940388664114,,,,,,,,,,0,0,1
720575940388665394,,,,,,,,,,0,0,1
720575940388666674,,,,,,,,,,0,0,1
720575940388672050,,,,,,,,,,0,0,1
720575940389692843,,,,,,,,,,0,0,1
720575940390234954,,,,,,,,,,0,0,1
720575940390840869,,,,,,,,,,0,0,1
720575940390841125,,,,,,,,,,0,0,1
720575940390856485,,,,,,,,,,0,0,1
720575940390859045,,,,,,,,,,0,0,1
720575940390859301,,,,,,,,,,0,0,1
720575940391078918,,,,,,,,,,0,0,1
720575940391082502,,,,,,,,,,0,0,1
720575940391105081,,,,,,,,,,0,0,1
720575940391108921,,,,,,,,,,0,0,1
720575940391114297,,,,,,,,,,0,0,1
720575940391118137,,,,,,,,,,0,0,1
720575940391122233,,,,,,,,,,0,0,1
720575940391134265,,,,,,,,,,0,0,1
720575940391163705,,,,,,,,,,0,0,1
720575940391166009,,,,,,,,,,0,0,1
720575940388507948,,,,,,,,,,0,0,1
720575940388036489,,,,,,,,,,0,0,1
720575940387361852,,,,,,,,,,0,0,1
720575940385129252,,,,,,,,,,0,0,1
720575940383984544,,,,,,,,,,0,0,1
720575940383986848,,,,,,,,,,0,0,1
720575940383987616,,,,,,,,,,0,0,1
720575940383993504,,,,,,,,,,0,0,1
720575940383996576,,,,,,,,,,0,0,1
720575940383998624,,,,,,,,,,0,0,1
720575940384006304,,,,,,,,,,0,0,1
720575940384744199,,,,,,,,,,0,0,1
720575940385073956,,,,,,,,,,0,0,1
720575940385111076,,,,,,,,,,0,0,1
720575940385135396,,,,,,,,,,0,0,1
720575940386946791,,,,,,,,,,0,0,1
720575940385141284,,,,,,,,,,0,0,1
720575940385432980,,,,,,,,,,0,0,1
720575940385436052,,,,,,,,,,0,0,1
720575940385452180,,,,,,,,,,0,0,1
720575940385471892,,,,,,,,,,0,0,1
720575940385486740,,,,,,,,,,0,0,1
720575940386676245,,,,,,,,,,0,0,1
720575940386686485,,,,,,,,,,0,0,1
720575940386697237,,,,,,,,,,0,0,1
720575940386880026,,,,,,,,,,0,0,1
720575940391169849,,,,,,,,,,0,0,1
720575940391176505,,,,,,,,,,0,0,1
720575940391274835,,,,,,,,,,0,0,1
720575940395576961,,,,,,,,,,0,0,1
720575940394191971,,,,,,,,,,0,0,1
720575940394479695,,,,,,,,,,0,0,1
720575940395363899,,,,,,,,,,0,0,1
720575940395365691,,,,,,,,,,0,0,1
720575940395368251,,,,,,,,,,0,0,1
720575940395381563,,,,,,,,,,0,0,1
720575940395386939,,,,,,,,,,0,0,1
720575940395541487,,,,,,,,,,0,0,1
720575940395543791,,,,,,,,,,0,0,1
720575940395573889,,,,,,,,,,0,0,1
720575940395583617,,,,,,,,,,0,0,1
720575940394143504,,,,,,,,,,0,0,1
720575940395583727,,,,,,,,,,0,0,1
720575940395583873,,,,,,,,,,0,0,1
720575940395585665,,,,,,,,,,0,0,1
720575940395591919,,,,,,,,,,0,0,1
720575940395594479,,,,,,,,,,0,0,1
720575940395595503,,,,,,,,,,0,0,1
720575940395603951,,,,,,,,,,0,0,1
720575940395683815,,,,,,,,,,0,0,1
720575940395697639,,,,,,,,,,0,0,1
720575940395706599,,,,,,,,,,0,0,1
720575940394145296,,,,,,,,,,0,0,1
720575940394140003,,,,,,,,,,0,0,1
720575940392801314,,,,,,,,,,0,0,1
720575940394087440,,,,,,,,,,0,0,1
720575940393377075,,,,,,,,,,0,0,1
720575940393984250,,,,,,,,,,0,0,1
720575940393992954,,,,,,,,,,0,0,1
720575940394028304,,,,,,,,,,0,0,1
720575940394053136,,,,,,,,,,0,0,1
720575940394058000,,,,,,,,,,0,0,1
720575940394058512,,,,,,,,,,0,0,1
720575940394075664,,,,,,,,,,0,0,1
720575940394075920,,,,,,,,,,0,0,1
720575940394080528,,,,,,,,,,0,0,1
720575940394097168,,,,,,,,,,0,0,1
720575940394138896,,,,,,,,,,0,0,1
720575940394099216,,,,,,,,,,0,0,1
720575940394099472,,,,,,,,,,0,0,1
720575940394102800,,,,,,,,,,0,0,1
720575940394112272,,,,,,,,,,0,0,1
720575940394114832,,,,,,,,,,0,0,1
720575940394116368,,,,,,,,,,0,0,1
720575940394118416,,,,,,,,,,0,0,1
720575940394121488,,,,,,,,,,0,0,1
720575940394122687,,,,,,,,,,0,0,1
720575940394124304,,,,,,,,,,0,0,1
720575940404950199,,,,,,,,,,0,0,1
720575940404951223,,,,,,,,,,0,0,1
720575940404952759,,,,,,,,,,0,0,1
720575940404954295,,,,,,,,,,0,0,1
720575940415990813,,,,,,,,,,0,0,1
720575940415994653,,,,,,,,,,0,0,1
720575940416000029,,,,,,,,,,0,0,1
720575940416008221,,,,,,,,,,0,0,1
720575940416016925,,,,,,,,,,0,0,1
720575940416017949,,,,,,,,,,0,0,1
720575940416018461,,,,,,,,,,0,0,1
720575940416026141,,,,,,,,,,0,0,1
720575940416028957,,,,,,,,,,0,0,1
720575940416029213,,,,,,,,,,0,0,1
720575940416029981,,,,,,,,,,0,0,1
720575940416034333,,,,,,,,,,0,0,1
720575940416036893,,,,,,,,,,0,0,1
720575940416039453,,,,,,,,,,0,0,1
720575940416041757,,,,,,,,,,0,0,1
720575940416091282,,,,,,,,,,0,0,1
720575940416091794,,,,,,,,,,0,0,1
720575940416092306,,,,,,,,,,0,0,1
720575940416096402,,,,,,,,,,0,0,1
720575940416102290,,,,,,,,,,0,0,1
720575940416104850,,,,,,,,,,0,0,1
720575940416107922,,,,,,,,,,0,0,1
720575940416114066,,,,,,,,,,0,0,1
720575940415989277,,,,,,,,,,0,0,1
720575940415988253,,,,,,,,,,0,0,1
720575940415987997,,,,,,,,,,0,0,1
720575940415065898,,,,,,,,,,0,0,1
720575940413653904,,,,,,,,,,0,0,1
720575940413657744,,,,,,,,,,0,0,1
720575940413659024,,,,,,,,,,0,0,1
720575940413663376,,,,,,,,,,0,0,1
720575940413673616,,,,,,,,,,0,0,1
720575940414874438,,,,,,,,,,0,0,1
720575940414876307,,,,,,,,,,0,0,1
720575940414924870,,,,,,,,,,0,0,1
720575940414933318,,,,,,,,,,0,0,1
720575940414944070,,,,,,,,,,0,0,1
720575940415088938,,,,,,,,,,0,0,1
720575940415983389,,,,,,,,,,0,0,1
720575940415093034,,,,,,,,,,0,0,1
720575940415097130,,,,,,,,,,0,0,1
720575940415536900,,,,,,,,,,0,0,1
720575940415606788,,,,,,,,,,0,0,1
720575940415665668,,,,,,,,,,0,0,1
720575940415668228,,,,,,,,,,0,0,1
720575940415676420,,,,,,,,,,0,0,1
720575940415679236,,,,,,,,,,0,0,1
720575940415690500,,,,,,,,,,0,0,1
720575940415836297,,,,,,,,,,0,0,1
720575940416115346,,,,,,,,,,0,0,1
720575940416117394,,,,,,,,,,0,0,1
720575940416117906,,,,,,,,,,0,0,1
720575940420574191,,,,,,,,,,0,0,1
720575940417835370,,,,,,,,,,0,0,1
720575940417840234,,,,,,,,,,0,0,1
720575940418427658,,,,,,,,,,0,0,1
720575940419166744,,,,,,,,,,0,0,1
720575940419181080,,,,,,,,,,0,0,1
720575940419979428,,,,,,,,,,0,0,1
720575940420003748,,,,,,,,,,0,0,1
720575940420558319,,,,,,,,,,0,0,1
720575940420559343,,,,,,,,,,0,0,1
720575940420566767,,,,,,,,,,0,0,1
720575940420574703,,,,,,,,,,0,0,1
720575940417062784,,,,,,,,,,0,0,1
720575940420586479,,,,,,,,,,0,0,1
720575940420587247,,,,,,,,,,0,0,1
720575940420597231,,,,,,,,,,0,0,1
720575940420635119,,,,,,,,,,0,0,1
720575940420800140,,,,,,,,,,0,0,1
720575940420800396,,,,,,,,,,0,0,1
720575940420817548,,,,,,,,,,0,0,1
720575940421867800,,,,,,,,,,0,0,1
720575940421879320,,,,,,,,,,0,0,1
720575940421895448,,,,,,,,,,0,0,1
720575940417256266,,,,,,,,,,0,0,1
720575940417062528,,,,,,,,,,0,0,1
720575940416127890,,,,,,,,,,0,0,1
720575940417030272,,,,,,,,,,0,0,1
720575940416268079,,,,,,,,,,0,0,1
720575940416272175,,,,,,,,,,0,0,1
720575940416969856,,,,,,,,,,0,0,1
720575940416987008,,,,,,,,,,0,0,1
720575940416992640,,,,,,,,,,0,0,1
720575940416993408,,,,,,,,,,0,0,1
720575940417011328,,,,,,,,,,0,0,1
720575940417016704,,,,,,,,,,0,0,1
720575940417020544,,,,,,,,,,0,0,1
720575940417023360,,,,,,,,,,0,0,1
720575940417036672,,,,,,,,,,0,0,1
720575940417058944,,,,,,,,,,0,0,1
720575940417037184,,,,,,,,,,0,0,1
720575940417040256,,,,,,,,,,0,0,1
720575940417040768,,,,,,,,,,0,0,1
720575940417042048,,,,,,,,,,0,0,1
720575940417046144,,,,,,,,,,0,0,1
720575940417046400,,,,,,,,,,0,0,1
720575940417046656,,,,,,,,,,0,0,1
720575940417047168,,,,,,,,,,0,0,1
720575940417049984,,,,,,,,,,0,0,1
720575940417053824,,,,,,,,,,0,0,1
720575940413653392,,,,,,,,,,0,0,1
720575940413649552,,,,,,,,,,0,0,1
720575940413649296,,,,,,,,,,0,0,1
720575940408441650,,,,,,,,,,0,0,1
720575940408376114,,,,,,,,,,0,0,1
720575940408380978,,,,,,,,,,0,0,1
720575940408394290,,,,,,,,,,0,0,1
720575940408397874,,,,,,,,,,0,0,1
720575940408414770,,,,,,,,,,0,0,1
720575940408415282,,,,,,,,,,0,0,1
720575940408421170,,,,,,,,,,0,0,1
720575940408428850,,,,,,,,,,0,0,1
720575940408434738,,,,,,,,,,0,0,1
720575940408439090,,,,,,,,,,0,0,1
720575940408449842,,,,,,,,,,0,0,1
720575940408367922,,,,,,,,,,0,0,1
720575940408450610,,,,,,,,,,0,0,1
720575940408451378,,,,,,,,,,0,0,1
720575940408458546,,,,,,,,,,0,0,1
720575940408458802,,,,,,,,,,0,0,1
720575940408472626,,,,,,,,,,0,0,1
720575940408473138,,,,,,,,,,0,0,1
720575940408541417,,,,,,,,,,0,0,1
720575940408562665,,,,,,,,,,0,0,1
720575940408624742,,,,,,,,,,0,0,1
720575940408641126,,,,,,,,,,0,0,1
720575940408372786,,,,,,,,,,0,0,1
720575940408364850,,,,,,,,,,0,0,1
720575940408643174,,,,,,,,,,0,0,1
720575940404997815,,,,,,,,,,0,0,1
720575940404955063,,,,,,,,,,0,0,1
720575940404956087,,,,,,,,,,0,0,1
720575940404956855,,,,,,,,,,0,0,1
720575940404957111,,,,,,,,,,0,0,1
720575940404957879,,,,,,,,,,0,0,1
720575940404961207,,,,,,,,,,0,0,1
720575940404971191,,,,,,,,,,0,0,1
720575940404976055,,,,,,,,,,0,0,1
720575940404976311,,,,,,,,,,0,0,1
720575940404977847,,,,,,,,,,0,0,1
720575940405001655,,,,,,,,,,0,0,1
720575940408345138,,,,,,,,,,0,0,1
720575940405258757,,,,,,,,,,0,0,1
720575940405260805,,,,,,,,,,0,0,1
720575940405262085,,,,,,,,,,0,0,1
720575940405267205,,,,,,,,,,0,0,1
720575940405273349,,,,,,,,,,0,0,1
720575940408288306,,,,,,,,,,0,0,1
720575940408315954,,,,,,,,,,0,0,1
720575940408330034,,,,,,,,,,0,0,1
720575940408330290,,,,,,,,,,0,0,1
720575940408342578,,,,,,,,,,0,0,1
720575940408642918,,,,,,,,,,0,0,1
720575940409043613,,,,,,,,,,0,0,1
720575940413646736,,,,,,,,,,0,0,1
720575940410998301,,,,,,,,,,0,0,1
720575940410247369,,,,,,,,,,0,0,1
720575940410261705,,,,,,,,,,0,0,1
720575940410282185,,,,,,,,,,0,0,1
720575940410292681,,,,,,,,,,0,0,1
720575940410497335,,,,,,,,,,0,0,1
720575940410521399,,,,,,,,,,0,0,1
720575940410523703,,,,,,,,,,0,0,1
720575940410527543,,,,,,,,,,0,0,1
720575940410787608,,,,,,,,,,0,0,1
720575940410843160,,,,,,,,,,0,0,1
720575940412114989,,,,,,,,,,0,0,1
720575940410190025,,,,,,,,,,0,0,1
720575940412662676,,,,,,,,,,0,0,1
720575940413626256,,,,,,,,,,0,0,1
720575940413627536,,,,,,,,,,0,0,1
720575940413628048,,,,,,,,,,0,0,1
720575940413636240,,,,,,,,,,0,0,1
720575940413636496,,,,,,,,,,0,0,1
720575940413640080,,,,,,,,,,0,0,1
720575940413640592,,,,,,,,,,0,0,1
720575940413642640,,,,,,,,,,0,0,1
720575940413643408,,,,,,,,,,0,0,1
720575940410238153,,,,,,,,,,0,0,1
720575940410184137,,,,,,,,,,0,0,1
720575940409045661,,,,,,,,,,0,0,1
720575940410106057,,,,,,,,,,0,0,1
720575940409047709,,,,,,,,,,0,0,1
720575940409047965,,,,,,,,,,0,0,1
720575940409050525,,,,,,,,,,0,0,1
720575940409063069,,,,,,,,,,0,0,1
720575940409073821,,,,,,,,,,0,0,1
720575940409082525,,,,,,,,,,0,0,1
720575940409085597,,,,,,,,,,0,0,1
720575940409103261,,,,,,,,,,0,0,1
720575940409222871,,,,,,,,,,0,0,1
720575940409440088,,,,,,,,,,0,0,1
720575940410116809,,,,,,,,,,0,0,1
720575940410170825,,,,,,,,,,0,0,1
720575940410122953,,,,,,,,,,0,0,1
720575940410125257,,,,,,,,,,0,0,1
720575940410142153,,,,,,,,,,0,0,1
720575940410145993,,,,,,,,,,0,0,1
720575940410146505,,,,,,,,,,0,0,1
720575940410155977,,,,,,,,,,0,0,1
720575940410158281,,,,,,,,,,0,0,1
720575940410160329,,,,,,,,,,0,0,1
720575940410168265,,,,,,,,,,0,0,1
720575940410170313,,,,,,,,,,0,0,1
720575940383327656,,,,,,,,,,0,0,1
720575940382466814,,,,,,,,,,0,0,1
720575940382462462,,,,,,,,,,0,0,1
720575940634982947,,,,,,,,,,0,0,1
720575940628266892,,,,,,,,,,0,0,1
720575940628447491,dopamine,intrinsic,central,Kenyon_Cell,,KCg-m,MBp2,,right,163,204,1
720575940628645519,,,,,,,,,,0,0,1
720575940628697538,acetylcholine,intrinsic,central,,,CB1857,DM1_antero_dorsal,,right,642,3172,1
720575940628714358,dopamine,intrinsic,central,Kenyon_Cell,,KCg-m,MBp3,,right,140,216,1
720575940628836412,dopamine,intrinsic,central,DAN,,PAM08,CREa1_dorsal,,right,301,200,1
720575940629139834,acetylcholine,intrinsic,central,,,LAL011,putative_primary,,right,2769,3292,1
720575940629166976,,,,,,,,,,0,0,1
720575940629188087,glutamate,intrinsic,central,,,CB0951,SMPad3,,left,285,1246,1
720575940629318394,dopamine,intrinsic,central,Kenyon_Cell,,KCg-m,MBp2,,right,152,171,1
720575940629354455,acetylcholine,intrinsic,central,,,CRE065,CREl1,,left,127,1111,1
720575940629440006,acetylcholine,intrinsic,central,,,CRE072,DL1_dorsal,,right,777,1926,1
720575940629450622,acetylcholine,intrinsic,central,,,CRE080,DM1_antero_dorsal,,left,457,2056,1
720575940629609075,,,,,,,,,,0,0,1
720575940629609331,,,,,,,,,,0,0,1
720575940629609843,,,,,,,,,,0,0,1
720575940629614195,,,,,,,,,,0,0,1
720575940629662848,,,,,,,,,,0,0,1
720575940629759714,,,,,,,,,,0,0,1
720575940629789292,dopamine,intrinsic,central,Kenyon_Cell,,KCg-m,MBp3,,right,161,155,1
720575940629790592,,,,,,,,,,0,0,1
720575940629793408,,,,,,,,,,0,0,1
720575940629856515,gaba,intrinsic,central,MBON,,MBON09,putative_primary,,left,9652,8627,1
720575940628137713,acetylcholine,intrinsic,central,,,LAL137,putative_primary,,right,4257,9652,1
720575940628136966,,,,,,,,,,0,0,1
720575940628021134,,,,,,,,,,0,0,1
720575940627285132,,,,,,,,,,0,0,1
720575940626782348,,,,,,,,,,0,0,1
720575940626785420,,,,,,,,,,0,0,1
720575940626802572,,,,,,,,,,0,0,1
720575940626953732,dopamine,intrinsic,central,Kenyon_Cell,,KCg-d,MBp4,,right,120,201,1
720575940626994453,glutamate,intrinsic,central,,,CRE079,SMPp&v1_posterior,,right,571,2583,1
720575940627098679,,,,,,,,,,0,0,1
720575940627113235,,,,,,,,,,0,0,1
720575940627164242,dopamine,intrinsic,central,Kenyon_Cell,,KCg-m,MBp3,,right,153,134,1
720575940627229324,,,,,,,,,,0,0,1
720575940627278732,,,,,,,,,,0,0,1
720575940627433288,glutamate,intrinsic,central,CX,tangential,FB5V,AOTUv4_ventral,,right,534,1052,1
720575940628016270,,,,,,,,,,0,0,1
720575940627446090,glutamate,intrinsic,central,CX,tangential,FB5V,AOTUv4_ventral,,left,697,1579,1
720575940627450385,dopamine,intrinsic,central,Kenyon_Cell,,KCg-m,MBp1,,right,148,207,1
720575940627486485,glutamate,intrinsic,central,,,,SMPad3,,right,1022,4668,1
720575940627579276,,,,,,,,,,0,0,1
720575940627579532,,,,,,,,,,0,0,1
720575940627619057,glutamate,intrinsic,central,,,SMP443,SMPp&v1_posterior,,right,2609,3791,1
720575940627748885,acetylcholine,intrinsic,central,,,CB1866,DM1_antero_dorsal,,right,468,1615,1
720575940627779560,glutamate,intrinsic,central,CX,tangential,FB5V,AOTUv4_ventral,,left,717,1457,1
720575940627799180,,,,,,,,,,0,0,1
720575940628013710,,,,,,,,,,0,0,1
720575940629924867,acetylcholine,intrinsic,central,,,LHAV9a1_a,CREl1,,left,513,1460,1
720575940629944192,,,,,,,,,,0,0,1
720575940629947520,,,,,,,,,,0,0,1
720575940633119360,,,,,,,,,,0,0,1
720575940632518348,glutamate,intrinsic,central,,,CB1062,SMPad3,,right,290,1637,1
720575940632646189,glutamate,intrinsic,central,CX,tangential,FB5V,AOTUv4_ventral,,left,480,1544,1
720575940632728476,dopamine,intrinsic,central,Kenyon_Cell,,KCg-m,MBp4,,right,125,226,1
720575940633108864,,,,,,,,,,0,0,1
720575940633109376,,,,,,,,,,0,0,1
720575940633112960,,,,,,,,,,0,0,1
720575940633116288,,,,,,,,,,0,0,1
720575940633117568,,,,,,,,,,0,0,1
720575940633118336,,,,,,,,,,0,0,1
720575940633119104,,,,,,,,,,0,0,1
720575940633493660,dopamine,intrinsic,central,Kenyon_Cell,,KCg-m,MBp2,,right,157,222,1
720575940632182692,dopamine,intrinsic,central,Kenyon_Cell,,KCg-d,MBp4,,right,125,156,1
720575940633823021,acetylcholine,intrinsic,central,,,"CRE060,CRE067",CREl1,,right,181,1796,1
720575940633871304,,,,,,,,,,0,0,1
720575940634150784,,,,,,,,,,0,0,1
720575940634168928,acetylcholine,intrinsic,central,,,PLP162,VLPl&p1_posterior,,right,1938,4240,1
720575940634224023,acetylcholine,intrinsic,central,,,SMP476,DM1_antero_dorsal,,right,396,1218,1
720575940634274432,,,,,,,,,,0,0,1
720575940634274458,glutamate,intrinsic,central,,,SMP376,putative_primary,,right,4331,7854,1
720575940634491503,,,,,,,,,,0,0,1
720575940634640023,dopamine,intrinsic,central,DAN,,PAM12,CREa2_medial,,right,156,95,1
720575940634677678,acetylcholine,intrinsic,central,,,CB3503,DL1_ventral,,right,377,951,1
720575940632417554,gaba,intrinsic,central,LHCENT,,LHCENT10,putative_primary,,right,2061,13610,1
720575940631857349,acetylcholine,intrinsic,central,,,"LAL191,LAL192",putative_primary,,left,651,4080,1
720575940629947964,gaba,intrinsic,central,,,CB1079,EBa1,,right,458,981,1
720575940630733137,dopamine,intrinsic,central,Kenyon_Cell,,KCg-m,MBp1,,right,226,245,1
720575940629949312,,,,,,,,,,0,0,1
720575940629956480,,,,,,,,,,0,0,1
720575940630024307,,,,,,,,,,0,0,1
720575940630039155,,,,,,,,,,0,0,1
720575940630046287,,,,,,,,,,0,0,1
720575940630057331,,,,,,,,,,0,0,1
720575940630058099,,,,,,,,,,0,0,1
720575940630355537,acetylcholine,intrinsic,central,,,CL261,VLPl&p1_posterior,,right,905,1309,1
720575940630397527,dopamine,intrinsic,central,DAN,,PAM12,CREa1_dorsal,,right,235,174,1
720575940630506358,acetylcholine,intrinsic,central,,,LAL129,,,left,2151,6363,1
720575940630767959,acetylcholine,intrinsic,central,MBON,,MBON15,DL1_dorsal,,left,387,1286,1
720575940631827527,dopamine,intrinsic,central,Kenyon_Cell,,KCg-m,MBp1,,right,147,212,1
720575940630892631,dopamine,intrinsic,central,DAN,,PAM08,CREa1_dorsal,,left,226,248,1
720575940630935570,dopamine,intrinsic,central,Kenyon_Cell,,KCg-m,MBp4,,right,163,186,1
720575940631062603,dopamine,intrinsic,central,Kenyon_Cell,,KCg-m,MBp3,,right,215,274,1
720575940631184439,dopamine,intrinsic,central,DAN,,PAM08,CREa1_dorsal,,left,386,268,1
720575940631449667,acetylcholine,intrinsic,central,,,"CRE060,CRE067",CREl1,,right,284,1928,1
720575940631654471,gaba,intrinsic,central,,,CRE044,AOTUv1_medial,,right,490,1109,1
720575940631662049,dopamine,intrinsic,central,Kenyon_Cell,,KCg-d,MBp2,,right,102,115,1
720575940631801631,dopamine,intrinsic,central,Kenyon_Cell,,KCg-m,MBp4,,right,166,193,1
720575940631808569,acetylcholine,intrinsic,central,,,CRE072,DL1_dorsal,,right,777,1928,1
720575940631823244,glutamate,intrinsic,central,,,ATL033,putative_primary,,left,874,3462,1
720575940626637128,gaba,intrinsic,central,CX,,LNO1,putative_primary,,right,1171,2649,1
720575940626620568,acetylcholine,intrinsic,central,,,CL129,,,left,2227,7605,1
720575940626579075,acetylcholine,intrinsic,central,,,LHAV9a1_a,CREl1,,right,707,1909,1
720575940622107928,glutamate,intrinsic,central,,,CB0951,SMPad3,,left,236,1020,1
720575940621864965,dopamine,intrinsic,central,Kenyon_Cell,,KCg-m,MBp1,,right,189,177,1
720575940621869393,,,,,,,,,,0,0,1
720575940621873246,dopamine,intrinsic,central,Kenyon_Cell,,KCg-m,MBp4,,right,188,219,1
720575940621888169,dopamine,intrinsic,central,Kenyon_Cell,,KCg-m,MBp1,,right,206,217,1
720575940621894737,,,,,,,,,,0,0,1
720575940621894993,,,,,,,,,,0,0,1
720575940621895249,,,,,,,,,,0,0,1
720575940621901137,,,,,,,,,,0,0,1
720575940622093436,acetylcholine,intrinsic,central,MBON,,MBON15,DL1_dorsal,,right,432,1883,1
720575940622095228,acetylcholine,intrinsic,central,,,SMP471,DM1_antero_dorsal,,left,3094,5065,1
720575940622219190,gaba,intrinsic,central,,,SMP544,putative_primary,,right,4267,4921,1
720575940621638149,glutamate,intrinsic,central,,,SMP210,SLPad1_posterior,,right,429,1367,1
720575940622303446,acetylcholine,afferent,ascending,AN,AN_multi,AN_multi_14,,CV,left,268,16605,1
720575940622505156,glutamate,intrinsic,central,,,CB1287,SMPad3,,left,191,1331,1
720575940622816234,dopamine,intrinsic,central,Kenyon_Cell,,KCg-m,MBp3,,right,181,188,1
720575940622828056,dopamine,intrinsic,central,,,SMP181,putative_primary,,right,3684,1758,1
720575940622858127,,,,,,,,,,0,0,1
720575940622944403,dopamine,intrinsic,central,DAN,,PAM13,CREa1_dorsal,,right,270,186,1
720575940623068841,glutamate,efferent,descending,,,DNde007,putative_primary,CV,left,483,553,1
720575940623152632,,,,,,,,,,0,0,1
720575940623154316,,,,,,,,,,0,0,1
720575940623162694,,,,,,,,,,0,0,1
720575940621684358,dopamine,intrinsic,central,,,SIP087,putative_primary,,right,6551,3403,1
720575940621604853,,,,,,,,,,0,0,1
720575940623224824,,,,,,,,,,0,0,1
720575940620820073,,,,,,,,,,0,0,1
720575940620417217,,,,,,,,,,0,0,1
720575940620428225,glutamate,intrinsic,central,CX,tangential,FB5V,AOTUv4_ventral,,left,652,1854,1
720575940620467253,,,,,,,,,,0,0,1
720575940620599797,,,,,,,,,,0,0,1
720575940620604405,,,,,,,,,,0,0,1
720575940620790121,,,,,,,,,,0,0,1
720575940620791657,,,,,,,,,,0,0,1
720575940620793193,,,,,,,,,,0,0,1
720575940620796521,,,,,,,,,,0,0,1
720575940620796777,,,,,,,,,,0,0,1
720575940620821609,,,,,,,,,,0,0,1
720575940621596661,,,,,,,,,,0,0,1
720575940621056577,dopamine,intrinsic,central,Kenyon_Cell,,KCg-m,MBp4,,right,180,209,1
720575940621121206,dopamine,intrinsic,central,Kenyon_Cell,,KCg-m,MBp1,,right,206,189,1
720575940621252869,gaba,intrinsic,central,,,LAL043,AOTUv1_medial,,left,353,729,1
720575940621296639,dopamine,intrinsic,central,Kenyon_Cell,,KCg-m,MBp1,,right,157,177,1
720575940621312773,acetylcholine,intrinsic,central,,,LAL159,putative_primary,,left,1291,5549,1
720575940621350070,glutamate,intrinsic,central,,,"ATL035,ATL036",putative_primary,,right,364,1874,1
720575940621398292,acetylcholine,intrinsic,central,,,,DM1_antero_dorsal,,left,379,1950,1
720575940621529980,dopamine,intrinsic,central,Kenyon_Cell,,KCg-m,MBp1,,right,178,233,1
720575940621581802,dopamine,intrinsic,central,Kenyon_Cell,,KCg-m,MBp1,,right,150,205,1
720575940621593077,,,,,,,,,,0,0,1
720575940623182847,acetylcholine,intrinsic,central,MBON,,MBON33,putative_primary,,left,3510,8864,1
720575940623225592,,,,,,,,,,0,0,1
720575940626505612,,,,,,,,,,0,0,1
720575940626235106,,,,,,,,,,0,0,1
720575940625534986,gaba,intrinsic,central,,,CB2293,EBa1,,right,264,1401,1
720575940625600396,,,,,,,,,,0,0,1
720575940625860750,,,,,,,,,,0,0,1
720575940625967546,gaba,intrinsic,central,CX,,LCNOp,LALv1_dorsal,,right,2056,3275,1
720575940626005132,,,,,,,,,,0,0,1
720575940626199429,glutamate,intrinsic,central,,,CB3003,SMPp&v1_posterior,,right,1030,2965,1
720575940626220830,dopamine,intrinsic,central,Kenyon_Cell,,KCg-m,MBp3,,right,190,198,1
720575940626228706,,,,,,,,,,0,0,1
720575940626228962,,,,,,,,,,0,0,1
720575940626229730,,,,,,,,,,0,0,1
720575940626240226,,,,,,,,,,0,0,1
720575940625480076,,,,,,,,,,0,0,1
720575940626242274,,,,,,,,,,0,0,1
720575940626242786,,,,,,,,,,0,0,1
720575940626247394,,,,,,,,,,0,0,1
720575940626248162,,,,,,,,,,0,0,1
720575940626248418,,,,,,,,,,0,0,1
720575940626249186,,,,,,,,,,0,0,1
720575940626263778,,,,,,,,,,0,0,1
720575940626355838,,,,,,,,,,0,0,1
720575940626435212,,,,,,,,,,0,0,1
720575940626503052,,,,,,,,,,0,0,1
720575940625480332,,,,,,,,,,0,0,1
720575940625454640,dopamine,intrinsic,central,Kenyon_Cell,,KCg-m,MBp2,,right,217,186,1
720575940623226360,,,,,,,,,,0,0,1
720575940623571644,acetylcholine,intrinsic,central,,,CB1902,DM1_antero_dorsal,,right,346,864,1
720575940623229432,,,,,,,,,,0,0,1
720575940623239564,,,,,,,,,,0,0,1
720575940623398524,dopamine,intrinsic,central,DAN,,PAM08,CREa1_dorsal,,right,605,329,1
720575940623438571,dopamine,intrinsic,central,Kenyon_Cell,,KCg-m,MBp1,,right,122,212,1
720575940623464316,acetylcholine,intrinsic,central,MBON,,MBON24,putative_primary,,right,2247,2841,1
720575940623464609,,,,,,,,,,0,0,1
720575940623470241,,,,,,,,,,0,0,1
720575940623471265,,,,,,,,,,0,0,1
720575940623475617,,,,,,,,,,0,0,1
720575940623484833,,,,,,,,,,0,0,1
720575940623748615,acetylcholine,intrinsic,central,,,CRE024,putative_primary,,right,2135,7842,1
720575940625343550,dopamine,intrinsic,central,DAN,,PAM12,CREa1_dorsal,,right,177,106,1
720575940623780583,acetylcholine,intrinsic,central,,,CB1857,DM1_antero_dorsal,,left,450,2835,1
720575940623855117,glutamate,intrinsic,central,CX,tangential,"FB5C,FB5F,FB5G,FB5P,FB5Q",AOTUv4_ventral,,right,1235,2523,1
720575940624055614,acetylcholine,intrinsic,central,,,CB2841,CREa2_ventral,,right,652,925,1
720575940624206121,glutamate,intrinsic,central,,,SMP115,SMPad3,,right,2849,5703,1
720575940624338068,acetylcholine,intrinsic,central,,,SMP504,DM4_dorsal,,right,2251,7196,1
720575940624545940,dopamine,intrinsic,central,DAN,,PAM07,CREa2_medial,,left,409,238,1
720575940624636930,acetylcholine,intrinsic,central,,,CB2841,CREa2_ventral,,right,518,825,1
720575940624729528,dopamine,intrinsic,central,Kenyon_Cell,,KCg-m,MBp4,,right,138,145,1
720575940624981647,,,,,,,,,,0,0,1
720575940625051319,gaba,intrinsic,central,,,VES045,putative_primary,,left,1361,8137,1
720575940634908863,glutamate,intrinsic,central,,,CRE075,putative_primary,,left,2942,6460,1
720575940635478836,,,,,,,,,,0,0,1
720575940382458878,,,,,,,,,,0,0,1
720575940635525940,,,,,,,,,,0,0,1
720575940380083541,,,,,,,,,,0,0,1
720575940380092501,,,,,,,,,,0,0,1
720575940380185257,,,,,,,,,,0,0,1
720575940380202153,,,,,,,,,,0,0,1
720575940380205481,,,,,,,,,,0,0,1
720575940380208041,,,,,,,,,,0,0,1
720575940380217769,,,,,,,,,,0,0,1
720575940380228436,,,,,,,,,,0,0,1
720575940380252244,,,,,,,,,,0,0,1
720575940380255060,,,,,,,,,,0,0,1
720575940380263764,,,,,,,,,,0,0,1
720575940380265556,,,,,,,,,,0,0,1
720575940380268628,,,,,,,,,,0,0,1
720575940380274516,,,,,,,,,,0,0,1
720575940380275796,,,,,,,,,,0,0,1
720575940380285012,,,,,,,,,,0,0,1
720575940380291156,,,,,,,,,,0,0,1
720575940380441958,,,,,,,,,,0,0,1
720575940380670654,,,,,,,,,,0,0,1
720575940380671166,,,,,,,,,,0,0,1
720575940380712230,,,,,,,,,,0,0,1
720575940380713510,,,,,,,,,,0,0,1
720575940380940753,,,,,,,,,,0,0,1
720575940380080725,,,,,,,,,,0,0,1
720575940380077397,,,,,,,,,,0,0,1
720575940380077141,,,,,,,,,,0,0,1
720575940380026197,,,,,,,,,,0,0,1
720575940380001621,,,,,,,,,,0,0,1
720575940380005461,,,,,,,,,,0,0,1
720575940380012411,,,,,,,,,,0,0,1
720575940380013435,,,,,,,,,,0,0,1
720575940380016507,,,,,,,,,,0,0,1
720575940380018299,,,,,,,,,,0,0,1
720575940380021883,,,,,,,,,,0,0,1
720575940380023675,,,,,,,,,,0,0,1
720575940380025173,,,,,,,,,,0,0,1
720575940380026090,,,,,,,,,,0,0,1
720575940380026235,,,,,,,,,,0,0,1
720575940380068693,,,,,,,,,,0,0,1
720575940380032597,,,,,,,,,,0,0,1
720575940380036949,,,,,,,,,,0,0,1
720575940380040021,,,,,,,,,,0,0,1
720575940380040277,,,,,,,,,,0,0,1
720575940380040789,,,,,,,,,,0,0,1
720575940380045802,,,,,,,,,,0,0,1
720575940380047701,,,,,,,,,,0,0,1
720575940380048725,,,,,,,,,,0,0,1
720575940380055125,,,,,,,,,,0,0,1
720575940380058197,,,,,,,,,,0,0,1
720575940380990794,,,,,,,,,,0,0,1
720575940381005497,,,,,,,,,,0,0,1
720575940381010361,,,,,,,,,,0,0,1
720575940382374654,,,,,,,,,,0,0,1
720575940381229326,,,,,,,,,,0,0,1
720575940381245838,,,,,,,,,,0,0,1
720575940381836350,,,,,,,,,,0,0,1
720575940382333438,,,,,,,,,,0,0,1
720575940382340094,,,,,,,,,,0,0,1
720575940382353918,,,,,,,,,,0,0,1
720575940382361342,,,,,,,,,,0,0,1
720575940382363902,,,,,,,,,,0,0,1
720575940382364414,,,,,,,,,,0,0,1
720575940382369534,,,,,,,,,,0,0,1
720575940382379774,,,,,,,,,,0,0,1
720575940381220366,,,,,,,,,,0,0,1
720575940382397950,,,,,,,,,,0,0,1
720575940382407934,,,,,,,,,,0,0,1
720575940382417150,,,,,,,,,,0,0,1
720575940382417406,,,,,,,,,,0,0,1
720575940382428158,,,,,,,,,,0,0,1
720575940382435326,,,,,,,,,,0,0,1
720575940382443774,,,,,,,,,,0,0,1
720575940382445310,,,,,,,,,,0,0,1
720575940382447358,,,,,,,,,,0,0,1
720575940382454014,,,,,,,,,,0,0,1
720575940381227534,,,,,,,,,,0,0,1
720575940381217806,,,,,,,,,,0,0,1
720575940381010617,,,,,,,,,,0,0,1
720575940381192718,,,,,,,,,,0,0,1
720575940381016249,,,,,,,,,,0,0,1
720575940381021881,,,,,,,,,,0,0,1
720575940381030841,,,,,,,,,,0,0,1
720575940381060537,,,,,,,,,,0,0,1
720575940381060793,,,,,,,,,,0,0,1
720575940381065401,,,,,,,,,,0,0,1
720575940381093363,,,,,,,,,,0,0,1
720575940381183246,,,,,,,,,,0,0,1
720575940381184526,,,,,,,,,,0,0,1
720575940381185294,,,,,,,,,,0,0,1
720575940381195534,,,,,,,,,,0,0,1
720575940381215502,,,,,,,,,,0,0,1
720575940381197070,,,,,,,,,,0,0,1
720575940381198862,,,,,,,,,,0,0,1
720575940381201934,,,,,,,,,,0,0,1
720575940381204878,,,,,,,,,,0,0,1
720575940381206286,,,,,,,,,,0,0,1
720575940381207310,,,,,,,,,,0,0,1
720575940381208590,,,,,,,,,,0,0,1
720575940381210382,,,,,,,,,,0,0,1
720575940381211150,,,,,,,,,,0,0,1
720575940381211662,,,,,,,,,,0,0,1
720575940379999867,,,,,,,,,,0,0,1
720575940379992661,,,,,,,,,,0,0,1
720575940379988821,,,,,,,,,,0,0,1
720575940638480061,dopamine,intrinsic,central,Kenyon_Cell,,KCg-m,MBp2,,right,153,168,1
720575940636993571,,,,,,,,,,0,0,1
720575940637821987,,,,,,,,,,0,0,1
720575940637822499,,,,,,,,,,0,0,1
720575940637824291,,,,,,,,,,0,0,1
720575940637831715,,,,,,,,,,0,0,1
720575940637835043,,,,,,,,,,0,0,1
720575940637835299,,,,,,,,,,0,0,1
720575940637836067,,,,,,,,,,0,0,1
720575940637836579,,,,,,,,,,0,0,1
720575940637839907,,,,,,,,,,0,0,1
720575940638583869,gaba,intrinsic,central,ALPN,uniglomerular,VL2a_vPN,ALv1,,right,442,1592,1
720575940636551086,dopamine,intrinsic,central,Kenyon_Cell,,KCg-m,MBp1,,right,208,191,1
720575940638707491,,,,,,,,,,0,0,1
720575940638707747,,,,,,,,,,0,0,1
720575940638708515,,,,,,,,,,0,0,1
720575940638710051,,,,,,,,,,0,0,1
720575940638710819,,,,,,,,,,0,0,1
720575940638712611,,,,,,,,,,0,0,1
720575940638712867,,,,,,,,,,0,0,1
720575940638887971,,,,,,,,,,0,0,1
720575940639056061,dopamine,intrinsic,central,Kenyon_Cell,,KCg-m,MBp4,,right,217,253,1
720575940639057085,dopamine,intrinsic,central,Kenyon_Cell,,KCg-m,MBp4,,right,171,172,1
720575940636940144,,,,,,,,,,0,0,1
720575940636335723,,,,,,,,,,0,0,1
720575940639626310,acetylcholine,intrinsic,central,,,CRE068,CREl1,,right,238,1908,1
720575940636100899,,,,,,,,,,0,0,1
720575940635540276,,,,,,,,,,0,0,1
720575940635546932,,,,,,,,,,0,0,1
720575940635559732,,,,,,,,,,0,0,1
720575940635559988,,,,,,,,,,0,0,1
720575940635561012,,,,,,,,,,0,0,1
720575940635562292,,,,,,,,,,0,0,1
720575940635562548,,,,,,,,,,0,0,1
720575940635628766,dopamine,intrinsic,central,Kenyon_Cell,,KCg-m,MBp1,,right,89,153,1
720575940635838655,dopamine,intrinsic,central,DAN,,PPL108,putative_primary,,left,1819,1738,1
720575940636061555,,,,,,,,,,0,0,1
720575940636101411,,,,,,,,,,0,0,1
720575940636309093,dopamine,intrinsic,central,DAN,,PAM01,CREa1_dorsal,,right,299,124,1
720575940636104739,,,,,,,,,,0,0,1
720575940636110627,,,,,,,,,,0,0,1
720575940636111139,,,,,,,,,,0,0,1
720575940636111395,,,,,,,,,,0,0,1
720575940636111907,,,,,,,,,,0,0,1
720575940636112931,,,,,,,,,,0,0,1
720575940636113443,,,,,,,,,,0,0,1
720575940636170019,,,,,,,,,,0,0,1
720575940636218147,,,,,,,,,,0,0,1
720575940636308581,,,,,,,,,,0,0,1
720575940639625533,,,,,,,,,,0,0,1
720575940639939712,acetylcholine,intrinsic,central,,,LHPV7c1,putative_primary,,right,1500,4839,1
720575940379987974,,,,,,,,,,0,0,1
720575940379949141,,,,,,,,,,0,0,1
720575940379928149,,,,,,,,,,0,0,1
720575940379928405,,,,,,,,,,0,0,1
720575940379929173,,,,,,,,,,0,0,1
720575940379929941,,,,,,,,,,0,0,1
720575940379933269,,,,,,,,,,0,0,1
720575940379938645,,,,,,,,,,0,0,1
720575940379939157,,,,,,,,,,0,0,1
720575940379945557,,,,,,,,,,0,0,1
720575940379946581,,,,,,,,,,0,0,1
720575940379948117,,,,,,,,,,0,0,1
720575940379950421,,,,,,,,,,0,0,1
720575940379914069,,,,,,,,,,0,0,1
720575940379954517,,,,,,,,,,0,0,1
720575940379961429,,,,,,,,,,0,0,1
720575940379965525,,,,,,,,,,0,0,1
720575940379967573,,,,,,,,,,0,0,1
720575940379971157,,,,,,,,,,0,0,1
720575940379974485,,,,,,,,,,0,0,1
720575940379978363,,,,,,,,,,0,0,1
720575940379979861,,,,,,,,,,0,0,1
720575940379983957,,,,,,,,,,0,0,1
720575940379984981,,,,,,,,,,0,0,1
720575940379926869,,,,,,,,,,0,0,1
720575940379911174,,,,,,,,,,0,0,1
720575940642592416,dopamine,intrinsic,central,DAN,,PAM13,CREa2_medial,,left,252,162,1
720575940379767112,,,,,,,,,,0,0,1
720575940642733216,dopamine,intrinsic,central,DAN,,PAM08,CREa1_dorsal,,right,427,666,1
720575940643576224,gaba,intrinsic,central,CX,,LCNOpm,LALv1_dorsal,,right,4998,8178,1
720575940643789860,acetylcholine,intrinsic,central,,,LAL169,putative_primary,,left,2362,4088,1
720575940643863496,gaba,intrinsic,central,MBON,,MBON20,putative_primary,,left,3102,16437,1
720575940643882184,gaba,intrinsic,central,LHCENT,,LHCENT5,primary,,left,2025,6443,1
720575940643950190,dopamine,intrinsic,central,DAN,,PAM07,CREa1_dorsal,,right,251,272,1
720575940644086295,glutamate,intrinsic,central,,,CB0951,SMPad3,,right,364,1618,1
720575940644674851,glutamate,intrinsic,central,CX,tangential,FB5V,AOTUv4_ventral,,right,588,1164,1
720575940649649785,dopamine,intrinsic,central,DAN,,PAM01,CREa1_dorsal,,right,376,150,1
720575940652214262,acetylcholine,intrinsic,central,,,AVLP032,putative_primary,,right,2605,6025,1
720575940658863489,gaba,intrinsic,central,,,CB2333,FLAa1,,right,515,1409,1
720575940379889670,,,,,,,,,,0,0,1
720575940379768648,,,,,,,,,,0,0,1
720575940379779912,,,,,,,,,,0,0,1
720575940379800392,,,,,,,,,,0,0,1
720575940379800648,,,,,,,,,,0,0,1
720575940585273913,,,,,,,,,,0,0,1
720575940379819592,,,,,,,,,,0,0,1
720575940379827784,,,,,,,,,,0,0,1
720575940379878662,,,,,,,,,,0,0,1
720575940379881734,,,,,,,,,,0,0,1
720575940379882502,,,,,,,,,,0,0,1
720575940585279545,,,,,,,,,,0,0,1
720575940566617559,,,,,,,,,,0,0,1
720575940585266489,,,,,,,,,,0,0,1
720575940452949821,,,,,,,,,,0,0,1
720575940453039421,,,,,,,,,,0,0,1
720575940453046077,,,,,,,,,,0,0,1
720575940453046333,,,,,,,,,,0,0,1
720575940453049917,,,,,,,,,,0,0,1
720575940453979450,,,,,,,,,,0,0,1
720575940453984826,,,,,,,,,,0,0,1
720575940453985850,,,,,,,,,,0,0,1
720575940453986618,,,,,,,,,,0,0,1
720575940453989178,,,,,,,,,,0,0,1
720575940454009914,,,,,,,,,,0,0,1
720575940454011450,,,,,,,,,,0,0,1
720575940454019130,,,,,,,,,,0,0,1
720575940454022458,,,,,,,,,,0,0,1
720575940454035258,,,,,,,,,,0,0,1
720575940454036282,,,,,,,,,,0,0,1
720575940454050874,,,,,,,,,,0,0,1
720575940454059322,,,,,,,,,,0,0,1
720575940454073402,,,,,,,,,,0,0,1
720575940454075706,,,,,,,,,,0,0,1
720575940454080314,,,,,,,,,,0,0,1
720575940454084666,,,,,,,,,,0,0,1
720575940454111420,,,,,,,,,,0,0,1
720575940454137532,,,,,,,,,,0,0,1
720575940453035837,,,,,,,,,,0,0,1
720575940453032509,,,,,,,,,,0,0,1
720575940453019709,,,,,,,,,,0,0,1
720575940452990525,,,,,,,,,,0,0,1
720575940452958013,,,,,,,,,,0,0,1
720575940452961085,,,,,,,,,,0,0,1
720575940452962365,,,,,,,,,,0,0,1
720575940452967997,,,,,,,,,,0,0,1
720575940452974397,,,,,,,,,,0,0,1
720575940452982333,,,,,,,,,,0,0,1
720575940452984893,,,,,,,,,,0,0,1
720575940452987197,,,,,,,,,,0,0,1
720575940452987453,,,,,,,,,,0,0,1
720575940452988221,,,,,,,,,,0,0,1
720575940452994621,,,,,,,,,,0,0,1
720575940453013565,,,,,,,,,,0,0,1
720575940452996413,,,,,,,,,,0,0,1
720575940452996925,,,,,,,,,,0,0,1
720575940452999741,,,,,,,,,,0,0,1
720575940453000765,,,,,,,,,,0,0,1
720575940453003069,,,,,,,,,,0,0,1
720575940453003581,,,,,,,,,,0,0,1
720575940453006909,,,,,,,,,,0,0,1
720575940453007421,,,,,,,,,,0,0,1
720575940453011517,,,,,,,,,,0,0,1
720575940453012285,,,,,,,,,,0,0,1
720575940454140860,,,,,,,,,,0,0,1
720575940454142396,,,,,,,,,,0,0,1
720575940454144700,,,,,,,,,,0,0,1
720575940460296658,,,,,,,,,,0,0,1
720575940457970874,,,,,,,,,,0,0,1
720575940457981626,,,,,,,,,,0,0,1
720575940457986490,,,,,,,,,,0,0,1
720575940457995962,,,,,,,,,,0,0,1
720575940457996986,,,,,,,,,,0,0,1
720575940458009018,,,,,,,,,,0,0,1
720575940458010810,,,,,,,,,,0,0,1
720575940460186590,,,,,,,,,,0,0,1
720575940460214994,,,,,,,,,,0,0,1
720575940460218590,,,,,,,,,,0,0,1
720575940460308434,,,,,,,,,,0,0,1
720575940457953210,,,,,,,,,,0,0,1
720575940460311250,,,,,,,,,,0,0,1
720575940463287685,,,,,,,,,,0,0,1
720575940463290501,,,,,,,,,,0,0,1
720575940463295621,,,,,,,,,,0,0,1
720575940466221208,,,,,,,,,,0,0,1
720575940466247832,,,,,,,,,,0,0,1
720575940466251928,,,,,,,,,,0,0,1
720575940466253976,,,,,,,,,,0,0,1
720575940466256280,,,,,,,,,,0,0,1
720575940466256308,,,,,,,,,,0,0,1
720575940457968570,,,,,,,,,,0,0,1
720575940457951418,,,,,,,,,,0,0,1
720575940454145468,,,,,,,,,,0,0,1
720575940457900474,,,,,,,,,,0,0,1
720575940454154428,,,,,,,,,,0,0,1
720575940454532208,,,,,,,,,,0,0,1
720575940454534512,,,,,,,,,,0,0,1
720575940454535280,,,,,,,,,,0,0,1
720575940454539120,,,,,,,,,,0,0,1
720575940454541936,,,,,,,,,,0,0,1
720575940454751856,,,,,,,,,,0,0,1
720575940455314469,,,,,,,,,,0,0,1
720575940455320357,,,,,,,,,,0,0,1
720575940457822138,,,,,,,,,,0,0,1
720575940457903034,,,,,,,,,,0,0,1
720575940457948602,,,,,,,,,,0,0,1
720575940457905338,,,,,,,,,,0,0,1
720575940457908410,,,,,,,,,,0,0,1
720575940457911226,,,,,,,,,,0,0,1
720575940457917370,,,,,,,,,,0,0,1
720575940457918394,,,,,,,,,,0,0,1
720575940457923770,,,,,,,,,,0,0,1
720575940457926586,,,,,,,,,,0,0,1
720575940457927098,,,,,,,,,,0,0,1
720575940457933242,,,,,,,,,,0,0,1
720575940457942458,,,,,,,,,,0,0,1
720575940452952893,,,,,,,,,,0,0,1
720575940452948797,,,,,,,,,,0,0,1
720575940585261625,,,,,,,,,,0,0,1
720575940452947517,,,,,,,,,,0,0,1
720575940448962497,,,,,,,,,,0,0,1
720575940448962753,,,,,,,,,,0,0,1
720575940448965057,,,,,,,,,,0,0,1
720575940448965569,,,,,,,,,,0,0,1
720575940448968897,,,,,,,,,,0,0,1
720575940448970433,,,,,,,,,,0,0,1
720575940448998970,,,,,,,,,,0,0,1
720575940449023802,,,,,,,,,,0,0,1
720575940449025082,,,,,,,,,,0,0,1
720575940449034298,,,,,,,,,,0,0,1
720575940449037370,,,,,,,,,,0,0,1
720575940449042490,,,,,,,,,,0,0,1
720575940449047098,,,,,,,,,,0,0,1
720575940449050426,,,,,,,,,,0,0,1
720575940449328469,,,,,,,,,,0,0,1
720575940449544287,,,,,,,,,,0,0,1
720575940449563999,,,,,,,,,,0,0,1
720575940449564511,,,,,,,,,,0,0,1
720575940449572703,,,,,,,,,,0,0,1
720575940450022877,,,,,,,,,,0,0,1
720575940450041309,,,,,,,,,,0,0,1
720575940450043869,,,,,,,,,,0,0,1
720575940450045405,,,,,,,,,,0,0,1
720575940448962241,,,,,,,,,,0,0,1
720575940448959681,,,,,,,,,,0,0,1
720575940448956353,,,,,,,,,,0,0,1
720575940448909249,,,,,,,,,,0,0,1
720575940448888257,,,,,,,,,,0,0,1
720575940448889537,,,,,,,,,,0,0,1
720575940448893121,,,,,,,,,,0,0,1
720575940448894657,,,,,,,,,,0,0,1
720575940448895169,,,,,,,,,,0,0,1
720575940448896449,,,,,,,,,,0,0,1
720575940448897217,,,,,,,,,,0,0,1
720575940448902593,,,,,,,,,,0,0,1
720575940448903617,,,,,,,,,,0,0,1
720575940448906433,,,,,,,,,,0,0,1
720575940448910529,,,,,,,,,,0,0,1
720575940448952513,,,,,,,,,,0,0,1
720575940448910785,,,,,,,,,,0,0,1
720575940448914881,,,,,,,,,,0,0,1
720575940448916417,,,,,,,,,,0,0,1
720575940448923585,,,,,,,,,,0,0,1
720575940448924097,,,,,,,,,,0,0,1
720575940448924353,,,,,,,,,,0,0,1
720575940448925889,,,,,,,,,,0,0,1
720575940448926657,,,,,,,,,,0,0,1
720575940448935873,,,,,,,,,,0,0,1
720575940448943809,,,,,,,,,,0,0,1
720575940450095581,,,,,,,,,,0,0,1
720575940450202333,,,,,,,,,,0,0,1
720575940450230749,,,,,,,,,,0,0,1
720575940451967986,,,,,,,,,,0,0,1
720575940451813698,,,,,,,,,,0,0,1
720575940451867378,,,,,,,,,,0,0,1
720575940451887090,,,,,,,,,,0,0,1
720575940451890674,,,,,,,,,,0,0,1
720575940451914555,,,,,,,,,,0,0,1
720575940451921979,,,,,,,,,,0,0,1
720575940451926587,,,,,,,,,,0,0,1
720575940451927099,,,,,,,,,,0,0,1
720575940451962610,,,,,,,,,,0,0,1
720575940451963122,,,,,,,,,,0,0,1
720575940451978738,,,,,,,,,,0,0,1
720575940451787074,,,,,,,,,,0,0,1
720575940451995122,,,,,,,,,,0,0,1
720575940451997682,,,,,,,,,,0,0,1
720575940452673444,,,,,,,,,,0,0,1
720575940452687268,,,,,,,,,,0,0,1
720575940452907325,,,,,,,,,,0,0,1
720575940452907581,,,,,,,,,,0,0,1
720575940452910653,,,,,,,,,,0,0,1
720575940452915261,,,,,,,,,,0,0,1
720575940452932157,,,,,,,,,,0,0,1
720575940452937021,,,,,,,,,,0,0,1
720575940451794242,,,,,,,,,,0,0,1
720575940451097115,,,,,,,,,,0,0,1
720575940450235357,,,,,,,,,,0,0,1
720575940450280413,,,,,,,,,,0,0,1
720575940450239453,,,,,,,,,,0,0,1
720575940450240477,,,,,,,,,,0,0,1
720575940450247389,,,,,,,,,,0,0,1
720575940450254557,,,,,,,,,,0,0,1
720575940450257885,,,,,,,,,,0,0,1
720575940450263773,,,,,,,,,,0,0,1
720575940450266589,,,,,,,,,,0,0,1
720575940450270429,,,,,,,,,,0,0,1
720575940450274013,,,,,,,,,,0,0,1
720575940450276317,,,,,,,,,,0,0,1
720575940450291933,,,,,,,,,,0,0,1
720575940451077147,,,,,,,,,,0,0,1
720575940450293469,,,,,,,,,,0,0,1
720575940450302429,,,,,,,,,,0,0,1
720575940450307805,,,,,,,,,,0,0,1
720575940450322574,,,,,,,,,,0,0,1
720575940450338190,,,,,,,,,,0,0,1
720575940450349454,,,,,,,,,,0,0,1
720575940450352526,,,,,,,,,,0,0,1
720575940450358670,,,,,,,,,,0,0,1
720575940450997275,,,,,,,,,,0,0,1
720575940451075355,,,,,,,,,,0,0,1
720575940466263220,,,,,,,,,,0,0,1
720575940466285492,,,,,,,,,,0,0,1
720575940467765500,,,,,,,,,,0,0,1
720575940468418113,,,,,,,,,,0,0,1
720575940489345419,,,,,,,,,,0,0,1
720575940489352587,,,,,,,,,,0,0,1
720575940489356171,,,,,,,,,,0,0,1
720575940489358475,,,,,,,,,,0,0,1
720575940489358987,,,,,,,,,,0,0,1
720575940489359243,,,,,,,,,,0,0,1
720575940489369995,,,,,,,,,,0,0,1
720575940489372299,,,,,,,,,,0,0,1
720575940489374347,,,,,,,,,,0,0,1
720575940489379723,,,,,,,,,,0,0,1
720575940489386379,,,,,,,,,,0,0,1
720575940489589482,,,,,,,,,,0,0,1
720575940489605098,,,,,,,,,,0,0,1
720575940489616618,,,,,,,,,,0,0,1
720575940489623018,,,,,,,,,,0,0,1
720575940489623274,,,,,,,,,,0,0,1
720575940489625322,,,,,,,,,,0,0,1
720575940489628906,,,,,,,,,,0,0,1
720575940489629162,,,,,,,,,,0,0,1
720575940489631210,,,,,,,,,,0,0,1
720575940489635050,,,,,,,,,,0,0,1
720575940489635562,,,,,,,,,,0,0,1
720575940489641450,,,,,,,,,,0,0,1
720575940489341579,,,,,,,,,,0,0,1
720575940489341323,,,,,,,,,,0,0,1
720575940489340043,,,,,,,,,,0,0,1
720575940489314443,,,,,,,,,,0,0,1
720575940487639110,,,,,,,,,,0,0,1
720575940489244811,,,,,,,,,,0,0,1
720575940489269387,,,,,,,,,,0,0,1
720575940489270155,,,,,,,,,,0,0,1
720575940489273227,,,,,,,,,,0,0,1
720575940489276555,,,,,,,,,,0,0,1
720575940489280651,,,,,,,,,,0,0,1
720575940489283723,,,,,,,,,,0,0,1
720575940489291403,,,,,,,,,,0,0,1
720575940489313931,,,,,,,,,,0,0,1
720575940489314955,,,,,,,,,,0,0,1
720575940489339787,,,,,,,,,,0,0,1
720575940489315211,,,,,,,,,,0,0,1
720575940489321355,,,,,,,,,,0,0,1
720575940489322123,,,,,,,,,,0,0,1
720575940489322379,,,,,,,,,,0,0,1
720575940489322891,,,,,,,,,,0,0,1
720575940489323659,,,,,,,,,,0,0,1
720575940489329291,,,,,,,,,,0,0,1
720575940489333643,,,,,,,,,,0,0,1
720575940489334923,,,,,,,,,,0,0,1
720575940489339275,,,,,,,,,,0,0,1
720575940489642986,,,,,,,,,,0,0,1
720575940489646826,,,,,,,,,,0,0,1
720575940489647594,,,,,,,,,,0,0,1
720575940490805284,,,,,,,,,,0,0,1
720575940490499256,,,,,,,,,,0,0,1
720575940490502328,,,,,,,,,,0,0,1
720575940490509043,,,,,,,,,,0,0,1
720575940490511800,,,,,,,,,,0,0,1
720575940490521331,,,,,,,,,,0,0,1
720575940490529011,,,,,,,,,,0,0,1
720575940490529267,,,,,,,,,,0,0,1
720575940490531315,,,,,,,,,,0,0,1
720575940490546163,,,,,,,,,,0,0,1
720575940490804004,,,,,,,,,,0,0,1
720575940490821924,,,,,,,,,,0,0,1
720575940490450104,,,,,,,,,,0,0,1
720575940491796294,,,,,,,,,,0,0,1
720575940495235565,,,,,,,,,,0,0,1
720575940495238637,,,,,,,,,,0,0,1
720575940495240941,,,,,,,,,,0,0,1
720575940495244525,,,,,,,,,,0,0,1
720575940496052364,,,,,,,,,,0,0,1
720575940496085644,,,,,,,,,,0,0,1
720575940496120972,,,,,,,,,,0,0,1
720575940496125324,,,,,,,,,,0,0,1
720575940496126348,,,,,,,,,,0,0,1
720575940490489016,,,,,,,,,,0,0,1
720575940490448568,,,,,,,,,,0,0,1
720575940489650922,,,,,,,,,,0,0,1
720575940490351964,,,,,,,,,,0,0,1
720575940489653738,,,,,,,,,,0,0,1
720575940489656810,,,,,,,,,,0,0,1
720575940489659882,,,,,,,,,,0,0,1
720575940489661930,,,,,,,,,,0,0,1
720575940489662954,,,,,,,,,,0,0,1
720575940489670122,,,,,,,,,,0,0,1
720575940490296382,,,,,,,,,,0,0,1
720575940490296894,,,,,,,,,,0,0,1
720575940490304574,,,,,,,,,,0,0,1
720575940490313022,,,,,,,,,,0,0,1
720575940490391736,,,,,,,,,,0,0,1
720575940490438584,,,,,,,,,,0,0,1
720575940490395832,,,,,,,,,,0,0,1
720575940490401208,,,,,,,,,,0,0,1
720575940490402232,,,,,,,,,,0,0,1
720575940490402744,,,,,,,,,,0,0,1
720575940490404280,,,,,,,,,,0,0,1
720575940490415800,,,,,,,,,,0,0,1
720575940490419896,,,,,,,,,,0,0,1
720575940490421944,,,,,,,,,,0,0,1
720575940490428600,,,,,,,,,,0,0,1
720575940490436536,,,,,,,,,,0,0,1
720575940487625798,,,,,,,,,,0,0,1
720575940487461032,,,,,,,,,,0,0,1
720575940487460008,,,,,,,,,,0,0,1
720575940475391929,,,,,,,,,,0,0,1
720575940470453708,,,,,,,,,,0,0,1
720575940474286635,,,,,,,,,,0,0,1
720575940474301483,,,,,,,,,,0,0,1
720575940474306603,,,,,,,,,,0,0,1
720575940474314283,,,,,,,,,,0,0,1
720575940474336043,,,,,,,,,,0,0,1
720575940474340395,,,,,,,,,,0,0,1
720575940474879277,,,,,,,,,,0,0,1
720575940474882605,,,,,,,,,,0,0,1
720575940475391161,,,,,,,,,,0,0,1
720575940475392441,,,,,,,,,,0,0,1
720575940470443724,,,,,,,,,,0,0,1
720575940475393721,,,,,,,,,,0,0,1
720575940475396537,,,,,,,,,,0,0,1
720575940475396793,,,,,,,,,,0,0,1
720575940475399097,,,,,,,,,,0,0,1
720575940475403193,,,,,,,,,,0,0,1
720575940475409081,,,,,,,,,,0,0,1
720575940475418809,,,,,,,,,,0,0,1
720575940475419065,,,,,,,,,,0,0,1
720575940475430841,,,,,,,,,,0,0,1
720575940475433145,,,,,,,,,,0,0,1
720575940470448332,,,,,,,,,,0,0,1
720575940470442956,,,,,,,,,,0,0,1
720575940476554075,,,,,,,,,,0,0,1
720575940469093001,,,,,,,,,,0,0,1
720575940468862587,,,,,,,,,,0,0,1
720575940468868475,,,,,,,,,,0,0,1
720575940469048713,,,,,,,,,,0,0,1
720575940469052809,,,,,,,,,,0,0,1
720575940469074313,,,,,,,,,,0,0,1
720575940469078409,,,,,,,,,,0,0,1
720575940469080969,,,,,,,,,,0,0,1
720575940469085065,,,,,,,,,,0,0,1
720575940469090185,,,,,,,,,,0,0,1
720575940469090697,,,,,,,,,,0,0,1
720575940469094793,,,,,,,,,,0,0,1
720575940470408908,,,,,,,,,,0,0,1
720575940469095049,,,,,,,,,,0,0,1
720575940469110409,,,,,,,,,,0,0,1
720575940470359500,,,,,,,,,,0,0,1
720575940470374604,,,,,,,,,,0,0,1
720575940470385868,,,,,,,,,,0,0,1
720575940470390220,,,,,,,,,,0,0,1
720575940470393292,,,,,,,,,,0,0,1
720575940470393804,,,,,,,,,,0,0,1
720575940470407372,,,,,,,,,,0,0,1
720575940470408396,,,,,,,,,,0,0,1
720575940476553819,,,,,,,,,,0,0,1
720575940476559707,,,,,,,,,,0,0,1
720575940487459752,,,,,,,,,,0,0,1
720575940483929617,,,,,,,,,,0,0,1
720575940480180668,,,,,,,,,,0,0,1
720575940480188092,,,,,,,,,,0,0,1
720575940480188348,,,,,,,,,,0,0,1
720575940480195260,,,,,,,,,,0,0,1
720575940480199612,,,,,,,,,,0,0,1
720575940480210620,,,,,,,,,,0,0,1
720575940480229308,,,,,,,,,,0,0,1
720575940483293045,,,,,,,,,,0,0,1
720575940483909517,,,,,,,,,,0,0,1
720575940483919377,,,,,,,,,,0,0,1
720575940483938577,,,,,,,,,,0,0,1
720575940480176060,,,,,,,,,,0,0,1
720575940484840338,,,,,,,,,,0,0,1
720575940487417000,,,,,,,,,,0,0,1
720575940487431848,,,,,,,,,,0,0,1
720575940487434152,,,,,,,,,,0,0,1
720575940487440808,,,,,,,,,,0,0,1
720575940487442856,,,,,,,,,,0,0,1
720575940487447464,,,,,,,,,,0,0,1
720575940487451560,,,,,,,,,,0,0,1
720575940487456680,,,,,,,,,,0,0,1
720575940487457192,,,,,,,,,,0,0,1
720575940480179900,,,,,,,,,,0,0,1
720575940480175548,,,,,,,,,,0,0,1
720575940476565339,,,,,,,,,,0,0,1
720575940479023148,,,,,,,,,,0,0,1
720575940476570203,,,,,,,,,,0,0,1
720575940476570715,,,,,,,,,,0,0,1
720575940476618513,,,,,,,,,,0,0,1
720575940476620049,,,,,,,,,,0,0,1
720575940476873108,,,,,,,,,,0,0,1
720575940478585862,,,,,,,,,,0,0,1
720575940478589190,,,,,,,,,,0,0,1
720575940478596870,,,,,,,,,,0,0,1
720575940478620422,,,,,,,,,,0,0,1
720575940479013420,,,,,,,,,,0,0,1
720575940479026476,,,,,,,,,,0,0,1
720575940479309338,,,,,,,,,,0,0,1
720575940479032566,,,,,,,,,,0,0,1
720575940479035638,,,,,,,,,,0,0,1
720575940479039990,,,,,,,,,,0,0,1
720575940479043574,,,,,,,,,,0,0,1
720575940479045878,,,,,,,,,,0,0,1
720575940479053814,,,,,,,,,,0,0,1
720575940479127286,,,,,,,,,,0,0,1
720575940479181558,,,,,,,,,,0,0,1
720575940479194358,,,,,,,,,,0,0,1
720575940479275034,,,,,,,,,,0,0,1
720575940448883905,,,,,,,,,,0,0,1
720575940448883393,,,,,,,,,,0,0,1
720575940448882881,,,,,,,,,,0,0,1
720575940435724324,,,,,,,,,,0,0,1
720575940432825387,,,,,,,,,,0,0,1
720575940432825643,,,,,,,,,,0,0,1
720575940432826155,,,,,,,,,,0,0,1
720575940432831019,,,,,,,,,,0,0,1
720575940432839979,,,,,,,,,,0,0,1
720575940432841515,,,,,,,,,,0,0,1
720575940432843051,,,,,,,,,,0,0,1
720575940432848171,,,,,,,,,,0,0,1
720575940432855595,,,,,,,,,,0,0,1
720575940433352385,,,,,,,,,,0,0,1
720575940433358529,,,,,,,,,,0,0,1
720575940433358785,,,,,,,,,,0,0,1
720575940433359297,,,,,,,,,,0,0,1
720575940433361345,,,,,,,,,,0,0,1
720575940433366977,,,,,,,,,,0,0,1
720575940433367489,,,,,,,,,,0,0,1
720575940433368001,,,,,,,,,,0,0,1
720575940433370817,,,,,,,,,,0,0,1
720575940433374401,,,,,,,,,,0,0,1
720575940433380033,,,,,,,,,,0,0,1
720575940433382593,,,,,,,,,,0,0,1
720575940433398209,,,,,,,,,,0,0,1
720575940433407937,,,,,,,,,,0,0,1
720575940432821547,,,,,,,,,,0,0,1
720575940432821035,,,,,,,,,,0,0,1
720575940432817963,,,,,,,,,,0,0,1
720575940431975206,,,,,,,,,,0,0,1
720575940430966255,,,,,,,,,,0,0,1
720575940430969583,,,,,,,,,,0,0,1
720575940430973935,,,,,,,,,,0,0,1
720575940430980847,,,,,,,,,,0,0,1
720575940430983407,,,,,,,,,,0,0,1
720575940430983663,,,,,,,,,,0,0,1
720575940430985455,,,,,,,,,,0,0,1
720575940430985967,,,,,,,,,,0,0,1
720575940430986735,,,,,,,,,,0,0,1
720575940431363324,,,,,,,,,,0,0,1
720575940431980070,,,,,,,,,,0,0,1
720575940432812331,,,,,,,,,,0,0,1
720575940432150353,,,,,,,,,,0,0,1
720575940432155729,,,,,,,,,,0,0,1
720575940432795179,,,,,,,,,,0,0,1
720575940432796715,,,,,,,,,,0,0,1
720575940432800811,,,,,,,,,,0,0,1
720575940432801067,,,,,,,,,,0,0,1
720575940432801323,,,,,,,,,,0,0,1
720575940432805419,,,,,,,,,,0,0,1
720575940432808491,,,,,,,,,,0,0,1
720575940432812075,,,,,,,,,,0,0,1
720575940433409473,,,,,,,,,,0,0,1
720575940433411265,,,,,,,,,,0,0,1
720575940433504113,,,,,,,,,,0,0,1
720575940435701796,,,,,,,,,,0,0,1
720575940435641892,,,,,,,,,,0,0,1
720575940435650084,,,,,,,,,,0,0,1
720575940435650340,,,,,,,,,,0,0,1
720575940435651108,,,,,,,,,,0,0,1
720575940435653412,,,,,,,,,,0,0,1
720575940435678756,,,,,,,,,,0,0,1
720575940435682084,,,,,,,,,,0,0,1
720575940435690788,,,,,,,,,,0,0,1
720575940435691044,,,,,,,,,,0,0,1
720575940435698980,,,,,,,,,,0,0,1
720575940435702308,,,,,,,,,,0,0,1
720575940435254564,,,,,,,,,,0,0,1
720575940435703076,,,,,,,,,,0,0,1
720575940435703588,,,,,,,,,,0,0,1
720575940435704100,,,,,,,,,,0,0,1
720575940435705636,,,,,,,,,,0,0,1
720575940435707940,,,,,,,,,,0,0,1
720575940435711780,,,,,,,,,,0,0,1
720575940435713060,,,,,,,,,,0,0,1
720575940435713828,,,,,,,,,,0,0,1
720575940435715364,,,,,,,,,,0,0,1
720575940435716132,,,,,,,,,,0,0,1
720575940435639588,,,,,,,,,,0,0,1
720575940435246116,,,,,,,,,,0,0,1
720575940433508465,,,,,,,,,,0,0,1
720575940434918346,,,,,,,,,,0,0,1
720575940434866378,,,,,,,,,,0,0,1
720575940434875082,,,,,,,,,,0,0,1
720575940434887114,,,,,,,,,,0,0,1
720575940434900426,,,,,,,,,,0,0,1
720575940434907338,,,,,,,,,,0,0,1
720575940434909898,,,,,,,,,,0,0,1
720575940434910154,,,,,,,,,,0,0,1
720575940434913482,,,,,,,,,,0,0,1
720575940434916810,,,,,,,,,,0,0,1
720575940434917066,,,,,,,,,,0,0,1
720575940434918602,,,,,,,,,,0,0,1
720575940435242276,,,,,,,,,,0,0,1
720575940434922698,,,,,,,,,,0,0,1
720575940434922954,,,,,,,,,,0,0,1
720575940434927562,,,,,,,,,,0,0,1
720575940434929866,,,,,,,,,,0,0,1
720575940434931402,,,,,,,,,,0,0,1
720575940435227684,,,,,,,,,,0,0,1
720575940435233828,,,,,,,,,,0,0,1
720575940435237668,,,,,,,,,,0,0,1
720575940435238692,,,,,,,,,,0,0,1
720575940435239716,,,,,,,,,,0,0,1
720575940430960879,,,,,,,,,,0,0,1
720575940430955503,,,,,,,,,,0,0,1
720575940430950127,,,,,,,,,,0,0,1
720575940426818615,,,,,,,,,,0,0,1
720575940426148598,,,,,,,,,,0,0,1
720575940426155766,,,,,,,,,,0,0,1
720575940426158582,,,,,,,,,,0,0,1
720575940426159350,,,,,,,,,,0,0,1
720575940426161654,,,,,,,,,,0,0,1
720575940426161910,,,,,,,,,,0,0,1
720575940426167030,,,,,,,,,,0,0,1
720575940426171638,,,,,,,,,,0,0,1
720575940426185206,,,,,,,,,,0,0,1
720575940426364611,,,,,,,,,,0,0,1
720575940426823991,,,,,,,,,,0,0,1
720575940426141430,,,,,,,,,,0,0,1
720575940427064464,,,,,,,,,,0,0,1
720575940427071376,,,,,,,,,,0,0,1
720575940428107374,,,,,,,,,,0,0,1
720575940428111982,,,,,,,,,,0,0,1
720575940428112238,,,,,,,,,,0,0,1
720575940428123502,,,,,,,,,,0,0,1
720575940428127086,,,,,,,,,,0,0,1
720575940428132206,,,,,,,,,,0,0,1
720575940428510036,,,,,,,,,,0,0,1
720575940428510804,,,,,,,,,,0,0,1
720575940426144758,,,,,,,,,,0,0,1
720575940426135030,,,,,,,,,,0,0,1
720575940428772223,,,,,,,,,,0,0,1
720575940423023373,,,,,,,,,,0,0,1
720575940422496045,,,,,,,,,,0,0,1
720575940422517805,,,,,,,,,,0,0,1
720575940422518317,,,,,,,,,,0,0,1
720575940422532653,,,,,,,,,,0,0,1
720575940422534957,,,,,,,,,,0,0,1
720575940422540845,,,,,,,,,,0,0,1
720575940422547757,,,,,,,,,,0,0,1
720575940422577685,,,,,,,,,,0,0,1
720575940422597909,,,,,,,,,,0,0,1
720575940423013901,,,,,,,,,,0,0,1
720575940423780998,,,,,,,,,,0,0,1
720575940426127350,,,,,,,,,,0,0,1
720575940424857181,,,,,,,,,,0,0,1
720575940424890973,,,,,,,,,,0,0,1
720575940424901469,,,,,,,,,,0,0,1
720575940424905565,,,,,,,,,,0,0,1
720575940426108150,,,,,,,,,,0,0,1
720575940426109942,,,,,,,,,,0,0,1
720575940426112502,,,,,,,,,,0,0,1
720575940426116342,,,,,,,,,,0,0,1
720575940426117110,,,,,,,,,,0,0,1
720575940426121462,,,,,,,,,,0,0,1
720575940428616575,,,,,,,,,,0,0,1
720575940428776063,,,,,,,,,,0,0,1
720575940430944751,,,,,,,,,,0,0,1
720575940430864879,,,,,,,,,,0,0,1
720575940430517455,,,,,,,,,,0,0,1
720575940430529231,,,,,,,,,,0,0,1
720575940430530767,,,,,,,,,,0,0,1
720575940430847727,,,,,,,,,,0,0,1
720575940430848239,,,,,,,,,,0,0,1
720575940430849263,,,,,,,,,,0,0,1
720575940430851567,,,,,,,,,,0,0,1
720575940430855151,,,,,,,,,,0,0,1
720575940430860527,,,,,,,,,,0,0,1
720575940430861295,,,,,,,,,,0,0,1
720575940430867183,,,,,,,,,,0,0,1
720575940430510543,,,,,,,,,,0,0,1
720575940430867439,,,,,,,,,,0,0,1
720575940430869743,,,,,,,,,,0,0,1
720575940430879471,,,,,,,,,,0,0,1
720575940430893551,,,,,,,,,,0,0,1
720575940430896879,,,,,,,,,,0,0,1
720575940430897135,,,,,,,,,,0,0,1
720575940430911727,,,,,,,,,,0,0,1
720575940430933231,,,,,,,,,,0,0,1
720575940430937583,,,,,,,,,,0,0,1
720575940430944495,,,,,,,,,,0,0,1
720575940430513103,,,,,,,,,,0,0,1
720575940430509263,,,,,,,,,,0,0,1
720575940428777087,,,,,,,,,,0,0,1
720575940428825424,,,,,,,,,,0,0,1
720575940428788095,,,,,,,,,,0,0,1
720575940428789631,,,,,,,,,,0,0,1
720575940428794495,,,,,,,,,,0,0,1
720575940428795263,,,,,,,,,,0,0,1
720575940428801360,,,,,,,,,,0,0,1
720575940428811856,,,,,,,,,,0,0,1
720575940428813136,,,,,,,,,,0,0,1
720575940428816464,,,,,,,,,,0,0,1
720575940428818000,,,,,,,,,,0,0,1
720575940428818512,,,,,,,,,,0,0,1
720575940428826960,,,,,,,,,,0,0,1
720575940430509007,,,,,,,,,,0,0,1
720575940428830032,,,,,,,,,,0,0,1
720575940428834384,,,,,,,,,,0,0,1
720575940428834640,,,,,,,,,,0,0,1
720575940428844880,,,,,,,,,,0,0,1
720575940428845904,,,,,,,,,,0,0,1
720575940428895170,,,,,,,,,,0,0,1
720575940429012285,,,,,,,,,,0,0,1
720575940429739157,,,,,,,,,,0,0,1
720575940430488783,,,,,,,,,,0,0,1
720575940430496463,,,,,,,,,,0,0,1
720575940435718692,,,,,,,,,,0,0,1
720575940435726884,,,,,,,,,,0,0,1
720575940448882625,,,,,,,,,,0,0,1
720575940436267298,,,,,,,,,,0,0,1
720575940447425848,,,,,,,,,,0,0,1
720575940447428920,,,,,,,,,,0,0,1
720575940447435064,,,,,,,,,,0,0,1
720575940447720068,,,,,,,,,,0,0,1
720575940448246380,,,,,,,,,,0,0,1
720575940448249196,,,,,,,,,,0,0,1
720575940448295532,,,,,,,,,,0,0,1
720575940448301932,,,,,,,,,,0,0,1
720575940448304454,,,,,,,,,,0,0,1
720575940448316524,,,,,,,,,,0,0,1
720575940448325996,,,,,,,,,,0,0,1
720575940448329324,,,,,,,,,,0,0,1
720575940448331116,,,,,,,,,,0,0,1
720575940448333894,,,,,,,,,,0,0,1
720575940448371270,,,,,,,,,,0,0,1
720575940448378438,,,,,,,,,,0,0,1
720575940448379718,,,,,,,,,,0,0,1
720575940448379974,,,,,,,,,,0,0,1
720575940448382790,,,,,,,,,,0,0,1
720575940448383302,,,,,,,,,,0,0,1
720575940448391494,,,,,,,,,,0,0,1
720575940448392006,,,,,,,,,,0,0,1
720575940448396614,,,,,,,,,,0,0,1
720575940447421752,,,,,,,,,,0,0,1
720575940447419960,,,,,,,,,,0,0,1
720575940447417144,,,,,,,,,,0,0,1
720575940447026008,,,,,,,,,,0,0,1
720575940446320497,,,,,,,,,,0,0,1
720575940446325873,,,,,,,,,,0,0,1
720575940446504965,,,,,,,,,,0,0,1
720575940446505989,,,,,,,,,,0,0,1
720575940446508805,,,,,,,,,,0,0,1
720575940446917783,,,,,,,,,,0,0,1
720575940446972567,,,,,,,,,,0,0,1
720575940447023704,,,,,,,,,,0,0,1
720575940447023960,,,,,,,,,,0,0,1
720575940447024984,,,,,,,,,,0,0,1
720575940447033688,,,,,,,,,,0,0,1
720575940447412280,,,,,,,,,,0,0,1
720575940447035736,,,,,,,,,,0,0,1
720575940447041112,,,,,,,,,,0,0,1
720575940447047000,,,,,,,,,,0,0,1
720575940447047768,,,,,,,,,,0,0,1
720575940447311705,,,,,,,,,,0,0,1
720575940447329625,,,,,,,,,,0,0,1
720575940447358297,,,,,,,,,,0,0,1
720575940447360857,,,,,,,,,,0,0,1
720575940447362649,,,,,,,,,,0,0,1
720575940447364185,,,,,,,,,,0,0,1
720575940448402758,,,,,,,,,,0,0,1
720575940448405062,,,,,,,,,,0,0,1
720575940448406086,,,,,,,,,,0,0,1
720575940448839281,,,,,,,,,,0,0,1
720575940448798321,,,,,,,,,,0,0,1
720575940448800183,,,,,,,,,,0,0,1
720575940448802673,,,,,,,,,,0,0,1
720575940448810353,,,,,,,,,,0,0,1
720575940448812913,,,,,,,,,,0,0,1
720575940448825201,,,,,,,,,,0,0,1
720575940448831857,,,,,,,,,,0,0,1
720575940448834417,,,,,,,,,,0,0,1
720575940448834673,,,,,,,,,,0,0,1
720575940448836721,,,,,,,,,,0,0,1
720575940448841921,,,,,,,,,,0,0,1
720575940448797367,,,,,,,,,,0,0,1
720575940448846273,,,,,,,,,,0,0,1
720575940448851137,,,,,,,,,,0,0,1
720575940448854209,,,,,,,,,,0,0,1
720575940448854977,,,,,,,,,,0,0,1
720575940448860097,,,,,,,,,,0,0,1
720575940448863169,,,,,,,,,,0,0,1
720575940448867521,,,,,,,,,,0,0,1
720575940448871617,,,,,,,,,,0,0,1
720575940448872129,,,,,,,,,,0,0,1
720575940448879809,,,,,,,,,,0,0,1
720575940448797553,,,,,,,,,,0,0,1
720575940448795505,,,,,,,,,,0,0,1
720575940448414534,,,,,,,,,,0,0,1
720575940448455351,,,,,,,,,,0,0,1
720575940448419654,,,,,,,,,,0,0,1
720575940448430150,,,,,,,,,,0,0,1
720575940448431686,,,,,,,,,,0,0,1
720575940448432454,,,,,,,,,,0,0,1
720575940448432710,,,,,,,,,,0,0,1
720575940448439110,,,,,,,,,,0,0,1
720575940448447558,,,,,,,,,,0,0,1
720575940448448326,,,,,,,,,,0,0,1
720575940448449975,,,,,,,,,,0,0,1
720575940448451398,,,,,,,,,,0,0,1
720575940448464311,,,,,,,,,,0,0,1
720575940448791921,,,,,,,,,,0,0,1
720575940448577589,,,,,,,,,,0,0,1
720575940448753335,,,,,,,,,,0,0,1
720575940448756663,,,,,,,,,,0,0,1
720575940448763319,,,,,,,,,,0,0,1
720575940448766647,,,,,,,,,,0,0,1
720575940448767671,,,,,,,,,,0,0,1
720575940448770231,,,,,,,,,,0,0,1
720575940448779447,,,,,,,,,,0,0,1
720575940448789431,,,,,,,,,,0,0,1
720575940448791223,,,,,,,,,,0,0,1
720575940446317425,,,,,,,,,,0,0,1
720575940445294391,,,,,,,,,,0,0,1
720575940444504861,,,,,,,,,,0,0,1
720575940440183022,,,,,,,,,,0,0,1
720575940439116421,,,,,,,,,,0,0,1
720575940439394174,,,,,,,,,,0,0,1
720575940439405438,,,,,,,,,,0,0,1
720575940439411838,,,,,,,,,,0,0,1
720575940439417982,,,,,,,,,,0,0,1
720575940439419262,,,,,,,,,,0,0,1
720575940440119534,,,,,,,,,,0,0,1
720575940440169454,,,,,,,,,,0,0,1
720575940440179950,,,,,,,,,,0,0,1
720575940440182766,,,,,,,,,,0,0,1
720575940440187630,,,,,,,,,,0,0,1
720575940439107973,,,,,,,,,,0,0,1
720575940440188398,,,,,,,,,,0,0,1
720575940440190446,,,,,,,,,,0,0,1
720575940440190702,,,,,,,,,,0,0,1
720575940440194542,,,,,,,,,,0,0,1
720575940440195054,,,,,,,,,,0,0,1
720575940440196846,,,,,,,,,,0,0,1
720575940440197358,,,,,,,,,,0,0,1
720575940440197614,,,,,,,,,,0,0,1
720575940440198126,,,,,,,,,,0,0,1
720575940440200942,,,,,,,,,,0,0,1
720575940439115653,,,,,,,,,,0,0,1
720575940439106437,,,,,,,,,,0,0,1
720575940440205038,,,,,,,,,,0,0,1
720575940437137442,,,,,,,,,,0,0,1
720575940436287266,,,,,,,,,,0,0,1
720575940437076002,,,,,,,,,,0,0,1
720575940437102370,,,,,,,,,,0,0,1
720575940437117730,,,,,,,,,,0,0,1
720575940437123618,,,,,,,,,,0,0,1
720575940437123874,,,,,,,,,,0,0,1
720575940437130274,,,,,,,,,,0,0,1
720575940437134626,,,,,,,,,,0,0,1
720575940437136674,,,,,,,,,,0,0,1
720575940437136930,,,,,,,,,,0,0,1
720575940437144098,,,,,,,,,,0,0,1
720575940438129563,,,,,,,,,,0,0,1
720575940437158178,,,,,,,,,,0,0,1
720575940437173794,,,,,,,,,,0,0,1
720575940437234043,,,,,,,,,,0,0,1
720575940437241723,,,,,,,,,,0,0,1
720575940437243771,,,,,,,,,,0,0,1
720575940437246843,,,,,,,,,,0,0,1
720575940437494699,,,,,,,,,,0,0,1
720575940437495211,,,,,,,,,,0,0,1
720575940437503659,,,,,,,,,,0,0,1
720575940438109851,,,,,,,,,,0,0,1
720575940440201198,,,,,,,,,,0,0,1
720575940440207086,,,,,,,,,,0,0,1
720575940444498461,,,,,,,,,,0,0,1
720575940442106131,,,,,,,,,,0,0,1
720575940441906518,,,,,,,,,,0,0,1
720575940441907030,,,,,,,,,,0,0,1
720575940441908054,,,,,,,,,,0,0,1
720575940441911638,,,,,,,,,,0,0,1
720575940441912662,,,,,,,,,,0,0,1
720575940441924694,,,,,,,,,,0,0,1
720575940442028519,,,,,,,,,,0,0,1
720575940442028775,,,,,,,,,,0,0,1
720575940442088723,,,,,,,,,,0,0,1
720575940442101267,,,,,,,,,,0,0,1
720575940442972232,,,,,,,,,,0,0,1
720575940441895766,,,,,,,,,,0,0,1
720575940442972744,,,,,,,,,,0,0,1
720575940442975048,,,,,,,,,,0,0,1
720575940442976072,,,,,,,,,,0,0,1
720575940442977608,,,,,,,,,,0,0,1
720575940443530886,,,,,,,,,,0,0,1
720575940443534214,,,,,,,,,,0,0,1
720575940443983387,,,,,,,,,,0,0,1
720575940444432617,,,,,,,,,,0,0,1
720575940444484381,,,,,,,,,,0,0,1
720575940444488733,,,,,,,,,,0,0,1
720575940441902934,,,,,,,,,,0,0,1
720575940441869654,,,,,,,,,,0,0,1
720575940440210670,,,,,,,,,,0,0,1
720575940441405059,,,,,,,,,,0,0,1
720575940440222446,,,,,,,,,,0,0,1
720575940440224750,,,,,,,,,,0,0,1
720575940441165791,,,,,,,,,,0,0,1
720575940441367939,,,,,,,,,,0,0,1
720575940441378947,,,,,,,,,,0,0,1
720575940441389699,,,,,,,,,,0,0,1
720575940441394051,,,,,,,,,,0,0,1
720575940441396099,,,,,,,,,,0,0,1
720575940441396611,,,,,,,,,,0,0,1
720575940441398659,,,,,,,,,,0,0,1
720575940441792598,,,,,,,,,,0,0,1
720575940441857622,,,,,,,,,,0,0,1
720575940441830998,,,,,,,,,,0,0,1
720575940441831254,,,,,,,,,,0,0,1
720575940441839702,,,,,,,,,,0,0,1
720575940441843030,,,,,,,,,,0,0,1
720575940441846102,,,,,,,,,,0,0,1
720575940441847638,,,,,,,,,,0,0,1
720575940441849942,,,,,,,,,,0,0,1
720575940441853782,,,,,,,,,,0,0,1
720575940441855830,,,,,,,,,,0,0,1
720575940441856854,,,,,,,,,,0,0,1
720575940496127628,,,,,,,,,,0,0,1
720575940496130956,,,,,,,,,,0,0,1
720575940496131468,,,,,,,,,,0,0,1
720575940572458856,,,,,,,,,,0,0,1
720575940566604759,,,,,,,,,,0,0,1
720575940566607831,,,,,,,,,,0,0,1
720575940566608343,,,,,,,,,,0,0,1
720575940566609111,,,,,,,,,,0,0,1
720575940566610903,,,,,,,,,,0,0,1
720575940566612951,,,,,,,,,,0,0,1
720575940566965071,,,,,,,,,,0,0,1
720575940566968655,,,,,,,,,,0,0,1
720575940566971983,,,,,,,,,,0,0,1
720575940566974287,,,,,,,,,,0,0,1
720575940566978127,,,,,,,,,,0,0,1
720575940566981967,,,,,,,,,,0,0,1
720575940566982223,,,,,,,,,,0,0,1
720575940566986575,,,,,,,,,,0,0,1
720575940566987599,,,,,,,,,,0,0,1
720575940566990415,,,,,,,,,,0,0,1
720575940566996303,,,,,,,,,,0,0,1
720575940566999375,,,,,,,,,,0,0,1
720575940567000911,,,,,,,,,,0,0,1
720575940567001167,,,,,,,,,,0,0,1
720575940567002447,,,,,,,,,,0,0,1
720575940567005263,,,,,,,,,,0,0,1
720575940567007311,,,,,,,,,,0,0,1
720575940566604247,,,,,,,,,,0,0,1
720575940566603735,,,,,,,,,,0,0,1
720575940566593239,,,,,,,,,,0,0,1
720575940564596090,,,,,,,,,,0,0,1
720575940564563066,,,,,,,,,,0,0,1
720575940564564858,,,,,,,,,,0,0,1
720575940564567930,,,,,,,,,,0,0,1
720575940564570490,,,,,,,,,,0,0,1
720575940564571770,,,,,,,,,,0,0,1
720575940564577146,,,,,,,,,,0,0,1
720575940564584314,,,,,,,,,,0,0,1
720575940564586362,,,,,,,,,,0,0,1
720575940564589434,,,,,,,,,,0,0,1
720575940564590970,,,,,,,,,,0,0,1
720575940564601978,,,,,,,,,,0,0,1
720575940566576087,,,,,,,,,,0,0,1
720575940564606842,,,,,,,,,,0,0,1
720575940564607098,,,,,,,,,,0,0,1
720575940564674419,,,,,,,,,,0,0,1
720575940565441412,,,,,,,,,,0,0,1
720575940565444228,,,,,,,,,,0,0,1
720575940565446532,,,,,,,,,,0,0,1
720575940565722996,,,,,,,,,,0,0,1
720575940565732468,,,,,,,,,,0,0,1
720575940565734772,,,,,,,,,,0,0,1
720575940565736564,,,,,,,,,,0,0,1
720575940567007823,,,,,,,,,,0,0,1
720575940567010127,,,,,,,,,,0,0,1
720575940567011663,,,,,,,,,,0,0,1
720575940569803971,,,,,,,,,,0,0,1
720575940568740827,,,,,,,,,,0,0,1
720575940569154382,,,,,,,,,,0,0,1
720575940569160270,,,,,,,,,,0,0,1
720575940569163854,,,,,,,,,,0,0,1
720575940569167950,,,,,,,,,,0,0,1
720575940569174350,,,,,,,,,,0,0,1
720575940569181262,,,,,,,,,,0,0,1
720575940569214542,,,,,,,,,,0,0,1
720575940569791136,,,,,,,,,,0,0,1
720575940569800387,,,,,,,,,,0,0,1
720575940569805763,,,,,,,,,,0,0,1
720575940568714459,,,,,,,,,,0,0,1
720575940569806787,,,,,,,,,,0,0,1
720575940569816259,,,,,,,,,,0,0,1
720575940569833376,,,,,,,,,,0,0,1
720575940569839776,,,,,,,,,,0,0,1
720575940569840032,,,,,,,,,,0,0,1
720575940570055614,,,,,,,,,,0,0,1
720575940571195902,,,,,,,,,,0,0,1
720575940571838072,,,,,,,,,,0,0,1
720575940571865720,,,,,,,,,,0,0,1
720575940572453992,,,,,,,,,,0,0,1
720575940568728539,,,,,,,,,,0,0,1
720575940568713947,,,,,,,,,,0,0,1
720575940567014991,,,,,,,,,,0,0,1
720575940567040335,,,,,,,,,,0,0,1
720575940567018017,,,,,,,,,,0,0,1
720575940567018575,,,,,,,,,,0,0,1
720575940567020111,,,,,,,,,,0,0,1
720575940567021391,,,,,,,,,,0,0,1
720575940567022415,,,,,,,,,,0,0,1
720575940567026767,,,,,,,,,,0,0,1
720575940567027279,,,,,,,,,,0,0,1
720575940567029071,,,,,,,,,,0,0,1
720575940567035471,,,,,,,,,,0,0,1
720575940567039311,,,,,,,,,,0,0,1
720575940567044175,,,,,,,,,,0,0,1
720575940568712667,,,,,,,,,,0,0,1
720575940567045967,,,,,,,,,,0,0,1
720575940567049039,,,,,,,,,,0,0,1
720575940567049807,,,,,,,,,,0,0,1
720575940567258091,,,,,,,,,,0,0,1
720575940567464113,,,,,,,,,,0,0,1
720575940567464625,,,,,,,,,,0,0,1
720575940567467697,,,,,,,,,,0,0,1
720575940568697819,,,,,,,,,,0,0,1
720575940568704987,,,,,,,,,,0,0,1
720575940568707547,,,,,,,,,,0,0,1
720575940564561530,,,,,,,,,,0,0,1
720575940564552314,,,,,,,,,,0,0,1
720575940564549498,,,,,,,,,,0,0,1
720575940561911339,,,,,,,,,,0,0,1
720575940561891883,,,,,,,,,,0,0,1
720575940561897515,,,,,,,,,,0,0,1
720575940561898795,,,,,,,,,,0,0,1
720575940561899051,,,,,,,,,,0,0,1
720575940561900331,,,,,,,,,,0,0,1
720575940561901099,,,,,,,,,,0,0,1
720575940561901611,,,,,,,,,,0,0,1
720575940561904171,,,,,,,,,,0,0,1
720575940561905195,,,,,,,,,,0,0,1
720575940561909291,,,,,,,,,,0,0,1
720575940561914923,,,,,,,,,,0,0,1
720575940561890859,,,,,,,,,,0,0,1
720575940561921835,,,,,,,,,,0,0,1
720575940561923883,,,,,,,,,,0,0,1
720575940561924651,,,,,,,,,,0,0,1
720575940561925675,,,,,,,,,,0,0,1
720575940561929515,,,,,,,,,,0,0,1
720575940561932075,,,,,,,,,,0,0,1
720575940561936427,,,,,,,,,,0,0,1
720575940561936939,,,,,,,,,,0,0,1
720575940561938219,,,,,,,,,,0,0,1
720575940561939755,,,,,,,,,,0,0,1
720575940561891627,,,,,,,,,,0,0,1
720575940561842987,,,,,,,,,,0,0,1
720575940561941803,,,,,,,,,,0,0,1
720575940559780663,,,,,,,,,,0,0,1
720575940559241262,,,,,,,,,,0,0,1
720575940559242286,,,,,,,,,,0,0,1
720575940559248686,,,,,,,,,,0,0,1
720575940559249198,,,,,,,,,,0,0,1
720575940559254830,,,,,,,,,,0,0,1
720575940559276780,,,,,,,,,,0,0,1
720575940559754295,,,,,,,,,,0,0,1
720575940559763767,,,,,,,,,,0,0,1
720575940559769399,,,,,,,,,,0,0,1
720575940559772983,,,,,,,,,,0,0,1
720575940560331310,,,,,,,,,,0,0,1
720575940561840131,,,,,,,,,,0,0,1
720575940560963028,,,,,,,,,,0,0,1
720575940560964899,,,,,,,,,,0,0,1
720575940560974292,,,,,,,,,,0,0,1
720575940561087700,,,,,,,,,,0,0,1
720575940561260179,,,,,,,,,,0,0,1
720575940561269395,,,,,,,,,,0,0,1
720575940561281683,,,,,,,,,,0,0,1
720575940561738687,,,,,,,,,,0,0,1
720575940561805698,,,,,,,,,,0,0,1
720575940561830018,,,,,,,,,,0,0,1
720575940561940523,,,,,,,,,,0,0,1
720575940561942315,,,,,,,,,,0,0,1
720575940564549242,,,,,,,,,,0,0,1
720575940564450163,,,,,,,,,,0,0,1
720575940562022699,,,,,,,,,,0,0,1
720575940562031915,,,,,,,,,,0,0,1
720575940562094132,,,,,,,,,,0,0,1
720575940562106164,,,,,,,,,,0,0,1
720575940562111540,,,,,,,,,,0,0,1
720575940562112820,,,,,,,,,,0,0,1
720575940562255638,,,,,,,,,,0,0,1
720575940563008218,,,,,,,,,,0,0,1
720575940563669554,,,,,,,,,,0,0,1
720575940564425651,,,,,,,,,,0,0,1
720575940564465779,,,,,,,,,,0,0,1
720575940562001195,,,,,,,,,,0,0,1
720575940564466291,,,,,,,,,,0,0,1
720575940564469107,,,,,,,,,,0,0,1
720575940564469363,,,,,,,,,,0,0,1
720575940564472179,,,,,,,,,,0,0,1
720575940564474483,,,,,,,,,,0,0,1
720575940564475251,,,,,,,,,,0,0,1
720575940564481651,,,,,,,,,,0,0,1
720575940564486259,,,,,,,,,,0,0,1
720575940564531066,,,,,,,,,,0,0,1
720575940564537722,,,,,,,,,,0,0,1
720575940562005803,,,,,,,,,,0,0,1
720575940562000939,,,,,,,,,,0,0,1
720575940561942827,,,,,,,,,,0,0,1
720575940561967234,,,,,,,,,,0,0,1
720575940561943083,,,,,,,,,,0,0,1
720575940561943851,,,,,,,,,,0,0,1
720575940561946411,,,,,,,,,,0,0,1
720575940561946667,,,,,,,,,,0,0,1
720575940561947691,,,,,,,,,,0,0,1
720575940561949227,,,,,,,,,,0,0,1
720575940561963563,,,,,,,,,,0,0,1
720575940561963819,,,,,,,,,,0,0,1
720575940561965186,,,,,,,,,,0,0,1
720575940561967147,,,,,,,,,,0,0,1
720575940561967746,,,,,,,,,,0,0,1
720575940561999915,,,,,,,,,,0,0,1
720575940561972779,,,,,,,,,,0,0,1
720575940561977387,,,,,,,,,,0,0,1
720575940561980203,,,,,,,,,,0,0,1
720575940561982251,,,,,,,,,,0,0,1
720575940561984043,,,,,,,,,,0,0,1
720575940561985835,,,,,,,,,,0,0,1
720575940561992491,,,,,,,,,,0,0,1
720575940561993349,,,,,,,,,,0,0,1
720575940561995307,,,,,,,,,,0,0,1
720575940561997867,,,,,,,,,,0,0,1
720575940572455528,,,,,,,,,,0,0,1
720575940574573115,,,,,,,,,,0,0,1
720575940559237678,,,,,,,,,,0,0,1
720575940574650683,,,,,,,,,,0,0,1
720575940581231081,,,,,,,,,,0,0,1
720575940581241091,,,,,,,,,,0,0,1
720575940581254377,,,,,,,,,,0,0,1
720575940581256681,,,,,,,,,,0,0,1
720575940581257961,,,,,,,,,,0,0,1
720575940581355638,,,,,,,,,,0,0,1
720575940581356406,,,,,,,,,,0,0,1
720575940581361526,,,,,,,,,,0,0,1
720575940581410166,,,,,,,,,,0,0,1
720575940581411958,,,,,,,,,,0,0,1
720575940581460981,,,,,,,,,,0,0,1
720575940581474934,,,,,,,,,,0,0,1
720575940581509105,,,,,,,,,,0,0,1
720575940581511153,,,,,,,,,,0,0,1
720575940581519857,,,,,,,,,,0,0,1
720575940581547617,,,,,,,,,,0,0,1
720575940581690573,,,,,,,,,,0,0,1
720575940581690829,,,,,,,,,,0,0,1
720575940581691341,,,,,,,,,,0,0,1
720575940581822856,,,,,,,,,,0,0,1
720575940581823112,,,,,,,,,,0,0,1
720575940581826184,,,,,,,,,,0,0,1
720575940581827720,,,,,,,,,,0,0,1
720575940581180649,,,,,,,,,,0,0,1
720575940581179369,,,,,,,,,,0,0,1
720575940581175529,,,,,,,,,,0,0,1
720575940580758484,,,,,,,,,,0,0,1
720575940579741279,,,,,,,,,,0,0,1
720575940580582356,,,,,,,,,,0,0,1
720575940580732116,,,,,,,,,,0,0,1
720575940580736468,,,,,,,,,,0,0,1
720575940580738516,,,,,,,,,,0,0,1
720575940580752084,,,,,,,,,,0,0,1
720575940580753876,,,,,,,,,,0,0,1
720575940580756180,,,,,,,,,,0,0,1
720575940580756436,,,,,,,,,,0,0,1
720575940580757460,,,,,,,,,,0,0,1
720575940580760532,,,,,,,,,,0,0,1
720575940581162985,,,,,,,,,,0,0,1
720575940580831700,,,,,,,,,,0,0,1
720575940580853160,,,,,,,,,,0,0,1
720575940580854184,,,,,,,,,,0,0,1
720575940580870974,,,,,,,,,,0,0,1
720575940580873022,,,,,,,,,,0,0,1
720575940580875326,,,,,,,,,,0,0,1
720575940581026599,,,,,,,,,,0,0,1
720575940581048359,,,,,,,,,,0,0,1
720575940581052711,,,,,,,,,,0,0,1
720575940581056295,,,,,,,,,,0,0,1
720575940581827976,,,,,,,,,,0,0,1
720575940581831304,,,,,,,,,,0,0,1
720575940581832584,,,,,,,,,,0,0,1
720575940583869565,,,,,,,,,,0,0,1
720575940583560684,,,,,,,,,,0,0,1
720575940583658183,,,,,,,,,,0,0,1
720575940583687367,,,,,,,,,,0,0,1
720575940583693236,,,,,,,,,,0,0,1
720575940583702599,,,,,,,,,,0,0,1
720575940583762119,,,,,,,,,,0,0,1
720575940583855997,,,,,,,,,,0,0,1
720575940583864445,,,,,,,,,,0,0,1
720575940583866749,,,,,,,,,,0,0,1
720575940583867517,,,,,,,,,,0,0,1
720575940583873460,,,,,,,,,,0,0,1
720575940583557612,,,,,,,,,,0,0,1
720575940583877812,,,,,,,,,,0,0,1
720575940583881396,,,,,,,,,,0,0,1
720575940583883700,,,,,,,,,,0,0,1
720575940583884724,,,,,,,,,,0,0,1
720575940584797268,,,,,,,,,,0,0,1
720575940584799060,,,,,,,,,,0,0,1
720575940584917479,,,,,,,,,,0,0,1
720575940584919015,,,,,,,,,,0,0,1
720575940584919527,,,,,,,,,,0,0,1
720575940584921063,,,,,,,,,,0,0,1
720575940583559404,,,,,,,,,,0,0,1
720575940583557100,,,,,,,,,,0,0,1
720575940581868723,,,,,,,,,,0,0,1
720575940582624441,,,,,,,,,,0,0,1
720575940581968140,,,,,,,,,,0,0,1
720575940581969420,,,,,,,,,,0,0,1
720575940582015155,,,,,,,,,,0,0,1
720575940582018483,,,,,,,,,,0,0,1
720575940582021299,,,,,,,,,,0,0,1
720575940582023859,,,,,,,,,,0,0,1
720575940582610617,,,,,,,,,,0,0,1
720575940582614457,,,,,,,,,,0,0,1
720575940582615993,,,,,,,,,,0,0,1
720575940582622393,,,,,,,,,,0,0,1
720575940582626745,,,,,,,,,,0,0,1
720575940582942954,,,,,,,,,,0,0,1
720575940582716693,,,,,,,,,,0,0,1
720575940582721813,,,,,,,,,,0,0,1
720575940582857237,,,,,,,,,,0,0,1
720575940582864917,,,,,,,,,,0,0,1
720575940582869482,,,,,,,,,,0,0,1
720575940582869781,,,,,,,,,,0,0,1
720575940582873877,,,,,,,,,,0,0,1
720575940582877717,,,,,,,,,,0,0,1
720575940582906602,,,,,,,,,,0,0,1
720575940582942698,,,,,,,,,,0,0,1
720575940579735391,,,,,,,,,,0,0,1
720575940579705183,,,,,,,,,,0,0,1
720575940579675487,,,,,,,,,,0,0,1
720575940576322602,,,,,,,,,,0,0,1
720575940575891304,,,,,,,,,,0,0,1
720575940575893608,,,,,,,,,,0,0,1
720575940575897192,,,,,,,,,,0,0,1
720575940576236074,,,,,,,,,,0,0,1
720575940576239402,,,,,,,,,,0,0,1
720575940576243498,,,,,,,,,,0,0,1
720575940576246314,,,,,,,,,,0,0,1
720575940576300586,,,,,,,,,,0,0,1
720575940576306474,,,,,,,,,,0,0,1
720575940576310314,,,,,,,,,,0,0,1
720575940576487898,,,,,,,,,,0,0,1
720575940575889000,,,,,,,,,,0,0,1
720575940577532601,,,,,,,,,,0,0,1
720575940577533113,,,,,,,,,,0,0,1
720575940577635862,,,,,,,,,,0,0,1
720575940577636118,,,,,,,,,,0,0,1
720575940577636630,,,,,,,,,,0,0,1
720575940577637654,,,,,,,,,,0,0,1
720575940577637910,,,,,,,,,,0,0,1
720575940577641238,,,,,,,,,,0,0,1
720575940577642518,,,,,,,,,,0,0,1
720575940577642774,,,,,,,,,,0,0,1
720575940575890536,,,,,,,,,,0,0,1
720575940575801651,,,,,,,,,,0,0,1
720575940577644566,,,,,,,,,,0,0,1
720575940575477468,,,,,,,,,,0,0,1
720575940575182466,,,,,,,,,,0,0,1
720575940575186050,,,,,,,,,,0,0,1
720575940575227670,,,,,,,,,,0,0,1
720575940575294486,,,,,,,,,,0,0,1
720575940575297814,,,,,,,,,,0,0,1
720575940575299669,,,,,,,,,,0,0,1
720575940575299925,,,,,,,,,,0,0,1
720575940575300181,,,,,,,,,,0,0,1
720575940575465923,,,,,,,,,,0,0,1
720575940575466691,,,,,,,,,,0,0,1
720575940575694297,,,,,,,,,,0,0,1
720575940575792179,,,,,,,,,,0,0,1
720575940575695833,,,,,,,,,,0,0,1
720575940575696345,,,,,,,,,,0,0,1
720575940575699417,,,,,,,,,,0,0,1
720575940575702489,,,,,,,,,,0,0,1
720575940575703257,,,,,,,,,,0,0,1
720575940575710681,,,,,,,,,,0,0,1
720575940575789875,,,,,,,,,,0,0,1
720575940575790643,,,,,,,,,,0,0,1
720575940575791155,,,,,,,,,,0,0,1
720575940575791923,,,,,,,,,,0,0,1
720575940577643030,,,,,,,,,,0,0,1
720575940577650429,,,,,,,,,,0,0,1
720575940579669087,,,,,,,,,,0,0,1
720575940579300346,,,,,,,,,,0,0,1
720575940578926617,,,,,,,,,,0,0,1
720575940579044022,,,,,,,,,,0,0,1
720575940579047350,,,,,,,,,,0,0,1
720575940579136884,,,,,,,,,,0,0,1
720575940579140468,,,,,,,,,,0,0,1
720575940579212640,,,,,,,,,,0,0,1
720575940579243616,,,,,,,,,,0,0,1
720575940579246944,,,,,,,,,,0,0,1
720575940579298042,,,,,,,,,,0,0,1
720575940579299834,,,,,,,,,,0,0,1
720575940579305978,,,,,,,,,,0,0,1
720575940578920985,,,,,,,,,,0,0,1
720575940579306234,,,,,,,,,,0,0,1
720575940579307002,,,,,,,,,,0,0,1
720575940579307258,,,,,,,,,,0,0,1
720575940579309562,,,,,,,,,,0,0,1
720575940579313146,,,,,,,,,,0,0,1
720575940579319034,,,,,,,,,,0,0,1
720575940579320058,,,,,,,,,,0,0,1
720575940579326970,,,,,,,,,,0,0,1
720575940579341818,,,,,,,,,,0,0,1
720575940579348218,,,,,,,,,,0,0,1
720575940578926105,,,,,,,,,,0,0,1
720575940578920729,,,,,,,,,,0,0,1
720575940577653757,,,,,,,,,,0,0,1
720575940578279371,,,,,,,,,,0,0,1
720575940577654525,,,,,,,,,,0,0,1
720575940577656317,,,,,,,,,,0,0,1
720575940577657085,,,,,,,,,,0,0,1
720575940577657341,,,,,,,,,,0,0,1
720575940577669885,,,,,,,,,,0,0,1
720575940577710614,,,,,,,,,,0,0,1
720575940577728790,,,,,,,,,,0,0,1
720575940578275531,,,,,,,,,,0,0,1
720575940578276811,,,,,,,,,,0,0,1
720575940578278347,,,,,,,,,,0,0,1
720575940578280651,,,,,,,,,,0,0,1
720575940578919449,,,,,,,,,,0,0,1
720575940578282699,,,,,,,,,,0,0,1
720575940578282955,,,,,,,,,,0,0,1
720575940578284747,,,,,,,,,,0,0,1
720575940578549583,,,,,,,,,,0,0,1
720575940578550863,,,,,,,,,,0,0,1
720575940578554703,,,,,,,,,,0,0,1
720575940578555471,,,,,,,,,,0,0,1
720575940578883872,,,,,,,,,,0,0,1
720575940578913561,,,,,,,,,,0,0,1
720575940578917657,,,,,,,,,,0,0,1
720575940559238190,,,,,,,,,,0,0,1
720575940559226414,,,,,,,,,,0,0,1
720575940496131724,,,,,,,,,,0,0,1
720575940528369357,,,,,,,,,,0,0,1
720575940514061205,,,,,,,,,,0,0,1
720575940514090389,,,,,,,,,,0,0,1
720575940514092181,,,,,,,,,,0,0,1
720575940514095253,,,,,,,,,,0,0,1
720575940514099605,,,,,,,,,,0,0,1
720575940514126997,,,,,,,,,,0,0,1
720575940514131605,,,,,,,,,,0,0,1
720575940514136981,,,,,,,,,,0,0,1
720575940514142101,,,,,,,,,,0,0,1
720575940514271806,,,,,,,,,,0,0,1
720575940514272318,,,,,,,,,,0,0,1
720575940514282046,,,,,,,,,,0,0,1
720575940514297150,,,,,,,,,,0,0,1
720575940514300990,,,,,,,,,,0,0,1
720575940514301246,,,,,,,,,,0,0,1
720575940514307646,,,,,,,,,,0,0,1
720575940514310462,,,,,,,,,,0,0,1
720575940514322238,,,,,,,,,,0,0,1
720575940514780546,,,,,,,,,,0,0,1
720575940514802050,,,,,,,,,,0,0,1
720575940514811010,,,,,,,,,,0,0,1
720575940514823042,,,,,,,,,,0,0,1
720575940514823554,,,,,,,,,,0,0,1
720575940513216047,,,,,,,,,,0,0,1
720575940513215279,,,,,,,,,,0,0,1
720575940513214767,,,,,,,,,,0,0,1
720575940511942120,,,,,,,,,,0,0,1
720575940510280684,,,,,,,,,,0,0,1
720575940510280940,,,,,,,,,,0,0,1
720575940510289132,,,,,,,,,,0,0,1
720575940510290924,,,,,,,,,,0,0,1
720575940510301420,,,,,,,,,,0,0,1
720575940510305004,,,,,,,,,,0,0,1
720575940510310892,,,,,,,,,,0,0,1
720575940510319852,,,,,,,,,,0,0,1
720575940510368485,,,,,,,,,,0,0,1
720575940511889384,,,,,,,,,,0,0,1
720575940511953640,,,,,,,,,,0,0,1
720575940513207599,,,,,,,,,,0,0,1
720575940511954408,,,,,,,,,,0,0,1
720575940511958504,,,,,,,,,,0,0,1
720575940511971816,,,,,,,,,,0,0,1
720575940511972584,,,,,,,,,,0,0,1
720575940511986408,,,,,,,,,,0,0,1
720575940512000488,,,,,,,,,,0,0,1
720575940512006888,,,,,,,,,,0,0,1
720575940512007144,,,,,,,,,,0,0,1
720575940512010472,,,,,,,,,,0,0,1
720575940513169199,,,,,,,,,,0,0,1
720575940514826626,,,,,,,,,,0,0,1
720575940514837122,,,,,,,,,,0,0,1
720575940514837634,,,,,,,,,,0,0,1
720575940521068338,,,,,,,,,,0,0,1
720575940518129194,,,,,,,,,,0,0,1
720575940518147114,,,,,,,,,,0,0,1
720575940518147370,,,,,,,,,,0,0,1
720575940518154794,,,,,,,,,,0,0,1
720575940518160170,,,,,,,,,,0,0,1
720575940519323399,,,,,,,,,,0,0,1
720575940519332871,,,,,,,,,,0,0,1
720575940519527763,,,,,,,,,,0,0,1
720575940519929602,,,,,,,,,,0,0,1
720575940521036594,,,,,,,,,,0,0,1
720575940521107250,,,,,,,,,,0,0,1
720575940518123562,,,,,,,,,,0,0,1
720575940521190962,,,,,,,,,,0,0,1
720575940521198130,,,,,,,,,,0,0,1
720575940521221682,,,,,,,,,,0,0,1
720575940522285011,,,,,,,,,,0,0,1
720575940523206483,,,,,,,,,,0,0,1
720575940527965880,,,,,,,,,,0,0,1
720575940528320973,,,,,,,,,,0,0,1
720575940528344013,,,,,,,,,,0,0,1
720575940528347597,,,,,,,,,,0,0,1
720575940528361165,,,,,,,,,,0,0,1
720575940518124842,,,,,,,,,,0,0,1
720575940518113578,,,,,,,,,,0,0,1
720575940514849410,,,,,,,,,,0,0,1
720575940515874171,,,,,,,,,,0,0,1
720575940514859394,,,,,,,,,,0,0,1
720575940514863490,,,,,,,,,,0,0,1
720575940514900866,,,,,,,,,,0,0,1
720575940514920066,,,,,,,,,,0,0,1
720575940514931330,,,,,,,,,,0,0,1
720575940514983042,,,,,,,,,,0,0,1
720575940515855739,,,,,,,,,,0,0,1
720575940515856507,,,,,,,,,,0,0,1
720575940515864187,,,,,,,,,,0,0,1
720575940515868539,,,,,,,,,,0,0,1
720575940516925828,,,,,,,,,,0,0,1
720575940518100010,,,,,,,,,,0,0,1
720575940516930180,,,,,,,,,,0,0,1
720575940516939652,,,,,,,,,,0,0,1
720575940516947844,,,,,,,,,,0,0,1
720575940517138246,,,,,,,,,,0,0,1
720575940517159494,,,,,,,,,,0,0,1
720575940517168198,,,,,,,,,,0,0,1
720575940517186886,,,,,,,,,,0,0,1
720575940517188166,,,,,,,,,,0,0,1
720575940517199942,,,,,,,,,,0,0,1
720575940518082346,,,,,,,,,,0,0,1
720575940510267372,,,,,,,,,,0,0,1
720575940510265580,,,,,,,,,,0,0,1
720575940510258924,,,,,,,,,,0,0,1
720575940499069551,,,,,,,,,,0,0,1
720575940497698993,,,,,,,,,,0,0,1
720575940498622158,,,,,,,,,,0,0,1
720575940498628046,,,,,,,,,,0,0,1
720575940498631118,,,,,,,,,,0,0,1
720575940498631374,,,,,,,,,,0,0,1
720575940499024751,,,,,,,,,,0,0,1
720575940499029359,,,,,,,,,,0,0,1
720575940499038063,,,,,,,,,,0,0,1
720575940499051375,,,,,,,,,,0,0,1
720575940499055983,,,,,,,,,,0,0,1
720575940499071087,,,,,,,,,,0,0,1
720575940496303547,,,,,,,,,,0,0,1
720575940499079279,,,,,,,,,,0,0,1
720575940499080815,,,,,,,,,,0,0,1
720575940499081839,,,,,,,,,,0,0,1
720575940499084911,,,,,,,,,,0,0,1
720575940499085423,,,,,,,,,,0,0,1
720575940499086703,,,,,,,,,,0,0,1
720575940500235231,,,,,,,,,,0,0,1
720575940500245727,,,,,,,,,,0,0,1
720575940500249055,,,,,,,,,,0,0,1
720575940500262367,,,,,,,,,,0,0,1
720575940496305339,,,,,,,,,,0,0,1
720575940496298683,,,,,,,,,,0,0,1
720575940500272095,,,,,,,,,,0,0,1
720575940496213691,,,,,,,,,,0,0,1
720575940496134284,,,,,,,,,,0,0,1
720575940496137612,,,,,,,,,,0,0,1
720575940496140684,,,,,,,,,,0,0,1
720575940496145292,,,,,,,,,,0,0,1
720575940496150412,,,,,,,,,,0,0,1
720575940496150668,,,,,,,,,,0,0,1
720575940496160908,,,,,,,,,,0,0,1
720575940496189115,,,,,,,,,,0,0,1
720575940496205243,,,,,,,,,,0,0,1
720575940496211387,,,,,,,,,,0,0,1
720575940496224699,,,,,,,,,,0,0,1
720575940496294331,,,,,,,,,,0,0,1
720575940496228027,,,,,,,,,,0,0,1
720575940496245947,,,,,,,,,,0,0,1
720575940496254651,,,,,,,,,,0,0,1
720575940496254907,,,,,,,,,,0,0,1
720575940496261051,,,,,,,,,,0,0,1
720575940496262331,,,,,,,,,,0,0,1
720575940496264379,,,,,,,,,,0,0,1
720575940496270267,,,,,,,,,,0,0,1
720575940496292283,,,,,,,,,,0,0,1
720575940496294075,,,,,,,,,,0,0,1
720575940500271327,,,,,,,,,,0,0,1
720575940500279519,,,,,,,,,,0,0,1
720575940510215141,,,,,,,,,,0,0,1
720575940509230388,,,,,,,,,,0,0,1
720575940508866701,,,,,,,,,,0,0,1
720575940508870029,,,,,,,,,,0,0,1
720575940508870285,,,,,,,,,,0,0,1
720575940508877965,,,,,,,,,,0,0,1
720575940509160244,,,,,,,,,,0,0,1
720575940509166388,,,,,,,,,,0,0,1
720575940509193268,,,,,,,,,,0,0,1
720575940509200180,,,,,,,,,,0,0,1
720575940509206580,,,,,,,,,,0,0,1
720575940509210676,,,,,,,,,,0,0,1
720575940509239348,,,,,,,,,,0,0,1
720575940508860045,,,,,,,,,,0,0,1
720575940509240372,,,,,,,,,,0,0,1
720575940509248308,,,,,,,,,,0,0,1
720575940509506861,,,,,,,,,,0,0,1
720575940509513773,,,,,,,,,,0,0,1
720575940509517357,,,,,,,,,,0,0,1
720575940509518637,,,,,,,,,,0,0,1
720575940509523245,,,,,,,,,,0,0,1
720575940509525549,,,,,,,,,,0,0,1
720575940509527341,,,,,,,,,,0,0,1
720575940509673261,,,,,,,,,,0,0,1
720575940508862093,,,,,,,,,,0,0,1
720575940508839309,,,,,,,,,,0,0,1
720575940500283103,,,,,,,,,,0,0,1
720575940507444698,,,,,,,,,,0,0,1
720575940501104851,,,,,,,,,,0,0,1
720575940503138464,,,,,,,,,,0,0,1
720575940503758860,,,,,,,,,,0,0,1
720575940504409180,,,,,,,,,,0,0,1
720575940507374298,,,,,,,,,,0,0,1
720575940507396826,,,,,,,,,,0,0,1
720575940507408346,,,,,,,,,,0,0,1
720575940507409114,,,,,,,,,,0,0,1
720575940507436506,,,,,,,,,,0,0,1
720575940507440602,,,,,,,,,,0,0,1
720575940507448282,,,,,,,,,,0,0,1
720575940508828557,,,,,,,,,,0,0,1
720575940507449562,,,,,,,,,,0,0,1
720575940508785549,,,,,,,,,,0,0,1
720575940508789645,,,,,,,,,,0,0,1
720575940508791437,,,,,,,,,,0,0,1
720575940508799629,,,,,,,,,,0,0,1
720575940508803469,,,,,,,,,,0,0,1
720575940508809357,,,,,,,,,,0,0,1
720575940508820109,,,,,,,,,,0,0,1
720575940508821901,,,,,,,,,,0,0,1
720575940508828045,,,,,,,,,,0,0,1
720575940528365773,,,,,,,,,,0,0,1
720575940528392653,,,,,,,,,,0,0,1
720575940559219502,,,,,,,,,,0,0,1
720575940528392909,,,,,,,,,,0,0,1
720575940555340333,,,,,,,,,,0,0,1
720575940555363117,,,,,,,,,,0,0,1
720575940555364141,,,,,,,,,,0,0,1
720575940555642677,,,,,,,,,,0,0,1
720575940555672117,,,,,,,,,,0,0,1
720575940555676981,,,,,,,,,,0,0,1
720575940555678773,,,,,,,,,,0,0,1
720575940555694389,,,,,,,,,,0,0,1
720575940555696949,,,,,,,,,,0,0,1
720575940555698485,,,,,,,,,,0,0,1
720575940555698741,,,,,,,,,,0,0,1
720575940555707445,,,,,,,,,,0,0,1
720575940555708213,,,,,,,,,,0,0,1
720575940555708469,,,,,,,,,,0,0,1
720575940555718709,,,,,,,,,,0,0,1
720575940555719989,,,,,,,,,,0,0,1
720575940555721781,,,,,,,,,,0,0,1
720575940556525663,,,,,,,,,,0,0,1
720575940556527455,,,,,,,,,,0,0,1
720575940556531536,,,,,,,,,,0,0,1
720575940556537951,,,,,,,,,,0,0,1
720575940556540255,,,,,,,,,,0,0,1
720575940556546399,,,,,,,,,,0,0,1
720575940555331373,,,,,,,,,,0,0,1
720575940555303981,,,,,,,,,,0,0,1
720575940555105139,,,,,,,,,,0,0,1
720575940549781200,,,,,,,,,,0,0,1
720575940548610534,,,,,,,,,,0,0,1
720575940549022313,,,,,,,,,,0,0,1
720575940549759184,,,,,,,,,,0,0,1
720575940549760720,,,,,,,,,,0,0,1
720575940549762000,,,,,,,,,,0,0,1
720575940549763792,,,,,,,,,,0,0,1
720575940549766608,,,,,,,,,,0,0,1
720575940549769168,,,,,,,,,,0,0,1
720575940549769424,,,,,,,,,,0,0,1
720575940549775056,,,,,,,,,,0,0,1
720575940550863143,,,,,,,,,,0,0,1
720575940554790345,,,,,,,,,,0,0,1
720575940550870311,,,,,,,,,,0,0,1
720575940551782970,,,,,,,,,,0,0,1
720575940552431883,,,,,,,,,,0,0,1
720575940552471051,,,,,,,,,,0,0,1
720575940552479755,,,,,,,,,,0,0,1
720575940554087253,,,,,,,,,,0,0,1
720575940554097749,,,,,,,,,,0,0,1
720575940554119509,,,,,,,,,,0,0,1
720575940554127957,,,,,,,,,,0,0,1
720575940554647157,,,,,,,,,,0,0,1
720575940556547935,,,,,,,,,,0,0,1
720575940556552016,,,,,,,,,,0,0,1
720575940556559199,,,,,,,,,,0,0,1
720575940559172910,,,,,,,,,,0,0,1
720575940556710495,,,,,,,,,,0,0,1
720575940556715359,,,,,,,,,,0,0,1
720575940556716127,,,,,,,,,,0,0,1
720575940556802400,,,,,,,,,,0,0,1
720575940557196159,,,,,,,,,,0,0,1
720575940558284193,,,,,,,,,,0,0,1
720575940558284449,,,,,,,,,,0,0,1
720575940558469281,,,,,,,,,,0,0,1
720575940559151662,,,,,,,,,,0,0,1
720575940559157038,,,,,,,,,,0,0,1
720575940559174446,,,,,,,,,,0,0,1
720575940556699231,,,,,,,,,,0,0,1
720575940559174702,,,,,,,,,,0,0,1
720575940559175214,,,,,,,,,,0,0,1
720575940559175726,,,,,,,,,,0,0,1
720575940559179566,,,,,,,,,,0,0,1
720575940559194158,,,,,,,,,,0,0,1
720575940559196718,,,,,,,,,,0,0,1
720575940559200046,,,,,,,,,,0,0,1
720575940559203630,,,,,,,,,,0,0,1
720575940559206446,,,,,,,,,,0,0,1
720575940559216174,,,,,,,,,,0,0,1
720575940556705887,,,,,,,,,,0,0,1
720575940556693087,,,,,,,,,,0,0,1
720575940556560991,,,,,,,,,,0,0,1
720575940556648543,,,,,,,,,,0,0,1
720575940556565328,,,,,,,,,,0,0,1
720575940556591967,,,,,,,,,,0,0,1
720575940556618591,,,,,,,,,,0,0,1
720575940556623711,,,,,,,,,,0,0,1
720575940556623967,,,,,,,,,,0,0,1
720575940556624991,,,,,,,,,,0,0,1
720575940556626783,,,,,,,,,,0,0,1
720575940556635999,,,,,,,,,,0,0,1
720575940556638303,,,,,,,,,,0,0,1
720575940556640607,,,,,,,,,,0,0,1
720575940556660063,,,,,,,,,,0,0,1
720575940556691295,,,,,,,,,,0,0,1
720575940556663391,,,,,,,,,,0,0,1
720575940556667487,,,,,,,,,,0,0,1
720575940556669791,,,,,,,,,,0,0,1
720575940556670559,,,,,,,,,,0,0,1
720575940556672095,,,,,,,,,,0,0,1
720575940556673119,,,,,,,,,,0,0,1
720575940556677983,,,,,,,,,,0,0,1
720575940556680543,,,,,,,,,,0,0,1
720575940556681311,,,,,,,,,,0,0,1
720575940556688735,,,,,,,,,,0,0,1
720575940548600806,,,,,,,,,,0,0,1
720575940548599014,,,,,,,,,,0,0,1
720575940548597478,,,,,,,,,,0,0,1
720575940539925803,,,,,,,,,,0,0,1
720575940539741138,,,,,,,,,,0,0,1
720575940539741906,,,,,,,,,,0,0,1
720575940539742674,,,,,,,,,,0,0,1
720575940539742930,,,,,,,,,,0,0,1
720575940539744722,,,,,,,,,,0,0,1
720575940539745234,,,,,,,,,,0,0,1
720575940539745746,,,,,,,,,,0,0,1
720575940539746258,,,,,,,,,,0,0,1
720575940539748562,,,,,,,,,,0,0,1
720575940539802322,,,,,,,,,,0,0,1
720575940539926315,,,,,,,,,,0,0,1
720575940539739090,,,,,,,,,,0,0,1
720575940539942955,,,,,,,,,,0,0,1
720575940540411874,,,,,,,,,,0,0,1
720575940540427490,,,,,,,,,,0,0,1
720575940542172001,,,,,,,,,,0,0,1
720575940543219650,,,,,,,,,,0,0,1
720575940543236546,,,,,,,,,,0,0,1
720575940543253186,,,,,,,,,,0,0,1
720575940543254722,,,,,,,,,,0,0,1
720575940543255234,,,,,,,,,,0,0,1
720575940543261378,,,,,,,,,,0,0,1
720575940539739602,,,,,,,,,,0,0,1
720575940539737810,,,,,,,,,,0,0,1
720575940543275458,,,,,,,,,,0,0,1
720575940536839985,,,,,,,,,,0,0,1
720575940528400077,,,,,,,,,,0,0,1
720575940528407501,,,,,,,,,,0,0,1
720575940531940110,,,,,,,,,,0,0,1
720575940536743473,,,,,,,,,,0,0,1
720575940536755505,,,,,,,,,,0,0,1
720575940536756017,,,,,,,,,,0,0,1
720575940536758065,,,,,,,,,,0,0,1
720575940536759857,,,,,,,,,,0,0,1
720575940536775985,,,,,,,,,,0,0,1
720575940536839217,,,,,,,,,,0,0,1
720575940536841521,,,,,,,,,,0,0,1
720575940539737554,,,,,,,,,,0,0,1
720575940536849201,,,,,,,,,,0,0,1
720575940536849457,,,,,,,,,,0,0,1
720575940537693647,,,,,,,,,,0,0,1
720575940539726290,,,,,,,,,,0,0,1
720575940539729362,,,,,,,,,,0,0,1
720575940539729874,,,,,,,,,,0,0,1
720575940539730130,,,,,,,,,,0,0,1
720575940539731922,,,,,,,,,,0,0,1
720575940539735762,,,,,,,,,,0,0,1
720575940539736274,,,,,,,,,,0,0,1
720575940543261890,,,,,,,,,,0,0,1
720575940543284674,,,,,,,,,,0,0,1
720575940548592102,,,,,,,,,,0,0,1
720575940548556518,,,,,,,,,,0,0,1
720575940546496557,,,,,,,,,,0,0,1
720575940546529325,,,,,,,,,,0,0,1
720575940546533933,,,,,,,,,,0,0,1
720575940548508902,,,,,,,,,,0,0,1
720575940548524262,,,,,,,,,,0,0,1
720575940548543206,,,,,,,,,,0,0,1
720575940548543462,,,,,,,,,,0,0,1
720575940548550374,,,,,,,,,,0,0,1
720575940548551910,,,,,,,,,,0,0,1
720575940548554982,,,,,,,,,,0,0,1
720575940548558566,,,,,,,,,,0,0,1
720575940546248208,,,,,,,,,,0,0,1
720575940548565734,,,,,,,,,,0,0,1
720575940548565990,,,,,,,,,,0,0,1
720575940548572646,,,,,,,,,,0,0,1
720575940548574950,,,,,,,,,,0,0,1
720575940548575718,,,,,,,,,,0,0,1
720575940548577766,,,,,,,,,,0,0,1
720575940548578022,,,,,,,,,,0,0,1
720575940548581094,,,,,,,,,,0,0,1
720575940548583910,,,,,,,,,,0,0,1
720575940548590054,,,,,,,,,,0,0,1
720575940546248720,,,,,,,,,,0,0,1
720575940546244112,,,,,,,,,,0,0,1
720575940543289794,,,,,,,,,,0,0,1
720575940544390809,,,,,,,,,,0,0,1
720575940543294402,,,,,,,,,,0,0,1
720575940543300290,,,,,,,,,,0,0,1
720575940543303618,,,,,,,,,,0,0,1
720575940543312322,,,,,,,,,,0,0,1
720575940544356249,,,,,,,,,,0,0,1
720575940544374169,,,,,,,,,,0,0,1
720575940544375705,,,,,,,,,,0,0,1
720575940544379033,,,,,,,,,,0,0,1
720575940544382105,,,,,,,,,,0,0,1
720575940544388761,,,,,,,,,,0,0,1
720575940544392345,,,,,,,,,,0,0,1
720575940546241296,,,,,,,,,,0,0,1
720575940544393881,,,,,,,,,,0,0,1
720575940544397209,,,,,,,,,,0,0,1
720575940544399257,,,,,,,,,,0,0,1
720575940544401305,,,,,,,,,,0,0,1
720575940545827773,,,,,,,,,,0,0,1
720575940545881409,,,,,,,,,,0,0,1
720575940545885505,,,,,,,,,,0,0,1
720575940545939028,,,,,,,,,,0,0,1
720575940545975636,,,,,,,,,,0,0,1
720575940546240784,,,,,,,,,,0,0,1
720575940421900056,,,,,,,,,,0,0,1
