root_id,nt_type,flow,super_class,class,sub_class,cell_type,hemilineage,nerve,side,input_synapses,output_synapses,Syn
720575940607155890,,,,,,,,,,9471,19927,106
720575940653480438,,,,,,,,,,0,0,105
720575940620317564,,,,,,,,,,917,0,75
720575940620464321,,,,,,,,,,12954,0,65
720575940626654041,,,,,,,,,,0,0,64
720575940621766938,,,,,,,,,,0,0,53
720575940637098352,,,,,,,,,,0,0,47
720575940611344078,,,,,,,,,,3510,21310,45
720575940644849431,,,,,,,,,,0,0,29
720575940622719770,,,,,,,,,,0,0,28
720575940649591673,,,,,,,,,,0,0,27
720575940629981440,,,,,,,,,,0,0,26
720575940636489140,,,,,,,,,,0,0,21
720575940617691170,,,,,,,,,,14206,0,21
720575940618249797,,,,,,,,,,5837,0,20
720575940619637056,,,,,,,,,,3604,0,20
720575940629592143,,,,,,,,,,0,0,20
720575940627653502,,,,,,,,,,0,0,20
720575940623817223,,,,,,,,,,0,0,20
720575940636343147,,,,,,,,,,0,0,20
720575940617071372,,,,,,,,,,3369,0,18
720575940619814997,,,,,,,,,,1393,0,18
720575940618295376,,,,,,,,,,1066,0,18
720575940629112579,,,,,,,,,,0,0,17
720575940620715224,,,,,,,,,,3671,0,17
720575940614428319,,,,,,,,,,3671,5037,17
720575940629428695,,,,,,,,,,0,0,17
720575940629760567,,,,,,,,,,0,0,17
720575940631449411,,,,,,,,,,0,0,16
720575940623120222,,,,,,,,,,0,0,16
720575940617532089,,,,,,,,,,4022,0,16
720575940625886666,,,,,,,,,,0,0,15
720575940611738035,,,,,,,,,,4231,17557,15
720575940620903518,,,,,,,,,,1043,0,15
720575940628137222,,,,,,,,,,0,0,14
720575940612488142,,,,,,,,,,4290,9927,13
720575940625990500,,,,,,,,,,0,0,13
720575940606198473,,,,,,,,,,819,3167,13
720575940610051733,,,,,,,,,,958,2815,12
720575940633117580,,,,,,,,,,0,0,12
720575940610181496,,,,,,,,,,450,444,11
720575940629897260,,,,,,,,,,0,0,10
720575940643863496,,,,,,,,,,0,0,10
720575940614506663,,,,,,,,,,3883,17377,10
720575940612953714,,,,,,,,,,1619,2135,9
720575940629332730,,,,,,,,,,0,0,9
720575940615833055,,,,,,,,,,4088,0,9
720575940625680784,,,,,,,,,,0,0,9
720575940621569006,,,,,,,,,,0,0,8
720575940633145903,,,,,,,,,,0,0,8
720575940620959081,,,,,,,,,,12,0,8
720575940614677810,,,,,,,,,,535,495,8
720575940633541857,,,,,,,,,,0,0,8
720575940633338449,,,,,,,,,,0,0,8
720575940615750562,,,,,,,,,,2165,0,8
720575940624169255,,,,,,,,,,0,0,7
720575940605932523,,,,,,,,,,7,0,7
720575940630202267,,,,,,,,,,0,0,7
720575940625663269,,,,,,,,,,0,0,7
720575940625369096,,,,,,,,,,0,0,7
720575940638886307,,,,,,,,,,0,0,7
720575940621312773,,,,,,,,,,1912,0,7
720575940634057884,,,,,,,,,,0,0,7
720575940628093309,,,,,,,,,,0,0,7
720575940643309197,,,,,,,,,,0,0,7
720575940612574253,,,,,,,,,,33,25,7
720575940621527145,,,,,,,,,,0,0,6
720575940617955099,,,,,,,,,,4438,0,6
720575940515855739,,,,,,,,,,6,0,6
720575940614587615,,,,,,,,,,1387,6135,6
720575940635022703,,,,,,,,,,0,0,6
720575940615921803,,,,,,,,,,766,0,6
720575940645829764,,,,,,,,,,0,0,6
720575940620830057,,,,,,,,,,10,0,6
720575940624176107,,,,,,,,,,0,0,6
720575940643234760,,,,,,,,,,0,0,6
720575940607249365,,,,,,,,,,758,3270,6
720575940636134366,,,,,,,,,,0,0,6
720575940616117794,,,,,,,,,,164,0,6
720575940640770957,,,,,,,,,,0,0,6
720575940608663253,,,,,,,,,,704,3593,6
720575940625800852,,,,,,,,,,0,0,6
720575940625929971,,,,,,,,,,0,0,5
720575940627357969,,,,,,,,,,0,0,5
720575940623225848,,,,,,,,,,0,0,5
720575940626243810,,,,,,,,,,0,0,5
720575940575467715,,,,,,,,,,5,0,5
720575940612325147,,,,,,,,,,9,1,5
720575940621894993,,,,,,,,,,0,0,5
720575940634640023,,,,,,,,,,0,0,5
720575940626316606,,,,,,,,,,0,0,5
720575940636318350,,,,,,,,,,0,0,5
720575940623613149,,,,,,,,,,0,0,5
720575940622389640,,,,,,,,,,0,0,5
720575940635342236,,,,,,,,,,0,0,5
720575940625893507,,,,,,,,,,0,0,5
720575940612441025,,,,,,,,,,8,0,5
720575940631154396,,,,,,,,,,0,0,5
720575940626743495,,,,,,,,,,0,0,5
720575940617651829,,,,,,,,,,633,0,5
720575940642272456,,,,,,,,,,0,0,5
720575940642652104,,,,,,,,,,0,0,5
720575940620324079,,,,,,,,,,4115,0,5
720575940618775943,,,,,,,,,,475,0,5
720575940408424242,,,,,,,,,,5,0,5
720575940618685119,,,,,,,,,,14,0,5
720575940605772884,,,,,,,,,,20,1,5
720575940632518348,,,,,,,,,,0,0,5
720575940644639342,,,,,,,,,,0,0,5
720575940620716897,,,,,,,,,,1986,0,5
720575940618447514,,,,,,,,,,12,0,5
720575940619820368,,,,,,,,,,1268,0,5
720575940632862177,,,,,,,,,,0,0,5
720575940620823401,,,,,,,,,,6,0,5
720575940580770772,,,,,,,,,,13,0,4
720575940624687850,,,,,,,,,,0,0,4
720575940611981869,,,,,,,,,,50,38,4
720575940624452548,,,,,,,,,,0,0,4
720575940610319380,,,,,,,,,,7,0,4
720575940606762910,,,,,,,,,,4,0,4
720575940626435212,,,,,,,,,,0,0,4
720575940397379896,,,,,,,,,,4,0,4
720575940451992050,,,,,,,,,,4,0,4
720575940617724494,,,,,,,,,,4,0,4
720575940380349227,,,,,,,,,,4,0,4
720575940654607265,,,,,,,,,,0,0,4
720575940416963968,,,,,,,,,,5,0,4
720575940618008859,,,,,,,,,,7585,0,4
720575940612711958,,,,,,,,,,1013,3822,4
720575940595903380,,,,,,,,,,8,0,4
720575940615818757,,,,,,,,,,5,0,4
720575940633592776,,,,,,,,,,0,0,4
720575940625934094,,,,,,,,,,0,0,4
720575940610558072,,,,,,,,,,1458,2258,4
720575940585874663,,,,,,,,,,6,0,4
720575940542172001,,,,,,,,,,4,1,4
720575940627446090,,,,,,,,,,0,0,4
720575940626191635,,,,,,,,,,0,0,4
720575940626196732,,,,,,,,,,0,0,4
720575940627486485,,,,,,,,,,0,0,4
720575940396620128,,,,,,,,,,4,0,4
720575940385135396,,,,,,,,,,4,0,4
720575940603322422,,,,,,,,,,8,1,4
720575940612275298,,,,,,,,,,1323,3892,4
720575940644574243,,,,,,,,,,0,0,4
720575940627579276,,,,,,,,,,0,0,4
720575940627344012,,,,,,,,,,0,0,4
720575940607802012,,,,,,,,,,4,0,4
720575940625513360,,,,,,,,,,0,0,4
720575940554736585,,,,,,,,,,5,0,4
720575940618509865,,,,,,,,,,11,0,4
720575940607164180,,,,,,,,,,4,0,4
720575940625048250,,,,,,,,,,0,0,4
720575940614812319,,,,,,,,,,972,0,4
720575940612677142,,,,,,,,,,1851,2958,4
720575940609978866,,,,,,,,,,476,1285,4
720575940622095228,,,,,,,,,,0,0,4
720575940613364199,,,,,,,,,,16,0,4
720575940592917875,,,,,,,,,,5,0,4
720575940621980329,,,,,,,,,,0,0,4
720575940621164720,,,,,,,,,,17049,0,4
720575940601229838,,,,,,,,,,14,0,4
720575940586950257,,,,,,,,,,7,0,4
720575940628455942,,,,,,,,,,0,0,4
720575940628572815,,,,,,,,,,0,0,4
720575940628734376,,,,,,,,,,0,0,4
720575940615604062,,,,,,,,,,4,0,4
720575940582622393,,,,,,,,,,7,0,4
720575940490508984,,,,,,,,,,6,0,4
720575940607907849,,,,,,,,,,186,1033,4
720575940588859882,,,,,,,,,,5,0,4
720575940595726657,,,,,,,,,,7,0,4
720575940609077828,,,,,,,,,,1046,2266,4
720575940622236365,,,,,,,,,,0,0,4
720575940380025429,,,,,,,,,,9,0,4
720575940441366915,,,,,,,,,,6,0,4
720575940613104359,,,,,,,,,,5,0,4
720575940623229432,,,,,,,,,,0,0,4
720575940621011376,,,,,,,,,,788,0,4
720575940612984643,,,,,,,,,,4,0,4
720575940632793369,,,,,,,,,,0,0,4
720575940615799308,,,,,,,,,,4459,0,4
720575940404945591,,,,,,,,,,4,0,4
720575940638981053,,,,,,,,,,0,0,4
720575940621398292,,,,,,,,,,657,0,4
720575940615059240,,,,,,,,,,2417,0,4
720575940629440006,,,,,,,,,,0,0,4
720575940622539411,,,,,,,,,,0,0,4
720575940630024307,,,,,,,,,,0,0,3
720575940608168028,,,,,,,,,,440,351,3
720575940448388166,,,,,,,,,,3,0,3
720575940490396856,,,,,,,,,,3,0,3
720575940499016047,,,,,,,,,,6,0,3
720575940627144069,,,,,,,,,,0,0,3
720575940611402059,,,,,,,,,,6,0,3
720575940588700023,,,,,,,,,,4,0,3
720575940588123930,,,,,,,,,,5,5,3
720575940588125978,,,,,,,,,,4,0,3
720575940608458476,,,,,,,,,,7,1,3
720575940630530575,,,,,,,,,,0,0,3
720575940608140380,,,,,,,,,,4537,4290,3
720575940611287978,,,,,,,,,,523,1215,3
720575940607447491,,,,,,,,,,1386,3641,3
720575940626813324,,,,,,,,,,0,0,3
720575940610209378,,,,,,,,,,3251,4224,3
720575940490433464,,,,,,,,,,3,0,3
720575940629735394,,,,,,,,,,0,0,3
720575940607805596,,,,,,,,,,4,0,3
720575940588117274,,,,,,,,,,3,0,3
720575940608458220,,,,,,,,,,3,0,3
720575940628238023,,,,,,,,,,0,0,3
720575940629856515,,,,,,,,,,0,0,3
720575940607806364,,,,,,,,,,11,0,3
720575940607807388,,,,,,,,,,5,0,3
720575940607808156,,,,,,,,,,4,0,3
720575940609223404,,,,,,,,,,11,19,3
720575940607166484,,,,,,,,,,9,0,3
720575940610319892,,,,,,,,,,9,0,3
720575940610964946,,,,,,,,,,11749,12130,3
720575940441373059,,,,,,,,,,5,0,3
720575940588119578,,,,,,,,,,9,0,3
720575940586950001,,,,,,,,,,4,0,3
720575940586314283,,,,,,,,,,3,0,3
720575940496281531,,,,,,,,,,3,0,3
720575940556623711,,,,,,,,,,3,0,3
720575940490481848,,,,,,,,,,3,0,3
720575940658863489,,,,,,,,,,0,0,3
720575940586240188,,,,,,,,,,5,0,3
720575940422496045,,,,,,,,,,3,0,3
720575940416984448,,,,,,,,,,4,0,3
720575940581053991,,,,,,,,,,3,0,3
720575940581057575,,,,,,,,,,4,0,3
720575940620027515,,,,,,,,,,8609,0,3
720575940521088818,,,,,,,,,,4,0,3
720575940577637910,,,,,,,,,,5,0,3
720575940404950967,,,,,,,,,,3,0,3
720575940620428225,,,,,,,,,,910,0,3
720575940620538357,,,,,,,,,,6,0,3
720575940417812586,,,,,,,,,,3,0,3
720575940620584497,,,,,,,,,,611,0,3
720575940615603806,,,,,,,,,,3,0,3
720575940620599797,,,,,,,,,,4,0,3
720575940615314782,,,,,,,,,,4,0,3
720575940518096170,,,,,,,,,,3,0,3
720575940615166111,,,,,,,,,,7626,0,3
720575940615138448,,,,,,,,,,11,0,3
720575940515868539,,,,,,,,,,6,0,3
720575940620826729,,,,,,,,,,6,0,3
720575940416978048,,,,,,,,,,3,0,3
720575940416969856,,,,,,,,,,3,0,3
720575940543261890,,,,,,,,,,3,0,3
720575940617725262,,,,,,,,,,4,0,3
720575940617893454,,,,,,,,,,3,0,3
720575940617889358,,,,,,,,,,4,0,3
720575940617886030,,,,,,,,,,12,0,3
720575940410158281,,,,,,,,,,3,0,3
720575940579227488,,,,,,,,,,3,0,3
720575940410142153,,,,,,,,,,4,0,3
720575940618301651,,,,,,,,,,8,0,3
720575940578278603,,,,,,,,,,5,1,3
720575940618387354,,,,,,,,,,15,0,3
720575940580756692,,,,,,,,,,5,0,3
720575940617720142,,,,,,,,,,3,0,3
720575940618428570,,,,,,,,,,3,0,3
720575940542176865,,,,,,,,,,3,0,3
720575940618442650,,,,,,,,,,4,0,3
720575940617387732,,,,,,,,,,2337,0,3
720575940616972622,,,,,,,,,,17,0,3
720575940618521385,,,,,,,,,,22,0,3
720575940616947461,,,,,,,,,,4,0,3
720575940620919905,,,,,,,,,,1648,0,3
720575940621111687,,,,,,,,,,627,0,3
720575940626620568,,,,,,,,,,0,0,3
720575940621242589,,,,,,,,,,99,0,3
720575940572455272,,,,,,,,,,3,0,3
720575940612543021,,,,,,,,,,3,0,3
720575940624206121,,,,,,,,,,0,0,3
720575940612422696,,,,,,,,,,1049,6311,3
720575940624992007,,,,,,,,,,0,0,3
720575940508808589,,,,,,,,,,3,0,3
720575940508806797,,,,,,,,,,4,0,3
720575940586001639,,,,,,,,,,4,0,3
720575940625703824,,,,,,,,,,0,0,3
720575940625731980,,,,,,,,,,0,0,3
720575940554761417,,,,,,,,,,3,0,3
720575940625804819,,,,,,,,,,0,0,3
720575940586185003,,,,,,,,,,3,0,3
720575940554790345,,,,,,,,,,4,0,3
720575940611989441,,,,,,,,,,15,0,3
720575940611958442,,,,,,,,,,620,3971,3
720575940611846520,,,,,,,,,,1593,5787,3
720575940569784992,,,,,,,,,,4,0,3
720575940611812050,,,,,,,,,,1962,9748,3
720575940572456040,,,,,,,,,,5,0,3
720575940585866471,,,,,,,,,,3,1,3
720575940509506861,,,,,,,,,,3,0,3
720575940621895249,,,,,,,,,,0,0,3
720575940614074087,,,,,,,,,,9,7,3
720575940514863490,,,,,,,,,,3,0,3
720575940614005223,,,,,,,,,,3,0,3
720575940613795247,,,,,,,,,,17,1,3
720575940514311998,,,,,,,,,,3,0,3
720575940613678263,,,,,,,,,,12,0,3
720575940575895656,,,,,,,,,,3,0,3
720575940621811182,,,,,,,,,,0,0,3
720575940621901393,,,,,,,,,,0,0,3
720575940612983875,,,,,,,,,,3,0,3
720575940613367015,,,,,,,,,,6,0,3
720575940575790899,,,,,,,,,,3,0,3
720575940613211918,,,,,,,,,,4,0,3
720575940575740121,,,,,,,,,,5,0,3
720575940575697625,,,,,,,,,,4,0,3
720575940622910989,,,,,,,,,,0,0,3
720575940583693236,,,,,,,,,,3,0,3
720575940612985923,,,,,,,,,,3,0,3
720575940612933620,,,,,,,,,,5,0,3
720575940410497335,,,,,,,,,,3,0,3
720575940600659832,,,,,,,,,,8,1,3
720575940637824291,,,,,,,,,,0,0,3
720575940588954858,,,,,,,,,,7,0,3
720575940635478836,,,,,,,,,,0,0,3
720575940379971963,,,,,,,,,,7,0,3
720575940603319862,,,,,,,,,,7,0,3
720575940600430768,,,,,,,,,,6,0,3
720575940379961941,,,,,,,,,,4,0,3
720575940381002570,,,,,,,,,,5,0,3
720575940642592416,,,,,,,,,,0,0,3
720575940382397438,,,,,,,,,,3,0,3
720575940593473309,,,,,,,,,,3,0,3
720575940451776578,,,,,,,,,,3,0,3
720575940592845331,,,,,,,,,,3,0,3
720575940591590579,,,,,,,,,,3,1,3
720575940596307622,,,,,,,,,,9,0,3
720575940633108864,,,,,,,,,,0,0,3
720575940633107328,,,,,,,,,,0,0,3
720575940561881387,,,,,,,,,,3,0,3
720575940633057762,,,,,,,,,,0,0,3
720575940480175548,,,,,,,,,,3,0,3
720575940602941648,,,,,,,,,,3,0,3
720575940601273285,,,,,,,,,,3,0,3
720575940379918715,,,,,,,,,,6,0,3
720575940450287325,,,,,,,,,,3,0,3
720575940600432304,,,,,,,,,,7,0,3
720575940591095268,,,,,,,,,,3,1,3
720575940634893419,,,,,,,,,,0,0,3
720575940594798919,,,,,,,,,,3,0,3
720575940381196046,,,,,,,,,,3,0,3
720575940634139799,,,,,,,,,,0,0,3
720575940600750105,,,,,,,,,,3,0,3
720575940590398226,,,,,,,,,,4,1,3
720575940600969148,,,,,,,,,,7,0,3
720575940590277288,,,,,,,,,,3,0,3
720575940600974524,,,,,,,,,,6,0,3
720575940604491546,,,,,,,,,,3,0,3
720575940600510328,,,,,,,,,,5,1,3
720575940594571839,,,,,,,,,,3,0,3
720575940454535280,,,,,,,,,,3,0,3
720575940594402386,,,,,,,,,,8,0,3
720575940589905619,,,,,,,,,,3,0,3
720575940633604296,,,,,,,,,,0,0,3
720575940604861356,,,,,,,,,,317,234,3
720575940603542355,,,,,,,,,,4,0,3
720575940601202629,,,,,,,,,,4,0,3
720575940600443568,,,,,,,,,,4,0,3
720575940603541587,,,,,,,,,,3,0,3
720575940605327956,,,,,,,,,,3,0,3
720575940635640312,,,,,,,,,,0,0,3
720575940564584058,,,,,,,,,,3,0,3
720575940636111907,,,,,,,,,,0,0,3
720575940601434791,,,,,,,,,,19,8,3
720575940448767671,,,,,,,,,,5,0,3
720575940636100899,,,,,,,,,,0,0,3
720575940647945012,,,,,,,,,,0,0,3
720575940648680580,,,,,,,,,,0,0,3
720575940631745367,,,,,,,,,,0,0,3
720575940448760247,,,,,,,,,,3,0,3
720575940636110627,,,,,,,,,,0,0,3
720575940588739959,,,,,,,,,,6,0,3
720575940592546538,,,,,,,,,,3,0,3
720575940632079943,,,,,,,,,,0,0,3
720575940380264276,,,,,,,,,,4,0,3
720575940452948797,,,,,,,,,,5,0,3
720575940601458934,,,,,,,,,,4,0,3
720575940379795528,,,,,,,,,,3,0,3
720575940479053814,,,,,,,,,,5,0,3
720575940601464566,,,,,,,,,,5,0,3
720575940601465846,,,,,,,,,,3,0,3
720575940588708215,,,,,,,,,,4,0,3
720575940451978738,,,,,,,,,,4,0,3
720575940637934308,,,,,,,,,,0,0,3
720575940598624113,,,,,,,,,,9,0,3
720575940632362258,,,,,,,,,,0,0,3
720575940632139603,,,,,,,,,,0,0,3
720575940613292993,,,,,,,,,,3,6,2
720575940430521807,,,,,,,,,,2,0,2
720575940614064108,,,,,,,,,,6,0,2
720575940601000339,,,,,,,,,,2,0,2
720575940453978938,,,,,,,,,,2,0,2
720575940581866507,,,,,,,,,,5,0,2
720575940581867275,,,,,,,,,,5,0,2
720575940422566677,,,,,,,,,,2,0,2
720575940583867005,,,,,,,,,,3,0,2
720575940476618513,,,,,,,,,,2,0,2
720575940423030541,,,,,,,,,,3,0,2
720575940612992579,,,,,,,,,,2,0,2
720575940613019176,,,,,,,,,,105,28,2
720575940428813136,,,,,,,,,,2,0,2
720575940601193410,,,,,,,,,,6,0,2
720575940613911014,,,,,,,,,,3,0,2
720575940514332222,,,,,,,,,,2,0,2
720575940593698074,,,,,,,,,,3,0,2
720575940601197509,,,,,,,,,,6,0,2
720575940601199813,,,,,,,,,,2,0,2
720575940478519257,,,,,,,,,,2,0,2
720575940601200837,,,,,,,,,,2,0,2
720575940422543149,,,,,,,,,,2,0,2
720575940453986618,,,,,,,,,,3,0,2
720575940430509263,,,,,,,,,,3,0,2
720575940582884842,,,,,,,,,,3,0,2
720575940454040634,,,,,,,,,,2,1,2
720575940454035258,,,,,,,,,,2,0,2
720575940583873460,,,,,,,,,,2,0,2
720575940592789110,,,,,,,,,,3,0,2
720575940428819280,,,,,,,,,,2,0,2
720575940476493915,,,,,,,,,,4,0,2
720575940614619282,,,,,,,,,,4014,9679,2
720575940476521819,,,,,,,,,,3,0,2
720575940600965308,,,,,,,,,,5,0,2
720575940454019130,,,,,,,,,,2,0,2
720575940428818000,,,,,,,,,,4,0,2
720575940511957992,,,,,,,,,,2,0,2
720575940612985667,,,,,,,,,,2,0,2
720575940454009914,,,,,,,,,,2,0,2
720575940581830280,,,,,,,,,,2,0,2
720575940476565339,,,,,,,,,,3,0,2
720575940430849263,,,,,,,,,,2,0,2
720575940613143613,,,,,,,,,,3,0,2
720575940422517549,,,,,,,,,,2,0,2
720575940453989690,,,,,,,,,,2,0,2
720575940601459190,,,,,,,,,,3,0,2
720575940581838472,,,,,,,,,,2,0,2
720575940601202117,,,,,,,,,,3,0,2
720575940428828240,,,,,,,,,,2,0,2
720575940613073895,,,,,,,,,,30,7,2
720575940613509559,,,,,,,,,,6,0,2
720575940613437111,,,,,,,,,,15,1,2
720575940613107431,,,,,,,,,,2,0,2
720575940613107943,,,,,,,,,,5,0,2
720575940514272318,,,,,,,,,,2,0,2
720575940593480697,,,,,,,,,,2,0,2
720575940613411521,,,,,,,,,,11,0,2
720575940582856981,,,,,,,,,,3,0,2
720575940601306535,,,,,,,,,,3,0,2
720575940614705810,,,,,,,,,,1842,6560,2
720575940428107374,,,,,,,,,,2,0,2
720575940478604550,,,,,,,,,,4,0,2
720575940601230789,,,,,,,,,,13,0,2
720575940428831824,,,,,,,,,,2,0,2
720575940613361127,,,,,,,,,,74,17,2
720575940478599174,,,,,,,,,,2,0,2
720575940613212430,,,,,,,,,,2,0,2
720575940613355239,,,,,,,,,,4,0,2
720575940613212686,,,,,,,,,,3,0,2
720575940428836176,,,,,,,,,,2,0,2
720575940613227495,,,,,,,,,,3,0,2
720575940582903274,,,,,,,,,,2,0,2
720575940426161654,,,,,,,,,,3,0,2
720575940426158582,,,,,,,,,,4,0,2
720575940582876138,,,,,,,,,,3,0,2
720575940478608390,,,,,,,,,,3,0,2
720575940512007144,,,,,,,,,,2,1,2
720575940430488783,,,,,,,,,,4,0,2
720575940613584823,,,,,,,,,,2,0,2
720575940583561964,,,,,,,,,,2,0,2
720575940426127350,,,,,,,,,,3,0,2
720575940613583001,,,,,,,,,,87037,135859,2
720575940613581495,,,,,,,,,,2,0,2
720575940601203397,,,,,,,,,,2,0,2
720575940452958013,,,,,,,,,,2,0,2
720575940601276357,,,,,,,,,,3,0,2
720575940601203909,,,,,,,,,,2,0,2
720575940582710037,,,,,,,,,,3,0,2
720575940613562039,,,,,,,,,,6,0,2
720575940613552425,,,,,,,,,,13,0,2
720575940613104103,,,,,,,,,,2,0,2
720575940613202151,,,,,,,,,,7,0,2
720575940582716693,,,,,,,,,,2,0,2
720575940428804432,,,,,,,,,,3,0,2
720575940613522026,,,,,,,,,,2381,6942,2
720575940613106407,,,,,,,,,,2,0,2
720575940428801104,,,,,,,,,,2,0,2
720575940428825936,,,,,,,,,,2,0,2
720575940448432454,,,,,,,,,,2,1,2
720575940594792007,,,,,,,,,,3,0,2
720575940528419277,,,,,,,,,,2,1,2
720575940616886301,,,,,,,,,,909,0,2
720575940616946845,,,,,,,,,,19,0,2
720575940599203441,,,,,,,,,,3,0,2
720575940599202417,,,,,,,,,,4,0,2
720575940599201905,,,,,,,,,,3,0,2
720575940599148808,,,,,,,,,,4,0,2
720575940599148552,,,,,,,,,,2,0,2
720575940596003732,,,,,,,,,,2,0,2
720575940470383820,,,,,,,,,,2,0,2
720575940460277714,,,,,,,,,,2,0,2
720575940536743217,,,,,,,,,,3,0,2
720575940599102577,,,,,,,,,,18,2,2
720575940598634097,,,,,,,,,,3,0,2
720575940597798189,,,,,,,,,,2,0,2
720575940416018461,,,,,,,,,,2,0,2
720575940528398285,,,,,,,,,,2,0,2
720575940528394445,,,,,,,,,,3,0,2
720575940579696991,,,,,,,,,,2,0,2
720575940416029213,,,,,,,,,,2,0,2
720575940416036893,,,,,,,,,,2,0,2
720575940416049181,,,,,,,,,,2,0,2
720575940616596822,,,,,,,,,,389,0,2
720575940416097938,,,,,,,,,,2,0,2
720575940579993121,,,,,,,,,,2,0,2
720575940580736468,,,,,,,,,,3,0,2
720575940616511654,,,,,,,,,,5,0,2
720575940416110226,,,,,,,,,,2,1,2
720575940596325030,,,,,,,,,,6,0,2
720575940616266068,,,,,,,,,,270,0,2
720575940616143925,,,,,,,,,,20,0,2
720575940596102310,,,,,,,,,,2,0,2
720575940536755505,,,,,,,,,,2,0,2
720575940596874392,,,,,,,,,,2,0,2
720575940579326714,,,,,,,,,,2,0,2
720575940597267945,,,,,,,,,,2,0,2
720575940597260521,,,,,,,,,,2,0,2
720575940617904462,,,,,,,,,,2,0,2
720575940410998301,,,,,,,,,,2,0,2
720575940539730130,,,,,,,,,,2,0,2
720575940617897294,,,,,,,,,,2,0,2
720575940617895502,,,,,,,,,,2,0,2
720575940597222121,,,,,,,,,,4,0,2
720575940597263593,,,,,,,,,,2,0,2
720575940466269592,,,,,,,,,,2,0,2
720575940597266409,,,,,,,,,,2,0,2
720575940466256308,,,,,,,,,,2,0,2
720575940466256280,,,,,,,,,,2,0,2
720575940539176640,,,,,,,,,,2,0,2
720575940617882446,,,,,,,,,,3,0,2
720575940469041545,,,,,,,,,,7,0,2
720575940617719118,,,,,,,,,,6,0,2
720575940597445426,,,,,,,,,,6,0,2
720575940579286266,,,,,,,,,,4,0,2
720575940597077307,,,,,,,,,,3,0,2
720575940413653904,,,,,,,,,,2,0,2
720575940413659024,,,,,,,,,,2,0,2
720575940538030195,,,,,,,,,,3,0,2
720575940617726542,,,,,,,,,,2,0,2
720575940617726030,,,,,,,,,,2,0,2
720575940469059209,,,,,,,,,,2,0,2
720575940469065865,,,,,,,,,,2,0,2
720575940597611069,,,,,,,,,,2,0,2
720575940617723982,,,,,,,,,,2,0,2
720575940617722702,,,,,,,,,,2,0,2
720575940579318010,,,,,,,,,,2,0,2
720575940596008340,,,,,,,,,,11,0,2
720575940580769748,,,,,,,,,,5,1,2
720575940600927608,,,,,,,,,,2,0,2
720575940595752181,,,,,,,,,,6,0,2
720575940581242115,,,,,,,,,,2,0,2
720575940581241091,,,,,,,,,,2,0,2
720575940595750133,,,,,,,,,,5,0,2
720575940454142396,,,,,,,,,,2,0,2
720575940454144700,,,,,,,,,,2,0,2
720575940600463536,,,,,,,,,,2,0,2
720575940615606878,,,,,,,,,,5,0,2
720575940596002964,,,,,,,,,,3,0,2
720575940595858108,,,,,,,,,,4,0,2
720575940581215721,,,,,,,,,,7,0,2
720575940454541936,,,,,,,,,,2,0,2
720575940600455600,,,,,,,,,,3,0,2
720575940615724638,,,,,,,,,,2,0,2
720575940581181161,,,,,,,,,,3,0,2
720575940615447764,,,,,,,,,,305,0,2
720575940454137532,,,,,,,,,,2,0,2
720575940518121514,,,,,,,,,,2,0,2
720575940600548377,,,,,,,,,,2,0,2
720575940419166744,,,,,,,,,,2,0,2
720575940430867439,,,,,,,,,,2,0,2
720575940517879594,,,,,,,,,,11,0,2
720575940581410166,,,,,,,,,,3,0,2
720575940420559343,,,,,,,,,,3,0,2
720575940581450485,,,,,,,,,,6,0,2
720575940516947844,,,,,,,,,,2,0,2
720575940595293859,,,,,,,,,,2,0,2
720575940454072634,,,,,,,,,,2,0,2
720575940614952415,,,,,,,,,,2721,0,2
720575940595159012,,,,,,,,,,5,0,2
720575940600858556,,,,,,,,,,4,0,2
720575940454059322,,,,,,,,,,2,0,2
720575940475390393,,,,,,,,,,2,0,2
720575940595860156,,,,,,,,,,2,0,2
720575940615754334,,,,,,,,,,3,0,2
720575940615812869,,,,,,,,,,2,0,2
720575940599568684,,,,,,,,,,4,0,2
720575940600293342,,,,,,,,,,8,0,2
720575940600300510,,,,,,,,,,4,0,2
720575940595990932,,,,,,,,,,2,0,2
720575940580838100,,,,,,,,,,2,0,2
720575940416970112,,,,,,,,,,3,0,2
720575940416973952,,,,,,,,,,2,0,2
720575940595987860,,,,,,,,,,6,0,2
720575940580853160,,,,,,,,,,2,0,2
720575940600424112,,,,,,,,,,5,0,2
720575940457911226,,,,,,,,,,5,0,2
720575940580873022,,,,,,,,,,2,0,2
720575940416995456,,,,,,,,,,2,0,2
720575940615813893,,,,,,,,,,2,0,2
720575940581050919,,,,,,,,,,2,0,2
720575940615766110,,,,,,,,,,4,0,2
720575940600431792,,,,,,,,,,5,0,2
720575940581055783,,,,,,,,,,2,0,2
720575940581056039,,,,,,,,,,3,0,2
720575940474877741,,,,,,,,,,3,0,2
720575940457892026,,,,,,,,,,4,0,2
720575940417023360,,,,,,,,,,4,0,2
720575940600436912,,,,,,,,,,2,0,2
720575940600437168,,,,,,,,,,4,0,2
720575940417026176,,,,,,,,,,2,0,2
720575940417031296,,,,,,,,,,2,0,2
720575940417032320,,,,,,,,,,2,0,2
720575940600444336,,,,,,,,,,3,1,2
720575940581129961,,,,,,,,,,8,0,2
720575940417036672,,,,,,,,,,3,0,2
720575940592778870,,,,,,,,,,2,0,2
720575940612573485,,,,,,,,,,4,0,2
720575940430873327,,,,,,,,,,2,0,2
720575940605428564,,,,,,,,,,3,0,2
720575940441367939,,,,,,,,,,2,0,2
720575940610022164,,,,,,,,,,4,0,2
720575940448877249,,,,,,,,,,2,0,2
720575940496160908,,,,,,,,,,2,0,2
720575940588956906,,,,,,,,,,3,0,2
720575940605427937,,,,,,,,,,6,0,2
720575940609554674,,,,,,,,,,7,0,2
720575940448867521,,,,,,,,,,2,0,2
720575940609504681,,,,,,,,,,2,0,2
720575940609504169,,,,,,,,,,2,0,2
720575940586956145,,,,,,,,,,3,0,2
720575940586956657,,,,,,,,,,3,0,2
720575940609492393,,,,,,,,,,2,0,2
720575940441845846,,,,,,,,,,2,0,2
720575940609230313,,,,,,,,,,4,0,2
720575940441367427,,,,,,,,,,2,0,2
720575940609230057,,,,,,,,,,2,0,2
720575940609229801,,,,,,,,,,2,0,2
720575940441854038,,,,,,,,,,2,0,2
720575940609228521,,,,,,,,,,3,0,2
720575940587127547,,,,,,,,,,3,0,2
720575940489369995,,,,,,,,,,2,0,2
720575940609131497,,,,,,,,,,3,0,2
720575940448859841,,,,,,,,,,2,0,2
720575940496085644,,,,,,,,,,3,0,2
720575940448854977,,,,,,,,,,2,0,2
720575940587133435,,,,,,,,,,4,0,2
720575940605429985,,,,,,,,,,6,0,2
720575940587139067,,,,,,,,,,2,0,2
720575940587140603,,,,,,,,,,2,0,2
720575940588957418,,,,,,,,,,2,0,2
720575940448883905,,,,,,,,,,3,0,2
720575940587144187,,,,,,,,,,7,0,2
720575940578872352,,,,,,,,,,9,0,2
720575940611239324,,,,,,,,,,5,0,2
720575940604493082,,,,,,,,,,3,0,2
720575940611206443,,,,,,,,,,2,0,2
720575940496287931,,,,,,,,,,2,0,2
720575940489299851,,,,,,,,,,2,0,2
720575940604496878,,,,,,,,,,3,0,2
720575940611201067,,,,,,,,,,2,0,2
720575940586314027,,,,,,,,,,8,0,2
720575940604496922,,,,,,,,,,4,0,2
720575940448925889,,,,,,,,,,3,0,2
720575940611121995,,,,,,,,,,3,0,2
720575940611119179,,,,,,,,,,2,0,2
720575940611109451,,,,,,,,,,4,0,2
720575940586842224,,,,,,,,,,4,0,2
720575940610583932,,,,,,,,,,23,41,2
720575940589735182,,,,,,,,,,4,0,2
720575940589905107,,,,,,,,,,2,0,2
720575940496186811,,,,,,,,,,2,0,2
720575940610349763,,,,,,,,,,235,28,2
720575940440200942,,,,,,,,,,3,0,2
720575940610322196,,,,,,,,,,2,0,2
720575940610321684,,,,,,,,,,2,0,2
720575940605142559,,,,,,,,,,2,0,2
720575940610284467,,,,,,,,,,87,53,2
720575940489333643,,,,,,,,,,2,0,2
720575940489339275,,,,,,,,,,2,0,2
720575940605326932,,,,,,,,,,3,0,2
720575940610125332,,,,,,,,,,3,0,2
720575940448894657,,,,,,,,,,2,0,2
720575940610124308,,,,,,,,,,4,0,2
720575940442080531,,,,,,,,,,4,0,2
720575940588866794,,,,,,,,,,6,0,2
720575940604492314,,,,,,,,,,6,0,2
720575940606010242,,,,,,,,,,976,1859,2
720575940605820756,,,,,,,,,,4,0,2
720575940607156756,,,,,,,,,,2,0,2
720575940588120090,,,,,,,,,,2,0,2
720575940588739991,,,,,,,,,,2,0,2
720575940607151124,,,,,,,,,,6,0,2
720575940588120602,,,,,,,,,,2,0,2
720575940448456774,,,,,,,,,,2,0,2
720575940448249196,,,,,,,,,,6,0,2
720575940448254828,,,,,,,,,,6,0,2
720575940606934036,,,,,,,,,,3,0,2
720575940606932244,,,,,,,,,,3,0,2
720575940606931732,,,,,,,,,,8,0,2
720575940606921374,,,,,,,,,,7,155,2
720575940588736663,,,,,,,,,,6,0,2
720575940606074196,,,,,,,,,,5,1,2
720575940447373145,,,,,,,,,,4,0,2
720575940606795038,,,,,,,,,,3,0,2
720575940489641450,,,,,,,,,,7,0,2
720575940588699511,,,,,,,,,,2,0,2
720575940448448326,,,,,,,,,,2,0,2
720575940490300600,,,,,,,,,,4,0,2
720575940606445396,,,,,,,,,,2,0,2
720575940606433410,,,,,,,,,,1696,7063,2
720575940606116948,,,,,,,,,,2,2,2
720575940588702071,,,,,,,,,,3,0,2
720575940588708727,,,,,,,,,,2,0,2
720575940606403156,,,,,,,,,,4,0,2
720575940448396614,,,,,,,,,,2,0,2
720575940588704631,,,,,,,,,,3,0,2
720575940606145108,,,,,,,,,,2,0,2
720575940605814868,,,,,,,,,,2,0,2
720575940607166740,,,,,,,,,,3,0,2
720575940448841409,,,,,,,,,,2,0,2
720575940489605098,,,,,,,,,,3,0,2
720575940490514872,,,,,,,,,,2,0,2
720575940608343276,,,,,,,,,,2,0,2
720575940588866538,,,,,,,,,,4,0,2
720575940443530886,,,,,,,,,,3,0,2
720575940448837745,,,,,,,,,,4,0,2
720575940588861162,,,,,,,,,,4,0,2
720575940605590910,,,,,,,,,,2,0,2
720575940490503352,,,,,,,,,,2,0,2
720575940490496440,,,,,,,,,,3,0,2
720575940588838890,,,,,,,,,,3,0,2
720575940607810460,,,,,,,,,,2,0,2
720575940605606228,,,,,,,,,,11,1,2
720575940607808668,,,,,,,,,,4,0,2
720575940607808412,,,,,,,,,,2,0,2
720575940588067610,,,,,,,,,,2,0,2
720575940490419640,,,,,,,,,,2,0,2
720575940448798321,,,,,,,,,,2,0,2
720575940489606634,,,,,,,,,,2,0,2
720575940607805852,,,,,,,,,,12,8,2
720575940605613396,,,,,,,,,,3,0,2
720575940490462136,,,,,,,,,,3,0,2
720575940448791223,,,,,,,,,,2,0,2
720575940607804060,,,,,,,,,,2,0,2
720575940607802268,,,,,,,,,,2,0,2
720575940448790455,,,,,,,,,,4,0,2
720575940588112410,,,,,,,,,,8,0,2
720575940588744823,,,,,,,,,,2,0,2
720575940605700180,,,,,,,,,,2,0,2
720575940588743031,,,,,,,,,,2,0,2
720575940588119066,,,,,,,,,,2,0,2
720575940437229947,,,,,,,,,,3,1,2
720575940496303547,,,,,,,,,,2,0,2
720575940583884724,,,,,,,,,,2,0,2
720575940603101238,,,,,,,,,,2,0,2
720575940592525085,,,,,,,,,,2,0,2
720575940433352385,,,,,,,,,,2,0,2
720575940592516381,,,,,,,,,,3,0,2
720575940585872103,,,,,,,,,,2,0,2
720575940612414781,,,,,,,,,,8,0,2
720575940612354115,,,,,,,,,,3,0,2
720575940451955442,,,,,,,,,,5,0,2
720575940433362113,,,,,,,,,,3,0,2
720575940612348187,,,,,,,,,,2,0,2
720575940508809357,,,,,,,,,,2,0,2
720575940433368001,,,,,,,,,,2,0,2
720575940433368257,,,,,,,,,,2,0,2
720575940603082038,,,,,,,,,,6,0,2
720575940591592371,,,,,,,,,,2,0,2
720575940612340797,,,,,,,,,,4,0,2
720575940612499005,,,,,,,,,,7,0,2
720575940585997031,,,,,,,,,,9,3,2
720575940612335427,,,,,,,,,,4,0,2
720575940433385665,,,,,,,,,,2,0,2
720575940591367565,,,,,,,,,,5,0,2
720575940612331837,,,,,,,,,,2,0,2
720575940612328475,,,,,,,,,,10,0,2
720575940433390785,,,,,,,,,,2,0,2
720575940586020502,,,,,,,,,,2,0,2
720575940612327451,,,,,,,,,,4,0,2
720575940603131982,,,,,,,,,,2,0,2
720575940591246227,,,,,,,,,,4,0,2
720575940603138382,,,,,,,,,,3,0,2
720575940433400769,,,,,,,,,,2,0,2
720575940603169846,,,,,,,,,,27,1,2
720575940451966962,,,,,,,,,,2,0,2
720575940508839309,,,,,,,,,,2,0,2
720575940603319350,,,,,,,,,,3,0,2
720575940509166388,,,,,,,,,,2,1,2
720575940584914919,,,,,,,,,,8,1,2
720575940584919527,,,,,,,,,,2,0,2
720575940612973379,,,,,,,,,,3,0,2
720575940585261625,,,,,,,,,,4,0,2
720575940585265977,,,,,,,,,,6,0,2
720575940585277497,,,,,,,,,,3,0,2
720575940592777334,,,,,,,,,,3,1,2
720575940452673444,,,,,,,,,,2,0,2
720575940452641700,,,,,,,,,,3,0,2
720575940509224756,,,,,,,,,,2,0,2
720575940479148022,,,,,,,,,,2,0,2
720575940509188660,,,,,,,,,,2,0,2
720575940452003314,,,,,,,,,,2,0,2
720575940432150353,,,,,,,,,,2,0,2
720575940592559389,,,,,,,,,,8,1,2
720575940432841003,,,,,,,,,,3,0,2
720575940451993074,,,,,,,,,,2,0,2
720575940606128212,,,,,,,,,,2,0,2
720575940432799787,,,,,,,,,,2,0,2
720575940451990258,,,,,,,,,,2,0,2
720575940432803371,,,,,,,,,,2,0,2
720575940432811563,,,,,,,,,,2,0,2
720575940601654695,,,,,,,,,,2,0,2
720575940432817963,,,,,,,,,,3,0,2
720575940451980274,,,,,,,,,,2,0,2
720575940612541741,,,,,,,,,,2,0,2
720575940612539437,,,,,,,,,,3,0,2
720575940508870029,,,,,,,,,,2,0,2
720575940432839979,,,,,,,,,,2,0,2
720575940601848487,,,,,,,,,,5,0,2
720575940612281842,,,,,,,,,,1037,5270,2
720575940591110628,,,,,,,,,,2,0,2
720575940586287659,,,,,,,,,,2,0,2
720575940489286539,,,,,,,,,,2,0,2
720575940611930481,,,,,,,,,,3958,6103,2
720575940611872924,,,,,,,,,,14,0,2
720575940487467688,,,,,,,,,,2,0,2
720575940590401298,,,,,,,,,,2,0,2
720575940603940862,,,,,,,,,,4,0,2
720575940435676964,,,,,,,,,,2,0,2
720575940489276555,,,,,,,,,,2,0,2
720575940611760971,,,,,,,,,,3,0,2
720575940604395246,,,,,,,,,,2,0,2
720575940611714379,,,,,,,,,,4,1,2
720575940435704100,,,,,,,,,,2,0,2
720575940449018682,,,,,,,,,,2,0,2
720575940449006650,,,,,,,,,,2,0,2
720575940611666844,,,,,,,,,,2,0,2
720575940499039855,,,,,,,,,,2,0,2
720575940611961163,,,,,,,,,,7,0,2
720575940499038575,,,,,,,,,,3,0,2
720575940499036015,,,,,,,,,,5,0,2
720575940435726884,,,,,,,,,,2,0,2
720575940499024751,,,,,,,,,,2,0,2
720575940448971969,,,,,,,,,,2,0,2
720575940611561238,,,,,,,,,,424,1931,2
720575940437076002,,,,,,,,,,3,0,2
720575940437123618,,,,,,,,,,2,0,2
720575940498622158,,,,,,,,,,2,0,2
720575940586286379,,,,,,,,,,5,0,2
720575940604461038,,,,,,,,,,3,0,2
720575940437136930,,,,,,,,,,2,0,2
720575940604483098,,,,,,,,,,3,0,2
720575940604490778,,,,,,,,,,2,0,2
720575940487451560,,,,,,,,,,2,0,2
720575940435638564,,,,,,,,,,3,0,2
720575940450290141,,,,,,,,,,2,0,2
720575940612049709,,,,,,,,,,2,0,2
720575940483938321,,,,,,,,,,2,0,2
720575940591104484,,,,,,,,,,2,0,2
720575940612243918,,,,,,,,,,903,2761,2
720575940591103460,,,,,,,,,,2,0,2
720575940612225985,,,,,,,,,,3,0,2
720575940612196850,,,,,,,,,,758,3217,2
720575940603536723,,,,,,,,,,4,0,2
720575940612170981,,,,,,,,,,2520,8486,2
720575940507409114,,,,,,,,,,3,0,2
720575940586190891,,,,,,,,,,2,0,2
720575940434886090,,,,,,,,,,3,0,2
720575940434887114,,,,,,,,,,2,0,2
720575940586191147,,,,,,,,,,17,0,2
720575940612056109,,,,,,,,,,5,0,2
720575940434917066,,,,,,,,,,2,0,2
720575940611961931,,,,,,,,,,4,0,2
720575940612035915,,,,,,,,,,2,0,2
720575940612034635,,,,,,,,,,2,0,2
720575940612032587,,,,,,,,,,2,0,2
720575940612025419,,,,,,,,,,2,0,2
720575940504320604,,,,,,,,,,2,0,2
720575940586197547,,,,,,,,,,2,0,2
720575940487434408,,,,,,,,,,2,0,2
720575940591090660,,,,,,,,,,2,0,2
720575940435237668,,,,,,,,,,2,0,2
720575940586199083,,,,,,,,,,4,0,2
720575940590839869,,,,,,,,,,2,0,2
720575940586200107,,,,,,,,,,2,0,2
720575940586200363,,,,,,,,,,4,0,2
720575940500262879,,,,,,,,,,3,0,2
720575940610649294,,,,,,,,,,1489,7001,2
720575940518147626,,,,,,,,,,2,0,2
720575940635540276,,,,,,,,,,0,0,2
720575940559226670,,,,,,,,,,2,0,2
720575940549762000,,,,,,,,,,2,0,2
720575940623464609,,,,,,,,,,0,0,2
720575940575227670,,,,,,,,,,3,0,2
720575940623440460,,,,,,,,,,0,0,2
720575940381188878,,,,,,,,,,2,0,2
720575940549759184,,,,,,,,,,2,0,2
720575940623230200,,,,,,,,,,0,0,2
720575940623226360,,,,,,,,,,0,0,2
720575940381154378,,,,,,,,,,2,0,2
720575940623224824,,,,,,,,,,0,0,2
720575940548977769,,,,,,,,,,2,0,2
720575940575297365,,,,,,,,,,3,0,2
720575940549766608,,,,,,,,,,2,0,2
720575940566360049,,,,,,,,,,4,0,2
720575940623182847,,,,,,,,,,0,0,2
720575940575299669,,,,,,,,,,3,0,2
720575940398239029,,,,,,,,,,6,0,2
720575940381065401,,,,,,,,,,2,0,2
720575940635063135,,,,,,,,,,0,0,2
720575940381063097,,,,,,,,,,2,0,2
720575940548581094,,,,,,,,,,2,0,2
720575940381016249,,,,,,,,,,3,0,2
720575940548577766,,,,,,,,,,4,0,2
720575940575693529,,,,,,,,,,3,0,2
720575940559210030,,,,,,,,,,2,0,2
720575940575182466,,,,,,,,,,6,0,2
720575940622858127,,,,,,,,,,0,0,2
720575940572455016,,,,,,,,,,2,0,2
720575940625031403,,,,,,,,,,0,0,2
720575940382349822,,,,,,,,,,2,0,2
720575940633447394,,,,,,,,,,0,0,2
720575940624817340,,,,,,,,,,0,0,2
720575940397359416,,,,,,,,,,2,0,2
720575940397359672,,,,,,,,,,2,0,2
720575940559153198,,,,,,,,,,3,0,2
720575940571879800,,,,,,,,,,4,0,2
720575940624294143,,,,,,,,,,0,0,2
720575940633605320,,,,,,,,,,0,0,2
720575940572454504,,,,,,,,,,2,0,2
720575940397371960,,,,,,,,,,2,0,2
720575940634224023,,,,,,,,,,0,0,2
720575940572457320,,,,,,,,,,2,0,2
720575940559175214,,,,,,,,,,5,0,2
720575940381220110,,,,,,,,,,2,0,2
720575940381217806,,,,,,,,,,2,0,2
720575940397393208,,,,,,,,,,2,0,2
720575940623780583,,,,,,,,,,0,0,2
720575940633626337,,,,,,,,,,0,0,2
720575940381215246,,,,,,,,,,2,0,2
720575940623650071,,,,,,,,,,0,0,2
720575940381207310,,,,,,,,,,2,0,2
720575940549769424,,,,,,,,,,2,0,2
720575940391186745,,,,,,,,,,2,0,2
720575940575697881,,,,,,,,,,3,0,2
720575940382359038,,,,,,,,,,3,0,2
720575940545885505,,,,,,,,,,2,0,2
720575940561272723,,,,,,,,,,4,0,2
720575940636525998,,,,,,,,,,0,0,2
720575940636833392,,,,,,,,,,0,0,2
720575940637070883,,,,,,,,,,0,0,2
720575940637071907,,,,,,,,,,0,0,2
720575940621350070,,,,,,,,,,582,0,2
720575940621349516,,,,,,,,,,14,0,2
720575940380258644,,,,,,,,,,3,1,2
720575940403622219,,,,,,,,,,2,0,2
720575940546229008,,,,,,,,,,2,0,2
720575940380252244,,,,,,,,,,3,0,2
720575940564590970,,,,,,,,,,2,0,2
720575940380295764,,,,,,,,,,2,2,2
720575940403675211,,,,,,,,,,2,0,2
720575940403677515,,,,,,,,,,2,3,2
720575940561880363,,,,,,,,,,3,1,2
720575940403697227,,,,,,,,,,2,0,2
720575940620821609,,,,,,,,,,6,0,2
720575940380205481,,,,,,,,,,3,0,2
720575940403717963,,,,,,,,,,3,0,2
720575940561898795,,,,,,,,,,2,0,2
720575940637826595,,,,,,,,,,0,0,2
720575940545833405,,,,,,,,,,4,0,2
720575940380165545,,,,,,,,,,2,0,2
720575940621522189,,,,,,,,,,0,0,2
720575940636308581,,,,,,,,,,0,0,2
720575940559764279,,,,,,,,,,3,0,2
720575940622016169,,,,,,,,,,0,0,2
720575940635559220,,,,,,,,,,0,0,2
720575940380979274,,,,,,,,,,3,0,2
720575940622547208,,,,,,,,,,0,0,2
720575940398770641,,,,,,,,,,2,0,2
720575940622203350,,,,,,,,,,0,0,2
720575940398807249,,,,,,,,,,2,0,2
720575940559773751,,,,,,,,,,2,0,2
720575940575790387,,,,,,,,,,2,0,2
720575940575790643,,,,,,,,,,2,0,2
720575940622093436,,,,,,,,,,0,0,2
720575940622075903,,,,,,,,,,0,0,2
720575940548524006,,,,,,,,,,2,0,2
720575940621603573,,,,,,,,,,0,0,2
720575940575791411,,,,,,,,,,4,0,2
720575940621903441,,,,,,,,,,0,0,2
720575940400252483,,,,,,,,,,6,0,2
720575940635688926,,,,,,,,,,0,0,2
720575940635838655,,,,,,,,,,0,0,2
720575940621899345,,,,,,,,,,0,0,2
720575940400731426,,,,,,,,,,2,0,2
720575940636111395,,,,,,,,,,0,0,2
720575940546519291,,,,,,,,,,4,0,2
720575940621765467,,,,,,,,,,0,0,2
720575940621684358,,,,,,,,,,0,0,2
720575940554127957,,,,,,,,,,2,0,2
720575940382361342,,,,,,,,,,2,0,2
720575940380156073,,,,,,,,,,2,0,2
720575940629925675,,,,,,,,,,0,0,2
720575940629818424,,,,,,,,,,0,0,2
720575940394098960,,,,,,,,,,2,0,2
720575940556688479,,,,,,,,,,2,0,2
720575940629924867,,,,,,,,,,0,0,2
720575940628137713,,,,,,,,,,0,0,2
720575940394109887,,,,,,,,,,2,0,2
720575940394112272,,,,,,,,,,3,0,2
720575940394113808,,,,,,,,,,4,0,2
720575940394114576,,,,,,,,,,2,0,2
720575940628057862,,,,,,,,,,0,0,2
720575940628021134,,,,,,,,,,0,0,2
720575940628017038,,,,,,,,,,0,0,2
720575940394076176,,,,,,,,,,2,0,2
720575940556693087,,,,,,,,,,2,0,2
720575940556527455,,,,,,,,,,2,0,2
720575940556701791,,,,,,,,,,2,0,2
720575940627779560,,,,,,,,,,0,0,2
720575940627777164,,,,,,,,,,0,0,2
720575940394126096,,,,,,,,,,2,0,2
720575940627748885,,,,,,,,,,0,0,2
720575940627619057,,,,,,,,,,0,0,2
720575940630051443,,,,,,,,,,0,0,2
720575940567500977,,,,,,,,,,2,0,2
720575940630055795,,,,,,,,,,0,0,2
720575940567049551,,,,,,,,,,2,0,2
720575940629790592,,,,,,,,,,0,0,2
720575940630058099,,,,,,,,,,0,0,2
720575940393989114,,,,,,,,,,2,0,2
720575940556638303,,,,,,,,,,3,0,2
720575940629354455,,,,,,,,,,0,0,2
720575940629261159,,,,,,,,,,0,0,2
720575940629202391,,,,,,,,,,0,0,2
720575940391168825,,,,,,,,,,2,0,2
720575940629596386,,,,,,,,,,0,0,2
720575940629166976,,,,,,,,,,0,0,2
720575940391149625,,,,,,,,,,2,0,2
720575940567039055,,,,,,,,,,3,0,2
720575940391143225,,,,,,,,,,2,0,2
720575940629139834,,,,,,,,,,0,0,2
720575940629095323,,,,,,,,,,0,0,2
720575940394072080,,,,,,,,,,2,0,2
720575940567014479,,,,,,,,,,2,0,2
720575940556592223,,,,,,,,,,2,0,2
720575940556669791,,,,,,,,,,2,0,2
720575940556576863,,,,,,,,,,2,0,2
720575940567012687,,,,,,,,,,5,0,2
720575940628724284,,,,,,,,,,0,0,2
720575940628717585,,,,,,,,,,0,0,2
720575940629750138,,,,,,,,,,0,0,2
720575940394058512,,,,,,,,,,2,0,2
720575940629769856,,,,,,,,,,0,0,2
720575940629789292,,,,,,,,,,0,0,2
720575940630057075,,,,,,,,,,0,0,2
720575940630076887,,,,,,,,,,0,0,2
720575940625480332,,,,,,,,,,0,0,2
720575940626230754,,,,,,,,,,0,0,2
720575940395705319,,,,,,,,,,2,0,2
720575940555109235,,,,,,,,,,2,0,2
720575940395710951,,,,,,,,,,3,0,2
720575940395711207,,,,,,,,,,2,0,2
720575940626245346,,,,,,,,,,0,0,2
720575940557372697,,,,,,,,,,2,0,2
720575940566609111,,,,,,,,,,2,0,2
720575940632492744,,,,,,,,,,0,0,2
720575940632646189,,,,,,,,,,0,0,2
720575940382433022,,,,,,,,,,3,0,2
720575940632656173,,,,,,,,,,0,0,2
720575940396201676,,,,,,,,,,2,0,2
720575940395689959,,,,,,,,,,2,0,2
720575940396212940,,,,,,,,,,2,0,2
720575940554787273,,,,,,,,,,2,0,2
720575940633109376,,,,,,,,,,0,0,2
720575940625899975,,,,,,,,,,0,0,2
720575940397307448,,,,,,,,,,3,0,2
720575940625777594,,,,,,,,,,0,0,2
720575940625601936,,,,,,,,,,0,0,2
720575940397319480,,,,,,,,,,2,0,2
720575940557519129,,,,,,,,,,2,0,2
720575940397335960,,,,,,,,,,2,0,2
720575940397336632,,,,,,,,,,2,0,2
720575940626248418,,,,,,,,,,0,0,2
720575940631844492,,,,,,,,,,0,0,2
720575940630261010,,,,,,,,,,0,0,2
720575940557283418,,,,,,,,,,2,0,2
720575940556713311,,,,,,,,,,4,0,2
720575940630361119,,,,,,,,,,0,0,2
720575940630397527,,,,,,,,,,0,0,2
720575940627450385,,,,,,,,,,0,0,2
720575940630536441,,,,,,,,,,0,0,2
720575940630539535,,,,,,,,,,0,0,2
720575940555698741,,,,,,,,,,2,0,2
720575940395358523,,,,,,,,,,3,1,2
720575940627229324,,,,,,,,,,0,0,2
720575940630684943,,,,,,,,,,0,0,2
720575940626814604,,,,,,,,,,0,0,2
720575940385142052,,,,,,,,,,2,0,2
720575940569791136,,,,,,,,,,2,0,2
720575940631449667,,,,,,,,,,0,0,2
720575940557288538,,,,,,,,,,2,0,2
720575940626579075,,,,,,,,,,0,0,2
720575940631600441,,,,,,,,,,0,0,2
720575940626565769,,,,,,,,,,0,0,2
720575940631636708,,,,,,,,,,0,0,2
720575940626503052,,,,,,,,,,0,0,2
720575940626453644,,,,,,,,,,0,0,2
720575940557306714,,,,,,,,,,3,0,2
720575940395683303,,,,,,,,,,2,1,2
720575940631823244,,,,,,,,,,0,0,2
720575940380157609,,,,,,,,,,2,0,2
720575940567029839,,,,,,,,,,3,0,2
720575940561930027,,,,,,,,,,4,0,2
720575940620467253,,,,,,,,,,11,0,2
720575940643929111,,,,,,,,,,0,0,2
720575940618469681,,,,,,,,,,364,0,2
720575940561921323,,,,,,,,,,2,0,2
720575940543303618,,,,,,,,,,2,0,2
720575940620417217,,,,,,,,,,13,0,2
720575940564544122,,,,,,,,,,2,0,2
720575940561917227,,,,,,,,,,3,0,2
720575940637839907,,,,,,,,,,0,0,2
720575940619656273,,,,,,,,,,5,0,2
720575940379903494,,,,,,,,,,2,0,2
720575940640891736,,,,,,,,,,0,0,2
720575940380023675,,,,,,,,,,2,0,2
720575940638707491,,,,,,,,,,0,0,2
720575940379926613,,,,,,,,,,2,0,2
720575940409041309,,,,,,,,,,2,0,2
720575940577643542,,,,,,,,,,2,0,2
720575940563666482,,,,,,,,,,3,0,2
720575940637837603,,,,,,,,,,0,0,2
720575940404940983,,,,,,,,,,2,0,2
720575940544390809,,,,,,,,,,2,0,2
720575940408372530,,,,,,,,,,3,0,2
720575940620599541,,,,,,,,,,6,0,2
720575940379881734,,,,,,,,,,2,0,2
720575940644615716,,,,,,,,,,0,0,2
720575940564472179,,,,,,,,,,2,0,2
720575940638710563,,,,,,,,,,0,0,2
720575940643882184,,,,,,,,,,0,0,2
720575940620352565,,,,,,,,,,11,0,2
720575940638711331,,,,,,,,,,0,0,2
720575940643700640,,,,,,,,,,0,0,2
720575940577640726,,,,,,,,,,2,0,2
720575940577640214,,,,,,,,,,2,0,2
720575940619979387,,,,,,,,,,2457,0,2
720575940619896711,,,,,,,,,,5665,0,2
720575940380026235,,,,,,,,,,3,0,2
720575940620020534,,,,,,,,,,1584,0,2
720575940409082525,,,,,,,,,,2,0,2
720575940619875060,,,,,,,,,,498,0,2
720575940577639190,,,,,,,,,,4,0,2
720575940618429594,,,,,,,,,,3,0,2
720575940577721110,,,,,,,,,,3,0,2
720575940404957111,,,,,,,,,,2,0,2
720575940577636630,,,,,,,,,,4,0,2
720575940379926869,,,,,,,,,,2,0,2
720575940577728790,,,,,,,,,,5,0,2
720575940618425242,,,,,,,,,,6,0,2
720575940561925675,,,,,,,,,,2,0,2
720575940542180705,,,,,,,,,,2,0,2
720575940561959211,,,,,,,,,,3,0,2
720575940379928917,,,,,,,,,,2,0,2
720575940404953271,,,,,,,,,,2,0,2
720575940643745480,,,,,,,,,,0,0,2
720575940620346795,,,,,,,,,,2447,0,2
720575940380024149,,,,,,,,,,2,0,2
720575940577662973,,,,,,,,,,2,0,2
720575940542156129,,,,,,,,,,2,0,2
720575940380055125,,,,,,,,,,2,0,2
720575940619175930,,,,,,,,,,6,0,2
720575940637836579,,,,,,,,,,0,0,2
720575940618529321,,,,,,,,,,3,0,2
720575940410172361,,,,,,,,,,2,0,2
720575940618682782,,,,,,,,,,3776,0,2
720575940379984725,,,,,,,,,,2,0,2
720575940379812168,,,,,,,,,,4,0,2
720575940379803208,,,,,,,,,,2,0,2
720575940379802696,,,,,,,,,,2,0,2
720575940379800648,,,,,,,,,,2,0,2
720575940404751107,,,,,,,,,,3,0,2
720575940618626601,,,,,,,,,,2,0,2
720575940618529577,,,,,,,,,,2,0,2
720575940561946155,,,,,,,,,,4,0,2
720575940379987974,,,,,,,,,,3,0,2
720575940637833763,,,,,,,,,,0,0,2
720575940408451378,,,,,,,,,,2,0,2
720575940618601024,,,,,,,,,,779,0,2
720575940380000635,,,,,,,,,,4,0,2
720575940543253186,,,,,,,,,,2,0,2
720575940620796521,,,,,,,,,,4,0,2
720575940545247733,,,,,,,,,,2,0,2
720575940637830691,,,,,,,,,,0,0,2
720575940562004523,,,,,,,,,,3,0,2
720575940645990935,,,,,,,,,,0,0,2
720575940379800136,,,,,,,,,,2,0,2
720575940408633702,,,,,,,,,,2,0,2
720575940578284747,,,,,,,,,,2,0,2
720575940618751054,,,,,,,,,,2,0,2
720575940618800064,,,,,,,,,,1694,0,2
720575940618754894,,,,,,,,,,5,0,2
720575940561910571,,,,,,,,,,2,0,2
720575940588826851,,,,,,,,,,3,1,1
720575940564141450,,,,,,,,,,3,1,1
720575940566626263,,,,,,,,,,1,0,1
720575940566607319,,,,,,,,,,1,0,1
720575940563648818,,,,,,,,,,1,0,1
720575940563655218,,,,,,,,,,1,0,1
720575940563658802,,,,,,,,,,2,0,1
720575940566625495,,,,,,,,,,1,0,1
720575940563665458,,,,,,,,,,1,0,1
720575940595903892,,,,,,,,,,2,0,1
720575940588954602,,,,,,,,,,1,0,1
720575940563669554,,,,,,,,,,1,0,1
720575940595862204,,,,,,,,,,1,0,1
720575940588740215,,,,,,,,,,1,0,1
720575940595903821,,,,,,,,,,1,0,1
720575940588742007,,,,,,,,,,1,0,1
720575940566630615,,,,,,,,,,1,0,1
720575940588711287,,,,,,,,,,4,0,1
720575940566633175,,,,,,,,,,1,0,1
720575940564450163,,,,,,,,,,1,0,1
720575940588707447,,,,,,,,,,1,0,1
720575940566407153,,,,,,,,,,2,0,1
720575940588857834,,,,,,,,,,3,0,1
720575940566979663,,,,,,,,,,1,0,1
720575940563648306,,,,,,,,,,2,0,1
720575940566407921,,,,,,,,,,1,0,1
720575940595995796,,,,,,,,,,1,0,1
720575940566978127,,,,,,,,,,1,0,1
720575940566623959,,,,,,,,,,1,0,1
720575940566974287,,,,,,,,,,1,0,1
720575940595899796,,,,,,,,,,1,0,1
720575940564425651,,,,,,,,,,2,0,1
720575940595995540,,,,,,,,,,1,0,1
720575940588710775,,,,,,,,,,1,0,1
720575940566408177,,,,,,,,,,1,0,1
720575940566409201,,,,,,,,,,1,0,1
720575940566411249,,,,,,,,,,2,0,1
720575940566617559,,,,,,,,,,1,0,1
720575940595862460,,,,,,,,,,1,0,1
720575940566594775,,,,,,,,,,1,0,1
720575940566611415,,,,,,,,,,1,0,1
720575940588743287,,,,,,,,,,1,0,1
720575940595899540,,,,,,,,,,1,0,1
720575940566604759,,,,,,,,,,2,0,1
720575940588745111,,,,,,,,,,3,0,1
720575940595901588,,,,,,,,,,1,0,1
720575940566593239,,,,,,,,,,2,0,1
720575940595899870,,,,,,,,,,1,0,1
720575940566608343,,,,,,,,,,1,0,1
720575940566604247,,,,,,,,,,1,0,1
720575940595900052,,,,,,,,,,1,0,1
720575940588744055,,,,,,,,,,1,0,1
720575940566610903,,,,,,,,,,1,0,1
720575940566609367,,,,,,,,,,4,0,1
720575940563664178,,,,,,,,,,1,0,1
720575940588706935,,,,,,,,,,1,0,1
720575940588743063,,,,,,,,,,1,0,1
720575940588860650,,,,,,,,,,1,0,1
720575940566603735,,,,,,,,,,1,0,1
720575940563663410,,,,,,,,,,1,0,1
720575940595879828,,,,,,,,,,4,0,1
720575940588953834,,,,,,,,,,1,0,1
720575940595902868,,,,,,,,,,1,0,1
720575940566411761,,,,,,,,,,1,0,1
720575940588747927,,,,,,,,,,6,0,1
720575940588742775,,,,,,,,,,1,0,1
720575940566419953,,,,,,,,,,1,0,1
720575940595901844,,,,,,,,,,1,0,1
720575940566607831,,,,,,,,,,1,0,1
720575940566576087,,,,,,,,,,4,0,1
720575940588859114,,,,,,,,,,5,0,1
720575940595895188,,,,,,,,,,6,0,1
720575940566612951,,,,,,,,,,1,0,1
720575940564425139,,,,,,,,,,5,0,1
720575940588944362,,,,,,,,,,11,0,1
720575940588934122,,,,,,,,,,1,0,1
720575940588707191,,,,,,,,,,1,0,1
720575940593617011,,,,,,,,,,1,0,1
720575940595996564,,,,,,,,,,1,0,1
720575940563008218,,,,,,,,,,1,0,1
720575940588073498,,,,,,,,,,4,0,1
720575940588111707,,,,,,,,,,7,0,1
720575940567011663,,,,,,,,,,2,0,1
720575940567010127,,,,,,,,,,1,0,1
720575940562115124,,,,,,,,,,1,0,1
720575940596874136,,,,,,,,,,2,0,1
720575940596873880,,,,,,,,,,1,0,1
720575940588112666,,,,,,,,,,4,1,1
720575940596869784,,,,,,,,,,1,0,1
720575940596869528,,,,,,,,,,1,0,1
720575940588114458,,,,,,,,,,4,0,1
720575940588115738,,,,,,,,,,2,0,1
720575940596866456,,,,,,,,,,2,0,1
720575940567007823,,,,,,,,,,2,0,1
720575940596864920,,,,,,,,,,2,0,1
720575940567007311,,,,,,,,,,1,0,1
720575940588119322,,,,,,,,,,1,0,1
720575940562130996,,,,,,,,,,2,0,1
720575940567005263,,,,,,,,,,1,0,1
720575940562255638,,,,,,,,,,1,1,1
720575940596863640,,,,,,,,,,3,0,1
720575940596507706,,,,,,,,,,4,0,1
720575940596506682,,,,,,,,,,1,0,1
720575940596506426,,,,,,,,,,2,0,1
720575940596506170,,,,,,,,,,1,0,1
720575940562112820,,,,,,,,,,1,0,1
720575940596874904,,,,,,,,,,1,0,1
720575940567014991,,,,,,,,,,1,0,1
720575940567022415,,,,,,,,,,1,0,1
720575940567029071,,,,,,,,,,1,0,1
720575940567027279,,,,,,,,,,1,0,1
720575940597222377,,,,,,,,,,1,0,1
720575940587802333,,,,,,,,,,3,0,1
720575940562020139,,,,,,,,,,1,0,1
720575940562022699,,,,,,,,,,1,0,1
720575940567026767,,,,,,,,,,1,0,1
720575940567026255,,,,,,,,,,1,0,1
720575940562026027,,,,,,,,,,1,0,1
720575940587835613,,,,,,,,,,2,0,1
720575940587836125,,,,,,,,,,1,0,1
720575940587836893,,,,,,,,,,2,0,1
720575940567015247,,,,,,,,,,1,0,1
720575940562031915,,,,,,,,,,1,0,1
720575940597221865,,,,,,,,,,1,0,1
720575940587837661,,,,,,,,,,1,0,1
720575940597209321,,,,,,,,,,3,0,1
720575940562094132,,,,,,,,,,1,0,1
720575940567021391,,,,,,,,,,1,0,1
720575940562106164,,,,,,,,,,1,0,1
720575940567020111,,,,,,,,,,1,0,1
720575940597078331,,,,,,,,,,1,0,1
720575940562111540,,,,,,,,,,1,0,1
720575940567018575,,,,,,,,,,1,0,1
720575940596505914,,,,,,,,,,2,0,1
720575940596505658,,,,,,,,,,1,0,1
720575940588706423,,,,,,,,,,1,0,1
720575940567002447,,,,,,,,,,1,0,1
720575940588700279,,,,,,,,,,1,0,1
720575940588700791,,,,,,,,,,1,0,1
720575940566990415,,,,,,,,,,1,0,1
720575940566990159,,,,,,,,,,1,0,1
720575940588701559,,,,,,,,,,1,0,1
720575940566987599,,,,,,,,,,1,1,1
720575940588702615,,,,,,,,,,2,0,1
720575940588703095,,,,,,,,,,1,0,1
720575940596000148,,,,,,,,,,1,0,1
720575940589251632,,,,,,,,,,1,0,1
720575940566987343,,,,,,,,,,1,0,1
720575940566987087,,,,,,,,,,1,0,1
720575940595997332,,,,,,,,,,1,0,1
720575940588703351,,,,,,,,,,1,0,1
720575940588703607,,,,,,,,,,1,0,1
720575940588703863,,,,,,,,,,2,0,1
720575940588703895,,,,,,,,,,1,0,1
720575940588704375,,,,,,,,,,1,0,1
720575940566986575,,,,,,,,,,1,0,1
720575940588704663,,,,,,,,,,2,0,1
720575940588705143,,,,,,,,,,1,0,1
720575940566982223,,,,,,,,,,1,0,1
720575940588705399,,,,,,,,,,1,0,1
720575940588706167,,,,,,,,,,1,0,1
720575940566981967,,,,,,,,,,1,0,1
720575940596002708,,,,,,,,,,1,0,1
720575940588699255,,,,,,,,,,1,0,1
720575940588698487,,,,,,,,,,1,0,1
720575940596496698,,,,,,,,,,1,0,1
720575940567001167,,,,,,,,,,2,0,1
720575940596504634,,,,,,,,,,1,0,1
720575940588119834,,,,,,,,,,1,0,1
720575940567000911,,,,,,,,,,3,0,1
720575940566999375,,,,,,,,,,2,0,1
720575940566999119,,,,,,,,,,1,0,1
720575940563053018,,,,,,,,,,1,0,1
720575940563060442,,,,,,,,,,1,0,1
720575940588120858,,,,,,,,,,1,0,1
720575940588121114,,,,,,,,,,1,0,1
720575940596502586,,,,,,,,,,2,0,1
720575940588122906,,,,,,,,,,1,0,1
720575940588356369,,,,,,,,,,4,0,1
720575940563599410,,,,,,,,,,1,0,1
720575940588123418,,,,,,,,,,1,0,1
720575940566996303,,,,,,,,,,1,0,1
720575940596483130,,,,,,,,,,3,0,1
720575940596332454,,,,,,,,,,2,0,1
720575940566993231,,,,,,,,,,1,0,1
720575940566992975,,,,,,,,,,1,0,1
720575940566990671,,,,,,,,,,1,0,1
720575940563643186,,,,,,,,,,1,0,1
720575940588126746,,,,,,,,,,6,0,1
720575940588127002,,,,,,,,,,1,0,1
720575940595859388,,,,,,,,,,2,0,1
720575940566388209,,,,,,,,,,1,0,1
720575940589410978,,,,,,,,,,1,0,1
720575940565721460,,,,,,,,,,2,0,1
720575940592524317,,,,,,,,,,1,0,1
720575940565717364,,,,,,,,,,1,0,1
720575940592525341,,,,,,,,,,1,0,1
720575940592536810,,,,,,,,,,3,0,1
720575940594576191,,,,,,,,,,1,0,1
720575940594575679,,,,,,,,,,1,0,1
720575940565710452,,,,,,,,,,1,0,1
720575940592540906,,,,,,,,,,2,0,1
720575940592541162,,,,,,,,,,2,0,1
720575940565705844,,,,,,,,,,4,0,1
720575940592546026,,,,,,,,,,1,0,1
720575940565704820,,,,,,,,,,2,0,1
720575940565599092,,,,,,,,,,1,0,1
720575940565446532,,,,,,,,,,4,0,1
720575940564548474,,,,,,,,,,7,0,1
720575940565444228,,,,,,,,,,1,0,1
720575940565441412,,,,,,,,,,1,0,1
720575940592548074,,,,,,,,,,2,0,1
720575940564744474,,,,,,,,,,1,0,1
720575940592639094,,,,,,,,,,3,0,1
720575940592641398,,,,,,,,,,1,0,1
720575940564674419,,,,,,,,,,3,0,1
720575940592642166,,,,,,,,,,1,0,1
720575940592648822,,,,,,,,,,1,0,1
720575940592650614,,,,,,,,,,1,0,1
720575940594717231,,,,,,,,,,4,0,1
720575940592515101,,,,,,,,,,2,0,1
720575940592774518,,,,,,,,,,5,0,1
720575940592496696,,,,,,,,,,5,0,1
720575940591368077,,,,,,,,,,7,0,1
720575940591589555,,,,,,,,,,1,0,1
720575940594740039,,,,,,,,,,1,0,1
720575940591589773,,,,,,,,,,1,81,1
720575940565734260,,,,,,,,,,2,0,1
720575940591591347,,,,,,,,,,2,0,1
720575940565732980,,,,,,,,,,1,0,1
720575940591592115,,,,,,,,,,2,0,1
720575940565732468,,,,,,,,,,1,0,1
720575940591593395,,,,,,,,,,1,0,1
720575940591594675,,,,,,,,,,1,0,1
720575940564531066,,,,,,,,,,1,0,1
720575940594723887,,,,,,,,,,2,0,1
720575940591644595,,,,,,,,,,2,0,1
720575940591955251,,,,,,,,,,1,0,1
720575940591955763,,,,,,,,,,1,0,1
720575940591956275,,,,,,,,,,2,0,1
720575940565725812,,,,,,,,,,1,0,1
720575940591956787,,,,,,,,,,1,0,1
720575940591957043,,,,,,,,,,1,0,1
720575940565722996,,,,,,,,,,1,1,1
720575940594722095,,,,,,,,,,1,0,1
720575940591957555,,,,,,,,,,2,0,1
720575940564537722,,,,,,,,,,1,0,1
720575940591961651,,,,,,,,,,4,0,1
720575940592655222,,,,,,,,,,1,0,1
720575940564636538,,,,,,,,,,1,0,1
720575940589413794,,,,,,,,,,2,0,1
720575940592846611,,,,,,,,,,1,0,1
720575940592849427,,,,,,,,,,1,0,1
720575940564564858,,,,,,,,,,1,0,1
720575940592860445,,,,,,,,,,4,1,1
720575940594400338,,,,,,,,,,1,0,1
720575940594316626,,,,,,,,,,3,0,1
720575940593701146,,,,,,,,,,2,0,1
720575940592864797,,,,,,,,,,2,0,1
720575940564589434,,,,,,,,,,1,0,1
720575940593700634,,,,,,,,,,2,0,1
720575940592869661,,,,,,,,,,6,0,1
720575940564586362,,,,,,,,,,1,0,1
720575940564584314,,,,,,,,,,1,0,1
720575940592920947,,,,,,,,,,1,0,1
720575940593699354,,,,,,,,,,2,0,1
720575940564567930,,,,,,,,,,1,0,1
720575940592922995,,,,,,,,,,1,0,1
720575940564570490,,,,,,,,,,1,0,1
720575940593471773,,,,,,,,,,6,1,1
720575940564577146,,,,,,,,,,1,0,1
720575940593478173,,,,,,,,,,5,0,1
720575940564576890,,,,,,,,,,2,0,1
720575940593695770,,,,,,,,,,5,1,1
720575940593576953,,,,,,,,,,2,12,1
720575940593615219,,,,,,,,,,1,0,1
720575940564571770,,,,,,,,,,1,0,1
720575940592846867,,,,,,,,,,2,0,1
720575940564596090,,,,,,,,,,3,0,1
720575940564549242,,,,,,,,,,2,0,1
720575940564563066,,,,,,,,,,2,0,1
720575940594574143,,,,,,,,,,1,0,1
720575940564633978,,,,,,,,,,1,0,1
720575940564620666,,,,,,,,,,4,0,1
720575940592782454,,,,,,,,,,2,0,1
720575940594572351,,,,,,,,,,1,0,1
720575940592795510,,,,,,,,,,2,0,1
720575940564607098,,,,,,,,,,2,0,1
720575940592796278,,,,,,,,,,1,0,1
720575940592797302,,,,,,,,,,1,0,1
720575940592825363,,,,,,,,,,4,0,1
720575940564549498,,,,,,,,,,1,0,1
720575940564552314,,,,,,,,,,3,0,1
720575940592829203,,,,,,,,,,6,1,1
720575940564606842,,,,,,,,,,1,0,1
720575940564605562,,,,,,,,,,1,0,1
720575940594571583,,,,,,,,,,1,0,1
720575940594571327,,,,,,,,,,1,0,1
720575940592837395,,,,,,,,,,1,0,1
720575940564601978,,,,,,,,,,1,0,1
720575940594536255,,,,,,,,,,3,0,1
720575940564561530,,,,,,,,,,1,0,1
720575940592842771,,,,,,,,,,3,0,1
720575940592843539,,,,,,,,,,1,0,1
720575940592845075,,,,,,,,,,1,0,1
720575940564598138,,,,,,,,,,1,0,1
720575940564489075,,,,,,,,,,1,0,1
720575940591249555,,,,,,,,,,2,0,1
720575940591248019,,,,,,,,,,1,0,1
720575940589965224,,,,,,,,,,1,0,1
720575940590078860,,,,,,,,,,4,0,1
720575940590093992,,,,,,,,,,1,0,1
720575940564469107,,,,,,,,,,1,0,1
720575940595750901,,,,,,,,,,1,0,1
720575940590095016,,,,,,,,,,3,0,1
720575940590150210,,,,,,,,,,1,0,1
720575940564469363,,,,,,,,,,1,0,1
720575940564474483,,,,,,,,,,1,0,1
720575940566376945,,,,,,,,,,1,0,1
720575940566376433,,,,,,,,,,1,0,1
720575940566375665,,,,,,,,,,1,0,1
720575940566374385,,,,,,,,,,1,0,1
720575940590388027,,,,,,,,,,2,0,1
720575940566372849,,,,,,,,,,1,0,1
720575940566371057,,,,,,,,,,1,0,1
720575940566370545,,,,,,,,,,1,0,1
720575940595730241,,,,,,,,,,2,0,1
720575940564475251,,,,,,,,,,1,0,1
720575940590389051,,,,,,,,,,1,0,1
720575940564475507,,,,,,,,,,2,0,1
720575940590390331,,,,,,,,,,1,0,1
720575940566370033,,,,,,,,,,1,0,1
720575940590391826,,,,,,,,,,3,0,1
720575940590392850,,,,,,,,,,1,0,1
720575940590394130,,,,,,,,,,1,0,1
720575940589965480,,,,,,,,,,1,0,1
720575940595752437,,,,,,,,,,1,0,1
720575940594796871,,,,,,,,,,1,0,1
720575940589906387,,,,,,,,,,1,0,1
720575940595859132,,,,,,,,,,3,0,1
720575940589734158,,,,,,,,,,1,0,1
720575940595858364,,,,,,,,,,2,0,1
720575940589734926,,,,,,,,,,2,0,1
720575940566401521,,,,,,,,,,1,0,1
720575940566400753,,,,,,,,,,1,0,1
720575940564454067,,,,,,,,,,2,0,1
720575940589735950,,,,,,,,,,1,0,1
720575940566396913,,,,,,,,,,1,0,1
720575940589736206,,,,,,,,,,2,0,1
720575940564465779,,,,,,,,,,1,0,1
720575940595836201,,,,,,,,,,2,1,1
720575940564466291,,,,,,,,,,1,0,1
720575940589737230,,,,,,,,,,5,0,1
720575940589737998,,,,,,,,,,1,0,1
720575940566396145,,,,,,,,,,1,0,1
720575940589738766,,,,,,,,,,3,0,1
720575940566394865,,,,,,,,,,1,0,1
720575940589881811,,,,,,,,,,2,0,1
720575940589902035,,,,,,,,,,3,0,1
720575940566390769,,,,,,,,,,1,0,1
720575940593615731,,,,,,,,,,1,0,1
720575940595755253,,,,,,,,,,2,0,1
720575940589906131,,,,,,,,,,2,0,1
720575940595753973,,,,,,,,,,1,0,1
720575940590394386,,,,,,,,,,1,0,1
720575940590394642,,,,,,,,,,1,0,1
720575940590395666,,,,,,,,,,3,0,1
720575940590397970,,,,,,,,,,1,0,1
720575940566354929,,,,,,,,,,1,0,1
720575940566354161,,,,,,,,,,1,0,1
720575940566353393,,,,,,,,,,1,0,1
720575940591096548,,,,,,,,,,2,0,1
720575940591097316,,,,,,,,,,2,0,1
720575940566350321,,,,,,,,,,1,0,1
720575940594807367,,,,,,,,,,1,0,1
720575940591109348,,,,,,,,,,1,0,1
720575940566345713,,,,,,,,,,1,0,1
720575940591110372,,,,,,,,,,1,1,1
720575940566345457,,,,,,,,,,1,0,1
720575940591113188,,,,,,,,,,1,0,1
720575940566331121,,,,,,,,,,1,0,1
720575940566328305,,,,,,,,,,5,0,1
720575940591118820,,,,,,,,,,1,0,1
720575940594804551,,,,,,,,,,1,49,1
720575940565736564,,,,,,,,,,1,0,1
720575940591119588,,,,,,,,,,1,0,1
720575940591228028,,,,,,,,,,1,0,1
720575940565734772,,,,,,,,,,1,0,1
720575940591244691,,,,,,,,,,1,0,1
720575940591244947,,,,,,,,,,1,0,1
720575940591245971,,,,,,,,,,1,0,1
720575940564487795,,,,,,,,,,1,0,1
720575940591246483,,,,,,,,,,2,0,1
720575940591093732,,,,,,,,,,9,1,1
720575940566358769,,,,,,,,,,1,0,1
720575940591092708,,,,,,,,,,1,0,1
720575940590440917,,,,,,,,,,1,0,1
720575940595362303,,,,,,,,,,1,0,1
720575940566369265,,,,,,,,,,1,0,1
720575940590398482,,,,,,,,,,1,0,1
720575940566368753,,,,,,,,,,1,0,1
720575940590402578,,,,,,,,,,6,0,1
720575940590403090,,,,,,,,,,2,0,1
720575940590404370,,,,,,,,,,1,0,1
720575940566367729,,,,,,,,,,1,0,1
720575940590404626,,,,,,,,,,1,0,1
720575940590405138,,,,,,,,,,1,0,1
720575940590426837,,,,,,,,,,1,0,1
720575940590741585,,,,,,,,,,14,27,1
720575940591092452,,,,,,,,,,1,0,1
720575940566364913,,,,,,,,,,1,0,1
720575940595294115,,,,,,,,,,3,0,1
720575940564479859,,,,,,,,,,1,0,1
720575940595291555,,,,,,,,,,1,0,1
720575940591089636,,,,,,,,,,1,0,1
720575940595288483,,,,,,,,,,1,0,1
720575940595274751,,,,,,,,,,3,0,1
720575940564481651,,,,,,,,,,1,0,1
720575940591092196,,,,,,,,,,1,0,1
720575940564486259,,,,,,,,,,1,0,1
720575940594825263,,,,,,,,,,7,0,1
720575940578883872,,,,,,,,,,4,0,1
720575940586371516,,,,,,,,,,1,0,1
720575940587773021,,,,,,,,,,4,0,1
720575940581511153,,,,,,,,,,1,0,1
720575940581822856,,,,,,,,,,1,0,1
720575940581690829,,,,,,,,,,2,0,1
720575940581690573,,,,,,,,,,3,0,1
720575940581689293,,,,,,,,,,2,0,1
720575940581547617,,,,,,,,,,1,0,1
720575940581519857,,,,,,,,,,2,0,1
720575940581509105,,,,,,,,,,1,0,1
720575940581460981,,,,,,,,,,1,0,1
720575940581508337,,,,,,,,,,1,0,1
720575940581508081,,,,,,,,,,1,0,1
720575940581504241,,,,,,,,,,2,0,1
720575940581474934,,,,,,,,,,3,0,1
720575940577532601,,,,,,,,,,1,0,1
720575940581462517,,,,,,,,,,1,0,1
720575940577532345,,,,,,,,,,1,0,1
720575940581823112,,,,,,,,,,1,0,1
720575940581824648,,,,,,,,,,1,0,1
720575940581826184,,,,,,,,,,1,0,1
720575940577207388,,,,,,,,,,9,0,1
720575940581827208,,,,,,,,,,1,0,1
720575940581827720,,,,,,,,,,3,0,1
720575940576322602,,,,,,,,,,1,0,1
720575940576313898,,,,,,,,,,1,0,1
720575940581827976,,,,,,,,,,1,0,1
720575940576310314,,,,,,,,,,1,0,1
720575940576306474,,,,,,,,,,1,0,1
720575940576300586,,,,,,,,,,1,0,1
720575940581831048,,,,,,,,,,1,0,1
720575940581831304,,,,,,,,,,1,0,1
720575940581832584,,,,,,,,,,1,0,1
720575940581835912,,,,,,,,,,2,0,1
720575940577533113,,,,,,,,,,1,0,1
720575940581457909,,,,,,,,,,1,0,1
720575940581842312,,,,,,,,,,1,0,1
720575940581226499,,,,,,,,,,3,0,1
720575940577629974,,,,,,,,,,2,0,1
720575940581254377,,,,,,,,,,2,0,1
720575940577632790,,,,,,,,,,9,0,1
720575940597223739,,,,,,,,,,1,0,1
720575940577633302,,,,,,,,,,2,0,1
720575940581231081,,,,,,,,,,2,0,1
720575940577634582,,,,,,,,,,1,0,1
720575940581454581,,,,,,,,,,3,0,1
720575940581211113,,,,,,,,,,1,0,1
720575940581209065,,,,,,,,,,1,0,1
720575940581191913,,,,,,,,,,1,0,1
720575940581184233,,,,,,,,,,19,1,1
720575940581181929,,,,,,,,,,1,0,1
720575940577635094,,,,,,,,,,2,0,1
720575940581254403,,,,,,,,,,1,0,1
720575940581256681,,,,,,,,,,2,0,1
720575940577627414,,,,,,,,,,2,0,1
720575940577536185,,,,,,,,,,1,1,1
720575940581257449,,,,,,,,,,1,0,1
720575940581257961,,,,,,,,,,2,0,1
720575940581355638,,,,,,,,,,6,0,1
720575940581356406,,,,,,,,,,2,0,1
720575940577535161,,,,,,,,,,1,1,1
720575940581361526,,,,,,,,,,2,0,1
720575940577534393,,,,,,,,,,1,0,1
720575940581361782,,,,,,,,,,1,0,1
720575940581362806,,,,,,,,,,5,0,1
720575940581363830,,,,,,,,,,1,0,1
720575940581364086,,,,,,,,,,2,0,1
720575940577533625,,,,,,,,,,4,1,1
720575940581411958,,,,,,,,,,10,0,1
720575940581841800,,,,,,,,,,1,0,1
720575940576289322,,,,,,,,,,2,0,1
720575940577635862,,,,,,,,,,1,0,1
720575940582725397,,,,,,,,,,1,0,1
720575940582869482,,,,,,,,,,3,0,1
720575940575791155,,,,,,,,,,4,1,1
720575940582864917,,,,,,,,,,1,0,1
720575940582860309,,,,,,,,,,1,0,1
720575940582825493,,,,,,,,,,2,0,1
720575940575791667,,,,,,,,,,1,0,1
720575940582723605,,,,,,,,,,1,0,1
720575940575890536,,,,,,,,,,4,0,1
720575940582721813,,,,,,,,,,1,0,1
720575940575791923,,,,,,,,,,2,0,1
720575940575792179,,,,,,,,,,1,0,1
720575940575792435,,,,,,,,,,1,0,1
720575940575801651,,,,,,,,,,3,0,1
720575940582715157,,,,,,,,,,1,0,1
720575940582869781,,,,,,,,,,1,0,1
720575940582873877,,,,,,,,,,1,0,1
720575940582875626,,,,,,,,,,1,0,1
720575940582876650,,,,,,,,,,2,0,1
720575940582877205,,,,,,,,,,1,0,1
720575940582877717,,,,,,,,,,1,0,1
720575940582877930,,,,,,,,,,2,0,1
720575940582878186,,,,,,,,,,2,0,1
720575940582879978,,,,,,,,,,1,0,1
720575940582881002,,,,,,,,,,1,0,1
720575940582881813,,,,,,,,,,1,0,1
720575940575790131,,,,,,,,,,1,0,1
720575940575789875,,,,,,,,,,3,0,1
720575940575739442,,,,,,,,,,1,0,1
720575940582882026,,,,,,,,,,1,0,1
720575940575710681,,,,,,,,,,1,0,1
720575940575703257,,,,,,,,,,2,0,1
720575940575889000,,,,,,,,,,1,0,1
720575940575893608,,,,,,,,,,1,0,1
720575940581843592,,,,,,,,,,2,0,1
720575940576240170,,,,,,,,,,1,0,1
720575940582001843,,,,,,,,,,2,0,1
720575940582000051,,,,,,,,,,2,0,1
720575940581969420,,,,,,,,,,2,0,1
720575940581968140,,,,,,,,,,1,0,1
720575940581868723,,,,,,,,,,3,0,1
720575940576239402,,,,,,,,,,1,0,1
720575940576243498,,,,,,,,,,2,0,1
720575940575894632,,,,,,,,,,1,0,1
720575940581856648,,,,,,,,,,4,0,1
720575940581855112,,,,,,,,,,2,0,1
720575940576246314,,,,,,,,,,1,0,1
720575940581849992,,,,,,,,,,1,0,1
720575940581847944,,,,,,,,,,1,0,1
720575940581847688,,,,,,,,,,1,0,1
720575940582011059,,,,,,,,,,1,0,1
720575940582015155,,,,,,,,,,1,0,1
720575940582018483,,,,,,,,,,1,0,1
720575940582019507,,,,,,,,,,1,0,1
720575940582021299,,,,,,,,,,2,0,1
720575940582023859,,,,,,,,,,3,0,1
720575940576236074,,,,,,,,,,1,0,1
720575940576213546,,,,,,,,,,1,0,1
720575940576040038,,,,,,,,,,7,57,1
720575940582588601,,,,,,,,,,1,0,1
720575940582610617,,,,,,,,,,2,0,1
720575940575897192,,,,,,,,,,1,0,1
720575940582614457,,,,,,,,,,2,0,1
720575940582615993,,,,,,,,,,1,0,1
720575940582624441,,,,,,,,,,1,0,1
720575940582626745,,,,,,,,,,1,0,1
720575940575895400,,,,,,,,,,1,0,1
720575940581180649,,,,,,,,,,1,0,1
720575940581179369,,,,,,,,,,1,0,1
720575940575702489,,,,,,,,,,2,0,1
720575940578277067,,,,,,,,,,1,0,1
720575940579307258,,,,,,,,,,1,0,1
720575940579307002,,,,,,,,,,2,0,1
720575940578276811,,,,,,,,,,1,0,1
720575940579306234,,,,,,,,,,1,0,1
720575940579305978,,,,,,,,,,1,0,1
720575940579304698,,,,,,,,,,2,0,1
720575940579300346,,,,,,,,,,1,0,1
720575940578279371,,,,,,,,,,1,0,1
720575940578278347,,,,,,,,,,1,0,1
720575940579299834,,,,,,,,,,2,0,1
720575940579298042,,,,,,,,,,1,0,1
720575940579293946,,,,,,,,,,2,0,1
720575940579293434,,,,,,,,,,1,0,1
720575940579291130,,,,,,,,,,1,0,1
720575940579309562,,,,,,,,,,1,0,1
720575940579311098,,,,,,,,,,2,0,1
720575940579313146,,,,,,,,,,1,1,1
720575940578275531,,,,,,,,,,1,0,1
720575940578164187,,,,,,,,,,1,0,1
720575940577806870,,,,,,,,,,3,0,1
720575940577739147,,,,,,,,,,1,0,1
720575940579319034,,,,,,,,,,1,0,1
720575940579320058,,,,,,,,,,1,0,1
720575940579321338,,,,,,,,,,1,0,1
720575940579322106,,,,,,,,,,2,0,1
720575940577710614,,,,,,,,,,2,0,1
720575940579326970,,,,,,,,,,1,0,1
720575940577669885,,,,,,,,,,1,0,1
720575940579329274,,,,,,,,,,1,0,1
720575940577667581,,,,,,,,,,1,0,1
720575940579329530,,,,,,,,,,1,0,1
720575940579289594,,,,,,,,,,1,0,1
720575940579246944,,,,,,,,,,1,0,1
720575940579331578,,,,,,,,,,1,0,1
720575940578920985,,,,,,,,,,1,0,1
720575940578554703,,,,,,,,,,3,0,1
720575940578555215,,,,,,,,,,2,0,1
720575940578925593,,,,,,,,,,1,0,1
720575940578925081,,,,,,,,,,1,0,1
720575940578921753,,,,,,,,,,1,0,1
720575940578921241,,,,,,,,,,2,0,1
720575940578920729,,,,,,,,,,1,0,1
720575940578280651,,,,,,,,,,1,0,1
720575940578919449,,,,,,,,,,1,0,1
720575940578555471,,,,,,,,,,2,0,1
720575940578918169,,,,,,,,,,1,0,1
720575940578917657,,,,,,,,,,1,0,1
720575940578913561,,,,,,,,,,1,0,1
720575940578557263,,,,,,,,,,2,0,1
720575940578926105,,,,,,,,,,1,0,1
720575940578926617,,,,,,,,,,1,0,1
720575940578930969,,,,,,,,,,1,0,1
720575940578550863,,,,,,,,,,1,0,1
720575940578935833,,,,,,,,,,1,0,1
720575940578944025,,,,,,,,,,2,0,1
720575940578549583,,,,,,,,,,1,0,1
720575940579044022,,,,,,,,,,5,0,1
720575940579045302,,,,,,,,,,3,0,1
720575940579047350,,,,,,,,,,7,0,1
720575940579136884,,,,,,,,,,1,0,1
720575940579140468,,,,,,,,,,2,0,1
720575940579212640,,,,,,,,,,1,0,1
720575940578283467,,,,,,,,,,1,0,1
720575940578282955,,,,,,,,,,1,0,1
720575940578282699,,,,,,,,,,1,0,1
720575940579243616,,,,,,,,,,1,0,1
720575940577665021,,,,,,,,,,1,0,1
720575940579331834,,,,,,,,,,1,0,1
720575940581175529,,,,,,,,,,1,0,1
720575940577644566,,,,,,,,,,7,0,1
720575940577641750,,,,,,,,,,1,0,1
720575940580870974,,,,,,,,,,2,0,1
720575940580854184,,,,,,,,,,2,0,1
720575940577642006,,,,,,,,,,1,0,1
720575940577642774,,,,,,,,,,1,1,1
720575940577643030,,,,,,,,,,1,0,1
720575940580837332,,,,,,,,,,1,0,1
720575940580757460,,,,,,,,,,1,0,1
720575940577645334,,,,,,,,,,3,0,1
720575940580834516,,,,,,,,,,1,0,1
720575940577645590,,,,,,,,,,1,0,1
720575940580831700,,,,,,,,,,3,0,1
720575940577645846,,,,,,,,,,1,0,1
720575940577650429,,,,,,,,,,1,0,1
720575940580875326,,,,,,,,,,1,0,1
720575940577641494,,,,,,,,,,1,0,1
720575940581026599,,,,,,,,,,4,0,1
720575940581048359,,,,,,,,,,1,0,1
720575940581049639,,,,,,,,,,1,0,1
720575940577641238,,,,,,,,,,1,0,1
720575940581050151,,,,,,,,,,2,0,1
720575940581052711,,,,,,,,,,1,0,1
720575940581056295,,,,,,,,,,1,0,1
720575940577639702,,,,,,,,,,1,0,1
720575940577637654,,,,,,,,,,2,0,1
720575940581060135,,,,,,,,,,1,0,1
720575940581060391,,,,,,,,,,1,0,1
720575940581122599,,,,,,,,,,3,0,1
720575940577636374,,,,,,,,,,1,0,1
720575940577636118,,,,,,,,,,2,0,1
720575940581162985,,,,,,,,,,2,0,1
720575940580760532,,,,,,,,,,1,0,1
720575940580756436,,,,,,,,,,1,0,1
720575940579338490,,,,,,,,,,1,0,1
720575940577658109,,,,,,,,,,1,0,1
720575940579675487,,,,,,,,,,2,0,1
720575940577657085,,,,,,,,,,2,0,1
720575940579673695,,,,,,,,,,2,0,1
720575940579669087,,,,,,,,,,1,1,1
720575940577657341,,,,,,,,,,1,0,1
720575940579465737,,,,,,,,,,1,0,1
720575940577660413,,,,,,,,,,1,0,1
720575940580756180,,,,,,,,,,1,0,1
720575940579464457,,,,,,,,,,2,0,1
720575940577662461,,,,,,,,,,1,0,1
720575940579464201,,,,,,,,,,1,0,1
720575940579348218,,,,,,,,,,1,0,1
720575940579341818,,,,,,,,,,1,0,1
720575940579339258,,,,,,,,,,1,0,1
720575940579677791,,,,,,,,,,1,0,1
720575940577656317,,,,,,,,,,1,0,1
720575940579705183,,,,,,,,,,1,0,1
720575940579716447,,,,,,,,,,1,0,1
720575940579718239,,,,,,,,,,1,0,1
720575940577654525,,,,,,,,,,1,0,1
720575940579733855,,,,,,,,,,1,0,1
720575940579734367,,,,,,,,,,1,0,1
720575940579735135,,,,,,,,,,1,0,1
720575940579735391,,,,,,,,,,1,0,1
720575940579741279,,,,,,,,,,1,0,1
720575940577654013,,,,,,,,,,1,0,1
720575940577653757,,,,,,,,,,1,0,1
720575940580732116,,,,,,,,,,8,0,1
720575940580752084,,,,,,,,,,1,0,1
720575940580755156,,,,,,,,,,1,0,1
720575940577651197,,,,,,,,,,1,0,1
720575940582884330,,,,,,,,,,2,0,1
720575940575699417,,,,,,,,,,3,0,1
720575940587343079,,,,,,,,,,2,0,1
720575940586279723,,,,,,,,,,1,0,1
720575940586283819,,,,,,,,,,1,0,1
720575940586281515,,,,,,,,,,1,0,1
720575940586280491,,,,,,,,,,1,0,1
720575940568714459,,,,,,,,,,1,0,1
720575940568722907,,,,,,,,,,1,0,1
720575940568728539,,,,,,,,,,1,0,1
720575940568740827,,,,,,,,,,1,0,1
720575940586248235,,,,,,,,,,3,0,1
720575940586271531,,,,,,,,,,1,0,1
720575940569154382,,,,,,,,,,1,0,1
720575940586258625,,,,,,,,,,6,0,1
720575940569160270,,,,,,,,,,1,0,1
720575940569163854,,,,,,,,,,1,0,1
720575940586249515,,,,,,,,,,1,0,1
720575940568713947,,,,,,,,,,1,0,1
720575940586284331,,,,,,,,,,1,0,1
720575940586284843,,,,,,,,,,1,0,1
720575940568712667,,,,,,,,,,1,0,1
720575940568707547,,,,,,,,,,1,0,1
720575940568704987,,,,,,,,,,1,0,1
720575940568703451,,,,,,,,,,1,0,1
720575940568697819,,,,,,,,,,1,0,1
720575940568689627,,,,,,,,,,1,0,1
720575940568679131,,,,,,,,,,2,0,1
720575940586287915,,,,,,,,,,1,0,1
720575940586299836,,,,,,,,,,4,1,1
720575940586305980,,,,,,,,,,2,0,1
720575940586307883,,,,,,,,,,1,0,1
720575940568645083,,,,,,,,,,2,0,1
720575940568414902,,,,,,,,,,1,0,1
720575940586308907,,,,,,,,,,1,0,1
720575940569167950,,,,,,,,,,1,0,1
720575940586241212,,,,,,,,,,3,0,1
720575940567891754,,,,,,,,,,1,0,1
720575940586198827,,,,,,,,,,1,0,1
720575940569800387,,,,,,,,,,1,0,1
720575940586200619,,,,,,,,,,1,0,1
720575940569800864,,,,,,,,,,1,0,1
720575940569803971,,,,,,,,,,1,0,1
720575940586199339,,,,,,,,,,3,0,1
720575940569805763,,,,,,,,,,1,0,1
720575940586197803,,,,,,,,,,1,0,1
720575940586240700,,,,,,,,,,1,0,1
720575940569806787,,,,,,,,,,1,0,1
720575940586196779,,,,,,,,,,1,0,1
720575940569808032,,,,,,,,,,1,0,1
720575940569816259,,,,,,,,,,1,0,1
720575940586195755,,,,,,,,,,2,0,1
720575940569822624,,,,,,,,,,2,0,1
720575940586200875,,,,,,,,,,1,0,1
720575940586201131,,,,,,,,,,1,1,1
720575940586202155,,,,,,,,,,2,0,1
720575940586202411,,,,,,,,,,1,0,1
720575940586202667,,,,,,,,,,1,0,1
720575940569790880,,,,,,,,,,2,0,1
720575940586203947,,,,,,,,,,1,0,1
720575940586204203,,,,,,,,,,2,0,1
720575940569214542,,,,,,,,,,1,0,1
720575940586204459,,,,,,,,,,8,0,1
720575940586205483,,,,,,,,,,1,0,1
720575940586206507,,,,,,,,,,2,0,1
720575940586234923,,,,,,,,,,1,0,1
720575940586235179,,,,,,,,,,1,0,1
720575940586239676,,,,,,,,,,1,0,1
720575940569181262,,,,,,,,,,1,0,1
720575940569174350,,,,,,,,,,1,0,1
720575940586309419,,,,,,,,,,1,0,1
720575940586310699,,,,,,,,,,1,0,1
720575940569824928,,,,,,,,,,2,0,1
720575940586958961,,,,,,,,,,1,0,1
720575940567040335,,,,,,,,,,1,0,1
720575940567040591,,,,,,,,,,1,0,1
720575940567044175,,,,,,,,,,1,0,1
720575940587065831,,,,,,,,,,2,0,1
720575940586959985,,,,,,,,,,2,0,1
720575940586959217,,,,,,,,,,1,0,1
720575940586957937,,,,,,,,,,1,0,1
720575940567048527,,,,,,,,,,1,0,1
720575940567044431,,,,,,,,,,1,0,1
720575940586955889,,,,,,,,,,1,0,1
720575940586955377,,,,,,,,,,1,0,1
720575940586954609,,,,,,,,,,1,0,1
720575940567045967,,,,,,,,,,1,0,1
720575940586954353,,,,,,,,,,1,0,1
720575940567039823,,,,,,,,,,1,0,1
720575940567039311,,,,,,,,,,1,0,1
720575940587128059,,,,,,,,,,1,0,1
720575940587129595,,,,,,,,,,1,0,1
720575940587131643,,,,,,,,,,5,0,1
720575940587137787,,,,,,,,,,4,0,1
720575940587138043,,,,,,,,,,1,0,1
720575940587138299,,,,,,,,,,1,0,1
720575940587138555,,,,,,,,,,1,0,1
720575940567035471,,,,,,,,,,1,0,1
720575940587140091,,,,,,,,,,1,0,1
720575940587140347,,,,,,,,,,2,0,1
720575940567031887,,,,,,,,,,1,0,1
720575940587140859,,,,,,,,,,1,0,1
720575940587143419,,,,,,,,,,1,0,1
720575940587337191,,,,,,,,,,3,0,1
720575940567031631,,,,,,,,,,1,0,1
720575940586953329,,,,,,,,,,1,0,1
720575940567049807,,,,,,,,,,1,0,1
720575940586311723,,,,,,,,,,1,0,1
720575940567501233,,,,,,,,,,1,0,1
720575940586374844,,,,,,,,,,1,0,1
720575940586374332,,,,,,,,,,1,0,1
720575940578912537,,,,,,,,,,1,0,1
720575940586366652,,,,,,,,,,2,0,1
720575940586363068,,,,,,,,,,1,0,1
720575940586322876,,,,,,,,,,4,0,1
720575940586322620,,,,,,,,,,2,0,1
720575940567054927,,,,,,,,,,1,0,1
720575940586320572,,,,,,,,,,3,0,1
720575940586316220,,,,,,,,,,5,0,1
720575940567502769,,,,,,,,,,1,0,1
720575940567849919,,,,,,,,,,2,0,1
720575940586313259,,,,,,,,,,1,0,1
720575940586311979,,,,,,,,,,1,0,1
720575940586578065,,,,,,,,,,5,0,1
720575940586944625,,,,,,,,,,6,0,1
720575940586946673,,,,,,,,,,2,0,1
720575940567492529,,,,,,,,,,1,0,1
720575940586947185,,,,,,,,,,1,0,1
720575940567484849,,,,,,,,,,2,1,1
720575940586947697,,,,,,,,,,1,0,1
720575940586948977,,,,,,,,,,1,0,1
720575940586949489,,,,,,,,,,1,0,1
720575940567472305,,,,,,,,,,1,0,1
720575940586949745,,,,,,,,,,1,0,1
720575940567467697,,,,,,,,,,1,0,1
720575940567464625,,,,,,,,,,1,0,1
720575940567464113,,,,,,,,,,1,0,1
720575940567462065,,,,,,,,,,3,1,1
720575940567456689,,,,,,,,,,2,0,1
720575940567451313,,,,,,,,,,1,0,1
720575940586193963,,,,,,,,,,5,0,1
720575940586193707,,,,,,,,,,1,0,1
720575940575699161,,,,,,,,,,1,0,1
720575940583881396,,,,,,,,,,1,0,1
720575940583886004,,,,,,,,,,2,0,1
720575940583883956,,,,,,,,,,1,0,1
720575940575294486,,,,,,,,,,2,0,1
720575940583883700,,,,,,,,,,1,0,1
720575940575295061,,,,,,,,,,1,0,1
720575940583881908,,,,,,,,,,1,0,1
720575940575295829,,,,,,,,,,1,0,1
720575940583866749,,,,,,,,,,1,0,1
720575940583877812,,,,,,,,,,1,0,1
720575940583872893,,,,,,,,,,1,0,1
720575940575297109,,,,,,,,,,2,0,1
720575940583872637,,,,,,,,,,1,0,1
720575940583869565,,,,,,,,,,1,0,1
720575940575297877,,,,,,,,,,1,0,1
720575940584142854,,,,,,,,,,1,0,1
720575940584668701,,,,,,,,,,2,0,1
720575940584797268,,,,,,,,,,1,0,1
720575940584799060,,,,,,,,,,1,0,1
720575940584912103,,,,,,,,,,4,0,1
720575940584915431,,,,,,,,,,2,0,1
720575940584916967,,,,,,,,,,1,0,1
720575940584917479,,,,,,,,,,1,0,1
720575940584919015,,,,,,,,,,1,0,1
720575940584921063,,,,,,,,,,1,0,1
720575940584928487,,,,,,,,,,3,0,1
720575940584930535,,,,,,,,,,1,0,1
720575940585261113,,,,,,,,,,2,0,1
720575940575186050,,,,,,,,,,1,2,1
720575940585266489,,,,,,,,,,2,0,1
720575940585273913,,,,,,,,,,1,0,1
720575940574669031,,,,,,,,,,1,0,1
720575940583867517,,,,,,,,,,1,0,1
720575940575298133,,,,,,,,,,1,0,1
720575940585290041,,,,,,,,,,1,0,1
720575940575695833,,,,,,,,,,2,0,1
720575940582942954,,,,,,,,,,1,0,1
720575940582942698,,,,,,,,,,1,0,1
720575940582919402,,,,,,,,,,5,2,1
720575940575694297,,,,,,,,,,1,0,1
720575940582910954,,,,,,,,,,3,0,1
720575940582909674,,,,,,,,,,2,15,1
720575940582903530,,,,,,,,,,1,0,1
720575940583864445,,,,,,,,,,2,0,1
720575940575696345,,,,,,,,,,1,0,1
720575940582900458,,,,,,,,,,1,0,1
720575940582895338,,,,,,,,,,1,0,1
720575940575698137,,,,,,,,,,1,0,1
720575940582886378,,,,,,,,,,1,0,1
720575940582885610,,,,,,,,,,1,0,1
720575940583257893,,,,,,,,,,2,0,1
720575940583557100,,,,,,,,,,2,0,1
720575940583557612,,,,,,,,,,3,0,1
720575940575477468,,,,,,,,,,1,0,1
720575940583559404,,,,,,,,,,1,0,1
720575940583560684,,,,,,,,,,1,0,1
720575940575466691,,,,,,,,,,1,0,1
720575940583658183,,,,,,,,,,3,0,1
720575940583687367,,,,,,,,,,2,0,1
720575940575465923,,,,,,,,,,1,0,1
720575940583697076,,,,,,,,,,1,0,1
720575940575464131,,,,,,,,,,1,0,1
720575940583702599,,,,,,,,,,1,0,1
720575940575300181,,,,,,,,,,1,0,1
720575940575299925,,,,,,,,,,2,0,1
720575940583762119,,,,,,,,,,3,0,1
720575940583855997,,,,,,,,,,3,41,1
720575940585279545,,,,,,,,,,3,0,1
720575940574602299,,,,,,,,,,5,0,1
720575940569833376,,,,,,,,,,1,0,1
720575940585875175,,,,,,,,,,1,0,1
720575940569877408,,,,,,,,,,1,0,1
720575940569882528,,,,,,,,,,1,1,1
720575940586016150,,,,,,,,,,1,0,1
720575940586006759,,,,,,,,,,3,0,1
720575940569885344,,,,,,,,,,1,0,1
720575940585927911,,,,,,,,,,1,0,1
720575940569885856,,,,,,,,,,1,0,1
720575940571198718,,,,,,,,,,1,0,1
720575940569895840,,,,,,,,,,3,0,1
720575940570055614,,,,,,,,,,2,0,1
720575940570105022,,,,,,,,,,6,0,1
720575940571185662,,,,,,,,,,1,0,1
720575940571195902,,,,,,,,,,1,0,1
720575940571196158,,,,,,,,,,3,0,1
720575940569876896,,,,,,,,,,1,0,1
720575940569873824,,,,,,,,,,1,0,1
720575940586181675,,,,,,,,,,2,0,1
720575940569868704,,,,,,,,,,1,0,1
720575940569868448,,,,,,,,,,1,0,1
720575940569860768,,,,,,,,,,1,0,1
720575940586185515,,,,,,,,,,7,0,1
720575940569853600,,,,,,,,,,1,0,1
720575940586189611,,,,,,,,,,1,0,1
720575940569849248,,,,,,,,,,1,0,1
720575940569845664,,,,,,,,,,2,0,1
720575940569840032,,,,,,,,,,1,0,1
720575940569839776,,,,,,,,,,1,0,1
720575940586191915,,,,,,,,,,1,0,1
720575940586192171,,,,,,,,,,1,0,1
720575940569839520,,,,,,,,,,1,0,1
720575940586192427,,,,,,,,,,1,0,1
720575940585874151,,,,,,,,,,1,0,1
720575940571202302,,,,,,,,,,1,0,1
720575940585635669,,,,,,,,,,7,1,1
720575940585865191,,,,,,,,,,1,0,1
720575940585866727,,,,,,,,,,1,0,1
720575940572455528,,,,,,,,,,1,0,1
720575940585866215,,,,,,,,,,1,0,1
720575940585865447,,,,,,,,,,1,0,1
720575940572457843,,,,,,,,,,1,0,1
720575940572458856,,,,,,,,,,3,0,1
720575940574573115,,,,,,,,,,1,0,1
720575940585873895,,,,,,,,,,1,0,1
720575940574592571,,,,,,,,,,1,5,1
720575940585862375,,,,,,,,,,2,3,1
720575940585862119,,,,,,,,,,3,0,1
720575940585859559,,,,,,,,,,8,0,1
720575940574602043,,,,,,,,,,1,0,1
720575940585858262,,,,,,,,,,4,0,1
720575940585867239,,,,,,,,,,1,0,1
720575940585867495,,,,,,,,,,1,0,1
720575940585867990,,,,,,,,,,3,0,1
720575940572453992,,,,,,,,,,1,0,1
720575940585868775,,,,,,,,,,1,0,1
720575940585869270,,,,,,,,,,4,0,1
720575940571871352,,,,,,,,,,2,0,1
720575940571865720,,,,,,,,,,2,0,1
720575940585870038,,,,,,,,,,3,0,1
720575940585870806,,,,,,,,,,1,0,1
720575940585871335,,,,,,,,,,1,0,1
720575940571838072,,,,,,,,,,4,0,1
720575940571600520,,,,,,,,,,2,0,1
720575940571600008,,,,,,,,,,1,0,1
720575940585871574,,,,,,,,,,1,0,1
720575940571597192,,,,,,,,,,2,0,1
720575940585872615,,,,,,,,,,1,0,1
720575940597223145,,,,,,,,,,10,0,1
720575940605728839,,,,,,,,,,4,0,1
720575940597224169,,,,,,,,,,1,0,1
720575940619823536,,,,,,,,,,669,0,1
720575940619481879,,,,,,,,,,17,0,1
720575940619376577,,,,,,,,,,820,0,1
720575940619357275,,,,,,,,,,396,0,1
720575940619290247,,,,,,,,,,1,0,1
720575940619154891,,,,,,,,,,358,0,1
720575940619092225,,,,,,,,,,1296,0,1
720575940618958109,,,,,,,,,,2064,0,1
720575940618931022,,,,,,,,,,1,0,1
720575940618888246,,,,,,,,,,1141,0,1
720575940618777583,,,,,,,,,,126,0,1
720575940618626345,,,,,,,,,,1,0,1
720575940618625833,,,,,,,,,,1,0,1
720575940618625577,,,,,,,,,,2,0,1
720575940618619689,,,,,,,,,,6,0,1
720575940618531881,,,,,,,,,,1,0,1
720575940618530345,,,,,,,,,,1,0,1
720575940618528809,,,,,,,,,,2,0,1
720575940619785492,,,,,,,,,,531,0,1
720575940619834965,,,,,,,,,,389,0,1
720575940618525993,,,,,,,,,,2,0,1
720575940619855696,,,,,,,,,,470,0,1
720575940620767487,,,,,,,,,,322,0,1
720575940620682934,,,,,,,,,,349,0,1
720575940620649717,,,,,,,,,,9,0,1
720575940620604405,,,,,,,,,,13,0,1
720575940620588653,,,,,,,,,,333,0,1
720575940620492373,,,,,,,,,,969,0,1
720575940620419317,,,,,,,,,,3,0,1
720575940620394689,,,,,,,,,,814,0,1
720575940620344837,,,,,,,,,,426,0,1
720575940620272832,,,,,,,,,,344,0,1
720575940620153876,,,,,,,,,,388,0,1
720575940620128414,,,,,,,,,,44,0,1
720575940620124143,,,,,,,,,,5581,0,1
720575940620032788,,,,,,,,,,653,0,1
720575940620027771,,,,,,,,,,89,0,1
720575940619967879,,,,,,,,,,313,0,1
720575940619928581,,,,,,,,,,408,0,1
720575940618527785,,,,,,,,,,1,0,1
720575940618525481,,,,,,,,,,1,0,1
720575940623475617,,,,,,,,,,0,0,1
720575940618321028,,,,,,,,,,2,0,1
720575940618286803,,,,,,,,,,1,0,1
720575940618281427,,,,,,,,,,2,0,1
720575940618280147,,,,,,,,,,2,0,1
720575940618194708,,,,,,,,,,447,0,1
720575940618148174,,,,,,,,,,10,0,1
720575940617976654,,,,,,,,,,1,0,1
720575940617974606,,,,,,,,,,1,0,1
720575940617974350,,,,,,,,,,1,0,1
720575940617973326,,,,,,,,,,3,0,1
720575940617932110,,,,,,,,,,9,0,1
720575940617916494,,,,,,,,,,1,0,1
720575940617910094,,,,,,,,,,1,0,1
720575940617909582,,,,,,,,,,1,0,1
720575940617909326,,,,,,,,,,1,0,1
720575940617908302,,,,,,,,,,2,0,1
720575940617907022,,,,,,,,,,9,0,1
720575940617904208,,,,,,,,,,2402,0,1
720575940618287059,,,,,,,,,,1,0,1
720575940618328531,,,,,,,,,,1,0,1
720575940618516521,,,,,,,,,,4,0,1
720575940618328787,,,,,,,,,,1,0,1
720575940618466745,,,,,,,,,,749,0,1
720575940618447002,,,,,,,,,,1,0,1
720575940618442906,,,,,,,,,,1,0,1
720575940618440346,,,,,,,,,,1,0,1
720575940618437786,,,,,,,,,,1,0,1
720575940618435994,,,,,,,,,,2,0,1
720575940618433690,,,,,,,,,,1,0,1
720575940618433434,,,,,,,,,,2,0,1
720575940618428314,,,,,,,,,,1,0,1
720575940618425754,,,,,,,,,,3,0,1
720575940618419610,,,,,,,,,,5,0,1
720575940618398533,,,,,,,,,,3698,0,1
720575940618387332,,,,,,,,,,6,0,1
720575940618381978,,,,,,,,,,20,0,1
720575940618337985,,,,,,,,,,302,0,1
720575940618329299,,,,,,,,,,1,0,1
720575940618329043,,,,,,,,,,1,0,1
720575940620790121,,,,,,,,,,1,0,1
720575940620791657,,,,,,,,,,1,0,1
720575940620793193,,,,,,,,,,4,0,1
720575940623045267,,,,,,,,,,0,0,1
720575940622996104,,,,,,,,,,0,0,1
720575940622979277,,,,,,,,,,0,0,1
720575940622976973,,,,,,,,,,0,0,1
720575940622944403,,,,,,,,,,0,0,1
720575940622894349,,,,,,,,,,0,0,1
720575940622867436,,,,,,,,,,0,0,1
720575940622844903,,,,,,,,,,0,0,1
720575940622828056,,,,,,,,,,0,0,1
720575940622748868,,,,,,,,,,0,0,1
720575940622694182,,,,,,,,,,0,0,1
720575940622666890,,,,,,,,,,0,0,1
720575940622587882,,,,,,,,,,0,0,1
720575940622505156,,,,,,,,,,0,0,1
720575940622462173,,,,,,,,,,0,0,1
720575940622343094,,,,,,,,,,0,0,1
720575940622303446,,,,,,,,,,0,0,1
720575940622294808,,,,,,,,,,0,0,1
720575940623009416,,,,,,,,,,0,0,1
720575940623067686,,,,,,,,,,0,0,1
720575940620795497,,,,,,,,,,1,0,1
720575940623068841,,,,,,,,,,0,0,1
720575940623470241,,,,,,,,,,0,0,1
720575940623468449,,,,,,,,,,0,0,1
720575940623464865,,,,,,,,,,0,0,1
720575940623464316,,,,,,,,,,0,0,1
720575940623358099,,,,,,,,,,0,0,1
720575940623256757,,,,,,,,,,0,0,1
720575940623239564,,,,,,,,,,0,0,1
720575940623230968,,,,,,,,,,0,0,1
720575940623225592,,,,,,,,,,0,0,1
720575940623218666,,,,,,,,,,0,0,1
720575940623205303,,,,,,,,,,0,0,1
720575940623191334,,,,,,,,,,0,0,1
720575940623162694,,,,,,,,,,0,0,1
720575940623154316,,,,,,,,,,0,0,1
720575940623152632,,,,,,,,,,0,0,1
720575940623138808,,,,,,,,,,0,0,1
720575940623116956,,,,,,,,,,0,0,1
720575940622219190,,,,,,,,,,0,0,1
720575940622182569,,,,,,,,,,0,0,1
720575940622148391,,,,,,,,,,0,0,1
720575940621973018,,,,,,,,,,0,0,1
720575940621457690,,,,,,,,,,7749,0,1
720575940621441897,,,,,,,,,,5,0,1
720575940621373052,,,,,,,,,,1896,0,1
720575940621252869,,,,,,,,,,543,0,1
720575940621230430,,,,,,,,,,372,0,1
720575940621179230,,,,,,,,,,337,0,1
720575940621121206,,,,,,,,,,403,0,1
720575940621072816,,,,,,,,,,695,0,1
720575940621030320,,,,,,,,,,1375,0,1
720575940621023041,,,,,,,,,,332,0,1
720575940621019457,,,,,,,,,,392,0,1
720575940620938150,,,,,,,,,,344,0,1
720575940620828009,,,,,,,,,,2,0,1
720575940620821353,,,,,,,,,,1,0,1
720575940620820073,,,,,,,,,,1,0,1
720575940620819561,,,,,,,,,,1,0,1
720575940620796777,,,,,,,,,,1,0,1
720575940621491696,,,,,,,,,,0,0,1
720575940621529980,,,,,,,,,,0,0,1
720575940621593077,,,,,,,,,,0,0,1
720575940621896785,,,,,,,,,,0,0,1
720575940621905489,,,,,,,,,,0,0,1
720575940621904721,,,,,,,,,,0,0,1
720575940621904465,,,,,,,,,,0,0,1
720575940621901137,,,,,,,,,,0,0,1
720575940621900113,,,,,,,,,,0,0,1
720575940621898065,,,,,,,,,,0,0,1
720575940621897809,,,,,,,,,,0,0,1
720575940621896017,,,,,,,,,,0,0,1
720575940621596661,,,,,,,,,,0,0,1
720575940621895505,,,,,,,,,,0,0,1
720575940621894737,,,,,,,,,,0,0,1
720575940621869649,,,,,,,,,,0,0,1
720575940621869393,,,,,,,,,,0,0,1
720575940621814049,,,,,,,,,,0,0,1
720575940621791356,,,,,,,,,,0,0,1
720575940621604853,,,,,,,,,,0,0,1
720575940617903438,,,,,,,,,,2,0,1
720575940617901646,,,,,,,,,,1,0,1
720575940617901569,,,,,,,,,,2676,0,1
720575940615806469,,,,,,,,,,3,0,1
720575940615783837,,,,,,,,,,357,0,1
720575940615780714,,,,,,,,,,812,0,1
720575940615771230,,,,,,,,,,1,0,1
720575940615770629,,,,,,,,,,7,0,1
720575940615767134,,,,,,,,,,1,0,1
720575940615760734,,,,,,,,,,1,0,1
720575940615752286,,,,,,,,,,3,0,1
720575940615741534,,,,,,,,,,1,0,1
720575940615725150,,,,,,,,,,1,0,1
720575940615724382,,,,,,,,,,1,0,1
720575940615648350,,,,,,,,,,2,0,1
720575940615612066,,,,,,,,,,3950,0,1
720575940615608414,,,,,,,,,,2,0,1
720575940615607390,,,,,,,,,,1,0,1
720575940615607134,,,,,,,,,,1,0,1
720575940615606622,,,,,,,,,,1,0,1
720575940615593310,,,,,,,,,,9,0,1
720575940615805701,,,,,,,,,,7,0,1
720575940615810053,,,,,,,,,,2,0,1
720575940616029164,,,,,,,,,,9,0,1
720575940615810586,,,,,,,,,,2,0,1
720575940615953202,,,,,,,,,,7774,0,1
720575940615876294,,,,,,,,,,475,0,1
720575940615822597,,,,,,,,,,1,0,1
720575940615821829,,,,,,,,,,1,0,1
720575940615819013,,,,,,,,,,1,0,1
720575940615817989,,,,,,,,,,1,0,1
720575940615817221,,,,,,,,,,1,0,1
720575940615816965,,,,,,,,,,2,0,1
720575940615816197,,,,,,,,,,1,0,1
720575940615814917,,,,,,,,,,3,0,1
720575940615814661,,,,,,,,,,1,0,1
720575940615814149,,,,,,,,,,1,0,1
720575940615813637,,,,,,,,,,1,0,1
720575940615812357,,,,,,,,,,2,0,1
720575940615811845,,,,,,,,,,5,0,1
720575940615811333,,,,,,,,,,1,0,1
720575940615811077,,,,,,,,,,1,0,1
720575940615556190,,,,,,,,,,5,0,1
720575940615507641,,,,,,,,,,270,0,1
720575940615491702,,,,,,,,,,8,0,1
720575940615455318,,,,,,,,,,754,0,1
720575940615203984,,,,,,,,,,2,0,1
720575940615196063,,,,,,,,,,471,0,1
720575940615145616,,,,,,,,,,1,0,1
720575940615143312,,,,,,,,,,1,0,1
720575940615140661,,,,,,,,,,21,0,1
720575940615133237,,,,,,,,,,6,0,1
720575940615132469,,,,,,,,,,4,0,1
720575940615112245,,,,,,,,,,2,0,1
720575940615108405,,,,,,,,,,2,0,1
720575940615108149,,,,,,,,,,5,0,1
720575940615097653,,,,,,,,,,1,0,1
720575940615019231,,,,,,,,,,454,0,1
720575940614957162,,,,,,,,,,944,0,1
720575940614817117,,,,,,,,,,959,0,1
720575940614813526,,,,,,,,,,268,0,1
720575940614811222,,,,,,,,,,429,0,1
720575940614756589,,,,,,,,,,3835,0,1
720575940615209104,,,,,,,,,,2,0,1
720575940615210975,,,,,,,,,,2272,0,1
720575940615211664,,,,,,,,,,3,0,1
720575940615299934,,,,,,,,,,10,0,1
720575940615386324,,,,,,,,,,396,0,1
720575940615379440,,,,,,,,,,31,0,1
720575940615349086,,,,,,,,,,8,0,1
720575940615307102,,,,,,,,,,4,0,1
720575940615306078,,,,,,,,,,21,0,1
720575940615303404,,,,,,,,,,2,0,1
720575940615301982,,,,,,,,,,14,0,1
720575940615298398,,,,,,,,,,6,0,1
720575940615213456,,,,,,,,,,2,0,1
720575940615290718,,,,,,,,,,1,0,1
720575940615280478,,,,,,,,,,60,0,1
720575940615250668,,,,,,,,,,3,0,1
720575940615246316,,,,,,,,,,2,0,1
720575940615218832,,,,,,,,,,2,0,1
720575940615218320,,,,,,,,,,4,0,1
720575940615215760,,,,,,,,,,2,0,1
720575940616027116,,,,,,,,,,1,0,1
720575940616126913,,,,,,,,,,4,0,1
720575940617901390,,,,,,,,,,1,0,1
720575940617878606,,,,,,,,,,1,0,1
720575940617838926,,,,,,,,,,2,0,1
720575940617838670,,,,,,,,,,1,0,1
720575940617837902,,,,,,,,,,2,0,1
720575940617807517,,,,,,,,,,348,0,1
720575940617802433,,,,,,,,,,2,0,1
720575940617798593,,,,,,,,,,1,0,1
720575940617798081,,,,,,,,,,1,0,1
720575940617795777,,,,,,,,,,2,0,1
720575940617788097,,,,,,,,,,1,0,1
720575940617731918,,,,,,,,,,2,0,1
720575940617731150,,,,,,,,,,2,0,1
720575940617730126,,,,,,,,,,2,0,1
720575940617727822,,,,,,,,,,5,0,1
720575940617727566,,,,,,,,,,1,0,1
720575940617721166,,,,,,,,,,3,0,1
720575940617720577,,,,,,,,,,3365,0,1
720575940617720398,,,,,,,,,,1,0,1
720575940617839182,,,,,,,,,,2,0,1
720575940617878862,,,,,,,,,,6,0,1
720575940616314604,,,,,,,,,,1,0,1
720575940617881678,,,,,,,,,,3,0,1
720575940617901134,,,,,,,,,,1,0,1
720575940617900110,,,,,,,,,,2,0,1
720575940617899598,,,,,,,,,,1,0,1
720575940617899342,,,,,,,,,,1,0,1
720575940617898318,,,,,,,,,,2,0,1
720575940617897550,,,,,,,,,,1,0,1
720575940617896270,,,,,,,,,,1,0,1
720575940617894478,,,,,,,,,,1,0,1
720575940617892686,,,,,,,,,,1,0,1
720575940617891918,,,,,,,,,,1,0,1
720575940617891150,,,,,,,,,,1,0,1
720575940617890894,,,,,,,,,,1,0,1
720575940617890638,,,,,,,,,,2,0,1
720575940617888846,,,,,,,,,,1,0,1
720575940617885774,,,,,,,,,,3,0,1
720575940617885262,,,,,,,,,,2,0,1
720575940617882958,,,,,,,,,,3,0,1
720575940617719886,,,,,,,,,,2,0,1
720575940617718350,,,,,,,,,,1,0,1
720575940617718094,,,,,,,,,,2,0,1
720575940617717070,,,,,,,,,,1,0,1
720575940616655182,,,,,,,,,,1,0,1
720575940616654670,,,,,,,,,,2,0,1
720575940616654414,,,,,,,,,,2,0,1
720575940616654158,,,,,,,,,,1,0,1
720575940616653902,,,,,,,,,,2,0,1
720575940616652110,,,,,,,,,,2,0,1
720575940616651086,,,,,,,,,,1,0,1
720575940616643924,,,,,,,,,,381,0,1
720575940616631315,,,,,,,,,,3,0,1
720575940616575557,,,,,,,,,,1834,0,1
720575940616569227,,,,,,,,,,381,0,1
720575940616523430,,,,,,,,,,1,0,1
720575940616523174,,,,,,,,,,1,0,1
720575940616520870,,,,,,,,,,1,0,1
720575940616504389,,,,,,,,,,388,0,1
720575940616421161,,,,,,,,,,7,0,1
720575940616316396,,,,,,,,,,3,0,1
720575940616694862,,,,,,,,,,1,0,1
720575940616717390,,,,,,,,,,1,0,1
720575940616756558,,,,,,,,,,11,0,1
720575940617374493,,,,,,,,,,583,0,1
720575940617712974,,,,,,,,,,7,0,1
720575940617683393,,,,,,,,,,11,0,1
720575940617630182,,,,,,,,,,668,0,1
720575940617553809,,,,,,,,,,641,0,1
720575940617533262,,,,,,,,,,4,0,1
720575940617493078,,,,,,,,,,1812,0,1
720575940617427713,,,,,,,,,,396,0,1
720575940617293268,,,,,,,,,,273,0,1
720575940616757326,,,,,,,,,,7,0,1
720575940617236155,,,,,,,,,,3,0,1
720575940617176413,,,,,,,,,,400,0,1
720575940617078489,,,,,,,,,,802,0,1
720575940616973317,,,,,,,,,,5,0,1
720575940616934917,,,,,,,,,,5,0,1
720575940616758862,,,,,,,,,,2,0,1
720575940616758094,,,,,,,,,,1,0,1
720575940623471265,,,,,,,,,,0,0,1
720575940623484833,,,,,,,,,,0,0,1
720575940597260265,,,,,,,,,,1,0,1
720575940635540020,,,,,,,,,,0,0,1
720575940635538740,,,,,,,,,,0,0,1
720575940635534388,,,,,,,,,,0,0,1
720575940635525940,,,,,,,,,,0,0,1
720575940635452408,,,,,,,,,,0,0,1
720575940634982947,,,,,,,,,,0,0,1
720575940634937951,,,,,,,,,,0,0,1
720575940634908863,,,,,,,,,,0,0,1
720575940634831295,,,,,,,,,,0,0,1
720575940634813552,,,,,,,,,,0,0,1
720575940634807450,,,,,,,,,,0,0,1
720575940634708705,,,,,,,,,,0,0,1
720575940634677678,,,,,,,,,,0,0,1
720575940634591072,,,,,,,,,,0,0,1
720575940634464352,,,,,,,,,,0,0,1
720575940634280064,,,,,,,,,,0,0,1
720575940634274458,,,,,,,,,,0,0,1
720575940634274432,,,,,,,,,,0,0,1
720575940635538996,,,,,,,,,,0,0,1
720575940635546932,,,,,,,,,,0,0,1
720575940634149832,,,,,,,,,,0,0,1
720575940635559732,,,,,,,,,,0,0,1
720575940636218147,,,,,,,,,,0,0,1
720575940636113443,,,,,,,,,,0,0,1
720575940636113187,,,,,,,,,,0,0,1
720575940636112931,,,,,,,,,,0,0,1
720575940636112675,,,,,,,,,,0,0,1
720575940636111139,,,,,,,,,,0,0,1
720575940636104739,,,,,,,,,,0,0,1
720575940636101411,,,,,,,,,,0,0,1
720575940635921011,,,,,,,,,,0,0,1
720575940635884911,,,,,,,,,,0,0,1
720575940635803876,,,,,,,,,,0,0,1
720575940635622039,,,,,,,,,,0,0,1
720575940635563316,,,,,,,,,,0,0,1
720575940635562548,,,,,,,,,,0,0,1
720575940635562292,,,,,,,,,,0,0,1
720575940635561012,,,,,,,,,,0,0,1
720575940635559988,,,,,,,,,,0,0,1
720575940634150784,,,,,,,,,,0,0,1
720575940633871304,,,,,,,,,,0,0,1
720575940623513046,,,,,,,,,,0,0,1
720575940633112960,,,,,,,,,,0,0,1
720575940633076909,,,,,,,,,,0,0,1
720575940632943277,,,,,,,,,,0,0,1
720575940632755912,,,,,,,,,,0,0,1
720575940632712648,,,,,,,,,,0,0,1
720575940632656941,,,,,,,,,,0,0,1
720575940632493000,,,,,,,,,,0,0,1
720575940632490440,,,,,,,,,,0,0,1
720575940632434340,,,,,,,,,,0,0,1
720575940632417554,,,,,,,,,,0,0,1
720575940632372511,,,,,,,,,,0,0,1
720575940632192676,,,,,,,,,,0,0,1
720575940632115247,,,,,,,,,,0,0,1
720575940632108615,,,,,,,,,,0,0,1
720575940631848791,,,,,,,,,,0,0,1
720575940631808569,,,,,,,,,,0,0,1
720575940631743043,,,,,,,,,,0,0,1
720575940631654471,,,,,,,,,,0,0,1
720575940633111424,,,,,,,,,,0,0,1
720575940633116288,,,,,,,,,,0,0,1
720575940633871048,,,,,,,,,,0,0,1
720575940633117568,,,,,,,,,,0,0,1
720575940633825561,,,,,,,,,,0,0,1
720575940633823872,,,,,,,,,,0,0,1
720575940633823021,,,,,,,,,,0,0,1
720575940633605576,,,,,,,,,,0,0,1
720575940633605064,,,,,,,,,,0,0,1
720575940633604040,,,,,,,,,,0,0,1
720575940633591752,,,,,,,,,,0,0,1
720575940633580024,,,,,,,,,,0,0,1
720575940633557924,,,,,,,,,,0,0,1
720575940633528801,,,,,,,,,,0,0,1
720575940633212779,,,,,,,,,,0,0,1
720575940633149312,,,,,,,,,,0,0,1
720575940633123609,,,,,,,,,,0,0,1
720575940633119360,,,,,,,,,,0,0,1
720575940633119104,,,,,,,,,,0,0,1
720575940633118336,,,,,,,,,,0,0,1
720575940633117824,,,,,,,,,,0,0,1
720575940636335723,,,,,,,,,,0,0,1
720575940636364133,,,,,,,,,,0,0,1
720575940636521646,,,,,,,,,,0,0,1
720575940643365924,,,,,,,,,,0,0,1
720575940641293301,,,,,,,,,,0,0,1
720575940641130997,,,,,,,,,,0,0,1
720575940640634787,,,,,,,,,,0,0,1
720575940640039040,,,,,,,,,,0,0,1
720575940639684696,,,,,,,,,,0,0,1
720575940639626310,,,,,,,,,,0,0,1
720575940639625533,,,,,,,,,,0,0,1
720575940639534451,,,,,,,,,,0,0,1
720575940639257077,,,,,,,,,,0,0,1
720575940638960547,,,,,,,,,,0,0,1
720575940638937688,,,,,,,,,,0,0,1
720575940638712867,,,,,,,,,,0,0,1
720575940638712611,,,,,,,,,,0,0,1
720575940638712355,,,,,,,,,,0,0,1
720575940638711843,,,,,,,,,,0,0,1
720575940638710819,,,,,,,,,,0,0,1
720575940638710051,,,,,,,,,,0,0,1
720575940642506459,,,,,,,,,,0,0,1
720575940643455255,,,,,,,,,,0,0,1
720575940636940144,,,,,,,,,,0,0,1
720575940643576224,,,,,,,,,,0,0,1
720575940658674049,,,,,,,,,,0,0,1
720575940654856353,,,,,,,,,,0,0,1
720575940654810785,,,,,,,,,,0,0,1
720575940652214262,,,,,,,,,,0,0,1
720575940651713782,,,,,,,,,,0,0,1
720575940651229430,,,,,,,,,,0,0,1
720575940649675897,,,,,,,,,,0,0,1
720575940649649785,,,,,,,,,,0,0,1
720575940649536377,,,,,,,,,,0,0,1
720575940645601572,,,,,,,,,,0,0,1
720575940644759319,,,,,,,,,,0,0,1
720575940644674851,,,,,,,,,,0,0,1
720575940644375575,,,,,,,,,,0,0,1
720575940644086295,,,,,,,,,,0,0,1
720575940643950190,,,,,,,,,,0,0,1
720575940643941832,,,,,,,,,,0,0,1
720575940643789860,,,,,,,,,,0,0,1
720575940638709283,,,,,,,,,,0,0,1
720575940638708515,,,,,,,,,,0,0,1
720575940638707747,,,,,,,,,,0,0,1
720575940638583869,,,,,,,,,,0,0,1
720575940637831715,,,,,,,,,,0,0,1
720575940637828643,,,,,,,,,,0,0,1
720575940637826339,,,,,,,,,,0,0,1
720575940637825827,,,,,,,,,,0,0,1
720575940637825059,,,,,,,,,,0,0,1
720575940637824547,,,,,,,,,,0,0,1
720575940637823779,,,,,,,,,,0,0,1
720575940637822755,,,,,,,,,,0,0,1
720575940637822499,,,,,,,,,,0,0,1
720575940637821987,,,,,,,,,,0,0,1
720575940637821475,,,,,,,,,,0,0,1
720575940637795363,,,,,,,,,,0,0,1
720575940637731674,,,,,,,,,,0,0,1
720575940637539647,,,,,,,,,,0,0,1
720575940637446622,,,,,,,,,,0,0,1
720575940637339738,,,,,,,,,,0,0,1
720575940637080611,,,,,,,,,,0,0,1
720575940637833507,,,,,,,,,,0,0,1
720575940637835043,,,,,,,,,,0,0,1
720575940637835299,,,,,,,,,,0,0,1
720575940637849151,,,,,,,,,,0,0,1
720575940638482421,,,,,,,,,,0,0,1
720575940638430686,,,,,,,,,,0,0,1
720575940638414371,,,,,,,,,,0,0,1
720575940638013759,,,,,,,,,,0,0,1
720575940637967194,,,,,,,,,,0,0,1
720575940637954532,,,,,,,,,,0,0,1
720575940637902938,,,,,,,,,,0,0,1
720575940637847273,,,,,,,,,,0,0,1
720575940637835555,,,,,,,,,,0,0,1
720575940637842467,,,,,,,,,,0,0,1
720575940637840419,,,,,,,,,,0,0,1
720575940637837887,,,,,,,,,,0,0,1
720575940637836835,,,,,,,,,,0,0,1
720575940637836323,,,,,,,,,,0,0,1
720575940637836067,,,,,,,,,,0,0,1
720575940637835811,,,,,,,,,,0,0,1
720575940631633892,,,,,,,,,,0,0,1
720575940631594809,,,,,,,,,,0,0,1
720575940631577901,,,,,,,,,,0,0,1
720575940626307468,,,,,,,,,,0,0,1
720575940626263778,,,,,,,,,,0,0,1
720575940626251490,,,,,,,,,,0,0,1
720575940626249186,,,,,,,,,,0,0,1
720575940626248162,,,,,,,,,,0,0,1
720575940626247394,,,,,,,,,,0,0,1
720575940626242786,,,,,,,,,,0,0,1
720575940626242274,,,,,,,,,,0,0,1
720575940626240226,,,,,,,,,,0,0,1
720575940626235618,,,,,,,,,,0,0,1
720575940626235106,,,,,,,,,,0,0,1
720575940626231778,,,,,,,,,,0,0,1
720575940626231010,,,,,,,,,,0,0,1
720575940626229730,,,,,,,,,,0,0,1
720575940626228962,,,,,,,,,,0,0,1
720575940626228706,,,,,,,,,,0,0,1
720575940626148554,,,,,,,,,,0,0,1
720575940626112062,,,,,,,,,,0,0,1
720575940626294397,,,,,,,,,,0,0,1
720575940626321482,,,,,,,,,,0,0,1
720575940627443528,,,,,,,,,,0,0,1
720575940626505612,,,,,,,,,,0,0,1
720575940627312104,,,,,,,,,,0,0,1
720575940627285132,,,,,,,,,,0,0,1
720575940627278732,,,,,,,,,,0,0,1
720575940627264488,,,,,,,,,,0,0,1
720575940627113235,,,,,,,,,,0,0,1
720575940627109202,,,,,,,,,,0,0,1
720575940627098679,,,,,,,,,,0,0,1
720575940626994453,,,,,,,,,,0,0,1
720575940626953063,,,,,,,,,,0,0,1
720575940626912021,,,,,,,,,,0,0,1
720575940626864414,,,,,,,,,,0,0,1
720575940626802572,,,,,,,,,,0,0,1
720575940626785420,,,,,,,,,,0,0,1
720575940626782348,,,,,,,,,,0,0,1
720575940626710924,,,,,,,,,,0,0,1
720575940626694028,,,,,,,,,,0,0,1
720575940626637128,,,,,,,,,,0,0,1
720575940626005132,,,,,,,,,,0,0,1
720575940625967546,,,,,,,,,,0,0,1
720575940625962172,,,,,,,,,,0,0,1
720575940625860750,,,,,,,,,,0,0,1
720575940624636930,,,,,,,,,,0,0,1
720575940624609101,,,,,,,,,,0,0,1
720575940624561039,,,,,,,,,,0,0,1
720575940624383892,,,,,,,,,,0,0,1
720575940624317419,,,,,,,,,,0,0,1
720575940624206728,,,,,,,,,,0,0,1
720575940624158352,,,,,,,,,,0,0,1
720575940624130253,,,,,,,,,,0,0,1
720575940624055614,,,,,,,,,,0,0,1
720575940624030856,,,,,,,,,,0,0,1
720575940623947500,,,,,,,,,,0,0,1
720575940623946988,,,,,,,,,,0,0,1
720575940623840392,,,,,,,,,,0,0,1
720575940623822261,,,,,,,,,,0,0,1
720575940623748615,,,,,,,,,,0,0,1
720575940623677975,,,,,,,,,,0,0,1
720575940623571644,,,,,,,,,,0,0,1
720575940624638396,,,,,,,,,,0,0,1
720575940624753545,,,,,,,,,,0,0,1
720575940624952719,,,,,,,,,,0,0,1
720575940625480076,,,,,,,,,,0,0,1
720575940625792654,,,,,,,,,,0,0,1
720575940625787536,,,,,,,,,,0,0,1
720575940625754389,,,,,,,,,,0,0,1
720575940625600396,,,,,,,,,,0,0,1
720575940625534986,,,,,,,,,,0,0,1
720575940625527396,,,,,,,,,,0,0,1
720575940625497488,,,,,,,,,,0,0,1
720575940625467788,,,,,,,,,,0,0,1
720575940624981647,,,,,,,,,,0,0,1
720575940625360670,,,,,,,,,,0,0,1
720575940625343550,,,,,,,,,,0,0,1
720575940625292606,,,,,,,,,,0,0,1
720575940625289545,,,,,,,,,,0,0,1
720575940625203277,,,,,,,,,,0,0,1
720575940625051319,,,,,,,,,,0,0,1
720575940625044784,,,,,,,,,,0,0,1
720575940627433288,,,,,,,,,,0,0,1
720575940627457795,,,,,,,,,,0,0,1
720575940631576903,,,,,,,,,,0,0,1
720575940630039155,,,,,,,,,,0,0,1
720575940629949312,,,,,,,,,,0,0,1
720575940629947964,,,,,,,,,,0,0,1
720575940629947520,,,,,,,,,,0,0,1
720575940629944192,,,,,,,,,,0,0,1
720575940629923456,,,,,,,,,,0,0,1
720575940629921398,,,,,,,,,,0,0,1
720575940629867904,,,,,,,,,,0,0,1
720575940629793408,,,,,,,,,,0,0,1
720575940629759714,,,,,,,,,,0,0,1
720575940629736162,,,,,,,,,,0,0,1
720575940629730263,,,,,,,,,,0,0,1
720575940629724354,,,,,,,,,,0,0,1
720575940629670272,,,,,,,,,,0,0,1
720575940629616243,,,,,,,,,,0,0,1
720575940629615731,,,,,,,,,,0,0,1
720575940629609843,,,,,,,,,,0,0,1
720575940629609331,,,,,,,,,,0,0,1
720575940629956480,,,,,,,,,,0,0,1
720575940630046287,,,,,,,,,,0,0,1
720575940627499453,,,,,,,,,,0,0,1
720575940630047080,,,,,,,,,,0,0,1
720575940631511436,,,,,,,,,,0,0,1
720575940631420483,,,,,,,,,,0,0,1
720575940631383780,,,,,,,,,,0,0,1
720575940631142956,,,,,,,,,,0,0,1
720575940631127340,,,,,,,,,,0,0,1
720575940630794703,,,,,,,,,,0,0,1
720575940630767959,,,,,,,,,,0,0,1
720575940630743597,,,,,,,,,,0,0,1
720575940630659535,,,,,,,,,,0,0,1
720575940630598395,,,,,,,,,,0,0,1
720575940630506358,,,,,,,,,,0,0,1
720575940630505100,,,,,,,,,,0,0,1
720575940630407163,,,,,,,,,,0,0,1
720575940630355537,,,,,,,,,,0,0,1
720575940630057331,,,,,,,,,,0,0,1
720575940630055539,,,,,,,,,,0,0,1
720575940630053491,,,,,,,,,,0,0,1
720575940629609075,,,,,,,,,,0,0,1
720575940629591923,,,,,,,,,,0,0,1
720575940629560305,,,,,,,,,,0,0,1
720575940629547991,,,,,,,,,,0,0,1
720575940628444410,,,,,,,,,,0,0,1
720575940628415079,,,,,,,,,,0,0,1
720575940628360506,,,,,,,,,,0,0,1
720575940628306075,,,,,,,,,,0,0,1
720575940628266892,,,,,,,,,,0,0,1
720575940628161164,,,,,,,,,,0,0,1
720575940628018318,,,,,,,,,,0,0,1
720575940628016270,,,,,,,,,,0,0,1
720575940628013710,,,,,,,,,,0,0,1
720575940627970503,,,,,,,,,,0,0,1
720575940627799180,,,,,,,,,,0,0,1
720575940627785305,,,,,,,,,,0,0,1
720575940627594568,,,,,,,,,,0,0,1
720575940627585286,,,,,,,,,,0,0,1
720575940627579532,,,,,,,,,,0,0,1
720575940627561854,,,,,,,,,,0,0,1
720575940627503805,,,,,,,,,,0,0,1
720575940628453690,,,,,,,,,,0,0,1
720575940628526636,,,,,,,,,,0,0,1
720575940628695043,,,,,,,,,,0,0,1
720575940629162693,,,,,,,,,,0,0,1
720575940629545027,,,,,,,,,,0,0,1
720575940629536894,,,,,,,,,,0,0,1
720575940629502470,,,,,,,,,,0,0,1
720575940629450622,,,,,,,,,,0,0,1
720575940629450106,,,,,,,,,,0,0,1
720575940629188087,,,,,,,,,,0,0,1
720575940629176119,,,,,,,,,,0,0,1
720575940629000603,,,,,,,,,,0,0,1
720575940628697538,,,,,,,,,,0,0,1
720575940628975482,,,,,,,,,,0,0,1
720575940628868943,,,,,,,,,,0,0,1
720575940628836412,,,,,,,,,,0,0,1
720575940628808420,,,,,,,,,,0,0,1
720575940628808164,,,,,,,,,,0,0,1
720575940628773675,,,,,,,,,,0,0,1
720575940628735275,,,,,,,,,,0,0,1
720575940614714262,,,,,,,,,,1485,6553,1
720575940614686003,,,,,,,,,,341,1098,1
720575940614595582,,,,,,,,,,6471,19264,1
720575940603939582,,,,,,,,,,1,0,1
720575940603936766,,,,,,,,,,2,0,1
720575940603934974,,,,,,,,,,6,0,1
720575940603812606,,,,,,,,,,8,5,1
720575940603807998,,,,,,,,,,3,2,1
720575940603795510,,,,,,,,,,4,0,1
720575940603795254,,,,,,,,,,4,0,1
720575940603794998,,,,,,,,,,1,0,1
720575940603786734,,,,,,,,,,1,0,1
720575940603731694,,,,,,,,,,3,0,1
720575940603726830,,,,,,,,,,1,0,1
720575940603724526,,,,,,,,,,1,0,1
720575940603724014,,,,,,,,,,1,0,1
720575940603722734,,,,,,,,,,1,0,1
720575940603721454,,,,,,,,,,1,0,1
720575940603585606,,,,,,,,,,2,0,1
720575940603584070,,,,,,,,,,1,0,1
720575940603580782,,,,,,,,,,3,0,1
720575940603937790,,,,,,,,,,2,0,1
720575940604021425,,,,,,,,,,368,1524,1
720575940603536467,,,,,,,,,,1,0,1
720575940604126129,,,,,,,,,,379,371,1
720575940604497434,,,,,,,,,,3,0,1
720575940604497178,,,,,,,,,,1,0,1
720575940604496154,,,,,,,,,,2,0,1
720575940604495898,,,,,,,,,,2,0,1
720575940604493338,,,,,,,,,,2,0,1
720575940604489754,,,,,,,,,,3,0,1
720575940604460014,,,,,,,,,,1,0,1
720575940604451505,,,,,,,,,,3897,2855,1
720575940604446958,,,,,,,,,,3,0,1
720575940604379374,,,,,,,,,,2,0,1
720575940604356334,,,,,,,,,,2,0,1
720575940604272878,,,,,,,,,,1,0,1
720575940604231678,,,,,,,,,,7,0,1
720575940604231645,,,,,,,,,,9,66,1
720575940604183294,,,,,,,,,,5,5,1
720575940604155118,,,,,,,,,,1,0,1
720575940604154350,,,,,,,,,,1,0,1
720575940603542099,,,,,,,,,,1,0,1
720575940603331894,,,,,,,,,,1,0,1
720575940614581410,,,,,,,,,,5079,6347,1
720575940603122254,,,,,,,,,,2,0,1
720575940603108406,,,,,,,,,,1,0,1
720575940603102774,,,,,,,,,,5,1,1
720575940603092022,,,,,,,,,,6,0,1
720575940603089974,,,,,,,,,,2,0,1
720575940603088438,,,,,,,,,,1,0,1
720575940603083574,,,,,,,,,,4,0,1
720575940603079734,,,,,,,,,,4,0,1
720575940603070006,,,,,,,,,,2,0,1
720575940603068726,,,,,,,,,,4,0,1
720575940603067702,,,,,,,,,,2,0,1
720575940603059766,,,,,,,,,,11,0,1
720575940603055926,,,,,,,,,,8,0,1
720575940603050448,,,,,,,,,,2,0,1
720575940602940112,,,,,,,,,,2,0,1
720575940602920225,,,,,,,,,,7,0,1
720575940602886454,,,,,,,,,,1,0,1
720575940602642736,,,,,,,,,,6,4,1
720575940603121998,,,,,,,,,,2,0,1
720575940603124046,,,,,,,,,,2,0,1
720575940603331638,,,,,,,,,,3,0,1
720575940603129678,,,,,,,,,,1,0,1
720575940603331382,,,,,,,,,,1,0,1
720575940603329846,,,,,,,,,,2,0,1
720575940603327542,,,,,,,,,,1,0,1
720575940603326262,,,,,,,,,,1,0,1
720575940603325750,,,,,,,,,,2,0,1
720575940603325238,,,,,,,,,,1,0,1
720575940603324726,,,,,,,,,,1,0,1
720575940603310646,,,,,,,,,,1,0,1
720575940603169590,,,,,,,,,,4,0,1
720575940603138638,,,,,,,,,,2,0,1
720575940603136846,,,,,,,,,,1,0,1
720575940603136334,,,,,,,,,,2,0,1
720575940603136078,,,,,,,,,,2,0,1
720575940603133774,,,,,,,,,,1,0,1
720575940603133518,,,,,,,,,,1,0,1
720575940603131470,,,,,,,,,,1,0,1
720575940603131214,,,,,,,,,,1,0,1
720575940604497902,,,,,,,,,,2,0,1
720575940604498414,,,,,,,,,,1,0,1
720575940604498458,,,,,,,,,,1,0,1
720575940606130772,,,,,,,,,,2,0,1
720575940606127700,,,,,,,,,,1,0,1
720575940606127444,,,,,,,,,,1,0,1
720575940606126932,,,,,,,,,,1,0,1
720575940606124372,,,,,,,,,,1,0,1
720575940606122324,,,,,,,,,,5,0,1
720575940606119508,,,,,,,,,,3,0,1
720575940606076500,,,,,,,,,,2,0,1
720575940606039636,,,,,,,,,,2,0,1
720575940606030571,,,,,,,,,,6,17,1
720575940605964628,,,,,,,,,,7,0,1
720575940605837875,,,,,,,,,,4,0,1
720575940605836595,,,,,,,,,,1,0,1
720575940605829204,,,,,,,,,,1,0,1
720575940605823060,,,,,,,,,,1,0,1
720575940605774420,,,,,,,,,,31,6,1
720575940562016299,,,,,,,,,,1,0,1
720575940605705556,,,,,,,,,,3,0,1
720575940606128724,,,,,,,,,,3,0,1
720575940606145620,,,,,,,,,,1,0,1
720575940604500974,,,,,,,,,,1,0,1
720575940606147924,,,,,,,,,,1,0,1
720575940606765726,,,,,,,,,,2,0,1
720575940606735262,,,,,,,,,,12,6,1
720575940606628274,,,,,,,,,,547,1240,1
720575940606598089,,,,,,,,,,576,312,1
720575940606477660,,,,,,,,,,324,348,1
720575940606453076,,,,,,,,,,1,0,1
720575940606449748,,,,,,,,,,2,0,1
720575940606444884,,,,,,,,,,2,0,1
720575940606427220,,,,,,,,,,1,0,1
720575940606426452,,,,,,,,,,9,2,1
720575940606418004,,,,,,,,,,7,0,1
720575940606401620,,,,,,,,,,3,0,1
720575940606399068,,,,,,,,,,405,465,1
720575940606151252,,,,,,,,,,1,0,1
720575940606150228,,,,,,,,,,1,0,1
720575940606149460,,,,,,,,,,1,0,1
720575940606148436,,,,,,,,,,2,0,1
720575940605697620,,,,,,,,,,4,0,1
720575940605618772,,,,,,,,,,4,0,1
720575940605614932,,,,,,,,,,2,0,1
720575940605611604,,,,,,,,,,1,0,1
720575940605374433,,,,,,,,,,6,0,1
720575940605346388,,,,,,,,,,4,0,1
720575940605331284,,,,,,,,,,1,0,1
720575940605330004,,,,,,,,,,3,0,1
720575940605329492,,,,,,,,,,2,0,1
720575940605328468,,,,,,,,,,1,0,1
720575940605325396,,,,,,,,,,1,0,1
720575940605317204,,,,,,,,,,5,1,1
720575940605280201,,,,,,,,,,640,557,1
720575940605194036,,,,,,,,,,2,0,1
720575940605147167,,,,,,,,,,4,2,1
720575940605146143,,,,,,,,,,4,0,1
720575940605022642,,,,,,,,,,423,107,1
720575940604753254,,,,,,,,,,707,2538,1
720575940604505838,,,,,,,,,,3,0,1
720575940604504090,,,,,,,,,,1,0,1
720575940604503834,,,,,,,,,,2,0,1
720575940605418209,,,,,,,,,,5,0,1
720575940605422817,,,,,,,,,,5,0,1
720575940605427028,,,,,,,,,,1,0,1
720575940605591678,,,,,,,,,,1,0,1
720575940605611348,,,,,,,,,,1,0,1
720575940605611092,,,,,,,,,,1,0,1
720575940605608532,,,,,,,,,,7,0,1
720575940605608020,,,,,,,,,,1,0,1
720575940605605716,,,,,,,,,,3,0,1
720575940605602942,,,,,,,,,,1,0,1
720575940605594494,,,,,,,,,,1,0,1
720575940605587070,,,,,,,,,,1,0,1
720575940605428193,,,,,,,,,,2,0,1
720575940605566334,,,,,,,,,,13,2,1
720575940605455851,,,,,,,,,,9,0,1
720575940605432801,,,,,,,,,,1,0,1
720575940605430612,,,,,,,,,,1,0,1
720575940605430100,,,,,,,,,,1,0,1
720575940605429588,,,,,,,,,,1,0,1
720575940605428820,,,,,,,,,,1,0,1
720575940602399230,,,,,,,,,,5,0,1
720575940602151549,,,,,,,,,,2,0,1
720575940602146685,,,,,,,,,,1,0,1
720575940600447664,,,,,,,,,,1,0,1
720575940600446384,,,,,,,,,,1,0,1
720575940600444848,,,,,,,,,,2,0,1
720575940600442544,,,,,,,,,,1,0,1
720575940600438960,,,,,,,,,,1,0,1
720575940600435632,,,,,,,,,,1,0,1
720575940600434608,,,,,,,,,,2,0,1
720575940600433072,,,,,,,,,,2,0,1
720575940600431024,,,,,,,,,,1,0,1
720575940600425392,,,,,,,,,,3,0,1
720575940600424624,,,,,,,,,,1,0,1
720575940600419504,,,,,,,,,,2,0,1
720575940600352632,,,,,,,,,,9,0,1
720575940600304094,,,,,,,,,,1,1,1
720575940600303838,,,,,,,,,,4,0,1
720575940600303326,,,,,,,,,,2,0,1
720575940600302814,,,,,,,,,,2,0,1
720575940600299486,,,,,,,,,,5,0,1
720575940600447152,,,,,,,,,,1,0,1
720575940600449456,,,,,,,,,,3,0,1
720575940600777998,,,,,,,,,,1,0,1
720575940600450480,,,,,,,,,,1,0,1
720575940600774926,,,,,,,,,,4,1,1
720575940600751897,,,,,,,,,,4,0,1
720575940600751641,,,,,,,,,,1,0,1
720575940600751385,,,,,,,,,,1,0,1
720575940600741134,,,,,,,,,,10,0,1
720575940600509304,,,,,,,,,,1,0,1
720575940600465840,,,,,,,,,,1,0,1
720575940600464048,,,,,,,,,,1,0,1
720575940600459696,,,,,,,,,,1,0,1
720575940600458104,,,,,,,,,,3,0,1
720575940600457848,,,,,,,,,,4,0,1
720575940600457648,,,,,,,,,,1,0,1
720575940600457392,,,,,,,,,,1,0,1
720575940600457336,,,,,,,,,,1,0,1
720575940600457080,,,,,,,,,,1,0,1
720575940600454576,,,,,,,,,,1,0,1
720575940600453808,,,,,,,,,,1,0,1
720575940600297950,,,,,,,,,,1,0,1
720575940600292318,,,,,,,,,,1,0,1
720575940600286942,,,,,,,,,,8,0,1
720575940599587628,,,,,,,,,,5,0,1
720575940598492239,,,,,,,,,,4,0,1
720575940598036405,,,,,,,,,,3,0,1
720575940597805373,,,,,,,,,,3,0,1
720575940597803309,,,,,,,,,,1,0,1
720575940597803053,,,,,,,,,,1,0,1
720575940597802285,,,,,,,,,,2,0,1
720575940597797933,,,,,,,,,,1,0,1
720575940597461298,,,,,,,,,,1,0,1
720575940597461042,,,,,,,,,,2,0,1
720575940597459762,,,,,,,,,,1,0,1
720575940597458994,,,,,,,,,,2,0,1
720575940597282202,,,,,,,,,,1,0,1
720575940597268201,,,,,,,,,,1,0,1
720575940597267177,,,,,,,,,,1,0,1
720575940597266921,,,,,,,,,,2,0,1
720575940597263081,,,,,,,,,,2,0,1
720575940597261801,,,,,,,,,,1,0,1
720575940599078978,,,,,,,,,,9,0,1
720575940599088194,,,,,,,,,,1,0,1
720575940599121672,,,,,,,,,,2,0,1
720575940599203185,,,,,,,,,,3,0,1
720575940599210353,,,,,,,,,,1,0,1
720575940599210097,,,,,,,,,,1,0,1
720575940599209585,,,,,,,,,,1,0,1
720575940599207537,,,,,,,,,,1,0,1
720575940599207025,,,,,,,,,,1,0,1
720575940599206001,,,,,,,,,,1,0,1
720575940599204465,,,,,,,,,,1,0,1
720575940599202673,,,,,,,,,,2,0,1
720575940599125512,,,,,,,,,,7,0,1
720575940599201649,,,,,,,,,,1,0,1
720575940599196017,,,,,,,,,,5,0,1
720575940599146760,,,,,,,,,,1,0,1
720575940599143688,,,,,,,,,,1,0,1
720575940599142920,,,,,,,,,,1,0,1
720575940599142152,,,,,,,,,,1,0,1
720575940599141384,,,,,,,,,,6,0,1
720575940600775694,,,,,,,,,,1,0,1
720575940600853436,,,,,,,,,,4,0,1
720575940602145405,,,,,,,,,,1,0,1
720575940601466358,,,,,,,,,,1,0,1
720575940601463286,,,,,,,,,,1,0,1
720575940601462518,,,,,,,,,,1,0,1
720575940601459702,,,,,,,,,,1,0,1
720575940601435303,,,,,,,,,,1,0,1
720575940601427446,,,,,,,,,,18,0,1
720575940601280453,,,,,,,,,,2,0,1
720575940601278149,,,,,,,,,,2,0,1
720575940601277637,,,,,,,,,,2,0,1
720575940601275333,,,,,,,,,,2,0,1
720575940601241285,,,,,,,,,,2,0,1
720575940601239493,,,,,,,,,,3,0,1
720575940601239237,,,,,,,,,,1,0,1
720575940601238981,,,,,,,,,,1,0,1
720575940601238213,,,,,,,,,,1,0,1
720575940601237189,,,,,,,,,,1,0,1
720575940601236165,,,,,,,,,,1,0,1
720575940601234190,,,,,,,,,,12,3,1
720575940601466102,,,,,,,,,,1,0,1
720575940601466614,,,,,,,,,,7,0,1
720575940600855484,,,,,,,,,,3,0,1
720575940601474806,,,,,,,,,,2,0,1
720575940602143613,,,,,,,,,,1,0,1
720575940601824679,,,,,,,,,,3,0,1
720575940601745831,,,,,,,,,,4,2,1
720575940601654951,,,,,,,,,,1,0,1
720575940601654183,,,,,,,,,,1,0,1
720575940601653671,,,,,,,,,,1,0,1
720575940601653415,,,,,,,,,,1,0,1
720575940601648807,,,,,,,,,,2,0,1
720575940601645479,,,,,,,,,,4,0,1
720575940601607302,,,,,,,,,,2,0,1
720575940601602694,,,,,,,,,,2,0,1
720575940601596071,,,,,,,,,,3,0,1
720575940601594791,,,,,,,,,,1,0,1
720575940601591463,,,,,,,,,,2,0,1
720575940601588614,,,,,,,,,,10,0,1
720575940601512182,,,,,,,,,,3,0,1
720575940601502966,,,,,,,,,,6,0,1
720575940601231630,,,,,,,,,,2,0,1
720575940601230606,,,,,,,,,,3,0,1
720575940601230350,,,,,,,,,,4,0,1
720575940601229582,,,,,,,,,,10,0,1
720575940601002899,,,,,,,,,,3,0,1
720575940600975036,,,,,,,,,,1,0,1
720575940600974780,,,,,,,,,,4,0,1
720575940600973244,,,,,,,,,,2,0,1
720575940600971708,,,,,,,,,,4,0,1
720575940600968892,,,,,,,,,,2,0,1
720575940600968380,,,,,,,,,,8,0,1
720575940600966588,,,,,,,,,,2,1,1
720575940600965052,,,,,,,,,,1,0,1
720575940600964284,,,,,,,,,,1,0,1
720575940600955216,,,,,,,,,,1,0,1
720575940600953168,,,,,,,,,,1,0,1
720575940600946768,,,,,,,,,,3,0,1
720575940600929144,,,,,,,,,,8,0,1
720575940600925816,,,,,,,,,,1,0,1
720575940600912504,,,,,,,,,,8,0,1
720575940600867598,,,,,,,,,,2,0,1
720575940601013395,,,,,,,,,,5,0,1
720575940601170370,,,,,,,,,,1,0,1
720575940601173186,,,,,,,,,,1,0,1
720575940601201093,,,,,,,,,,1,0,1
720575940601223694,,,,,,,,,,8,0,1
720575940601205445,,,,,,,,,,1,0,1
720575940601204933,,,,,,,,,,1,0,1
720575940601204165,,,,,,,,,,6,0,1
720575940601203141,,,,,,,,,,1,0,1
720575940601202373,,,,,,,,,,1,0,1
720575940601201349,,,,,,,,,,1,0,1
720575940601200325,,,,,,,,,,1,0,1
720575940601181710,,,,,,,,,,2,0,1
720575940601198018,,,,,,,,,,1,0,1
720575940601195714,,,,,,,,,,1,0,1
720575940601193666,,,,,,,,,,1,0,1
720575940601190594,,,,,,,,,,2,0,1
720575940601189314,,,,,,,,,,1,0,1
720575940601188546,,,,,,,,,,2,0,1
720575940601187778,,,,,,,,,,1,0,1
720575940606768030,,,,,,,,,,1,0,1
720575940606768286,,,,,,,,,,1,0,1
720575940606769054,,,,,,,,,,1,0,1
720575940612981571,,,,,,,,,,1,0,1
720575940612980547,,,,,,,,,,2,0,1
720575940612980291,,,,,,,,,,1,0,1
720575940612980035,,,,,,,,,,2,0,1
720575940612979779,,,,,,,,,,1,0,1
720575940612979523,,,,,,,,,,1,0,1
720575940612978499,,,,,,,,,,1,0,1
720575940612977987,,,,,,,,,,1,0,1
720575940612977219,,,,,,,,,,1,0,1
720575940612976707,,,,,,,,,,1,0,1
720575940612975683,,,,,,,,,,2,0,1
720575940612974915,,,,,,,,,,1,0,1
720575940612974659,,,,,,,,,,1,0,1
720575940612973891,,,,,,,,,,2,0,1
720575940612973635,,,,,,,,,,1,0,1
720575940612972867,,,,,,,,,,2,0,1
720575940612971331,,,,,,,,,,1,0,1
720575940612970635,,,,,,,,,,1,0,1
720575940612980803,,,,,,,,,,1,0,1
720575940612982339,,,,,,,,,,1,0,1
720575940613100519,,,,,,,,,,1,0,1
720575940612982595,,,,,,,,,,1,0,1
720575940613096771,,,,,,,,,,1,0,1
720575940613090279,,,,,,,,,,5,0,1
720575940613084886,,,,,,,,,,6,6,1
720575940613082599,,,,,,,,,,9,0,1
720575940613080643,,,,,,,,,,1,0,1
720575940613070311,,,,,,,,,,62,15,1
720575940612999235,,,,,,,,,,1,0,1
720575940612998979,,,,,,,,,,1,0,1
720575940612998467,,,,,,,,,,1,0,1
720575940612996931,,,,,,,,,,1,0,1
720575940612995139,,,,,,,,,,1,0,1
720575940612990531,,,,,,,,,,1,0,1
720575940612986947,,,,,,,,,,1,0,1
720575940612986179,,,,,,,,,,1,0,1
720575940612985155,,,,,,,,,,1,0,1
720575940612984387,,,,,,,,,,1,0,1
720575940612984131,,,,,,,,,,1,0,1
720575940612969611,,,,,,,,,,3,0,1
720575940612969355,,,,,,,,,,3,0,1
720575940612968259,,,,,,,,,,1,0,1
720575940612968003,,,,,,,,,,5,0,1
720575940612541485,,,,,,,,,,1,0,1
720575940612522188,,,,,,,,,,2,0,1
720575940612517836,,,,,,,,,,1,0,1
720575940612517324,,,,,,,,,,1,0,1
720575940612516812,,,,,,,,,,1,0,1
720575940612516556,,,,,,,,,,1,0,1
720575940612514764,,,,,,,,,,1,0,1
720575940612453603,,,,,,,,,,365,410,1
720575940612431171,,,,,,,,,,9,0,1
720575940612430403,,,,,,,,,,2,0,1
720575940612428225,,,,,,,,,,3,0,1
720575940612349467,,,,,,,,,,2,0,1
720575940612347931,,,,,,,,,,1,0,1
720575940612347163,,,,,,,,,,1,0,1
720575940612344347,,,,,,,,,,1,0,1
720575940612343067,,,,,,,,,,2,0,1
720575940612339773,,,,,,,,,,2,0,1
720575940612541997,,,,,,,,,,2,0,1
720575940612543277,,,,,,,,,,1,0,1
720575940612546605,,,,,,,,,,2,0,1
720575940612689475,,,,,,,,,,1,0,1
720575940612964163,,,,,,,,,,3,0,1
720575940612963979,,,,,,,,,,3,0,1
720575940612857878,,,,,,,,,,854,935,1
720575940612734066,,,,,,,,,,7342,5853,1
720575940612691523,,,,,,,,,,1,0,1
720575940612690499,,,,,,,,,,1,0,1
720575940612690243,,,,,,,,,,1,0,1
720575940612688195,,,,,,,,,,2,0,1
720575940612546861,,,,,,,,,,1,0,1
720575940612687939,,,,,,,,,,1,0,1
720575940612687427,,,,,,,,,,1,0,1
720575940612605940,,,,,,,,,,6,0,1
720575940612580044,,,,,,,,,,2,0,1
720575940612573229,,,,,,,,,,9,1,1
720575940612572973,,,,,,,,,,4,0,1
720575940612553005,,,,,,,,,,3,0,1
720575940613097959,,,,,,,,,,1,0,1
720575940613102311,,,,,,,,,,1,0,1
720575940612337691,,,,,,,,,,3,0,1
720575940614010343,,,,,,,,,,2,0,1
720575940614008295,,,,,,,,,,2,1,1
720575940614008039,,,,,,,,,,1,0,1
720575940614006759,,,,,,,,,,1,0,1
720575940613981905,,,,,,,,,,3999,6208,1
720575940613955558,,,,,,,,,,12,32,1
720575940613931495,,,,,,,,,,5,0,1
720575940613928679,,,,,,,,,,2,0,1
720575940613912550,,,,,,,,,,1,0,1
720575940613910758,,,,,,,,,,3,0,1
720575940613835551,,,,,,,,,,3,0,1
720575940613802433,,,,,,,,,,1,0,1
720575940613737655,,,,,,,,,,2,0,1
720575940613697217,,,,,,,,,,5,0,1
720575940613673143,,,,,,,,,,2,0,1
720575940613641911,,,,,,,,,,2,0,1
720575940613588663,,,,,,,,,,5,0,1
720575940613587687,,,,,,,,,,10,0,1
720575940614009831,,,,,,,,,,1,0,1
720575940614010599,,,,,,,,,,1,0,1
720575940613102823,,,,,,,,,,1,0,1
720575940614011111,,,,,,,,,,3,0,1
720575940614544523,,,,,,,,,,22,3,1
720575940614495138,,,,,,,,,,306,392,1
720575940614418118,,,,,,,,,,282,444,1
720575940614321831,,,,,,,,,,1090,4385,1
720575940614320746,,,,,,,,,,708,1540,1
720575940614318482,,,,,,,,,,301,373,1
720575940614314399,,,,,,,,,,647,2122,1
720575940614309179,,,,,,,,,,2,0,1
720575940614114535,,,,,,,,,,9,0,1
720575940614046951,,,,,,,,,,1,0,1
720575940614041319,,,,,,,,,,4,0,1
720575940614037996,,,,,,,,,,1,0,1
720575940614034919,,,,,,,,,,8,1,1
720575940614014439,,,,,,,,,,1,0,1
720575940614013415,,,,,,,,,,1,0,1
720575940614012135,,,,,,,,,,1,0,1
720575940614011879,,,,,,,,,,7,0,1
720575940613563831,,,,,,,,,,7,0,1
720575940613552546,,,,,,,,,,7,13,1
720575940613540350,,,,,,,,,,405,2304,1
720575940613503159,,,,,,,,,,3,0,1
720575940613203470,,,,,,,,,,3,0,1
720575940613149245,,,,,,,,,,5,1,1
720575940613133123,,,,,,,,,,7,0,1
720575940613113319,,,,,,,,,,2,0,1
720575940613113063,,,,,,,,,,2,0,1
720575940613111527,,,,,,,,,,1,1,1
720575940613111271,,,,,,,,,,3,0,1
720575940613110503,,,,,,,,,,1,0,1
720575940613110247,,,,,,,,,,2,0,1
720575940613109991,,,,,,,,,,1,0,1
720575940613108199,,,,,,,,,,1,0,1
720575940613107175,,,,,,,,,,1,0,1
720575940613106663,,,,,,,,,,2,0,1
720575940613105895,,,,,,,,,,1,0,1
720575940613105639,,,,,,,,,,1,0,1
720575940613105383,,,,,,,,,,1,0,1
720575940613104615,,,,,,,,,,1,0,1
720575940613212942,,,,,,,,,,1,0,1
720575940613279425,,,,,,,,,,4,0,1
720575940613300673,,,,,,,,,,1,0,1
720575940613365185,,,,,,,,,,4,0,1
720575940613445815,,,,,,,,,,1,0,1
720575940613442487,,,,,,,,,,4,0,1
720575940613436599,,,,,,,,,,4,0,1
720575940613417911,,,,,,,,,,12,0,1
720575940613380653,,,,,,,,,,1,0,1
720575940613378605,,,,,,,,,,1,1,1
720575940613368295,,,,,,,,,,3,0,1
720575940613357543,,,,,,,,,,1,0,1
720575940613308353,,,,,,,,,,3,0,1
720575940613354433,,,,,,,,,,32,28,1
720575940613352129,,,,,,,,,,3,0,1
720575940613351105,,,,,,,,,,12,8,1
720575940613344231,,,,,,,,,,1,1,1
720575940613326350,,,,,,,,,,14,0,1
720575940613315521,,,,,,,,,,4,0,1
720575940613314497,,,,,,,,,,4,0,1
720575940612339227,,,,,,,,,,1,0,1
720575940612335171,,,,,,,,,,1,0,1
720575940606800030,,,,,,,,,,10,6,1
720575940609501865,,,,,,,,,,1,0,1
720575940609497001,,,,,,,,,,1,0,1
720575940609231849,,,,,,,,,,2,0,1
720575940609231593,,,,,,,,,,1,0,1
720575940609231081,,,,,,,,,,1,0,1
720575940609230825,,,,,,,,,,1,0,1
720575940609227241,,,,,,,,,,2,0,1
720575940609123396,,,,,,,,,,1080,2723,1
720575940609027523,,,,,,,,,,1751,4282,1
720575940608993769,,,,,,,,,,4,0,1
720575940608900917,,,,,,,,,,1,0,1
720575940608890857,,,,,,,,,,19,1,1
720575940608830517,,,,,,,,,,4,0,1
720575940608801749,,,,,,,,,,313,406,1
720575940608662581,,,,,,,,,,15,1,1
720575940608662485,,,,,,,,,,399,473,1
720575940608462316,,,,,,,,,,4,1,1
720575940608461548,,,,,,,,,,2,0,1
720575940609500841,,,,,,,,,,1,0,1
720575940609502633,,,,,,,,,,1,0,1
720575940611114827,,,,,,,,,,1,0,1
720575940609503657,,,,,,,,,,2,0,1
720575940611054828,,,,,,,,,,3,2,1
720575940611025644,,,,,,,,,,4,1,1
720575940610910700,,,,,,,,,,26,0,1
720575940610674507,,,,,,,,,,3,0,1
720575940610578394,,,,,,,,,,118,74,1
720575940610466836,,,,,,,,,,4,0,1
720575940610423316,,,,,,,,,,12,2,1
720575940610326994,,,,,,,,,,583,1165,1
720575940610325268,,,,,,,,,,1,0,1
720575940610323476,,,,,,,,,,1,0,1
720575940610323220,,,,,,,,,,1,0,1
720575940610165205,,,,,,,,,,818,1113,1
720575940609638702,,,,,,,,,,28,39,1
720575940609606636,,,,,,,,,,4,0,1
720575940609507753,,,,,,,,,,1,0,1
720575940609504937,,,,,,,,,,1,0,1
720575940609503913,,,,,,,,,,1,0,1
720575940608461292,,,,,,,,,,1,0,1
720575940608461036,,,,,,,,,,1,0,1
720575940608460780,,,,,,,,,,1,0,1
720575940608459756,,,,,,,,,,1,0,1
720575940607410718,,,,,,,,,,1,0,1
720575940607410206,,,,,,,,,,1,0,1
720575940607408926,,,,,,,,,,1,0,1
720575940607406622,,,,,,,,,,1,0,1
720575940607206066,,,,,,,,,,806,1076,1
720575940607177748,,,,,,,,,,1,0,1
720575940607169044,,,,,,,,,,3,0,1
720575940607161364,,,,,,,,,,3,0,1
720575940607156244,,,,,,,,,,2,0,1
720575940607155732,,,,,,,,,,1,0,1
720575940607147069,,,,,,,,,,2,0,1
720575940607075102,,,,,,,,,,1,1,1
720575940606948884,,,,,,,,,,2,0,1
720575940606947092,,,,,,,,,,1,0,1
720575940606936596,,,,,,,,,,4,1,1
720575940606936340,,,,,,,,,,1,0,1
720575940606886814,,,,,,,,,,1,0,1
720575940607434813,,,,,,,,,,9,0,1
720575940607740402,,,,,,,,,,12,1,1
720575940607804572,,,,,,,,,,4,0,1
720575940607811740,,,,,,,,,,1,0,1
720575940608459500,,,,,,,,,,1,0,1
720575940608458988,,,,,,,,,,3,0,1
720575940608457452,,,,,,,,,,3,0,1
720575940608343532,,,,,,,,,,1,0,1
720575940608287029,,,,,,,,,,47,12,1
720575940608071435,,,,,,,,,,1107,711,1
720575940607950389,,,,,,,,,,3,10,1
720575940607811484,,,,,,,,,,2,0,1
720575940607804828,,,,,,,,,,1,0,1
720575940607811228,,,,,,,,,,1,0,1
720575940607810972,,,,,,,,,,1,0,1
720575940607810716,,,,,,,,,,1,0,1
720575940607809948,,,,,,,,,,1,0,1
720575940607809692,,,,,,,,,,1,0,1
720575940607807900,,,,,,,,,,2,0,1
720575940607805340,,,,,,,,,,1,0,1
720575940611113803,,,,,,,,,,1,0,1
720575940611118411,,,,,,,,,,2,0,1
720575940612333595,,,,,,,,,,2,0,1
720575940612022091,,,,,,,,,,1,0,1
720575940611981357,,,,,,,,,,2,0,1
720575940611977547,,,,,,,,,,4,0,1
720575940611976237,,,,,,,,,,1,0,1
720575940611965259,,,,,,,,,,4,1,1
720575940611961389,,,,,,,,,,8,1,1
720575940611956299,,,,,,,,,,2,0,1
720575940611920613,,,,,,,,,,72,24,1
720575940611872986,,,,,,,,,,43,24,1
720575940611870996,,,,,,,,,,2,0,1
720575940611852052,,,,,,,,,,17,0,1
720575940611840276,,,,,,,,,,30,35,1
720575940611809597,,,,,,,,,,2,0,1
720575940611760284,,,,,,,,,,3,0,1
720575940611717963,,,,,,,,,,1,0,1
720575940611713099,,,,,,,,,,2,0,1
720575940611712075,,,,,,,,,,1,0,1
720575940611711563,,,,,,,,,,1,0,1
720575940611982637,,,,,,,,,,1,0,1
720575940612022603,,,,,,,,,,1,0,1
720575940611119435,,,,,,,,,,1,0,1
720575940612023371,,,,,,,,,,1,0,1
720575940612333123,,,,,,,,,,1,0,1
720575940612328219,,,,,,,,,,1,0,1
720575940612326171,,,,,,,,,,2,0,1
720575940612266213,,,,,,,,,,346,364,1
720575940612203803,,,,,,,,,,2,0,1
720575940612107762,,,,,,,,,,1072,2545,1
720575940612059181,,,,,,,,,,1,0,1
720575940612058413,,,,,,,,,,4,0,1
720575940612057901,,,,,,,,,,2,0,1
720575940612052781,,,,,,,,,,1,0,1
720575940612040779,,,,,,,,,,1,0,1
720575940612036171,,,,,,,,,,1,0,1
720575940612035147,,,,,,,,,,2,0,1
720575940612033967,,,,,,,,,,401,1968,1
720575940612028235,,,,,,,,,,1,0,1
720575940612024907,,,,,,,,,,2,0,1
720575940612024139,,,,,,,,,,1,0,1
720575940611710027,,,,,,,,,,1,0,1
720575940611709771,,,,,,,,,,1,0,1
720575940611674012,,,,,,,,,,2,0,1
720575940611673756,,,,,,,,,,1,0,1
720575940611206187,,,,,,,,,,1,0,1
720575940611204907,,,,,,,,,,1,0,1
720575940611204395,,,,,,,,,,1,0,1
720575940611204139,,,,,,,,,,1,0,1
720575940611203627,,,,,,,,,,1,0,1
720575940611203115,,,,,,,,,,1,0,1
720575940611201835,,,,,,,,,,1,0,1
720575940611198251,,,,,,,,,,1,0,1
720575940611194411,,,,,,,,,,3,0,1
720575940611147595,,,,,,,,,,4,0,1
720575940611143118,,,,,,,,,,670,1229,1
720575940611129419,,,,,,,,,,1,0,1
720575940611129163,,,,,,,,,,1,0,1
720575940611124555,,,,,,,,,,1,0,1
720575940611123787,,,,,,,,,,1,0,1
720575940611122507,,,,,,,,,,1,0,1
720575940611119691,,,,,,,,,,1,1,1
720575940611208491,,,,,,,,,,1,0,1
720575940611240419,,,,,,,,,,899,1194,1
720575940611284659,,,,,,,,,,871,1200,1
720575940611612316,,,,,,,,,,1,0,1
720575940611672220,,,,,,,,,,1,0,1
720575940611663004,,,,,,,,,,1,0,1
720575940611617948,,,,,,,,,,3,0,1
720575940611615900,,,,,,,,,,2,0,1
720575940611615388,,,,,,,,,,1,0,1
720575940611613340,,,,,,,,,,1,0,1
720575940611612572,,,,,,,,,,4,0,1
720575940611610780,,,,,,,,,,2,0,1
720575940611408284,,,,,,,,,,1,0,1
720575940611610524,,,,,,,,,,2,0,1
720575940611529803,,,,,,,,,,1,0,1
720575940611529547,,,,,,,,,,2,0,1
720575940611522123,,,,,,,,,,1,0,1
720575940611497236,,,,,,,,,,6,0,1
720575940611446859,,,,,,,,,,16,1,1
720575940611428977,,,,,,,,,,2967,14879,1
720575940562016555,,,,,,,,,,1,0,1
720575940379757128,,,,,,,,,,1,0,1
720575940562005803,,,,,,,,,,2,0,1
720575940422513197,,,,,,,,,,1,0,1
720575940422584341,,,,,,,,,,1,0,1
720575940422582037,,,,,,,,,,1,0,1
720575940422577685,,,,,,,,,,1,0,1
720575940422574613,,,,,,,,,,1,0,1
720575940422564909,,,,,,,,,,1,0,1
720575940422564117,,,,,,,,,,1,0,1
720575940422555925,,,,,,,,,,1,0,1
720575940422552877,,,,,,,,,,2,0,1
720575940422552853,,,,,,,,,,1,0,1
720575940422551853,,,,,,,,,,2,0,1
720575940422550573,,,,,,,,,,1,0,1
720575940422547757,,,,,,,,,,1,0,1
720575940422545173,,,,,,,,,,1,0,1
720575940422543661,,,,,,,,,,1,0,1
720575940422540845,,,,,,,,,,1,0,1
720575940422534957,,,,,,,,,,1,0,1
720575940422533909,,,,,,,,,,1,0,1
720575940422532653,,,,,,,,,,1,0,1
720575940422531885,,,,,,,,,,1,0,1
720575940422531629,,,,,,,,,,1,0,1
720575940422518317,,,,,,,,,,2,0,1
720575940422593045,,,,,,,,,,1,0,1
720575940422593301,,,,,,,,,,1,0,1
720575940422597141,,,,,,,,,,1,0,1
720575940426108150,,,,,,,,,,3,0,1
720575940426135030,,,,,,,,,,1,0,1
720575940426134774,,,,,,,,,,1,0,1
720575940426128630,,,,,,,,,,2,0,1
720575940426121462,,,,,,,,,,1,0,1
720575940426117110,,,,,,,,,,1,0,1
720575940426116342,,,,,,,,,,1,0,1
720575940426115830,,,,,,,,,,1,0,1
720575940426112502,,,,,,,,,,1,0,1
720575940426109942,,,,,,,,,,1,0,1
720575940426107894,,,,,,,,,,1,0,1
720575940422597909,,,,,,,,,,1,0,1
720575940424905565,,,,,,,,,,1,0,1
720575940424890973,,,,,,,,,,2,0,1
720575940424857181,,,,,,,,,,2,0,1
720575940424427158,,,,,,,,,,1,0,1
720575940423252698,,,,,,,,,,1,0,1
720575940423013901,,,,,,,,,,4,0,1
720575940422997517,,,,,,,,,,1,0,1
720575940422599701,,,,,,,,,,1,0,1
720575940422599189,,,,,,,,,,1,0,1
720575940422517805,,,,,,,,,,1,0,1
720575940422512941,,,,,,,,,,5,1,1
720575940426144758,,,,,,,,,,1,0,1
720575940422512661,,,,,,,,,,1,0,1
720575940420800140,,,,,,,,,,3,0,1
720575940420635119,,,,,,,,,,1,0,1
720575940420612847,,,,,,,,,,1,0,1
720575940420612335,,,,,,,,,,2,0,1
720575940420610287,,,,,,,,,,1,0,1
720575940420597231,,,,,,,,,,1,0,1
720575940420587247,,,,,,,,,,1,0,1
720575940420586479,,,,,,,,,,1,0,1
720575940420574703,,,,,,,,,,1,0,1
720575940420574191,,,,,,,,,,1,0,1
720575940420568414,,,,,,,,,,1,0,1
720575940420566767,,,,,,,,,,1,0,1
720575940420558319,,,,,,,,,,1,0,1
720575940420554223,,,,,,,,,,1,0,1
720575940420003748,,,,,,,,,,1,0,1
720575940419979428,,,,,,,,,,1,0,1
720575940419185944,,,,,,,,,,2,0,1
720575940419181848,,,,,,,,,,1,0,1
720575940419181080,,,,,,,,,,1,0,1
720575940419178520,,,,,,,,,,2,0,1
720575940419173656,,,,,,,,,,1,0,1
720575940420800396,,,,,,,,,,4,0,1
720575940420817548,,,,,,,,,,3,0,1
720575940420820876,,,,,,,,,,2,0,1
720575940421895448,,,,,,,,,,4,0,1
720575940422501165,,,,,,,,,,1,0,1
720575940422488621,,,,,,,,,,2,0,1
720575940422483501,,,,,,,,,,3,0,1
720575940422478637,,,,,,,,,,1,0,1
720575940422468397,,,,,,,,,,3,0,1
720575940422466861,,,,,,,,,,2,0,1
720575940422459693,,,,,,,,,,2,0,1
720575940422453549,,,,,,,,,,1,0,1
720575940422449709,,,,,,,,,,2,0,1
720575940421889816,,,,,,,,,,2,0,1
720575940420829068,,,,,,,,,,1,0,1
720575940421879320,,,,,,,,,,1,0,1
720575940421867800,,,,,,,,,,1,0,1
720575940421858328,,,,,,,,,,2,0,1
720575940421595366,,,,,,,,,,1,0,1
720575940420869004,,,,,,,,,,1,0,1
720575940420847756,,,,,,,,,,1,0,1
720575940420844172,,,,,,,,,,1,0,1
720575940420842636,,,,,,,,,,2,0,1
720575940420841100,,,,,,,,,,2,0,1
720575940426141430,,,,,,,,,,1,0,1
720575940426148598,,,,,,,,,,1,0,1
720575940419076521,,,,,,,,,,4,0,1
720575940428844880,,,,,,,,,,1,0,1
720575940430513103,,,,,,,,,,1,0,1
720575940430510543,,,,,,,,,,1,0,1
720575940430509007,,,,,,,,,,1,0,1
720575940430504911,,,,,,,,,,1,0,1
720575940430496463,,,,,,,,,,1,0,1
720575940430484175,,,,,,,,,,1,0,1
720575940430475727,,,,,,,,,,1,0,1
720575940430474959,,,,,,,,,,1,0,1
720575940430473679,,,,,,,,,,1,0,1
720575940430472911,,,,,,,,,,1,0,1
720575940430468815,,,,,,,,,,1,0,1
720575940430462927,,,,,,,,,,1,0,1
720575940430453455,,,,,,,,,,3,0,1
720575940429012285,,,,,,,,,,1,0,1
720575940428895170,,,,,,,,,,1,1,1
720575940428889538,,,,,,,,,,1,0,1
720575940428889026,,,,,,,,,,1,0,1
720575940428886722,,,,,,,,,,1,0,1
720575940428885698,,,,,,,,,,1,0,1
720575940428876738,,,,,,,,,,1,0,1
720575940428876226,,,,,,,,,,1,0,1
720575940430517455,,,,,,,,,,1,0,1
720575940430519247,,,,,,,,,,1,0,1
720575940430529231,,,,,,,,,,1,0,1
720575940430860527,,,,,,,,,,1,0,1
720575940430893551,,,,,,,,,,3,0,1
720575940430887663,,,,,,,,,,1,0,1
720575940430879471,,,,,,,,,,3,2,1
720575940430878447,,,,,,,,,,1,0,1
720575940430877935,,,,,,,,,,1,0,1
720575940430869743,,,,,,,,,,1,0,1
720575940430867183,,,,,,,,,,1,0,1
720575940430864879,,,,,,,,,,1,0,1
720575940430861295,,,,,,,,,,1,0,1
720575940430857967,,,,,,,,,,1,0,1
720575940430530767,,,,,,,,,,1,0,1
720575940430855151,,,,,,,,,,1,0,1
720575940430854383,,,,,,,,,,1,0,1
720575940430851567,,,,,,,,,,1,0,1
720575940430848239,,,,,,,,,,2,0,1
720575940430847727,,,,,,,,,,1,1,1
720575940430698285,,,,,,,,,,1,0,1
720575940430538447,,,,,,,,,,1,0,1
720575940430534863,,,,,,,,,,1,0,1
720575940430534607,,,,,,,,,,1,0,1
720575940428845904,,,,,,,,,,1,0,1
720575940428844112,,,,,,,,,,1,0,1
720575940426155510,,,,,,,,,,1,0,1
720575940428843344,,,,,,,,,,1,0,1
720575940428510036,,,,,,,,,,1,0,1
720575940428253481,,,,,,,,,,2,0,1
720575940428132206,,,,,,,,,,1,0,1
720575940428130670,,,,,,,,,,1,0,1
720575940428123502,,,,,,,,,,1,0,1
720575940428119150,,,,,,,,,,1,0,1
720575940428112238,,,,,,,,,,3,1,1
720575940428111982,,,,,,,,,,2,0,1
720575940428043630,,,,,,,,,,3,1,1
720575940427072400,,,,,,,,,,1,0,1
720575940427071376,,,,,,,,,,1,0,1
720575940427065744,,,,,,,,,,1,0,1
720575940427064464,,,,,,,,,,1,0,1
720575940426823991,,,,,,,,,,1,0,1
720575940426818615,,,,,,,,,,1,0,1
720575940426185206,,,,,,,,,,1,0,1
720575940426171638,,,,,,,,,,1,0,1
720575940426167030,,,,,,,,,,2,0,1
720575940426161910,,,,,,,,,,1,0,1
720575940426159350,,,,,,,,,,1,0,1
720575940426155766,,,,,,,,,,1,0,1
720575940428510804,,,,,,,,,,1,0,1
720575940428616575,,,,,,,,,,6,0,1
720575940428742015,,,,,,,,,,2,0,1
720575940428810064,,,,,,,,,,1,0,1
720575940428834640,,,,,,,,,,1,0,1
720575940428834384,,,,,,,,,,1,0,1
720575940428830032,,,,,,,,,,1,0,1
720575940428826960,,,,,,,,,,1,0,1
720575940428825680,,,,,,,,,,1,0,1
720575940428825424,,,,,,,,,,1,0,1
720575940428818512,,,,,,,,,,1,0,1
720575940428816464,,,,,,,,,,1,0,1
720575940428811856,,,,,,,,,,1,0,1
720575940428801360,,,,,,,,,,2,0,1
720575940428762751,,,,,,,,,,1,0,1
720575940428800080,,,,,,,,,,1,0,1
720575940428795263,,,,,,,,,,1,0,1
720575940428794495,,,,,,,,,,1,0,1
720575940428789631,,,,,,,,,,1,0,1
720575940428788095,,,,,,,,,,1,0,1
720575940428786815,,,,,,,,,,1,0,1
720575940428777855,,,,,,,,,,1,0,1
720575940428777087,,,,,,,,,,1,0,1
720575940428776063,,,,,,,,,,1,0,1
720575940419150104,,,,,,,,,,2,0,1
720575940418427658,,,,,,,,,,2,0,1
720575940430897135,,,,,,,,,,2,0,1
720575940413643920,,,,,,,,,,1,0,1
720575940415097130,,,,,,,,,,1,0,1
720575940415093290,,,,,,,,,,1,0,1
720575940415093034,,,,,,,,,,2,0,1
720575940415088938,,,,,,,,,,2,0,1
720575940415085354,,,,,,,,,,1,0,1
720575940415065898,,,,,,,,,,2,0,1
720575940415052586,,,,,,,,,,1,0,1
720575940415047722,,,,,,,,,,3,0,1
720575940414944070,,,,,,,,,,1,0,1
720575940414941254,,,,,,,,,,1,0,1
720575940414933318,,,,,,,,,,1,0,1
720575940414924870,,,,,,,,,,1,0,1
720575940414874438,,,,,,,,,,2,0,1
720575940413673616,,,,,,,,,,2,0,1
720575940413671056,,,,,,,,,,1,0,1
720575940413663376,,,,,,,,,,1,0,1
720575940413657744,,,,,,,,,,1,0,1
720575940413653648,,,,,,,,,,1,0,1
720575940413653392,,,,,,,,,,1,0,1
720575940413649552,,,,,,,,,,1,0,1
720575940413649296,,,,,,,,,,1,0,1
720575940415107114,,,,,,,,,,1,0,1
720575940415116842,,,,,,,,,,1,0,1
720575940415218986,,,,,,,,,,5,0,1
720575940415767433,,,,,,,,,,1,0,1
720575940415990045,,,,,,,,,,1,1,1
720575940415989277,,,,,,,,,,1,0,1
720575940415988765,,,,,,,,,,1,0,1
720575940415988253,,,,,,,,,,1,0,1
720575940415987997,,,,,,,,,,1,0,1
720575940415981597,,,,,,,,,,1,0,1
720575940415979293,,,,,,,,,,1,0,1
720575940415841417,,,,,,,,,,1,0,1
720575940415836297,,,,,,,,,,1,0,1
720575940415764617,,,,,,,,,,2,0,1
720575940415536900,,,,,,,,,,1,0,1
720575940415759241,,,,,,,,,,1,0,1
720575940415690500,,,,,,,,,,3,0,1
720575940415679236,,,,,,,,,,1,0,1
720575940415676420,,,,,,,,,,1,0,1
720575940415671556,,,,,,,,,,1,0,1
720575940415665668,,,,,,,,,,1,0,1
720575940415645700,,,,,,,,,,1,0,1
720575940415606788,,,,,,,,,,2,0,1
720575940415593476,,,,,,,,,,3,0,1
720575940413646736,,,,,,,,,,3,0,1
720575940413643408,,,,,,,,,,1,0,1
720575940415992861,,,,,,,,,,2,0,1
720575940413642896,,,,,,,,,,1,0,1
720575940410527543,,,,,,,,,,1,0,1
720575940410525495,,,,,,,,,,1,0,1
720575940410523703,,,,,,,,,,1,0,1
720575940410521399,,,,,,,,,,1,0,1
720575940410515767,,,,,,,,,,2,0,1
720575940410512951,,,,,,,,,,3,0,1
720575940410504503,,,,,,,,,,1,0,1
720575940410501175,,,,,,,,,,2,0,1
720575940410495799,,,,,,,,,,2,0,1
720575940410292681,,,,,,,,,,1,0,1
720575940410282185,,,,,,,,,,1,0,1
720575940410261705,,,,,,,,,,1,0,1
720575940410247369,,,,,,,,,,1,0,1
720575940410238153,,,,,,,,,,1,0,1
720575940410190025,,,,,,,,,,1,0,1
720575940410184137,,,,,,,,,,1,0,1
720575940410172617,,,,,,,,,,1,0,1
720575940410170825,,,,,,,,,,1,0,1
720575940410170313,,,,,,,,,,1,0,1
720575940410168265,,,,,,,,,,1,0,1
720575940410164681,,,,,,,,,,2,0,1
720575940410529079,,,,,,,,,,1,0,1
720575940410787608,,,,,,,,,,3,0,1
720575940410843160,,,,,,,,,,1,0,1
720575940413626256,,,,,,,,,,1,0,1
720575940413642640,,,,,,,,,,2,0,1
720575940413640592,,,,,,,,,,1,0,1
720575940413640080,,,,,,,,,,1,0,1
720575940413637264,,,,,,,,,,1,0,1
720575940413636496,,,,,,,,,,2,0,1
720575940413636240,,,,,,,,,,2,0,1
720575940413628816,,,,,,,,,,1,0,1
720575940413628048,,,,,,,,,,1,0,1
720575940413627536,,,,,,,,,,1,0,1
720575940412799264,,,,,,,,,,2,0,1
720575940411832449,,,,,,,,,,2,0,1
720575940412783392,,,,,,,,,,1,0,1
720575940412782880,,,,,,,,,,1,0,1
720575940412781856,,,,,,,,,,1,0,1
720575940412668564,,,,,,,,,,1,0,1
720575940412662676,,,,,,,,,,1,0,1
720575940412654484,,,,,,,,,,1,0,1
720575940412624928,,,,,,,,,,2,0,1
720575940412114989,,,,,,,,,,3,0,1
720575940411916085,,,,,,,,,,1,0,1
720575940415990813,,,,,,,,,,2,0,1
720575940415994653,,,,,,,,,,1,0,1
720575940418427146,,,,,,,,,,1,0,1
720575940416995968,,,,,,,,,,1,0,1
720575940417042048,,,,,,,,,,1,0,1
720575940417040768,,,,,,,,,,1,0,1
720575940417040256,,,,,,,,,,1,0,1
720575940417037184,,,,,,,,,,1,0,1
720575940417032832,,,,,,,,,,1,0,1
720575940417030784,,,,,,,,,,1,0,1
720575940417030272,,,,,,,,,,1,0,1
720575940417026944,,,,,,,,,,2,0,1
720575940417025664,,,,,,,,,,1,0,1
720575940417023104,,,,,,,,,,1,0,1
720575940417020544,,,,,,,,,,1,0,1
720575940417016704,,,,,,,,,,1,0,1
720575940417011328,,,,,,,,,,1,0,1
720575940417010816,,,,,,,,,,1,0,1
720575940417010560,,,,,,,,,,1,0,1
720575940417010048,,,,,,,,,,1,0,1
720575940417006464,,,,,,,,,,1,0,1
720575940417004416,,,,,,,,,,1,0,1
720575940417003904,,,,,,,,,,1,0,1
720575940417000832,,,,,,,,,,1,0,1
720575940417000576,,,,,,,,,,1,0,1
720575940417046144,,,,,,,,,,1,0,1
720575940417046400,,,,,,,,,,1,0,1
720575940417046656,,,,,,,,,,1,0,1
720575940417840234,,,,,,,,,,1,0,1
720575940418426890,,,,,,,,,,2,0,1
720575940418422794,,,,,,,,,,1,0,1
720575940418421258,,,,,,,,,,2,0,1
720575940418417162,,,,,,,,,,1,0,1
720575940418416650,,,,,,,,,,1,0,1
720575940418415114,,,,,,,,,,1,0,1
720575940418400010,,,,,,,,,,1,0,1
720575940417846890,,,,,,,,,,1,0,1
720575940417844330,,,,,,,,,,1,0,1
720575940417835370,,,,,,,,,,1,0,1
720575940417047168,,,,,,,,,,1,0,1
720575940417062784,,,,,,,,,,2,0,1
720575940417062528,,,,,,,,,,1,0,1
720575940417058944,,,,,,,,,,3,1,1
720575940417057408,,,,,,,,,,1,0,1
720575940417055616,,,,,,,,,,1,0,1
720575940417053824,,,,,,,,,,1,0,1
720575940417053568,,,,,,,,,,1,0,1
720575940417049984,,,,,,,,,,4,0,1
720575940417047936,,,,,,,,,,1,0,1
720575940416996224,,,,,,,,,,1,0,1
720575940416993920,,,,,,,,,,1,0,1
720575940415997981,,,,,,,,,,1,0,1
720575940416993408,,,,,,,,,,1,0,1
720575940416102034,,,,,,,,,,2,0,1
720575940416100242,,,,,,,,,,1,0,1
720575940416096402,,,,,,,,,,1,0,1
720575940416092818,,,,,,,,,,1,0,1
720575940416092306,,,,,,,,,,1,0,1
720575940416091794,,,,,,,,,,1,0,1
720575940416053021,,,,,,,,,,1,0,1
720575940416041757,,,,,,,,,,1,0,1
720575940416034333,,,,,,,,,,1,0,1
720575940416033309,,,,,,,,,,1,0,1
720575940416029981,,,,,,,,,,2,0,1
720575940416028957,,,,,,,,,,1,0,1
720575940416026141,,,,,,,,,,1,0,1
720575940416024349,,,,,,,,,,1,0,1
720575940416023837,,,,,,,,,,1,0,1
720575940416023325,,,,,,,,,,1,0,1
720575940416017949,,,,,,,,,,1,0,1
720575940416016925,,,,,,,,,,1,0,1
720575940416014109,,,,,,,,,,1,0,1
720575940416008221,,,,,,,,,,1,0,1
720575940416000029,,,,,,,,,,1,0,1
720575940416102290,,,,,,,,,,2,0,1
720575940416104850,,,,,,,,,,1,0,1
720575940416107922,,,,,,,,,,1,0,1
720575940416272175,,,,,,,,,,1,0,1
720575940416992640,,,,,,,,,,2,0,1
720575940416991616,,,,,,,,,,2,0,1
720575940416987008,,,,,,,,,,1,0,1
720575940416983424,,,,,,,,,,2,0,1
720575940416967808,,,,,,,,,,1,0,1
720575940416967040,,,,,,,,,,1,0,1
720575940416959616,,,,,,,,,,1,0,1
720575940416924192,,,,,,,,,,3,0,1
720575940416920608,,,,,,,,,,3,0,1
720575940416268079,,,,,,,,,,1,0,1
720575940416108946,,,,,,,,,,1,0,1
720575940416266287,,,,,,,,,,1,0,1
720575940416261423,,,,,,,,,,1,0,1
720575940416127890,,,,,,,,,,1,0,1
720575940416125842,,,,,,,,,,1,1,1
720575940416122002,,,,,,,,,,2,0,1
720575940416120978,,,,,,,,,,1,0,1
720575940416117906,,,,,,,,,,1,0,1
720575940416115346,,,,,,,,,,2,0,1
720575940416114066,,,,,,,,,,1,0,1
720575940430896879,,,,,,,,,,1,0,1
720575940430911727,,,,,,,,,,1,0,1
720575940562001195,,,,,,,,,,1,0,1
720575940441849942,,,,,,,,,,1,0,1
720575940442037479,,,,,,,,,,1,0,1
720575940442028775,,,,,,,,,,4,0,1
720575940442028519,,,,,,,,,,1,0,1
720575940442025447,,,,,,,,,,1,0,1
720575940442021607,,,,,,,,,,1,0,1
720575940441924694,,,,,,,,,,2,0,1
720575940441912662,,,,,,,,,,1,0,1
720575940441911638,,,,,,,,,,1,0,1
720575940441908054,,,,,,,,,,1,0,1
720575940441907030,,,,,,,,,,1,0,1
720575940441906518,,,,,,,,,,1,0,1
720575940441902934,,,,,,,,,,1,0,1
720575940441895766,,,,,,,,,,1,0,1
720575940441872214,,,,,,,,,,1,0,1
720575940441869654,,,,,,,,,,1,0,1
720575940441868374,,,,,,,,,,1,0,1
720575940441865302,,,,,,,,,,1,0,1
720575940441863510,,,,,,,,,,1,0,1
720575940441857622,,,,,,,,,,1,0,1
720575940441856854,,,,,,,,,,1,0,1
720575940441855830,,,,,,,,,,1,0,1
720575940442088723,,,,,,,,,,1,0,1
720575940442097939,,,,,,,,,,2,0,1
720575940442101267,,,,,,,,,,1,0,1
720575940444496413,,,,,,,,,,1,0,1
720575940446505989,,,,,,,,,,1,0,1
720575940446504965,,,,,,,,,,1,0,1
720575940446334577,,,,,,,,,,1,0,1
720575940446325873,,,,,,,,,,1,0,1
720575940446320497,,,,,,,,,,1,0,1
720575940446317425,,,,,,,,,,3,0,1
720575940444508701,,,,,,,,,,1,0,1
720575940444504861,,,,,,,,,,1,0,1
720575940444498461,,,,,,,,,,1,0,1
720575940444488733,,,,,,,,,,1,0,1
720575940442106131,,,,,,,,,,1,0,1
720575940444484381,,,,,,,,,,1,0,1
720575940444450025,,,,,,,,,,1,0,1
720575940444432617,,,,,,,,,,1,0,1
720575940443534214,,,,,,,,,,1,0,1
720575940442977608,,,,,,,,,,1,0,1
720575940442976072,,,,,,,,,,6,0,1
720575940442975048,,,,,,,,,,2,0,1
720575940442972744,,,,,,,,,,1,0,1
720575940442972232,,,,,,,,,,1,0,1
720575940441853782,,,,,,,,,,2,0,1
720575940441847638,,,,,,,,,,1,0,1
720575940446917783,,,,,,,,,,2,0,1
720575940441846102,,,,,,,,,,1,0,1
720575940440224750,,,,,,,,,,1,0,1
720575940440222446,,,,,,,,,,1,0,1
720575940440210670,,,,,,,,,,1,0,1
720575940440207086,,,,,,,,,,1,0,1
720575940440205038,,,,,,,,,,1,0,1
720575940440202993,,,,,,,,,,1,0,1
720575940440201198,,,,,,,,,,2,0,1
720575940440198126,,,,,,,,,,1,0,1
720575940440197614,,,,,,,,,,1,0,1
720575940440197358,,,,,,,,,,1,0,1
720575940440196846,,,,,,,,,,1,0,1
720575940440195054,,,,,,,,,,3,0,1
720575940440194542,,,,,,,,,,1,0,1
720575940440194030,,,,,,,,,,1,0,1
720575940440190702,,,,,,,,,,1,0,1
720575940440190446,,,,,,,,,,1,0,1
720575940440188398,,,,,,,,,,1,0,1
720575940440188142,,,,,,,,,,1,0,1
720575940440187630,,,,,,,,,,1,0,1
720575940440183022,,,,,,,,,,1,0,1
720575940440182766,,,,,,,,,,1,0,1
720575940440676478,,,,,,,,,,1,0,1
720575940441165791,,,,,,,,,,1,0,1
720575940441250642,,,,,,,,,,6,0,1
720575940441396611,,,,,,,,,,1,0,1
720575940441843030,,,,,,,,,,1,0,1
720575940441839702,,,,,,,,,,1,0,1
720575940441831254,,,,,,,,,,1,0,1
720575940441830998,,,,,,,,,,1,0,1
720575940441822038,,,,,,,,,,1,0,1
720575940441431427,,,,,,,,,,1,0,1
720575940441411971,,,,,,,,,,1,0,1
720575940441405059,,,,,,,,,,1,0,1
720575940441398659,,,,,,,,,,1,0,1
720575940441396099,,,,,,,,,,1,0,1
720575940441358211,,,,,,,,,,1,0,1
720575940441394051,,,,,,,,,,1,0,1
720575940441389955,,,,,,,,,,1,0,1
720575940441389699,,,,,,,,,,1,0,1
720575940441378947,,,,,,,,,,2,0,1
720575940441369987,,,,,,,,,,2,0,1
720575940441369475,,,,,,,,,,1,0,1
720575940441369219,,,,,,,,,,1,0,1
720575940441368451,,,,,,,,,,1,0,1
720575940441367683,,,,,,,,,,1,0,1
720575940446508805,,,,,,,,,,1,0,1
720575940446972567,,,,,,,,,,1,0,1
720575940440169454,,,,,,,,,,1,0,1
720575940448371270,,,,,,,,,,1,0,1
720575940448418118,,,,,,,,,,1,0,1
720575940448417094,,,,,,,,,,1,0,1
720575940448414534,,,,,,,,,,1,0,1
720575940448408390,,,,,,,,,,1,1,1
720575940448407878,,,,,,,,,,1,0,1
720575940448407366,,,,,,,,,,2,0,1
720575940448406598,,,,,,,,,,1,0,1
720575940448406086,,,,,,,,,,1,0,1
720575940448405062,,,,,,,,,,1,0,1
720575940448402758,,,,,,,,,,1,0,1
720575940448401990,,,,,,,,,,1,0,1
720575940448401734,,,,,,,,,,1,0,1
720575940448392006,,,,,,,,,,1,0,1
720575940448391494,,,,,,,,,,1,0,1
720575940448386630,,,,,,,,,,1,0,1
720575940448383302,,,,,,,,,,1,0,1
720575940448382790,,,,,,,,,,1,0,1
720575940448382022,,,,,,,,,,1,0,1
720575940448380486,,,,,,,,,,1,0,1
720575940448379974,,,,,,,,,,1,0,1
720575940448379718,,,,,,,,,,1,0,1
720575940448419654,,,,,,,,,,1,0,1
720575940448424262,,,,,,,,,,1,0,1
720575940448427846,,,,,,,,,,1,0,1
720575940448464311,,,,,,,,,,1,1,1
720575940448770231,,,,,,,,,,1,0,1
720575940448766647,,,,,,,,,,1,0,1
720575940448763319,,,,,,,,,,1,0,1
720575940448761015,,,,,,,,,,1,0,1
720575940448760759,,,,,,,,,,1,0,1
720575940448756919,,,,,,,,,,1,0,1
720575940448756663,,,,,,,,,,1,0,1
720575940448577589,,,,,,,,,,1,0,1
720575940448464823,,,,,,,,,,2,0,1
720575940448455351,,,,,,,,,,1,0,1
720575940448430150,,,,,,,,,,2,0,1
720575940448453047,,,,,,,,,,1,0,1
720575940448451910,,,,,,,,,,1,0,1
720575940448451398,,,,,,,,,,1,0,1
720575940448450231,,,,,,,,,,3,0,1
720575940448449975,,,,,,,,,,1,0,1
720575940448447558,,,,,,,,,,2,0,1
720575940448439110,,,,,,,,,,2,0,1
720575940448432710,,,,,,,,,,2,0,1
720575940448431686,,,,,,,,,,1,0,1
720575940448378438,,,,,,,,,,1,0,1
720575940448333894,,,,,,,,,,1,0,1
720575940447023704,,,,,,,,,,1,0,1
720575940448331116,,,,,,,,,,1,0,1
720575940447411512,,,,,,,,,,4,0,1
720575940447375193,,,,,,,,,,1,0,1
720575940447364185,,,,,,,,,,3,0,1
720575940447362905,,,,,,,,,,2,1,1
720575940447362649,,,,,,,,,,1,0,1
720575940447358297,,,,,,,,,,3,0,1
720575940447329625,,,,,,,,,,2,0,1
720575940447326041,,,,,,,,,,6,0,1
720575940447311705,,,,,,,,,,4,0,1
720575940447047768,,,,,,,,,,1,0,1
720575940447047000,,,,,,,,,,1,0,1
720575940447046232,,,,,,,,,,1,0,1
720575940447042648,,,,,,,,,,1,0,1
720575940447041112,,,,,,,,,,1,0,1
720575940447038552,,,,,,,,,,1,0,1
720575940447037784,,,,,,,,,,2,0,1
720575940447035736,,,,,,,,,,1,0,1
720575940447033688,,,,,,,,,,1,0,1
720575940447026008,,,,,,,,,,1,0,1
720575940447024984,,,,,,,,,,1,0,1
720575940447023960,,,,,,,,,,1,0,1
720575940447412280,,,,,,,,,,1,0,1
720575940447417144,,,,,,,,,,1,0,1
720575940447419960,,,,,,,,,,1,0,1
720575940448294982,,,,,,,,,,1,0,1
720575940448329324,,,,,,,,,,1,0,1
720575940448325996,,,,,,,,,,1,0,1
720575940448316524,,,,,,,,,,1,0,1
720575940448308806,,,,,,,,,,1,0,1
720575940448306284,,,,,,,,,,1,0,1
720575940448304454,,,,,,,,,,1,0,1
720575940448301932,,,,,,,,,,1,0,1
720575940448300870,,,,,,,,,,1,0,1
720575940448295532,,,,,,,,,,1,0,1
720575940448291692,,,,,,,,,,1,0,1
720575940447421752,,,,,,,,,,3,0,1
720575940448282732,,,,,,,,,,1,0,1
720575940448246636,,,,,,,,,,1,0,1
720575940448246380,,,,,,,,,,2,0,1
720575940448230508,,,,,,,,,,2,0,1
720575940447733892,,,,,,,,,,1,0,1
720575940447720068,,,,,,,,,,1,0,1
720575940447435064,,,,,,,,,,1,0,1
720575940447428920,,,,,,,,,,1,0,1
720575940447425848,,,,,,,,,,1,0,1
720575940440179950,,,,,,,,,,1,0,1
720575940440119534,,,,,,,,,,1,1,1
720575940430916591,,,,,,,,,,1,0,1
720575940432842795,,,,,,,,,,1,0,1
720575940433380033,,,,,,,,,,1,0,1
720575940433374657,,,,,,,,,,1,0,1
720575940433374401,,,,,,,,,,1,0,1
720575940433374145,,,,,,,,,,1,0,1
720575940433371073,,,,,,,,,,3,0,1
720575940433370817,,,,,,,,,,1,0,1
720575940433367489,,,,,,,,,,1,0,1
720575940433366977,,,,,,,,,,1,0,1
720575940433364161,,,,,,,,,,1,0,1
720575940433363905,,,,,,,,,,1,0,1
720575940433361601,,,,,,,,,,1,0,1
720575940433361345,,,,,,,,,,2,0,1
720575940433359553,,,,,,,,,,2,0,1
720575940433359297,,,,,,,,,,3,0,1
720575940433358529,,,,,,,,,,1,0,1
720575940433358273,,,,,,,,,,1,0,1
720575940433356481,,,,,,,,,,1,0,1
720575940432855851,,,,,,,,,,1,0,1
720575940432855595,,,,,,,,,,1,0,1
720575940432850219,,,,,,,,,,1,0,1
720575940432848171,,,,,,,,,,2,0,1
720575940433381825,,,,,,,,,,1,0,1
720575940433382593,,,,,,,,,,1,0,1
720575940433384129,,,,,,,,,,1,0,1
720575940433504113,,,,,,,,,,1,0,1
720575940434909898,,,,,,,,,,1,0,1
720575940434907338,,,,,,,,,,1,0,1
720575940434900426,,,,,,,,,,2,0,1
720575940434875082,,,,,,,,,,2,0,1
720575940434868938,,,,,,,,,,2,0,1
720575940434866378,,,,,,,,,,1,0,1
720575940434140458,,,,,,,,,,9,7,1
720575940433510513,,,,,,,,,,1,0,1
720575940433508465,,,,,,,,,,1,0,1
720575940433413313,,,,,,,,,,1,0,1
720575940433384385,,,,,,,,,,1,0,1
720575940433411265,,,,,,,,,,2,0,1
720575940433411009,,,,,,,,,,1,0,1
720575940433409473,,,,,,,,,,1,1,1
720575940433407937,,,,,,,,,,1,0,1
720575940433407681,,,,,,,,,,1,0,1
720575940433398209,,,,,,,,,,1,0,1
720575940433393601,,,,,,,,,,2,0,1
720575940433389761,,,,,,,,,,1,0,1
720575940433387969,,,,,,,,,,1,0,1
720575940432843051,,,,,,,,,,2,0,1
720575940432841515,,,,,,,,,,1,0,1
720575940434916810,,,,,,,,,,2,0,1
720575940432831019,,,,,,,,,,1,0,1
720575940430986735,,,,,,,,,,1,0,1
720575940430986223,,,,,,,,,,1,0,1
720575940430985967,,,,,,,,,,1,0,1
720575940430985455,,,,,,,,,,1,0,1
720575940430983663,,,,,,,,,,1,0,1
720575940430983407,,,,,,,,,,1,0,1
720575940430980847,,,,,,,,,,1,0,1
720575940430973935,,,,,,,,,,1,0,1
720575940430973167,,,,,,,,,,1,2,1
720575940430969583,,,,,,,,,,2,0,1
720575940430966255,,,,,,,,,,1,0,1
720575940430960879,,,,,,,,,,1,0,1
720575940430955503,,,,,,,,,,2,0,1
720575940430950127,,,,,,,,,,1,0,1
720575940430944751,,,,,,,,,,1,0,1
720575940430944495,,,,,,,,,,1,0,1
720575940430937583,,,,,,,,,,2,0,1
720575940430937327,,,,,,,,,,1,0,1
720575940430933231,,,,,,,,,,1,0,1
720575940430930927,,,,,,,,,,1,0,1
720575940430926575,,,,,,,,,,3,0,1
720575940431962662,,,,,,,,,,1,0,1
720575940431975206,,,,,,,,,,1,0,1
720575940431980070,,,,,,,,,,1,0,1
720575940432801323,,,,,,,,,,1,0,1
720575940432826155,,,,,,,,,,1,0,1
720575940432825643,,,,,,,,,,1,0,1
720575940432825387,,,,,,,,,,3,0,1
720575940432821547,,,,,,,,,,1,0,1
720575940432821035,,,,,,,,,,1,0,1
720575940432812331,,,,,,,,,,1,0,1
720575940432812075,,,,,,,,,,1,0,1
720575940432808491,,,,,,,,,,2,0,1
720575940432805419,,,,,,,,,,1,0,1
720575940432801067,,,,,,,,,,1,0,1
720575940431981862,,,,,,,,,,1,0,1
720575940432800811,,,,,,,,,,1,0,1
720575940432796715,,,,,,,,,,2,0,1
720575940432795179,,,,,,,,,,2,0,1
720575940432175441,,,,,,,,,,1,0,1
720575940432155729,,,,,,,,,,1,0,1
720575940432121937,,,,,,,,,,1,0,1
720575940432093746,,,,,,,,,,1,0,1
720575940432004390,,,,,,,,,,1,0,1
720575940431999014,,,,,,,,,,1,0,1
720575940434913482,,,,,,,,,,1,0,1
720575940434917322,,,,,,,,,,1,0,1
720575940439419262,,,,,,,,,,1,0,1
720575940435713828,,,,,,,,,,1,0,1
720575940437234043,,,,,,,,,,1,0,1
720575940437173794,,,,,,,,,,1,0,1
720575940437158178,,,,,,,,,,1,0,1
720575940437144354,,,,,,,,,,1,0,1
720575940437144098,,,,,,,,,,2,0,1
720575940437137442,,,,,,,,,,1,0,1
720575940437136674,,,,,,,,,,1,0,1
720575940437134626,,,,,,,,,,1,0,1
720575940437130274,,,,,,,,,,1,0,1
720575940437123874,,,,,,,,,,1,0,1
720575940437117730,,,,,,,,,,1,0,1
720575940437116962,,,,,,,,,,1,0,1
720575940437102370,,,,,,,,,,1,0,1
720575940436287266,,,,,,,,,,1,0,1
720575940436267298,,,,,,,,,,1,0,1
720575940436264994,,,,,,,,,,1,0,1
720575940435804029,,,,,,,,,,1,0,1
720575940435727140,,,,,,,,,,1,0,1
720575940435724324,,,,,,,,,,1,0,1
720575940435718692,,,,,,,,,,1,0,1
720575940435716132,,,,,,,,,,1,0,1
720575940437243771,,,,,,,,,,1,0,1
720575940437246843,,,,,,,,,,1,0,1
720575940437259643,,,,,,,,,,1,0,1
720575940439115653,,,,,,,,,,1,0,1
720575940439417982,,,,,,,,,,1,0,1
720575940439412094,,,,,,,,,,1,0,1
720575940439411838,,,,,,,,,,1,0,1
720575940439405438,,,,,,,,,,1,0,1
720575940439397246,,,,,,,,,,1,0,1
720575940439394174,,,,,,,,,,1,0,1
720575940439391870,,,,,,,,,,1,0,1
720575940439380350,,,,,,,,,,1,0,1
720575940439116421,,,,,,,,,,1,0,1
720575940439107973,,,,,,,,,,1,0,1
720575940437494699,,,,,,,,,,1,0,1
720575940439106437,,,,,,,,,,1,0,1
720575940439036805,,,,,,,,,,3,0,1
720575940438129563,,,,,,,,,,1,0,1
720575940438109851,,,,,,,,,,1,1,1
720575940438099099,,,,,,,,,,4,0,1
720575940437509291,,,,,,,,,,1,0,1
720575940437503659,,,,,,,,,,1,0,1
720575940437499563,,,,,,,,,,1,0,1
720575940437495211,,,,,,,,,,1,0,1
720575940435715364,,,,,,,,,,1,0,1
720575940435713060,,,,,,,,,,1,0,1
720575940434918346,,,,,,,,,,1,0,1
720575940435711780,,,,,,,,,,1,0,1
720575940435641636,,,,,,,,,,2,0,1
720575940435639588,,,,,,,,,,2,0,1
720575940435258916,,,,,,,,,,1,0,1
720575940435252004,,,,,,,,,,1,0,1
720575940435246116,,,,,,,,,,1,0,1
720575940435244580,,,,,,,,,,1,0,1
720575940435242276,,,,,,,,,,1,0,1
720575940435239716,,,,,,,,,,1,0,1
720575940435238692,,,,,,,,,,2,0,1
720575940435233828,,,,,,,,,,1,0,1
720575940435231012,,,,,,,,,,1,0,1
720575940435227684,,,,,,,,,,1,0,1
720575940435124611,,,,,,,,,,2,0,1
720575940434931402,,,,,,,,,,1,0,1
720575940434929866,,,,,,,,,,1,0,1
720575940434927562,,,,,,,,,,1,0,1
720575940434925258,,,,,,,,,,1,0,1
720575940434922954,,,,,,,,,,1,0,1
720575940434922698,,,,,,,,,,1,0,1
720575940434922442,,,,,,,,,,1,0,1
720575940434918602,,,,,,,,,,1,0,1
720575940435641892,,,,,,,,,,2,0,1
720575940435650084,,,,,,,,,,2,0,1
720575940435650340,,,,,,,,,,1,0,1
720575940435694116,,,,,,,,,,1,0,1
720575940435707940,,,,,,,,,,1,0,1
720575940435705636,,,,,,,,,,1,0,1
720575940435704356,,,,,,,,,,1,0,1
720575940435703588,,,,,,,,,,1,0,1
720575940435703076,,,,,,,,,,1,0,1
720575940435702308,,,,,,,,,,1,0,1
720575940435701796,,,,,,,,,,1,0,1
720575940435698980,,,,,,,,,,1,0,1
720575940435696932,,,,,,,,,,1,0,1
720575940435691044,,,,,,,,,,1,0,1
720575940435651108,,,,,,,,,,1,0,1
720575940435690788,,,,,,,,,,1,0,1
720575940435682084,,,,,,,,,,2,0,1
720575940435681572,,,,,,,,,,1,0,1
720575940435678756,,,,,,,,,,1,0,1
720575940435666212,,,,,,,,,,1,0,1
720575940435665956,,,,,,,,,,2,0,1
720575940435653668,,,,,,,,,,1,0,1
720575940435653412,,,,,,,,,,3,0,1
720575940435651620,,,,,,,,,,1,0,1
720575940410160329,,,,,,,,,,1,0,1
720575940410158025,,,,,,,,,,1,0,1
720575940410155977,,,,,,,,,,1,0,1
720575940383984544,,,,,,,,,,1,0,1
720575940385436052,,,,,,,,,,1,0,1
720575940385432980,,,,,,,,,,1,0,1
720575940385428628,,,,,,,,,,1,0,1
720575940385141284,,,,,,,,,,1,0,1
720575940385139748,,,,,,,,,,1,0,1
720575940385138724,,,,,,,,,,1,0,1
720575940385137956,,,,,,,,,,1,0,1
720575940385132068,,,,,,,,,,1,0,1
720575940385129252,,,,,,,,,,1,0,1
720575940385111076,,,,,,,,,,1,0,1
720575940385095460,,,,,,,,,,2,0,1
720575940385073956,,,,,,,,,,2,1,1
720575940385061412,,,,,,,,,,2,0,1
720575940384012448,,,,,,,,,,1,0,1
720575940384009632,,,,,,,,,,1,0,1
720575940384007328,,,,,,,,,,2,0,1
720575940384006304,,,,,,,,,,1,0,1
720575940383998624,,,,,,,,,,1,0,1
720575940383996576,,,,,,,,,,1,0,1
720575940383993504,,,,,,,,,,1,0,1
720575940383987616,,,,,,,,,,1,0,1
720575940385452180,,,,,,,,,,1,0,1
720575940385471892,,,,,,,,,,1,0,1
720575940385486740,,,,,,,,,,1,0,1
720575940388654386,,,,,,,,,,1,0,1
720575940388671538,,,,,,,,,,1,0,1
720575940388669746,,,,,,,,,,1,0,1
720575940388666674,,,,,,,,,,1,0,1
720575940388665394,,,,,,,,,,1,0,1
720575940388664114,,,,,,,,,,1,0,1
720575940388661042,,,,,,,,,,1,0,1
720575940388657714,,,,,,,,,,1,0,1
720575940388656178,,,,,,,,,,1,0,1
720575940388655666,,,,,,,,,,1,0,1
720575940388648754,,,,,,,,,,1,0,1
720575940386676245,,,,,,,,,,1,0,1
720575940388507948,,,,,,,,,,2,1,1
720575940388505388,,,,,,,,,,1,0,1
720575940388502572,,,,,,,,,,1,0,1
720575940388497708,,,,,,,,,,1,0,1
720575940388497452,,,,,,,,,,2,0,1
720575940387058970,,,,,,,,,,4,0,1
720575940386703125,,,,,,,,,,1,0,1
720575940386697237,,,,,,,,,,1,0,1
720575940386686485,,,,,,,,,,1,0,1
720575940383986848,,,,,,,,,,1,0,1
720575940383435759,,,,,,,,,,2,0,1
720575940388674866,,,,,,,,,,1,0,1
720575940382466814,,,,,,,,,,1,0,1
720575940382388478,,,,,,,,,,1,1,1
720575940382381566,,,,,,,,,,1,0,1
720575940382379774,,,,,,,,,,1,0,1
720575940382377214,,,,,,,,,,1,0,1
720575940382376702,,,,,,,,,,1,1,1
720575940382374654,,,,,,,,,,5,0,1
720575940382369534,,,,,,,,,,1,0,1
720575940382364414,,,,,,,,,,1,0,1
720575940382363902,,,,,,,,,,1,0,1
720575940382354942,,,,,,,,,,1,0,1
720575940382353918,,,,,,,,,,1,0,1
720575940382340094,,,,,,,,,,1,0,1
720575940382333438,,,,,,,,,,2,0,1
720575940381836350,,,,,,,,,,1,0,1
720575940381772350,,,,,,,,,,1,0,1
720575940381615422,,,,,,,,,,2,0,1
720575940381245838,,,,,,,,,,1,0,1
720575940381244430,,,,,,,,,,1,0,1
720575940381236238,,,,,,,,,,1,0,1
720575940381233166,,,,,,,,,,1,0,1
720575940381229326,,,,,,,,,,1,0,1
720575940382397950,,,,,,,,,,1,0,1
720575940382402046,,,,,,,,,,1,0,1
720575940382405374,,,,,,,,,,1,0,1
720575940382435326,,,,,,,,,,1,0,1
720575940382462462,,,,,,,,,,1,0,1
720575940382460414,,,,,,,,,,1,0,1
720575940382458878,,,,,,,,,,1,0,1
720575940382454014,,,,,,,,,,1,0,1
720575940382447358,,,,,,,,,,1,0,1
720575940382447102,,,,,,,,,,1,0,1
720575940382445310,,,,,,,,,,1,0,1
720575940382443774,,,,,,,,,,1,0,1
720575940382435582,,,,,,,,,,1,0,1
720575940382429694,,,,,,,,,,1,0,1
720575940382406398,,,,,,,,,,1,0,1
720575940382428926,,,,,,,,,,1,0,1
720575940382428158,,,,,,,,,,1,0,1
720575940382427902,,,,,,,,,,1,0,1
720575940382419198,,,,,,,,,,1,0,1
720575940382417662,,,,,,,,,,2,0,1
720575940382417406,,,,,,,,,,3,0,1
720575940382417150,,,,,,,,,,1,0,1
720575940382416894,,,,,,,,,,1,0,1
720575940382407934,,,,,,,,,,2,0,1
720575940388672050,,,,,,,,,,1,0,1
720575940388774718,,,,,,,,,,1,0,1
720575940381226254,,,,,,,,,,3,0,1
720575940393379123,,,,,,,,,,1,0,1
720575940394080528,,,,,,,,,,1,0,1
720575940394075920,,,,,,,,,,1,0,1
720575940394075664,,,,,,,,,,1,0,1
720575940394058000,,,,,,,,,,1,0,1
720575940394054672,,,,,,,,,,1,0,1
720575940394053136,,,,,,,,,,1,0,1
720575940394042896,,,,,,,,,,1,0,1
720575940394030096,,,,,,,,,,2,1,1
720575940394028304,,,,,,,,,,1,0,1
720575940394022906,,,,,,,,,,1,0,1
720575940394021370,,,,,,,,,,1,0,1
720575940394019322,,,,,,,,,,1,0,1
720575940394018042,,,,,,,,,,1,0,1
720575940394017018,,,,,,,,,,3,0,1
720575940394014458,,,,,,,,,,1,0,1
720575940394012154,,,,,,,,,,1,0,1
720575940393992954,,,,,,,,,,1,0,1
720575940393984250,,,,,,,,,,1,0,1
720575940393980666,,,,,,,,,,1,0,1
720575940393974266,,,,,,,,,,1,0,1
720575940393971450,,,,,,,,,,1,0,1
720575940394087440,,,,,,,,,,1,0,1
720575940394090768,,,,,,,,,,1,0,1
720575940394091280,,,,,,,,,,1,0,1
720575940394116368,,,,,,,,,,1,0,1
720575940394126271,,,,,,,,,,2,0,1
720575940394125840,,,,,,,,,,2,0,1
720575940394124816,,,,,,,,,,1,0,1
720575940394124304,,,,,,,,,,1,0,1
720575940394123711,,,,,,,,,,1,0,1
720575940394122687,,,,,,,,,,1,0,1
720575940394121488,,,,,,,,,,1,0,1
720575940394120976,,,,,,,,,,1,0,1
720575940394118416,,,,,,,,,,1,0,1
720575940394115775,,,,,,,,,,1,0,1
720575940394096144,,,,,,,,,,1,0,1
720575940394114832,,,,,,,,,,1,0,1
720575940394113552,,,,,,,,,,1,0,1
720575940394109456,,,,,,,,,,1,0,1
720575940394102800,,,,,,,,,,1,0,1
720575940394102288,,,,,,,,,,1,0,1
720575940394101520,,,,,,,,,,1,0,1
720575940394099472,,,,,,,,,,1,0,1
720575940394099216,,,,,,,,,,1,0,1
720575940394097168,,,,,,,,,,2,0,1
720575940393403336,,,,,,,,,,2,0,1
720575940393377075,,,,,,,,,,1,0,1
720575940389157450,,,,,,,,,,4,0,1
720575940393357619,,,,,,,,,,1,0,1
720575940391122233,,,,,,,,,,1,0,1
720575940391118137,,,,,,,,,,1,0,1
720575940391115321,,,,,,,,,,1,0,1
720575940391114297,,,,,,,,,,1,0,1
720575940391108921,,,,,,,,,,1,0,1
720575940391105081,,,,,,,,,,1,0,1
720575940390859301,,,,,,,,,,1,0,1
720575940390859045,,,,,,,,,,1,0,1
720575940390856485,,,,,,,,,,1,0,1
720575940390849317,,,,,,,,,,1,0,1
720575940390849061,,,,,,,,,,1,0,1
720575940390848293,,,,,,,,,,1,0,1
720575940390841125,,,,,,,,,,1,0,1
720575940390840869,,,,,,,,,,1,0,1
720575940389792355,,,,,,,,,,1,0,1
720575940389194570,,,,,,,,,,2,0,1
720575940389190474,,,,,,,,,,1,0,1
720575940389184586,,,,,,,,,,1,0,1
720575940389179210,,,,,,,,,,1,0,1
720575940389177418,,,,,,,,,,1,0,1
720575940389159754,,,,,,,,,,1,0,1
720575940391123257,,,,,,,,,,1,0,1
720575940391123513,,,,,,,,,,1,0,1
720575940391127865,,,,,,,,,,1,0,1
720575940391169849,,,,,,,,,,1,0,1
720575940393357512,,,,,,,,,,3,0,1
720575940393357363,,,,,,,,,,1,0,1
720575940393356744,,,,,,,,,,1,0,1
720575940392801314,,,,,,,,,,1,0,1
720575940391210809,,,,,,,,,,1,0,1
720575940391193145,,,,,,,,,,1,0,1
720575940391182905,,,,,,,,,,1,0,1
720575940391177017,,,,,,,,,,1,0,1
720575940391176505,,,,,,,,,,1,0,1
720575940391166009,,,,,,,,,,1,0,1
720575940391130169,,,,,,,,,,1,0,1
720575940391163705,,,,,,,,,,1,0,1
720575940391151161,,,,,,,,,,1,0,1
720575940391144761,,,,,,,,,,1,0,1
720575940391141177,,,,,,,,,,1,0,1
720575940391137593,,,,,,,,,,1,0,1
720575940391134521,,,,,,,,,,1,0,1
720575940391134265,,,,,,,,,,1,0,1
720575940391132985,,,,,,,,,,1,0,1
720575940391130425,,,,,,,,,,1,0,1
720575940381227534,,,,,,,,,,1,0,1
720575940381220366,,,,,,,,,,1,0,1
720575940410146505,,,,,,,,,,2,0,1
720575940379974485,,,,,,,,,,1,2,1
720575940380025173,,,,,,,,,,2,0,1
720575940380022651,,,,,,,,,,1,0,1
720575940380021883,,,,,,,,,,1,0,1
720575940380019285,,,,,,,,,,1,0,1
720575940380019029,,,,,,,,,,2,0,1
720575940380018299,,,,,,,,,,2,0,1
720575940380016507,,,,,,,,,,1,0,1
720575940380016469,,,,,,,,,,1,0,1
720575940380013435,,,,,,,,,,1,0,1
720575940380012411,,,,,,,,,,1,0,1
720575940380008426,,,,,,,,,,1,0,1
720575940380005461,,,,,,,,,,1,0,1
720575940380001621,,,,,,,,,,1,0,1
720575940379999867,,,,,,,,,,1,0,1
720575940379995989,,,,,,,,,,1,0,1
720575940379992661,,,,,,,,,,2,0,1
720575940379988821,,,,,,,,,,2,0,1
720575940379984981,,,,,,,,,,1,0,1
720575940379983957,,,,,,,,,,2,0,1
720575940379979861,,,,,,,,,,1,0,1
720575940379979349,,,,,,,,,,1,0,1
720575940380026090,,,,,,,,,,1,0,1
720575940380026197,,,,,,,,,,1,0,1
720575940380026709,,,,,,,,,,1,0,1
720575940380051541,,,,,,,,,,1,0,1
720575940380092501,,,,,,,,,,1,0,1
720575940380083541,,,,,,,,,,1,0,1
720575940380080725,,,,,,,,,,1,0,1
720575940380077397,,,,,,,,,,1,0,1
720575940380077141,,,,,,,,,,1,0,1
720575940380068693,,,,,,,,,,1,0,1
720575940380058197,,,,,,,,,,1,0,1
720575940380057941,,,,,,,,,,1,0,1
720575940380052053,,,,,,,,,,1,0,1
720575940380048725,,,,,,,,,,1,0,1
720575940380029013,,,,,,,,,,1,0,1
720575940380047701,,,,,,,,,,1,0,1
720575940380045802,,,,,,,,,,1,0,1
720575940380040789,,,,,,,,,,1,0,1
720575940380040277,,,,,,,,,,1,0,1
720575940380040021,,,,,,,,,,1,0,1
720575940380036949,,,,,,,,,,1,0,1
720575940380036437,,,,,,,,,,1,0,1
720575940380032853,,,,,,,,,,1,0,1
720575940380032597,,,,,,,,,,1,0,1
720575940379978363,,,,,,,,,,1,0,1
720575940379971157,,,,,,,,,,2,0,1
720575940380117417,,,,,,,,,,1,0,1
720575940379967573,,,,,,,,,,1,0,1
720575940379873542,,,,,,,,,,1,0,1
720575940379872774,,,,,,,,,,1,0,1
720575940379860230,,,,,,,,,,2,0,1
720575940379838359,,,,,,,,,,1,0,1
720575940379827784,,,,,,,,,,1,0,1
720575940379823511,,,,,,,,,,1,0,1
720575940379821640,,,,,,,,,,1,0,1
720575940379819592,,,,,,,,,,1,0,1
720575940379814472,,,,,,,,,,1,0,1
720575940379812424,,,,,,,,,,1,0,1
720575940379805768,,,,,,,,,,1,0,1
720575940379800392,,,,,,,,,,1,0,1
720575940379793736,,,,,,,,,,1,0,1
720575940379789384,,,,,,,,,,1,0,1
720575940379788360,,,,,,,,,,1,0,1
720575940379786312,,,,,,,,,,1,0,1
720575940379785288,,,,,,,,,,1,0,1
720575940379783240,,,,,,,,,,1,0,1
720575940379779912,,,,,,,,,,1,0,1
720575940379773000,,,,,,,,,,1,0,1
720575940379768648,,,,,,,,,,1,0,1
720575940379874310,,,,,,,,,,2,0,1
720575940379878662,,,,,,,,,,3,0,1
720575940379882502,,,,,,,,,,1,0,1
720575940379938645,,,,,,,,,,1,0,1
720575940379965525,,,,,,,,,,1,0,1
720575940379961429,,,,,,,,,,1,0,1
720575940379954517,,,,,,,,,,1,0,1
720575940379950421,,,,,,,,,,1,0,1
720575940379949141,,,,,,,,,,1,0,1
720575940379948117,,,,,,,,,,2,0,1
720575940379946581,,,,,,,,,,1,0,1
720575940379945557,,,,,,,,,,1,0,1
720575940379939157,,,,,,,,,,1,0,1
720575940379933269,,,,,,,,,,1,0,1
720575940379885397,,,,,,,,,,5,3,1
720575940379929941,,,,,,,,,,1,0,1
720575940379929173,,,,,,,,,,1,0,1
720575940379928405,,,,,,,,,,1,0,1
720575940379928149,,,,,,,,,,2,0,1
720575940379923797,,,,,,,,,,3,0,1
720575940379923541,,,,,,,,,,1,0,1
720575940379914069,,,,,,,,,,4,0,1
720575940379911174,,,,,,,,,,1,0,1
720575940379889670,,,,,,,,,,1,0,1
720575940380093162,,,,,,,,,,1,0,1
720575940380149929,,,,,,,,,,1,0,1
720575940381215502,,,,,,,,,,2,0,1
720575940380954442,,,,,,,,,,1,0,1
720575940381093363,,,,,,,,,,1,0,1
720575940381065657,,,,,,,,,,1,0,1
720575940381065290,,,,,,,,,,1,0,1
720575940381060793,,,,,,,,,,1,0,1
720575940381060537,,,,,,,,,,1,0,1
720575940381030841,,,,,,,,,,1,0,1
720575940381021881,,,,,,,,,,1,0,1
720575940381010617,,,,,,,,,,5,0,1
720575940381010361,,,,,,,,,,1,0,1
720575940381005497,,,,,,,,,,3,0,1
720575940381001034,,,,,,,,,,3,0,1
720575940380990794,,,,,,,,,,1,0,1
720575940380990282,,,,,,,,,,1,0,1
720575940380983114,,,,,,,,,,1,0,1
720575940380974154,,,,,,,,,,1,0,1
720575940380971338,,,,,,,,,,2,0,1
720575940380965706,,,,,,,,,,1,0,1
720575940380963146,,,,,,,,,,1,0,1
720575940380962634,,,,,,,,,,1,0,1
720575940380962122,,,,,,,,,,1,0,1
720575940380958282,,,,,,,,,,1,0,1
720575940381103859,,,,,,,,,,1,0,1
720575940381113930,,,,,,,,,,1,0,1
720575940381127498,,,,,,,,,,2,0,1
720575940381197070,,,,,,,,,,1,0,1
720575940381211662,,,,,,,,,,1,0,1
720575940381211150,,,,,,,,,,1,0,1
720575940381210382,,,,,,,,,,1,0,1
720575940381208590,,,,,,,,,,1,0,1
720575940381206286,,,,,,,,,,1,0,1
720575940381204878,,,,,,,,,,1,0,1
720575940381201934,,,,,,,,,,1,0,1
720575940381198862,,,,,,,,,,1,0,1
720575940381197838,,,,,,,,,,1,0,1
720575940381195534,,,,,,,,,,1,0,1
720575940381131594,,,,,,,,,,1,0,1
720575940381192718,,,,,,,,,,1,0,1
720575940381185294,,,,,,,,,,1,0,1
720575940381184526,,,,,,,,,,1,0,1
720575940381183246,,,,,,,,,,1,0,1
720575940381163850,,,,,,,,,,1,0,1
720575940381156426,,,,,,,,,,1,0,1
720575940381153866,,,,,,,,,,1,0,1
720575940381145418,,,,,,,,,,1,0,1
720575940381144906,,,,,,,,,,1,0,1
720575940380957770,,,,,,,,,,2,0,1
720575940380948298,,,,,,,,,,1,0,1
720575940380153769,,,,,,,,,,1,0,1
720575940380940753,,,,,,,,,,6,0,1
720575940380268884,,,,,,,,,,1,0,1
720575940380268628,,,,,,,,,,1,0,1
720575940380267604,,,,,,,,,,1,0,1
720575940380265556,,,,,,,,,,1,0,1
720575940380264532,,,,,,,,,,1,0,1
720575940380263764,,,,,,,,,,1,0,1
720575940380259753,,,,,,,,,,1,0,1
720575940380255060,,,,,,,,,,1,0,1
720575940380247209,,,,,,,,,,1,0,1
720575940380243369,,,,,,,,,,1,0,1
720575940380240297,,,,,,,,,,1,0,1
720575940380236884,,,,,,,,,,1,0,1
720575940380220841,,,,,,,,,,1,0,1
720575940380217769,,,,,,,,,,1,2,1
720575940380208212,,,,,,,,,,4,0,1
720575940380208041,,,,,,,,,,1,0,1
720575940380202153,,,,,,,,,,1,0,1
720575940380189865,,,,,,,,,,1,0,1
720575940380185257,,,,,,,,,,1,0,1
720575940380184745,,,,,,,,,,1,0,1
720575940380168361,,,,,,,,,,1,0,1
720575940380274516,,,,,,,,,,1,0,1
720575940380275540,,,,,,,,,,2,0,1
720575940380275796,,,,,,,,,,1,0,1
720575940380350251,,,,,,,,,,1,0,1
720575940380936778,,,,,,,,,,2,0,1
720575940380719398,,,,,,,,,,2,0,1
720575940380713510,,,,,,,,,,4,0,1
720575940380712230,,,,,,,,,,1,0,1
720575940380689854,,,,,,,,,,1,0,1
720575940380671166,,,,,,,,,,1,0,1
720575940380441958,,,,,,,,,,1,0,1
720575940380422187,,,,,,,,,,1,0,1
720575940380412971,,,,,,,,,,7,0,1
720575940380324436,,,,,,,,,,2,0,1
720575940380285012,,,,,,,,,,1,0,1
720575940380312660,,,,,,,,,,1,0,1
720575940380309588,,,,,,,,,,2,1,1
720575940380307540,,,,,,,,,,1,0,1
720575940380304212,,,,,,,,,,1,0,1
720575940380297556,,,,,,,,,,2,0,1
720575940380294996,,,,,,,,,,3,0,1
720575940380291156,,,,,,,,,,1,0,1
720575940380290644,,,,,,,,,,1,0,1
720575940380289108,,,,,,,,,,2,0,1
720575940394128063,,,,,,,,,,1,0,1
720575940394128575,,,,,,,,,,1,0,1
720575940394132496,,,,,,,,,,1,0,1
720575940402247935,,,,,,,,,,1,0,1
720575940403688267,,,,,,,,,,1,0,1
720575940403688011,,,,,,,,,,1,0,1
720575940403685963,,,,,,,,,,1,0,1
720575940403685451,,,,,,,,,,1,0,1
720575940403651147,,,,,,,,,,1,0,1
720575940403647819,,,,,,,,,,1,1,1
720575940403645003,,,,,,,,,,2,0,1
720575940403643723,,,,,,,,,,1,0,1
720575940403643467,,,,,,,,,,1,0,1
720575940403637835,,,,,,,,,,1,0,1
720575940403637067,,,,,,,,,,1,0,1
720575940403630923,,,,,,,,,,1,0,1
720575940403628363,,,,,,,,,,1,0,1
720575940403625291,,,,,,,,,,1,0,1
720575940403593291,,,,,,,,,,7,0,1
720575940403588939,,,,,,,,,,1,0,1
720575940402437005,,,,,,,,,,1,0,1
720575940402265855,,,,,,,,,,1,0,1
720575940402263039,,,,,,,,,,1,0,1
720575940402262527,,,,,,,,,,1,0,1
720575940402254847,,,,,,,,,,4,0,1
720575940403688779,,,,,,,,,,2,0,1
720575940403691595,,,,,,,,,,1,0,1
720575940403694411,,,,,,,,,,1,0,1
720575940404799491,,,,,,,,,,1,0,1
720575940404917431,,,,,,,,,,1,0,1
720575940404912823,,,,,,,,,,1,0,1
720575940404912311,,,,,,,,,,1,0,1
720575940404907447,,,,,,,,,,1,0,1
720575940404904119,,,,,,,,,,2,0,1
720575940404903863,,,,,,,,,,1,0,1
720575940404901815,,,,,,,,,,2,0,1
720575940404882359,,,,,,,,,,3,1,1
720575940404880823,,,,,,,,,,5,0,1
720575940403806027,,,,,,,,,,1,0,1
720575940403695947,,,,,,,,,,1,0,1
720575940403790411,,,,,,,,,,1,0,1
720575940403729227,,,,,,,,,,1,0,1
720575940403727947,,,,,,,,,,1,0,1
720575940403724107,,,,,,,,,,1,0,1
720575940403723851,,,,,,,,,,1,0,1
720575940403718987,,,,,,,,,,7,0,1
720575940403718219,,,,,,,,,,1,0,1
720575940403715147,,,,,,,,,,1,0,1
720575940403711051,,,,,,,,,,1,0,1
720575940402252031,,,,,,,,,,1,0,1
720575940402237951,,,,,,,,,,1,0,1
720575940404942775,,,,,,,,,,1,0,1
720575940402232063,,,,,,,,,,1,0,1
720575940400709922,,,,,,,,,,1,0,1
720575940400248899,,,,,,,,,,2,0,1
720575940400139781,,,,,,,,,,1,0,1
720575940400118021,,,,,,,,,,1,0,1
720575940400089349,,,,,,,,,,1,0,1
720575940400081925,,,,,,,,,,1,0,1
720575940399814047,,,,,,,,,,1,0,1
720575940399813791,,,,,,,,,,2,0,1
720575940399804319,,,,,,,,,,1,0,1
720575940399482188,,,,,,,,,,3,0,1
720575940399467596,,,,,,,,,,4,0,1
720575940399388492,,,,,,,,,,3,0,1
720575940399329612,,,,,,,,,,2,0,1
720575940399267404,,,,,,,,,,3,0,1
720575940398794193,,,,,,,,,,1,0,1
720575940398793937,,,,,,,,,,1,0,1
720575940398791377,,,,,,,,,,1,0,1
720575940398790609,,,,,,,,,,2,0,1
720575940398783441,,,,,,,,,,1,0,1
720575940398782673,,,,,,,,,,1,0,1
720575940398782417,,,,,,,,,,1,0,1
720575940400717858,,,,,,,,,,1,0,1
720575940400725026,,,,,,,,,,1,0,1
720575940400735522,,,,,,,,,,1,0,1
720575940401275301,,,,,,,,,,1,0,1
720575940402231551,,,,,,,,,,1,0,1
720575940402231295,,,,,,,,,,2,0,1
720575940402229503,,,,,,,,,,2,0,1
720575940402211583,,,,,,,,,,2,0,1
720575940402207999,,,,,,,,,,1,0,1
720575940402179327,,,,,,,,,,5,0,1
720575940401319589,,,,,,,,,,1,0,1
720575940401301925,,,,,,,,,,1,0,1
720575940401293989,,,,,,,,,,1,0,1
720575940401265573,,,,,,,,,,1,0,1
720575940400737826,,,,,,,,,,1,0,1
720575940401250725,,,,,,,,,,1,0,1
720575940401247653,,,,,,,,,,1,0,1
720575940401241509,,,,,,,,,,1,0,1
720575940401240741,,,,,,,,,,2,0,1
720575940401234085,,,,,,,,,,1,0,1
720575940401230245,,,,,,,,,,1,0,1
720575940400748066,,,,,,,,,,1,0,1
720575940400747298,,,,,,,,,,2,0,1
720575940400741922,,,,,,,,,,1,0,1
720575940404935351,,,,,,,,,,1,0,1
720575940404944055,,,,,,,,,,1,0,1
720575940394137104,,,,,,,,,,2,0,1
720575940408441650,,,,,,,,,,1,0,1
720575940409050525,,,,,,,,,,1,0,1
720575940409047965,,,,,,,,,,1,0,1
720575940409047709,,,,,,,,,,1,0,1
720575940409046173,,,,,,,,,,1,0,1
720575940409045661,,,,,,,,,,2,0,1
720575940409043613,,,,,,,,,,1,0,1
720575940409043101,,,,,,,,,,1,0,1
720575940408645478,,,,,,,,,,1,0,1
720575940408643174,,,,,,,,,,2,0,1
720575940408642918,,,,,,,,,,1,0,1
720575940408641126,,,,,,,,,,3,0,1
720575940408629094,,,,,,,,,,2,0,1
720575940408624742,,,,,,,,,,2,0,1
720575940408562665,,,,,,,,,,1,0,1
720575940408555497,,,,,,,,,,1,0,1
720575940408542697,,,,,,,,,,1,0,1
720575940408541417,,,,,,,,,,1,1,1
720575940408473138,,,,,,,,,,1,0,1
720575940408458802,,,,,,,,,,1,0,1
720575940408458546,,,,,,,,,,1,0,1
720575940408450610,,,,,,,,,,4,0,1
720575940409063069,,,,,,,,,,1,0,1
720575940409068445,,,,,,,,,,1,0,1
720575940409073821,,,,,,,,,,1,0,1
720575940409222871,,,,,,,,,,1,0,1
720575940410145993,,,,,,,,,,1,0,1
720575940410138057,,,,,,,,,,2,0,1
720575940410134729,,,,,,,,,,2,0,1
720575940410122953,,,,,,,,,,1,0,1
720575940410116809,,,,,,,,,,1,0,1
720575940410113993,,,,,,,,,,2,0,1
720575940410106569,,,,,,,,,,1,0,1
720575940410106057,,,,,,,,,,1,0,1
720575940409440088,,,,,,,,,,1,0,1
720575940409188311,,,,,,,,,,1,0,1
720575940409081245,,,,,,,,,,1,0,1
720575940409124253,,,,,,,,,,2,0,1
720575940409117597,,,,,,,,,,1,0,1
720575940409109149,,,,,,,,,,1,0,1
720575940409103261,,,,,,,,,,1,0,1
720575940409098909,,,,,,,,,,1,0,1
720575940409093277,,,,,,,,,,1,0,1
720575940409092509,,,,,,,,,,1,0,1
720575940409086877,,,,,,,,,,1,0,1
720575940409085597,,,,,,,,,,2,0,1
720575940408449842,,,,,,,,,,1,0,1
720575940408439090,,,,,,,,,,1,0,1
720575940404947639,,,,,,,,,,1,0,1
720575940408434738,,,,,,,,,,1,0,1
720575940404997815,,,,,,,,,,1,0,1
720575940404977847,,,,,,,,,,1,0,1
720575940404976055,,,,,,,,,,1,0,1
720575940404971191,,,,,,,,,,1,0,1
720575940404965047,,,,,,,,,,1,0,1
720575940404962231,,,,,,,,,,1,0,1
720575940404961207,,,,,,,,,,1,0,1
720575940404960951,,,,,,,,,,1,0,1
720575940404957879,,,,,,,,,,1,0,1
720575940404956855,,,,,,,,,,1,0,1
720575940404956087,,,,,,,,,,1,0,1
720575940404955063,,,,,,,,,,1,0,1
720575940404954295,,,,,,,,,,1,0,1
720575940404953527,,,,,,,,,,1,0,1
720575940404952759,,,,,,,,,,1,0,1
720575940404951223,,,,,,,,,,1,0,1
720575940404950711,,,,,,,,,,1,0,1
720575940404950199,,,,,,,,,,1,0,1
720575940404948919,,,,,,,,,,1,0,1
720575940404948663,,,,,,,,,,1,0,1
720575940404947895,,,,,,,,,,1,0,1
720575940405001655,,,,,,,,,,1,0,1
720575940405258757,,,,,,,,,,1,0,1
720575940405260805,,,,,,,,,,1,0,1
720575940408364850,,,,,,,,,,3,0,1
720575940408428850,,,,,,,,,,1,0,1
720575940408415282,,,,,,,,,,1,0,1
720575940408414770,,,,,,,,,,1,0,1
720575940408397874,,,,,,,,,,1,0,1
720575940408394290,,,,,,,,,,2,0,1
720575940408380978,,,,,,,,,,2,0,1
720575940408376114,,,,,,,,,,2,0,1
720575940408372786,,,,,,,,,,1,0,1
720575940408367922,,,,,,,,,,1,0,1
720575940408345138,,,,,,,,,,2,0,1
720575940405262085,,,,,,,,,,1,0,1
720575940408342578,,,,,,,,,,1,0,1
720575940408330290,,,,,,,,,,2,0,1
720575940408330034,,,,,,,,,,5,0,1
720575940408288306,,,,,,,,,,8,0,1
720575940405284613,,,,,,,,,,1,0,1
720575940405280517,,,,,,,,,,1,0,1
720575940405276165,,,,,,,,,,1,0,1
720575940405273349,,,,,,,,,,1,0,1
720575940405267205,,,,,,,,,,1,0,1
720575940398778065,,,,,,,,,,1,0,1
720575940398774225,,,,,,,,,,1,0,1
720575940398770897,,,,,,,,,,1,0,1
720575940395686119,,,,,,,,,,1,0,1
720575940396229580,,,,,,,,,,4,1,1
720575940396229068,,,,,,,,,,1,0,1
720575940396220620,,,,,,,,,,1,0,1
720575940396210380,,,,,,,,,,2,0,1
720575940395735271,,,,,,,,,,1,0,1
720575940395731439,,,,,,,,,,1,0,1
720575940395731431,,,,,,,,,,1,0,1
720575940395728879,,,,,,,,,,1,0,1
720575940395726055,,,,,,,,,,1,0,1
720575940395725039,,,,,,,,,,1,0,1
720575940395724519,,,,,,,,,,1,0,1
720575940395722471,,,,,,,,,,1,0,1
720575940395718631,,,,,,,,,,1,0,1
720575940395718119,,,,,,,,,,1,0,1
720575940395717095,,,,,,,,,,3,0,1
720575940395714791,,,,,,,,,,2,0,1
720575940395712999,,,,,,,,,,1,0,1
720575940395710439,,,,,,,,,,1,0,1
720575940395706599,,,,,,,,,,1,0,1
720575940395699431,,,,,,,,,,1,0,1
720575940395697639,,,,,,,,,,1,0,1
720575940396230604,,,,,,,,,,1,0,1
720575940396231372,,,,,,,,,,1,0,1
720575940396248268,,,,,,,,,,1,0,1
720575940397308728,,,,,,,,,,1,0,1
720575940397332280,,,,,,,,,,1,0,1
720575940397329720,,,,,,,,,,1,0,1
720575940397322808,,,,,,,,,,1,0,1
720575940397318968,,,,,,,,,,1,0,1
720575940397318200,,,,,,,,,,2,1,1
720575940397316152,,,,,,,,,,1,0,1
720575940397315640,,,,,,,,,,1,0,1
720575940397315384,,,,,,,,,,1,0,1
720575940397314616,,,,,,,,,,1,0,1
720575940397306168,,,,,,,,,,1,0,1
720575940396250828,,,,,,,,,,2,0,1
720575940396660024,,,,,,,,,,4,0,1
720575940396628832,,,,,,,,,,1,0,1
720575940396609632,,,,,,,,,,1,0,1
720575940396274124,,,,,,,,,,1,0,1
720575940396265420,,,,,,,,,,1,0,1
720575940396262604,,,,,,,,,,1,0,1
720575940396259276,,,,,,,,,,2,0,1
720575940396255692,,,,,,,,,,1,0,1
720575940396251084,,,,,,,,,,1,0,1
720575940395692007,,,,,,,,,,1,0,1
720575940395683815,,,,,,,,,,1,0,1
720575940398763985,,,,,,,,,,1,0,1
720575940395607023,,,,,,,,,,1,0,1
720575940395368251,,,,,,,,,,1,0,1
720575940395365691,,,,,,,,,,1,0,1
720575940395363899,,,,,,,,,,1,0,1
720575940395360571,,,,,,,,,,1,0,1
720575940395296555,,,,,,,,,,1,0,1
720575940395133129,,,,,,,,,,1,0,1
720575940395097801,,,,,,,,,,2,0,1
720575940394818684,,,,,,,,,,1,0,1
720575940394794364,,,,,,,,,,1,0,1
720575940394777980,,,,,,,,,,1,0,1
720575940394589129,,,,,,,,,,2,0,1
720575940394515657,,,,,,,,,,1,0,1
720575940394203747,,,,,,,,,,1,0,1
720575940394199907,,,,,,,,,,1,0,1
720575940394191971,,,,,,,,,,2,0,1
720575940394191715,,,,,,,,,,1,0,1
720575940394167395,,,,,,,,,,2,1,1
720575940394145296,,,,,,,,,,1,0,1
720575940394143504,,,,,,,,,,1,0,1
720575940394140003,,,,,,,,,,1,0,1
720575940394138896,,,,,,,,,,1,0,1
720575940395374139,,,,,,,,,,1,0,1
720575940395381563,,,,,,,,,,1,0,1
720575940395383099,,,,,,,,,,1,0,1
720575940395583617,,,,,,,,,,1,0,1
720575940395603951,,,,,,,,,,1,0,1
720575940395602305,,,,,,,,,,1,0,1
720575940395601793,,,,,,,,,,1,0,1
720575940395595503,,,,,,,,,,1,0,1
720575940395594479,,,,,,,,,,1,0,1
720575940395591919,,,,,,,,,,1,0,1
720575940395590639,,,,,,,,,,1,0,1
720575940395585665,,,,,,,,,,1,0,1
720575940395583873,,,,,,,,,,1,0,1
720575940395580289,,,,,,,,,,1,0,1
720575940395386939,,,,,,,,,,1,0,1
720575940395576961,,,,,,,,,,1,0,1
720575940395573889,,,,,,,,,,1,0,1
720575940395561345,,,,,,,,,,1,0,1
720575940395555457,,,,,,,,,,1,0,1
720575940395554433,,,,,,,,,,1,0,1
720575940395554177,,,,,,,,,,1,0,1
720575940395553921,,,,,,,,,,1,0,1
720575940395543791,,,,,,,,,,1,0,1
720575940395541487,,,,,,,,,,1,0,1
720575940397335352,,,,,,,,,,1,0,1
720575940397335864,,,,,,,,,,1,0,1
720575940397338168,,,,,,,,,,1,0,1
720575940397338936,,,,,,,,,,1,0,1
720575940398199974,,,,,,,,,,1,0,1
720575940398187942,,,,,,,,,,1,0,1
720575940398176422,,,,,,,,,,1,0,1
720575940398173094,,,,,,,,,,1,0,1
720575940398158758,,,,,,,,,,1,0,1
720575940398154662,,,,,,,,,,1,0,1
720575940397907868,,,,,,,,,,1,0,1
720575940397903004,,,,,,,,,,2,0,1
720575940397895836,,,,,,,,,,1,0,1
720575940397895580,,,,,,,,,,2,0,1
720575940397877404,,,,,,,,,,2,0,1
720575940397875356,,,,,,,,,,1,0,1
720575940397445944,,,,,,,,,,2,0,1
720575940397442872,,,,,,,,,,1,0,1
720575940397429560,,,,,,,,,,3,0,1
720575940397429304,,,,,,,,,,1,0,1
720575940397427000,,,,,,,,,,1,0,1
720575940397423672,,,,,,,,,,1,0,1
720575940397420344,,,,,,,,,,1,0,1
720575940397417016,,,,,,,,,,1,0,1
720575940397416504,,,,,,,,,,2,0,1
720575940398215846,,,,,,,,,,1,0,1
720575940398217126,,,,,,,,,,1,0,1
720575940398225062,,,,,,,,,,1,0,1
720575940398635148,,,,,,,,,,1,0,1
720575940398761937,,,,,,,,,,1,0,1
720575940398761425,,,,,,,,,,1,0,1
720575940398756049,,,,,,,,,,1,0,1
720575940398755281,,,,,,,,,,1,0,1
720575940398754257,,,,,,,,,,1,0,1
720575940398751697,,,,,,,,,,1,0,1
720575940398740433,,,,,,,,,,1,0,1
720575940398733521,,,,,,,,,,1,0,1
720575940398719441,,,,,,,,,,1,0,1
720575940398616972,,,,,,,,,,1,0,1
720575940398226598,,,,,,,,,,1,0,1
720575940398326069,,,,,,,,,,1,0,1
720575940398320949,,,,,,,,,,1,0,1
720575940398256294,,,,,,,,,,1,0,1
720575940398255526,,,,,,,,,,1,0,1
720575940398252642,,,,,,,,,,1,0,1
720575940398250037,,,,,,,,,,2,0,1
720575940398248614,,,,,,,,,,1,0,1
720575940398243750,,,,,,,,,,1,0,1
720575940398232742,,,,,,,,,,1,0,1
720575940397415224,,,,,,,,,,1,0,1
720575940397410104,,,,,,,,,,2,0,1
720575940397409592,,,,,,,,,,1,0,1
720575940397351736,,,,,,,,,,1,0,1
720575940397362744,,,,,,,,,,1,0,1
720575940397362584,,,,,,,,,,1,0,1
720575940397361464,,,,,,,,,,1,0,1
720575940397360696,,,,,,,,,,1,0,1
720575940397357368,,,,,,,,,,1,1,1
720575940397357112,,,,,,,,,,1,0,1
720575940397356344,,,,,,,,,,1,0,1
720575940397354136,,,,,,,,,,1,0,1
720575940397353016,,,,,,,,,,1,0,1
720575940397349432,,,,,,,,,,1,0,1
720575940397363768,,,,,,,,,,1,0,1
720575940397349176,,,,,,,,,,1,0,1
720575940397348664,,,,,,,,,,1,0,1
720575940397346968,,,,,,,,,,1,0,1
720575940397346872,,,,,,,,,,2,0,1
720575940397346104,,,,,,,,,,1,0,1
720575940397344568,,,,,,,,,,1,0,1
720575940397342520,,,,,,,,,,1,0,1
720575940397341496,,,,,,,,,,1,0,1
720575940397339960,,,,,,,,,,1,0,1
720575940397363256,,,,,,,,,,1,0,1
720575940397364536,,,,,,,,,,3,0,1
720575940397409080,,,,,,,,,,1,0,1
720575940397385016,,,,,,,,,,1,0,1
720575940397407288,,,,,,,,,,1,0,1
720575940397406776,,,,,,,,,,1,0,1
720575940397406008,,,,,,,,,,1,0,1
720575940397395768,,,,,,,,,,4,0,1
720575940397394488,,,,,,,,,,1,0,1
720575940397393976,,,,,,,,,,1,0,1
720575940397393464,,,,,,,,,,3,33,1
720575940397389624,,,,,,,,,,1,0,1
720575940397386296,,,,,,,,,,1,0,1
720575940397384248,,,,,,,,,,1,0,1
720575940397365816,,,,,,,,,,1,0,1
720575940397378104,,,,,,,,,,1,0,1
720575940397371704,,,,,,,,,,1,0,1
720575940397371448,,,,,,,,,,1,0,1
720575940397370264,,,,,,,,,,1,0,1
720575940397369752,,,,,,,,,,1,0,1
720575940397368984,,,,,,,,,,1,0,1
720575940397366424,,,,,,,,,,1,0,1
720575940397366168,,,,,,,,,,1,0,1
720575940397366072,,,,,,,,,,1,0,1
720575940448775095,,,,,,,,,,1,0,1
720575940448779447,,,,,,,,,,1,0,1
720575940448787895,,,,,,,,,,1,0,1
720575940521036594,,,,,,,,,,2,0,1
720575940528336589,,,,,,,,,,1,0,1
720575940528320973,,,,,,,,,,1,0,1
720575940526522552,,,,,,,,,,3,0,1
720575940526513592,,,,,,,,,,2,0,1
720575940526510776,,,,,,,,,,1,0,1
720575940522340563,,,,,,,,,,2,0,1
720575940522285011,,,,,,,,,,1,0,1
720575940521379893,,,,,,,,,,2,0,1
720575940521221682,,,,,,,,,,1,0,1
720575940521220658,,,,,,,,,,1,0,1
720575940521210930,,,,,,,,,,1,0,1
720575940521206834,,,,,,,,,,2,0,1
720575940521198386,,,,,,,,,,1,0,1
720575940521198130,,,,,,,,,,1,0,1
720575940521191474,,,,,,,,,,1,0,1
720575940521190962,,,,,,,,,,1,0,1
720575940521175090,,,,,,,,,,2,0,1
720575940521107250,,,,,,,,,,2,0,1
720575940521106994,,,,,,,,,,2,0,1
720575940521099058,,,,,,,,,,1,0,1
720575940521068338,,,,,,,,,,1,0,1
720575940528336845,,,,,,,,,,1,0,1
720575940528343501,,,,,,,,,,1,0,1
720575940528344013,,,,,,,,,,1,0,1
720575940528382157,,,,,,,,,,1,0,1
720575940528400077,,,,,,,,,,1,0,1
720575940528394189,,,,,,,,,,1,0,1
720575940528392909,,,,,,,,,,1,0,1
720575940528392653,,,,,,,,,,1,0,1
720575940528391629,,,,,,,,,,1,0,1
720575940528390605,,,,,,,,,,2,0,1
720575940528387277,,,,,,,,,,1,0,1
720575940528384205,,,,,,,,,,1,0,1
720575940528382413,,,,,,,,,,2,0,1
720575940528381645,,,,,,,,,,1,0,1
720575940528346829,,,,,,,,,,1,0,1
720575940528378829,,,,,,,,,,1,0,1
720575940528378573,,,,,,,,,,1,0,1
720575940528369613,,,,,,,,,,1,0,1
720575940528369357,,,,,,,,,,1,0,1
720575940528365773,,,,,,,,,,1,0,1
720575940528361165,,,,,,,,,,1,0,1
720575940528350669,,,,,,,,,,1,0,1
720575940528347597,,,,,,,,,,1,0,1
720575940528347341,,,,,,,,,,1,0,1
720575940521039154,,,,,,,,,,3,0,1
720575940519929602,,,,,,,,,,1,0,1
720575940528402893,,,,,,,,,,1,0,1
720575940519354375,,,,,,,,,,1,0,1
720575940517199942,,,,,,,,,,1,0,1
720575940517196102,,,,,,,,,,1,0,1
720575940517188166,,,,,,,,,,1,0,1
720575940517186886,,,,,,,,,,1,0,1
720575940517176646,,,,,,,,,,1,0,1
720575940517168198,,,,,,,,,,1,0,1
720575940517159494,,,,,,,,,,1,0,1
720575940517138246,,,,,,,,,,1,0,1
720575940516944772,,,,,,,,,,2,0,1
720575940516939652,,,,,,,,,,1,0,1
720575940516930180,,,,,,,,,,1,0,1
720575940516925828,,,,,,,,,,3,0,1
720575940515897467,,,,,,,,,,1,0,1
720575940515894139,,,,,,,,,,1,0,1
720575940515893883,,,,,,,,,,1,0,1
720575940515887483,,,,,,,,,,1,0,1
720575940515882363,,,,,,,,,,1,0,1
720575940515880571,,,,,,,,,,1,0,1
720575940515874171,,,,,,,,,,2,0,1
720575940515870843,,,,,,,,,,1,0,1
720575940515866491,,,,,,,,,,1,0,1
720575940517204038,,,,,,,,,,1,0,1
720575940517325911,,,,,,,,,,1,0,1
720575940518082346,,,,,,,,,,1,0,1
720575940519317767,,,,,,,,,,1,0,1
720575940519350535,,,,,,,,,,1,0,1
720575940519343111,,,,,,,,,,1,0,1
720575940519332871,,,,,,,,,,2,0,1
720575940519332615,,,,,,,,,,3,0,1
720575940519330311,,,,,,,,,,2,0,1
720575940519326727,,,,,,,,,,1,0,1
720575940519323399,,,,,,,,,,1,0,1
720575940519322631,,,,,,,,,,1,0,1
720575940519320583,,,,,,,,,,1,0,1
720575940519301127,,,,,,,,,,2,0,1
720575940518099498,,,,,,,,,,1,0,1
720575940518160170,,,,,,,,,,1,0,1
720575940518154794,,,,,,,,,,1,0,1
720575940518147370,,,,,,,,,,2,0,1
720575940518147114,,,,,,,,,,1,0,1
720575940518124842,,,,,,,,,,1,0,1
720575940518123562,,,,,,,,,,1,0,1
720575940518113578,,,,,,,,,,1,0,1
720575940518108458,,,,,,,,,,1,0,1
720575940518100010,,,,,,,,,,1,0,1
720575940528401101,,,,,,,,,,2,0,1
720575940528403917,,,,,,,,,,2,0,1
720575940515864187,,,,,,,,,,1,0,1
720575940539735762,,,,,,,,,,1,0,1
720575940540427490,,,,,,,,,,1,0,1
720575940540411874,,,,,,,,,,1,0,1
720575940539950891,,,,,,,,,,1,0,1
720575940539942955,,,,,,,,,,1,0,1
720575940539925803,,,,,,,,,,1,0,1
720575940539802322,,,,,,,,,,1,0,1
720575940539748562,,,,,,,,,,1,0,1
720575940539748306,,,,,,,,,,1,0,1
720575940539746258,,,,,,,,,,2,0,1
720575940539745746,,,,,,,,,,1,0,1
720575940539745234,,,,,,,,,,1,0,1
720575940539744722,,,,,,,,,,1,0,1
720575940539742930,,,,,,,,,,1,0,1
720575940539742674,,,,,,,,,,1,0,1
720575940539741906,,,,,,,,,,1,0,1
720575940539741138,,,,,,,,,,1,0,1
720575940539739602,,,,,,,,,,1,0,1
720575940539739090,,,,,,,,,,1,0,1
720575940539737810,,,,,,,,,,1,0,1
720575940539737554,,,,,,,,,,1,0,1
720575940539737042,,,,,,,,,,1,0,1
720575940540431074,,,,,,,,,,1,0,1
720575940542152801,,,,,,,,,,1,0,1
720575940542153569,,,,,,,,,,1,0,1
720575940542183009,,,,,,,,,,1,0,1
720575940543253442,,,,,,,,,,1,0,1
720575940543236546,,,,,,,,,,1,0,1
720575940543219650,,,,,,,,,,2,0,1
720575940542233185,,,,,,,,,,1,0,1
720575940542229089,,,,,,,,,,2,0,1
720575940542213473,,,,,,,,,,1,0,1
720575940542208865,,,,,,,,,,1,0,1
720575940542204769,,,,,,,,,,1,0,1
720575940542191969,,,,,,,,,,1,0,1
720575940542180449,,,,,,,,,,1,0,1
720575940542153825,,,,,,,,,,1,0,1
720575940542179937,,,,,,,,,,1,0,1
720575940542176353,,,,,,,,,,1,0,1
720575940542168673,,,,,,,,,,1,0,1
720575940542166625,,,,,,,,,,1,0,1
720575940542165601,,,,,,,,,,1,0,1
720575940542163809,,,,,,,,,,1,0,1
720575940542163041,,,,,,,,,,1,0,1
720575940542161505,,,,,,,,,,1,0,1
720575940542159969,,,,,,,,,,1,0,1
720575940539736274,,,,,,,,,,1,0,1
720575940539734226,,,,,,,,,,1,0,1
720575940528407501,,,,,,,,,,1,0,1
720575940539731922,,,,,,,,,,2,0,1
720575940538039155,,,,,,,,,,1,0,1
720575940538002035,,,,,,,,,,1,0,1
720575940536849457,,,,,,,,,,1,0,1
720575940536849201,,,,,,,,,,1,0,1
720575940536841777,,,,,,,,,,2,0,1
720575940536839985,,,,,,,,,,2,0,1
720575940536839217,,,,,,,,,,2,1,1
720575940536832817,,,,,,,,,,1,0,1
720575940536775985,,,,,,,,,,1,0,1
720575940536763953,,,,,,,,,,1,0,1
720575940536759857,,,,,,,,,,1,0,1
720575940536758065,,,,,,,,,,1,0,1
720575940536756017,,,,,,,,,,1,0,1
720575940536751665,,,,,,,,,,1,0,1
720575940536743473,,,,,,,,,,1,0,1
720575940531978510,,,,,,,,,,1,0,1
720575940531940110,,,,,,,,,,1,0,1
720575940528422093,,,,,,,,,,2,0,1
720575940528421837,,,,,,,,,,1,0,1
720575940528420045,,,,,,,,,,1,0,1
720575940528416717,,,,,,,,,,1,0,1
720575940538039411,,,,,,,,,,1,0,1
720575940538041715,,,,,,,,,,1,0,1
720575940538051187,,,,,,,,,,1,0,1
720575940539182528,,,,,,,,,,1,0,1
720575940539729874,,,,,,,,,,1,0,1
720575940539729362,,,,,,,,,,1,0,1
720575940539727314,,,,,,,,,,1,0,1
720575940539726290,,,,,,,,,,1,0,1
720575940539223744,,,,,,,,,,2,0,1
720575940539218624,,,,,,,,,,1,0,1
720575940539215296,,,,,,,,,,1,0,1
720575940539198656,,,,,,,,,,1,0,1
720575940539190720,,,,,,,,,,1,0,1
720575940539182016,,,,,,,,,,1,0,1
720575940538055283,,,,,,,,,,1,0,1
720575940539174336,,,,,,,,,,1,0,1
720575940539173824,,,,,,,,,,1,0,1
720575940539171264,,,,,,,,,,1,0,1
720575940539165376,,,,,,,,,,3,0,1
720575940539163072,,,,,,,,,,1,0,1
720575940539162816,,,,,,,,,,2,0,1
720575940539159232,,,,,,,,,,3,0,1
720575940539158208,,,,,,,,,,1,1,1
720575940539156416,,,,,,,,,,2,0,1
720575940515864699,,,,,,,,,,1,0,1
720575940515862651,,,,,,,,,,1,0,1
720575940499038063,,,,,,,,,,2,0,1
720575940508820109,,,,,,,,,,1,0,1
720575940509239348,,,,,,,,,,1,0,1
720575940509236020,,,,,,,,,,1,0,1
720575940509230388,,,,,,,,,,1,0,1
720575940509206580,,,,,,,,,,2,0,1
720575940509200180,,,,,,,,,,1,0,1
720575940509193268,,,,,,,,,,1,0,1
720575940509160244,,,,,,,,,,3,0,1
720575940509141300,,,,,,,,,,1,0,1
720575940508905613,,,,,,,,,,1,0,1
720575940508892045,,,,,,,,,,1,0,1
720575940508891789,,,,,,,,,,1,1,1
720575940508879245,,,,,,,,,,1,0,1
720575940508877965,,,,,,,,,,2,1,1
720575940508875661,,,,,,,,,,1,0,1
720575940508870285,,,,,,,,,,1,0,1
720575940508869005,,,,,,,,,,1,0,1
720575940508866701,,,,,,,,,,1,0,1
720575940508862093,,,,,,,,,,1,0,1
720575940508861581,,,,,,,,,,1,0,1
720575940508828557,,,,,,,,,,1,0,1
720575940508828045,,,,,,,,,,1,0,1
720575940509240372,,,,,,,,,,1,0,1
720575940509243700,,,,,,,,,,1,0,1
720575940509248308,,,,,,,,,,1,0,1
720575940510265580,,,,,,,,,,1,0,1
720575940510301420,,,,,,,,,,1,0,1
720575940510290924,,,,,,,,,,1,0,1
720575940510289132,,,,,,,,,,1,0,1
720575940510281452,,,,,,,,,,1,0,1
720575940510280940,,,,,,,,,,1,0,1
720575940510280684,,,,,,,,,,1,0,1
720575940510273772,,,,,,,,,,1,0,1
720575940510271980,,,,,,,,,,2,0,1
720575940510267372,,,,,,,,,,1,0,1
720575940510259692,,,,,,,,,,1,0,1
720575940509513773,,,,,,,,,,1,0,1
720575940510258924,,,,,,,,,,1,0,1
720575940509673261,,,,,,,,,,2,0,1
720575940509532461,,,,,,,,,,2,0,1
720575940509527341,,,,,,,,,,1,0,1
720575940509525549,,,,,,,,,,1,0,1
720575940509523501,,,,,,,,,,1,0,1
720575940509523245,,,,,,,,,,1,0,1
720575940509518637,,,,,,,,,,1,0,1
720575940509517357,,,,,,,,,,1,0,1
720575940508821901,,,,,,,,,,1,0,1
720575940508809613,,,,,,,,,,1,0,1
720575940510310892,,,,,,,,,,1,0,1
720575940508803469,,,,,,,,,,2,0,1
720575940500276959,,,,,,,,,,1,0,1
720575940500272095,,,,,,,,,,1,0,1
720575940500263391,,,,,,,,,,1,0,1
720575940500262367,,,,,,,,,,2,0,1
720575940500249055,,,,,,,,,,1,0,1
720575940500245727,,,,,,,,,,1,0,1
720575940500237791,,,,,,,,,,1,0,1
720575940500235231,,,,,,,,,,1,0,1
720575940499087215,,,,,,,,,,5,0,1
720575940499086703,,,,,,,,,,1,0,1
720575940499085423,,,,,,,,,,1,0,1
720575940499084911,,,,,,,,,,1,0,1
720575940499081839,,,,,,,,,,1,0,1
720575940499080815,,,,,,,,,,1,0,1
720575940499079279,,,,,,,,,,1,0,1
720575940499075695,,,,,,,,,,1,0,1
720575940499071087,,,,,,,,,,1,0,1
720575940499069551,,,,,,,,,,2,0,1
720575940499062127,,,,,,,,,,1,0,1
720575940499061871,,,,,,,,,,1,0,1
720575940499055983,,,,,,,,,,1,0,1
720575940500279519,,,,,,,,,,1,0,1
720575940500283103,,,,,,,,,,1,0,1
720575940501397204,,,,,,,,,,2,0,1
720575940507440602,,,,,,,,,,1,0,1
720575940508799629,,,,,,,,,,1,0,1
720575940508791437,,,,,,,,,,1,0,1
720575940508789389,,,,,,,,,,1,0,1
720575940508785549,,,,,,,,,,1,0,1
720575940507759242,,,,,,,,,,1,0,1
720575940507455450,,,,,,,,,,1,0,1
720575940507449562,,,,,,,,,,1,0,1
720575940507448282,,,,,,,,,,2,0,1
720575940507444698,,,,,,,,,,3,0,1
720575940507436506,,,,,,,,,,1,0,1
720575940503723290,,,,,,,,,,3,1,1
720575940507408346,,,,,,,,,,1,0,1
720575940507396826,,,,,,,,,,1,0,1
720575940507378906,,,,,,,,,,2,0,1
720575940507374298,,,,,,,,,,2,0,1
720575940504409180,,,,,,,,,,1,0,1
720575940504405596,,,,,,,,,,1,0,1
720575940504385116,,,,,,,,,,1,0,1
720575940504375644,,,,,,,,,,3,0,1
720575940503936783,,,,,,,,,,1,0,1
720575940510305004,,,,,,,,,,1,0,1
720575940510319852,,,,,,,,,,1,0,1
720575940515858043,,,,,,,,,,1,0,1
720575940514142101,,,,,,,,,,1,0,1
720575940514802050,,,,,,,,,,2,0,1
720575940514797442,,,,,,,,,,1,0,1
720575940514795906,,,,,,,,,,1,0,1
720575940514789250,,,,,,,,,,2,0,1
720575940514780546,,,,,,,,,,2,0,1
720575940514322238,,,,,,,,,,1,0,1
720575940514312254,,,,,,,,,,1,0,1
720575940514310462,,,,,,,,,,1,0,1
720575940514307646,,,,,,,,,,1,0,1
720575940514306366,,,,,,,,,,2,0,1
720575940514301246,,,,,,,,,,1,0,1
720575940514300990,,,,,,,,,,1,0,1
720575940514299454,,,,,,,,,,1,0,1
720575940514297150,,,,,,,,,,1,0,1
720575940514289214,,,,,,,,,,1,0,1
720575940514282046,,,,,,,,,,1,0,1
720575940514279230,,,,,,,,,,1,0,1
720575940514277950,,,,,,,,,,1,0,1
720575940514276158,,,,,,,,,,1,0,1
720575940514271806,,,,,,,,,,1,0,1
720575940514264894,,,,,,,,,,1,0,1
720575940514811010,,,,,,,,,,1,0,1
720575940514823042,,,,,,,,,,1,0,1
720575940514823554,,,,,,,,,,2,0,1
720575940514930306,,,,,,,,,,1,0,1
720575940515856507,,,,,,,,,,3,0,1
720575940515850363,,,,,,,,,,1,0,1
720575940515844731,,,,,,,,,,1,0,1
720575940515837051,,,,,,,,,,1,0,1
720575940515826555,,,,,,,,,,1,0,1
720575940515821947,,,,,,,,,,1,0,1
720575940514983042,,,,,,,,,,2,0,1
720575940514931330,,,,,,,,,,1,0,1
720575940514930818,,,,,,,,,,1,0,1
720575940514920066,,,,,,,,,,1,0,1
720575940514824322,,,,,,,,,,1,0,1
720575940514919042,,,,,,,,,,1,0,1
720575940514900866,,,,,,,,,,1,0,1
720575940514873730,,,,,,,,,,1,0,1
720575940514859394,,,,,,,,,,1,0,1
720575940514849410,,,,,,,,,,1,0,1
720575940514837634,,,,,,,,,,1,0,1
720575940514837122,,,,,,,,,,1,0,1
720575940514829186,,,,,,,,,,2,0,1
720575940514826626,,,,,,,,,,1,0,1
720575940514252094,,,,,,,,,,1,0,1
720575940514136981,,,,,,,,,,1,0,1
720575940511889384,,,,,,,,,,1,0,1
720575940514131605,,,,,,,,,,1,0,1
720575940513214767,,,,,,,,,,1,0,1
720575940513213231,,,,,,,,,,1,0,1
720575940513193519,,,,,,,,,,1,0,1
720575940513169455,,,,,,,,,,1,0,1
720575940513169199,,,,,,,,,,1,1,1
720575940512025064,,,,,,,,,,1,0,1
720575940512023528,,,,,,,,,,4,0,1
720575940512017640,,,,,,,,,,1,0,1
720575940512013544,,,,,,,,,,1,0,1
720575940512010472,,,,,,,,,,1,0,1
720575940512006888,,,,,,,,,,2,0,1
720575940512000488,,,,,,,,,,1,0,1
720575940511986408,,,,,,,,,,1,0,1
720575940511976936,,,,,,,,,,2,0,1
720575940511972584,,,,,,,,,,1,0,1
720575940511971816,,,,,,,,,,1,0,1
720575940511958504,,,,,,,,,,1,0,1
720575940511954408,,,,,,,,,,1,0,1
720575940511953640,,,,,,,,,,1,0,1
720575940511944168,,,,,,,,,,4,0,1
720575940511942120,,,,,,,,,,4,1,1
720575940513215279,,,,,,,,,,1,0,1
720575940513216047,,,,,,,,,,1,0,1
720575940513222703,,,,,,,,,,1,0,1
720575940514092181,,,,,,,,,,1,0,1
720575940514126997,,,,,,,,,,1,0,1
720575940514126485,,,,,,,,,,1,0,1
720575940514122389,,,,,,,,,,1,0,1
720575940514117525,,,,,,,,,,1,0,1
720575940514117269,,,,,,,,,,1,0,1
720575940514113941,,,,,,,,,,1,0,1
720575940514104725,,,,,,,,,,1,0,1
720575940514099605,,,,,,,,,,1,0,1
720575940514095253,,,,,,,,,,1,0,1
720575940514090389,,,,,,,,,,2,0,1
720575940513494591,,,,,,,,,,1,0,1
720575940514079381,,,,,,,,,,2,0,1
720575940514078869,,,,,,,,,,2,0,1
720575940514061205,,,,,,,,,,2,0,1
720575940514058133,,,,,,,,,,1,0,1
720575940513520447,,,,,,,,,,1,0,1
720575940513520191,,,,,,,,,,2,0,1
720575940513516863,,,,,,,,,,4,0,1
720575940513509695,,,,,,,,,,2,0,1
720575940513506623,,,,,,,,,,1,0,1
720575940543254722,,,,,,,,,,1,0,1
720575940543261378,,,,,,,,,,1,0,1
720575940543262146,,,,,,,,,,1,0,1
720575940557291610,,,,,,,,,,1,0,1
720575940557500185,,,,,,,,,,1,0,1
720575940557499929,,,,,,,,,,1,0,1
720575940557494041,,,,,,,,,,1,0,1
720575940557489177,,,,,,,,,,1,0,1
720575940557483545,,,,,,,,,,1,0,1
720575940557482265,,,,,,,,,,1,0,1
720575940557470233,,,,,,,,,,1,0,1
720575940557459993,,,,,,,,,,2,0,1
720575940557457689,,,,,,,,,,1,0,1
720575940557423129,,,,,,,,,,1,1,1
720575940557414169,,,,,,,,,,1,0,1
720575940557412121,,,,,,,,,,2,0,1
720575940557379865,,,,,,,,,,1,0,1
720575940557372441,,,,,,,,,,2,1,1
720575940557350937,,,,,,,,,,1,0,1
720575940557350425,,,,,,,,,,1,0,1
720575940557331993,,,,,,,,,,1,0,1
720575940557307738,,,,,,,,,,2,0,1
720575940557303642,,,,,,,,,,1,0,1
720575940557301850,,,,,,,,,,1,0,1
720575940557301338,,,,,,,,,,1,0,1
720575940557531929,,,,,,,,,,1,0,1
720575940557544217,,,,,,,,,,2,0,1
720575940557564953,,,,,,,,,,1,0,1
720575940559196718,,,,,,,,,,1,0,1
720575940559237678,,,,,,,,,,1,0,1
720575940559226414,,,,,,,,,,6,0,1
720575940559219502,,,,,,,,,,1,0,1
720575940559219246,,,,,,,,,,1,0,1
720575940559216174,,,,,,,,,,1,0,1
720575940559210542,,,,,,,,,,1,0,1
720575940559206446,,,,,,,,,,1,0,1
720575940559203630,,,,,,,,,,1,0,1
720575940559200046,,,,,,,,,,4,0,1
720575940559194158,,,,,,,,,,3,0,1
720575940558284193,,,,,,,,,,1,0,1
720575940559179566,,,,,,,,,,1,0,1
720575940559175726,,,,,,,,,,1,0,1
720575940559174702,,,,,,,,,,1,0,1
720575940559174446,,,,,,,,,,1,0,1
720575940559172910,,,,,,,,,,1,0,1
720575940559157038,,,,,,,,,,1,0,1
720575940559151662,,,,,,,,,,3,0,1
720575940558469281,,,,,,,,,,1,0,1
720575940558284449,,,,,,,,,,2,0,1
720575940557296986,,,,,,,,,,1,0,1
720575940557287002,,,,,,,,,,1,0,1
720575940559241262,,,,,,,,,,2,0,1
720575940557286746,,,,,,,,,,1,0,1
720575940556667487,,,,,,,,,,1,0,1
720575940556664671,,,,,,,,,,1,0,1
720575940556663391,,,,,,,,,,1,0,1
720575940556660063,,,,,,,,,,1,0,1
720575940556656479,,,,,,,,,,1,0,1
720575940556655967,,,,,,,,,,1,0,1
720575940556655455,,,,,,,,,,1,0,1
720575940556646495,,,,,,,,,,2,0,1
720575940556645983,,,,,,,,,,1,0,1
720575940556645471,,,,,,,,,,1,0,1
720575940556641887,,,,,,,,,,1,0,1
720575940556640607,,,,,,,,,,1,0,1
720575940556635999,,,,,,,,,,2,0,1
720575940556631391,,,,,,,,,,1,0,1
720575940556626783,,,,,,,,,,1,0,1
720575940556624991,,,,,,,,,,1,0,1
720575940556623967,,,,,,,,,,2,0,1
720575940556619615,,,,,,,,,,1,0,1
720575940556618591,,,,,,,,,,1,0,1
720575940556606303,,,,,,,,,,1,0,1
720575940556591967,,,,,,,,,,2,0,1
720575940556670559,,,,,,,,,,1,0,1
720575940379767112,,,,,,,,,,1,0,1
720575940556673119,,,,,,,,,,1,0,1
720575940556711263,,,,,,,,,,2,0,1
720575940557275482,,,,,,,,,,1,0,1
720575940557239679,,,,,,,,,,2,0,1
720575940557202047,,,,,,,,,,1,0,1
720575940557196159,,,,,,,,,,2,0,1
720575940556802400,,,,,,,,,,1,0,1
720575940556794208,,,,,,,,,,2,0,1
720575940556716127,,,,,,,,,,1,0,1
720575940556715359,,,,,,,,,,1,0,1
720575940556715103,,,,,,,,,,2,0,1
720575940556710495,,,,,,,,,,1,0,1
720575940556677983,,,,,,,,,,1,0,1
720575940556708447,,,,,,,,,,1,0,1
720575940556705887,,,,,,,,,,2,0,1
720575940556699231,,,,,,,,,,1,0,1
720575940556697183,,,,,,,,,,1,0,1
720575940556696671,,,,,,,,,,1,0,1
720575940556691295,,,,,,,,,,1,0,1
720575940556688735,,,,,,,,,,1,0,1
720575940556681311,,,,,,,,,,1,0,1
720575940556680543,,,,,,,,,,2,0,1
720575940559238190,,,,,,,,,,1,0,1
720575940559248686,,,,,,,,,,1,0,1
720575940543262914,,,,,,,,,,1,0,1
720575940561911339,,,,,,,,,,1,0,1
720575940561946667,,,,,,,,,,1,0,1
720575940561946411,,,,,,,,,,1,0,1
720575940561944363,,,,,,,,,,1,0,1
720575940561943851,,,,,,,,,,1,0,1
720575940561943083,,,,,,,,,,2,0,1
720575940561942827,,,,,,,,,,1,0,1
720575940561942315,,,,,,,,,,1,1,1
720575940561941803,,,,,,,,,,1,0,1
720575940561940523,,,,,,,,,,1,0,1
720575940561939755,,,,,,,,,,1,0,1
720575940561938219,,,,,,,,,,1,0,1
720575940561936939,,,,,,,,,,1,0,1
720575940561936683,,,,,,,,,,1,0,1
720575940561936427,,,,,,,,,,1,0,1
720575940561933355,,,,,,,,,,1,0,1
720575940561932587,,,,,,,,,,1,0,1
720575940561932075,,,,,,,,,,1,0,1
720575940561929515,,,,,,,,,,1,0,1
720575940561924651,,,,,,,,,,1,0,1
720575940561923883,,,,,,,,,,1,0,1
720575940561919295,,,,,,,,,,3,0,1
720575940561947691,,,,,,,,,,1,0,1
720575940561948203,,,,,,,,,,1,0,1
720575940561949227,,,,,,,,,,1,0,1
720575940561980203,,,,,,,,,,1,0,1
720575940562000939,,,,,,,,,,1,0,1
720575940561999915,,,,,,,,,,1,0,1
720575940561997867,,,,,,,,,,1,0,1
720575940561995307,,,,,,,,,,2,0,1
720575940561993349,,,,,,,,,,2,0,1
720575940561992491,,,,,,,,,,1,0,1
720575940561985835,,,,,,,,,,1,0,1
720575940561984043,,,,,,,,,,2,0,1
720575940561982251,,,,,,,,,,1,0,1
720575940561977387,,,,,,,,,,1,0,1
720575940561949247,,,,,,,,,,1,0,1
720575940561972779,,,,,,,,,,1,0,1
720575940561967746,,,,,,,,,,1,0,1
720575940561967234,,,,,,,,,,1,1,1
720575940561967147,,,,,,,,,,1,0,1
720575940561966891,,,,,,,,,,2,0,1
720575940561965186,,,,,,,,,,2,0,1
720575940561963819,,,,,,,,,,1,0,1
720575940561963563,,,,,,,,,,1,0,1
720575940561949995,,,,,,,,,,1,0,1
720575940561914923,,,,,,,,,,1,0,1
720575940561909291,,,,,,,,,,1,0,1
720575940559249198,,,,,,,,,,1,0,1
720575940561906219,,,,,,,,,,1,0,1
720575940560988628,,,,,,,,,,1,0,1
720575940560974292,,,,,,,,,,1,0,1
720575940560972244,,,,,,,,,,2,0,1
720575940560964899,,,,,,,,,,1,0,1
720575940560963028,,,,,,,,,,1,0,1
720575940560366894,,,,,,,,,,1,0,1
720575940560346670,,,,,,,,,,1,0,1
720575940560342830,,,,,,,,,,1,0,1
720575940560331310,,,,,,,,,,1,0,1
720575940559884638,,,,,,,,,,3,0,1
720575940559780663,,,,,,,,,,1,0,1
720575940559772983,,,,,,,,,,1,0,1
720575940559769399,,,,,,,,,,1,0,1
720575940559769143,,,,,,,,,,1,0,1
720575940559763767,,,,,,,,,,1,0,1
720575940559754295,,,,,,,,,,1,0,1
720575940559749175,,,,,,,,,,1,0,1
720575940559730526,,,,,,,,,,1,0,1
720575940559276780,,,,,,,,,,7,0,1
720575940559267886,,,,,,,,,,1,0,1
720575940559254830,,,,,,,,,,1,0,1
720575940561016020,,,,,,,,,,1,0,1
720575940561020628,,,,,,,,,,3,0,1
720575940561087700,,,,,,,,,,1,0,1
720575940561890859,,,,,,,,,,1,0,1
720575940561905195,,,,,,,,,,1,0,1
720575940561904171,,,,,,,,,,1,0,1
720575940561901611,,,,,,,,,,1,0,1
720575940561901099,,,,,,,,,,2,0,1
720575940561900331,,,,,,,,,,1,0,1
720575940561899051,,,,,,,,,,1,0,1
720575940561898539,,,,,,,,,,1,0,1
720575940561897515,,,,,,,,,,1,0,1
720575940561891883,,,,,,,,,,1,0,1
720575940561883435,,,,,,,,,,3,0,1
720575940561260179,,,,,,,,,,1,0,1
720575940561842987,,,,,,,,,,2,0,1
720575940561840131,,,,,,,,,,1,0,1
720575940561830018,,,,,,,,,,1,0,1
720575940561805698,,,,,,,,,,1,0,1
720575940561738687,,,,,,,,,,1,0,1
720575940561291923,,,,,,,,,,2,0,1
720575940561288851,,,,,,,,,,1,0,1
720575940561281683,,,,,,,,,,1,0,1
720575940561269395,,,,,,,,,,2,0,1
720575940556566111,,,,,,,,,,1,0,1
720575940556565328,,,,,,,,,,1,0,1
720575940556563295,,,,,,,,,,1,0,1
720575940546496557,,,,,,,,,,1,0,1
720575940548556006,,,,,,,,,,1,0,1
720575940548554982,,,,,,,,,,1,0,1
720575940548551910,,,,,,,,,,1,0,1
720575940548550374,,,,,,,,,,1,0,1
720575940548546278,,,,,,,,,,1,0,1
720575940548543206,,,,,,,,,,1,0,1
720575940548538086,,,,,,,,,,1,0,1
720575940548532710,,,,,,,,,,2,1,1
720575940548524262,,,,,,,,,,1,0,1
720575940548508902,,,,,,,,,,1,0,1
720575940547878042,,,,,,,,,,1,0,1
720575940547868570,,,,,,,,,,1,0,1
720575940547862682,,,,,,,,,,1,0,1
720575940547853978,,,,,,,,,,2,0,1
720575940547843994,,,,,,,,,,1,0,1
720575940547843738,,,,,,,,,,1,0,1
720575940547838618,,,,,,,,,,1,0,1
720575940546629627,,,,,,,,,,1,0,1
720575940546623483,,,,,,,,,,3,0,1
720575940546549293,,,,,,,,,,1,0,1
720575940546533933,,,,,,,,,,1,0,1
720575940548556518,,,,,,,,,,1,0,1
720575940548558566,,,,,,,,,,2,0,1
720575940548565734,,,,,,,,,,1,0,1
720575940548597478,,,,,,,,,,1,0,1
720575940549025897,,,,,,,,,,1,1,1
720575940549022313,,,,,,,,,,1,0,1
720575940549018729,,,,,,,,,,1,0,1
720575940549015657,,,,,,,,,,1,0,1
720575940548904553,,,,,,,,,,3,0,1
720575940548612838,,,,,,,,,,1,0,1
720575940548610534,,,,,,,,,,1,0,1
720575940548600806,,,,,,,,,,1,0,1
720575940548599014,,,,,,,,,,1,0,1
720575940548592102,,,,,,,,,,1,0,1
720575940548565990,,,,,,,,,,1,0,1
720575940548590054,,,,,,,,,,1,0,1
720575940548585958,,,,,,,,,,1,0,1
720575940548583910,,,,,,,,,,1,0,1
720575940548578022,,,,,,,,,,1,0,1
720575940548575718,,,,,,,,,,2,0,1
720575940548574950,,,,,,,,,,2,0,1
720575940548572646,,,,,,,,,,1,0,1
720575940548570342,,,,,,,,,,1,0,1
720575940548569318,,,,,,,,,,1,0,1
720575940546529325,,,,,,,,,,1,0,1
720575940546453243,,,,,,,,,,2,0,1
720575940556560991,,,,,,,,,,1,0,1
720575940546266384,,,,,,,,,,2,0,1
720575940544390553,,,,,,,,,,1,0,1
720575940544388761,,,,,,,,,,1,0,1
720575940544387993,,,,,,,,,,1,0,1
720575940544382105,,,,,,,,,,1,0,1
720575940544379033,,,,,,,,,,1,0,1
720575940544376473,,,,,,,,,,1,0,1
720575940544375705,,,,,,,,,,4,0,1
720575940544374169,,,,,,,,,,2,0,1
720575940544371609,,,,,,,,,,1,0,1
720575940544356249,,,,,,,,,,1,0,1
720575940543343298,,,,,,,,,,1,0,1
720575940543331010,,,,,,,,,,1,0,1
720575940543313858,,,,,,,,,,1,0,1
720575940543312322,,,,,,,,,,1,0,1
720575940543304130,,,,,,,,,,1,0,1
720575940543300290,,,,,,,,,,1,0,1
720575940543294402,,,,,,,,,,1,0,1
720575940543289794,,,,,,,,,,1,0,1
720575940543284674,,,,,,,,,,2,0,1
720575940543276482,,,,,,,,,,1,0,1
720575940543275458,,,,,,,,,,1,0,1
720575940544392345,,,,,,,,,,1,0,1
720575940544393881,,,,,,,,,,1,0,1
720575940544394649,,,,,,,,,,1,0,1
720575940545971028,,,,,,,,,,1,0,1
720575940546258192,,,,,,,,,,1,0,1
720575940546248976,,,,,,,,,,3,0,1
720575940546248720,,,,,,,,,,1,0,1
720575940546248208,,,,,,,,,,1,0,1
720575940546244112,,,,,,,,,,1,0,1
720575940546241296,,,,,,,,,,1,0,1
720575940546240784,,,,,,,,,,1,0,1
720575940546228752,,,,,,,,,,1,0,1
720575940545975636,,,,,,,,,,2,0,1
720575940545939028,,,,,,,,,,1,0,1
720575940544396185,,,,,,,,,,1,0,1
720575940545881409,,,,,,,,,,2,0,1
720575940545864001,,,,,,,,,,1,0,1
720575940545833917,,,,,,,,,,1,0,1
720575940545831869,,,,,,,,,,2,0,1
720575940545827773,,,,,,,,,,1,0,1
720575940544401305,,,,,,,,,,1,0,1
720575940544399257,,,,,,,,,,1,0,1
720575940544398233,,,,,,,,,,1,0,1
720575940544397209,,,,,,,,,,1,0,1
720575940549760720,,,,,,,,,,1,0,1
720575940549763792,,,,,,,,,,1,0,1
720575940549768144,,,,,,,,,,1,0,1
720575940549769168,,,,,,,,,,1,0,1
720575940555693621,,,,,,,,,,1,0,1
720575940555684917,,,,,,,,,,1,0,1
720575940555684405,,,,,,,,,,1,0,1
720575940555678773,,,,,,,,,,1,0,1
720575940555676981,,,,,,,,,,1,0,1
720575940555672117,,,,,,,,,,2,0,1
720575940555642677,,,,,,,,,,2,0,1
720575940555364141,,,,,,,,,,1,0,1
720575940555363117,,,,,,,,,,1,0,1
720575940555356461,,,,,,,,,,1,0,1
720575940555340333,,,,,,,,,,1,0,1
720575940555331373,,,,,,,,,,1,0,1
720575940555328301,,,,,,,,,,1,0,1
720575940555303981,,,,,,,,,,1,0,1
720575940555124339,,,,,,,,,,1,0,1
720575940555124083,,,,,,,,,,1,0,1
720575940555120499,,,,,,,,,,1,0,1
720575940555115891,,,,,,,,,,2,0,1
720575940555115123,,,,,,,,,,1,0,1
720575940555108723,,,,,,,,,,1,0,1
720575940555108467,,,,,,,,,,1,0,1
720575940555694389,,,,,,,,,,1,0,1
720575940555696949,,,,,,,,,,1,0,1
720575940555698485,,,,,,,,,,1,0,1
720575940556528991,,,,,,,,,,1,0,1
720575940556559199,,,,,,,,,,1,0,1
720575940556557663,,,,,,,,,,1,0,1
720575940556552016,,,,,,,,,,1,0,1
720575940556551775,,,,,,,,,,1,0,1
720575940556547935,,,,,,,,,,1,0,1
720575940556546399,,,,,,,,,,1,0,1
720575940556540255,,,,,,,,,,1,0,1
720575940556537951,,,,,,,,,,1,0,1
720575940556531536,,,,,,,,,,1,0,1
720575940556525663,,,,,,,,,,1,0,1
720575940555701813,,,,,,,,,,1,0,1
720575940556520287,,,,,,,,,,1,0,1
720575940555721781,,,,,,,,,,1,0,1
720575940555719989,,,,,,,,,,1,0,1
720575940555718709,,,,,,,,,,1,0,1
720575940555713845,,,,,,,,,,1,0,1
720575940555709237,,,,,,,,,,1,0,1
720575940555708469,,,,,,,,,,1,0,1
720575940555708213,,,,,,,,,,1,0,1
720575940555707445,,,,,,,,,,1,0,1
720575940555105395,,,,,,,,,,2,0,1
720575940555105139,,,,,,,,,,1,0,1
720575940555101555,,,,,,,,,,1,0,1
720575940551161188,,,,,,,,,,1,0,1
720575940552472587,,,,,,,,,,1,0,1
720575940552471051,,,,,,,,,,1,0,1
720575940552469259,,,,,,,,,,1,0,1
720575940552431883,,,,,,,,,,5,0,1
720575940551839560,,,,,,,,,,1,0,1
720575940551806024,,,,,,,,,,1,0,1
720575940551782970,,,,,,,,,,1,0,1
720575940551778362,,,,,,,,,,1,0,1
720575940551777850,,,,,,,,,,1,0,1
720575940550870311,,,,,,,,,,2,0,1
720575940552479755,,,,,,,,,,2,0,1
720575940550863143,,,,,,,,,,1,0,1
720575940549782736,,,,,,,,,,1,0,1
720575940549781712,,,,,,,,,,1,0,1
720575940549781200,,,,,,,,,,1,0,1
720575940549780176,,,,,,,,,,1,0,1
720575940549777616,,,,,,,,,,1,0,1
720575940549775056,,,,,,,,,,1,0,1
720575940549774800,,,,,,,,,,1,0,1
720575940549769680,,,,,,,,,,1,0,1
720575940552473099,,,,,,,,,,1,0,1
720575940554097749,,,,,,,,,,1,0,1
720575940555101299,,,,,,,,,,1,0,1
720575940554757321,,,,,,,,,,1,0,1
720575940555100019,,,,,,,,,,1,0,1
720575940555092595,,,,,,,,,,2,0,1
720575940555091315,,,,,,,,,,1,0,1
720575940554795209,,,,,,,,,,2,0,1
720575940554794953,,,,,,,,,,1,0,1
720575940554792137,,,,,,,,,,1,0,1
720575940554783945,,,,,,,,,,1,0,1
720575940554780105,,,,,,,,,,2,0,1
720575940554768329,,,,,,,,,,1,0,1
720575940554751177,,,,,,,,,,1,0,1
720575940554119509,,,,,,,,,,1,0,1
720575940554742729,,,,,,,,,,2,0,1
720575940554739657,,,,,,,,,,1,0,1
720575940554736841,,,,,,,,,,1,0,1
720575940554724297,,,,,,,,,,1,0,1
720575940554716617,,,,,,,,,,1,0,1
720575940554715593,,,,,,,,,,1,0,1
720575940554647157,,,,,,,,,,3,0,1
720575940554642805,,,,,,,,,,2,0,1
720575940554153813,,,,,,,,,,1,0,1
720575940499048047,,,,,,,,,,1,0,1
720575940499029359,,,,,,,,,,1,0,1
720575940448788081,,,,,,,,,,1,0,1
720575940453985850,,,,,,,,,,1,0,1
720575940454068794,,,,,,,,,,1,0,1
720575940454063418,,,,,,,,,,2,0,1
720575940454062650,,,,,,,,,,2,0,1
720575940454061882,,,,,,,,,,1,0,1
720575940454058042,,,,,,,,,,1,0,1
720575940454054714,,,,,,,,,,1,0,1
720575940454050874,,,,,,,,,,1,0,1
720575940454044986,,,,,,,,,,1,0,1
720575940454040890,,,,,,,,,,1,0,1
720575940454037050,,,,,,,,,,1,0,1
720575940454036282,,,,,,,,,,1,0,1
720575940454027066,,,,,,,,,,1,0,1
720575940454026810,,,,,,,,,,1,0,1
720575940454022458,,,,,,,,,,1,0,1
720575940454013498,,,,,,,,,,1,0,1
720575940454013242,,,,,,,,,,1,0,1
720575940454011450,,,,,,,,,,1,0,1
720575940454010938,,,,,,,,,,1,0,1
720575940454003258,,,,,,,,,,1,0,1
720575940453997114,,,,,,,,,,1,0,1
720575940453996858,,,,,,,,,,1,0,1
720575940454072378,,,,,,,,,,1,0,1
720575940454073146,,,,,,,,,,1,0,1
720575940454073402,,,,,,,,,,2,0,1
720575940454145468,,,,,,,,,,1,0,1
720575940454751856,,,,,,,,,,5,0,1
720575940454543984,,,,,,,,,,1,0,1
720575940454541680,,,,,,,,,,1,0,1
720575940454539120,,,,,,,,,,1,0,1
720575940454534512,,,,,,,,,,1,0,1
720575940454532208,,,,,,,,,,2,0,1
720575940454157244,,,,,,,,,,1,0,1
720575940454154428,,,,,,,,,,1,0,1
720575940454149820,,,,,,,,,,1,0,1
720575940454140860,,,,,,,,,,1,0,1
720575940454074938,,,,,,,,,,1,0,1
720575940454127036,,,,,,,,,,1,0,1
720575940454120380,,,,,,,,,,1,0,1
720575940454111420,,,,,,,,,,2,0,1
720575940454095162,,,,,,,,,,1,0,1
720575940454093882,,,,,,,,,,1,0,1
720575940454084666,,,,,,,,,,2,0,1
720575940454080314,,,,,,,,,,1,0,1
720575940454075962,,,,,,,,,,1,0,1
720575940454075706,,,,,,,,,,1,0,1
720575940453989178,,,,,,,,,,1,0,1
720575940453985082,,,,,,,,,,1,0,1
720575940455314469,,,,,,,,,,1,0,1
720575940453984826,,,,,,,,,,1,0,1
720575940453007421,,,,,,,,,,1,0,1
720575940453006909,,,,,,,,,,1,0,1
720575940453003581,,,,,,,,,,1,0,1
720575940453003069,,,,,,,,,,1,0,1
720575940453000765,,,,,,,,,,1,0,1
720575940452999741,,,,,,,,,,2,0,1
720575940452996925,,,,,,,,,,1,0,1
720575940452996413,,,,,,,,,,1,0,1
720575940452994621,,,,,,,,,,1,0,1
720575940452990525,,,,,,,,,,1,0,1
720575940452988221,,,,,,,,,,3,0,1
720575940452987453,,,,,,,,,,1,0,1
720575940452987197,,,,,,,,,,2,0,1
720575940452984893,,,,,,,,,,1,0,1
720575940452982589,,,,,,,,,,1,0,1
720575940452982333,,,,,,,,,,1,0,1
720575940452974909,,,,,,,,,,1,0,1
720575940452974397,,,,,,,,,,1,0,1
720575940452971069,,,,,,,,,,2,0,1
720575940452967997,,,,,,,,,,1,0,1
720575940452963133,,,,,,,,,,2,0,1
720575940453011517,,,,,,,,,,2,0,1
720575940453013565,,,,,,,,,,1,1,1
720575940453013821,,,,,,,,,,1,0,1
720575940453049917,,,,,,,,,,1,0,1
720575940453979450,,,,,,,,,,2,0,1
720575940453979194,,,,,,,,,,1,0,1
720575940453975610,,,,,,,,,,1,0,1
720575940453974842,,,,,,,,,,1,0,1
720575940453973050,,,,,,,,,,1,1,1
720575940453972794,,,,,,,,,,1,0,1
720575940453967418,,,,,,,,,,1,0,1
720575940453053501,,,,,,,,,,1,0,1
720575940453050429,,,,,,,,,,1,0,1
720575940453046333,,,,,,,,,,1,0,1
720575940453016381,,,,,,,,,,1,0,1
720575940453046077,,,,,,,,,,1,0,1
720575940453042237,,,,,,,,,,1,0,1
720575940453039421,,,,,,,,,,1,0,1
720575940453035837,,,,,,,,,,1,0,1
720575940453032509,,,,,,,,,,1,0,1
720575940453024317,,,,,,,,,,3,0,1
720575940453022269,,,,,,,,,,1,0,1
720575940453019709,,,,,,,,,,1,0,1
720575940453016893,,,,,,,,,,1,0,1
720575940455305765,,,,,,,,,,1,0,1
720575940455320357,,,,,,,,,,1,0,1
720575940452961853,,,,,,,,,,1,0,1
720575940460244178,,,,,,,,,,1,0,1
720575940463290501,,,,,,,,,,1,0,1
720575940463287685,,,,,,,,,,1,0,1
720575940463270533,,,,,,,,,,1,0,1
720575940460326866,,,,,,,,,,1,0,1
720575940460323282,,,,,,,,,,1,0,1
720575940460311250,,,,,,,,,,1,0,1
720575940460308434,,,,,,,,,,1,0,1
720575940460305106,,,,,,,,,,1,0,1
720575940460296658,,,,,,,,,,1,0,1
720575940460294354,,,,,,,,,,1,0,1
720575940460286930,,,,,,,,,,1,0,1
720575940460284626,,,,,,,,,,1,0,1
720575940460284114,,,,,,,,,,1,0,1
720575940460280018,,,,,,,,,,1,0,1
720575940460279506,,,,,,,,,,1,0,1
720575940460278226,,,,,,,,,,1,0,1
720575940460277458,,,,,,,,,,1,0,1
720575940460275410,,,,,,,,,,1,0,1
720575940460274386,,,,,,,,,,1,0,1
720575940460261074,,,,,,,,,,1,0,1
720575940460253138,,,,,,,,,,1,0,1
720575940463295621,,,,,,,,,,1,0,1
720575940463306117,,,,,,,,,,2,0,1
720575940463321733,,,,,,,,,,1,0,1
720575940466285748,,,,,,,,,,1,0,1
720575940468870011,,,,,,,,,,1,0,1
720575940468868475,,,,,,,,,,1,0,1
720575940468862587,,,,,,,,,,1,0,1
720575940468862075,,,,,,,,,,1,0,1
720575940468418113,,,,,,,,,,1,0,1
720575940467693820,,,,,,,,,,1,0,1
720575940466980088,,,,,,,,,,2,0,1
720575940466863886,,,,,,,,,,1,0,1
720575940466858254,,,,,,,,,,1,0,1
720575940466285492,,,,,,,,,,1,0,1
720575940465956656,,,,,,,,,,2,0,1
720575940466272948,,,,,,,,,,1,0,1
720575940466272692,,,,,,,,,,1,0,1
720575940466267544,,,,,,,,,,1,0,1
720575940466263732,,,,,,,,,,1,0,1
720575940466263220,,,,,,,,,,2,0,1
720575940466253976,,,,,,,,,,1,0,1
720575940466251928,,,,,,,,,,1,0,1
720575940466247832,,,,,,,,,,1,0,1
720575940466221208,,,,,,,,,,2,0,1
720575940460251602,,,,,,,,,,1,0,1
720575940460241362,,,,,,,,,,1,0,1
720575940455326501,,,,,,,,,,1,0,1
720575940460238290,,,,,,,,,,1,0,1
720575940457936570,,,,,,,,,,2,2,1
720575940457933242,,,,,,,,,,1,0,1
720575940457927098,,,,,,,,,,1,0,1
720575940457926586,,,,,,,,,,1,0,1
720575940457923770,,,,,,,,,,1,0,1
720575940457918394,,,,,,,,,,2,0,1
720575940457917370,,,,,,,,,,1,0,1
720575940457908410,,,,,,,,,,1,0,1
720575940457905338,,,,,,,,,,1,0,1
720575940457903034,,,,,,,,,,1,0,1
720575940457900474,,,,,,,,,,1,0,1
720575940457883578,,,,,,,,,,2,0,1
720575940457882810,,,,,,,,,,1,0,1
720575940457822138,,,,,,,,,,5,0,1
720575940457104888,,,,,,,,,,1,0,1
720575940457104376,,,,,,,,,,1,0,1
720575940456013762,,,,,,,,,,1,0,1
720575940456011458,,,,,,,,,,1,0,1
720575940455989954,,,,,,,,,,2,0,1
720575940455983554,,,,,,,,,,2,0,1
720575940455405411,,,,,,,,,,3,0,1
720575940457948602,,,,,,,,,,1,0,1
720575940457953210,,,,,,,,,,1,0,1
720575940457968570,,,,,,,,,,1,0,1
720575940460214994,,,,,,,,,,1,0,1
720575940460237778,,,,,,,,,,1,0,1
720575940460236754,,,,,,,,,,1,0,1
720575940460236242,,,,,,,,,,1,0,1
720575940460227538,,,,,,,,,,1,0,1
720575940460227282,,,,,,,,,,1,0,1
720575940460225490,,,,,,,,,,1,0,1
720575940460221650,,,,,,,,,,1,0,1
720575940460219858,,,,,,,,,,1,0,1
720575940460218590,,,,,,,,,,1,0,1
720575940460208338,,,,,,,,,,1,0,1
720575940457970874,,,,,,,,,,1,0,1
720575940460205266,,,,,,,,,,1,0,1
720575940460203986,,,,,,,,,,2,0,1
720575940460202706,,,,,,,,,,1,1,1
720575940458237075,,,,,,,,,,2,0,1
720575940458009018,,,,,,,,,,1,1,1
720575940457996986,,,,,,,,,,1,0,1
720575940457995962,,,,,,,,,,1,0,1
720575940457986490,,,,,,,,,,1,0,1
720575940457981626,,,,,,,,,,1,0,1
720575940452962365,,,,,,,,,,6,0,1
720575940452961085,,,,,,,,,,2,0,1
720575940499017327,,,,,,,,,,4,0,1
720575940448923585,,,,,,,,,,2,0,1
720575940449023802,,,,,,,,,,1,0,1
720575940448998970,,,,,,,,,,2,1,1
720575940448970433,,,,,,,,,,1,0,1
720575940448968897,,,,,,,,,,1,0,1
720575940448965569,,,,,,,,,,1,0,1
720575940448965057,,,,,,,,,,1,0,1
720575940448962753,,,,,,,,,,2,0,1
720575940448962497,,,,,,,,,,2,0,1
720575940448962241,,,,,,,,,,1,0,1
720575940448959681,,,,,,,,,,1,0,1
720575940448956353,,,,,,,,,,1,0,1
720575940448952513,,,,,,,,,,1,0,1
720575940448948929,,,,,,,,,,1,0,1
720575940448943809,,,,,,,,,,1,0,1
720575940448940737,,,,,,,,,,1,0,1
720575940448938689,,,,,,,,,,1,0,1
720575940448936897,,,,,,,,,,2,0,1
720575940448935873,,,,,,,,,,1,0,1
720575940448927937,,,,,,,,,,3,0,1
720575940448926657,,,,,,,,,,1,0,1
720575940448924353,,,,,,,,,,3,0,1
720575940449025082,,,,,,,,,,1,0,1
720575940449034298,,,,,,,,,,1,0,1
720575940449037370,,,,,,,,,,1,0,1
720575940449564511,,,,,,,,,,1,0,1
720575940450088925,,,,,,,,,,1,0,1
720575940450046429,,,,,,,,,,1,0,1
720575940450045405,,,,,,,,,,1,0,1
720575940450043869,,,,,,,,,,1,0,1
720575940450041309,,,,,,,,,,1,0,1
720575940450040541,,,,,,,,,,1,0,1
720575940450034909,,,,,,,,,,1,0,1
720575940450022877,,,,,,,,,,1,0,1
720575940449572703,,,,,,,,,,1,0,1
720575940449563999,,,,,,,,,,1,0,1
720575940449042490,,,,,,,,,,1,0,1
720575940449551455,,,,,,,,,,1,0,1
720575940449551199,,,,,,,,,,3,0,1
720575940449544287,,,,,,,,,,1,0,1
720575940449457234,,,,,,,,,,3,0,1
720575940449328469,,,,,,,,,,2,0,1
720575940449050426,,,,,,,,,,1,0,1
720575940449047098,,,,,,,,,,1,0,1
720575940449044282,,,,,,,,,,1,0,1
720575940449044026,,,,,,,,,,2,0,1
720575940448924097,,,,,,,,,,1,0,1
720575940448922817,,,,,,,,,,2,0,1
720575940450108893,,,,,,,,,,1,0,1
720575940448921025,,,,,,,,,,1,0,1
720575940448860097,,,,,,,,,,1,0,1
720575940448854209,,,,,,,,,,1,0,1
720575940448851137,,,,,,,,,,1,0,1
720575940448846273,,,,,,,,,,1,0,1
720575940448841921,,,,,,,,,,1,0,1
720575940448839281,,,,,,,,,,1,0,1
720575940448836721,,,,,,,,,,1,0,1
720575940448834673,,,,,,,,,,1,0,1
720575940448834417,,,,,,,,,,1,0,1
720575940448831857,,,,,,,,,,1,0,1
720575940448827761,,,,,,,,,,1,0,1
720575940448825201,,,,,,,,,,2,0,1
720575940448821873,,,,,,,,,,1,0,1
720575940448812913,,,,,,,,,,1,0,1
720575940448810353,,,,,,,,,,1,0,1
720575940448802673,,,,,,,,,,1,0,1
720575940448800183,,,,,,,,,,1,0,1
720575940448797553,,,,,,,,,,1,0,1
720575940448797367,,,,,,,,,,1,0,1
720575940448795505,,,,,,,,,,1,0,1
720575940448789431,,,,,,,,,,1,1,1
720575940448863169,,,,,,,,,,1,0,1
720575940448866497,,,,,,,,,,2,0,1
720575940448871617,,,,,,,,,,1,0,1
720575940448896449,,,,,,,,,,1,0,1
720575940448916417,,,,,,,,,,1,0,1
720575940448914881,,,,,,,,,,1,0,1
720575940448910785,,,,,,,,,,1,0,1
720575940448910529,,,,,,,,,,1,0,1
720575940448909249,,,,,,,,,,3,0,1
720575940448906433,,,,,,,,,,1,0,1
720575940448903617,,,,,,,,,,1,0,1
720575940448901057,,,,,,,,,,1,0,1
720575940448897217,,,,,,,,,,1,0,1
720575940448895169,,,,,,,,,,1,0,1
720575940448872129,,,,,,,,,,1,0,1
720575940448893121,,,,,,,,,,1,0,1
720575940448889537,,,,,,,,,,1,0,1
720575940448888257,,,,,,,,,,1,0,1
720575940448883393,,,,,,,,,,3,0,1
720575940448882881,,,,,,,,,,1,0,1
720575940448882625,,,,,,,,,,1,0,1
720575940448879809,,,,,,,,,,1,0,1
720575940448874177,,,,,,,,,,1,0,1
720575940448872641,,,,,,,,,,1,0,1
720575940450095581,,,,,,,,,,1,0,1
720575940450202333,,,,,,,,,,2,0,1
720575940452956989,,,,,,,,,,1,0,1
720575940451926587,,,,,,,,,,1,0,1
720575940451997682,,,,,,,,,,2,0,1
720575940451995122,,,,,,,,,,1,0,1
720575940451987954,,,,,,,,,,2,0,1
720575940451985650,,,,,,,,,,1,0,1
720575940451979506,,,,,,,,,,1,0,1
720575940451967986,,,,,,,,,,1,0,1
720575940451967730,,,,,,,,,,1,0,1
720575940451967218,,,,,,,,,,1,0,1
720575940451963122,,,,,,,,,,1,0,1
720575940451962610,,,,,,,,,,2,0,1
720575940451958770,,,,,,,,,,1,0,1
720575940451957490,,,,,,,,,,1,0,1
720575940451956978,,,,,,,,,,1,0,1
720575940451954930,,,,,,,,,,1,0,1
720575940451952114,,,,,,,,,,1,0,1
720575940451947506,,,,,,,,,,1,0,1
720575940451943666,,,,,,,,,,3,0,1
720575940451940338,,,,,,,,,,1,0,1
720575940451940082,,,,,,,,,,2,0,1
720575940451929330,,,,,,,,,,1,0,1
720575940451927611,,,,,,,,,,1,0,1
720575940451999730,,,,,,,,,,1,0,1
720575940452003058,,,,,,,,,,1,0,1
720575940452004082,,,,,,,,,,3,0,1
720575940452909117,,,,,,,,,,1,0,1
720575940452952893,,,,,,,,,,2,0,1
720575940452949821,,,,,,,,,,2,0,1
720575940452947517,,,,,,,,,,1,0,1
720575940452937021,,,,,,,,,,1,0,1
720575940452932157,,,,,,,,,,1,0,1
720575940452928317,,,,,,,,,,1,0,1
720575940452915261,,,,,,,,,,1,0,1
720575940452912445,,,,,,,,,,1,0,1
720575940452910653,,,,,,,,,,1,0,1
720575940452907837,,,,,,,,,,1,0,1
720575940452013298,,,,,,,,,,1,0,1
720575940452907581,,,,,,,,,,1,0,1
720575940452907325,,,,,,,,,,1,0,1
720575940452693412,,,,,,,,,,1,0,1
720575940452692132,,,,,,,,,,1,0,1
720575940452687268,,,,,,,,,,1,0,1
720575940452626340,,,,,,,,,,7,0,1
720575940452623012,,,,,,,,,,3,0,1
720575940452017906,,,,,,,,,,1,0,1
720575940452014578,,,,,,,,,,1,0,1
720575940451927099,,,,,,,,,,1,0,1
720575940451921979,,,,,,,,,,1,0,1
720575940450228957,,,,,,,,,,2,0,1
720575940451897586,,,,,,,,,,1,0,1
720575940450349454,,,,,,,,,,2,0,1
720575940450338190,,,,,,,,,,1,0,1
720575940450322574,,,,,,,,,,1,0,1
720575940450307805,,,,,,,,,,2,0,1
720575940450302429,,,,,,,,,,1,0,1
720575940450293469,,,,,,,,,,1,0,1
720575940450291933,,,,,,,,,,1,0,1
720575940450280413,,,,,,,,,,1,0,1
720575940450276317,,,,,,,,,,1,0,1
720575940450274013,,,,,,,,,,1,0,1
720575940450270429,,,,,,,,,,1,0,1
720575940450266589,,,,,,,,,,1,0,1
720575940450263773,,,,,,,,,,1,0,1
720575940450257885,,,,,,,,,,1,0,1
720575940450254557,,,,,,,,,,1,0,1
720575940450247389,,,,,,,,,,2,0,1
720575940450240477,,,,,,,,,,3,0,1
720575940450239453,,,,,,,,,,1,0,1
720575940450235357,,,,,,,,,,2,0,1
720575940450232541,,,,,,,,,,1,0,1
720575940450230749,,,,,,,,,,2,0,1
720575940450352526,,,,,,,,,,1,0,1
720575940450358670,,,,,,,,,,2,0,1
720575940450565235,,,,,,,,,,2,0,1
720575940451787074,,,,,,,,,,1,0,1
720575940451895538,,,,,,,,,,1,0,1
720575940451890674,,,,,,,,,,1,0,1
720575940451887090,,,,,,,,,,1,0,1
720575940451867378,,,,,,,,,,1,0,1
720575940451820866,,,,,,,,,,1,0,1
720575940451819074,,,,,,,,,,1,0,1
720575940451813698,,,,,,,,,,1,0,1
720575940451795010,,,,,,,,,,1,0,1
720575940451794242,,,,,,,,,,1,0,1
720575940451784002,,,,,,,,,,1,0,1
720575940450570867,,,,,,,,,,1,0,1
720575940451097115,,,,,,,,,,1,0,1
720575940451077147,,,,,,,,,,1,0,1
720575940451075355,,,,,,,,,,1,0,1
720575940451063067,,,,,,,,,,1,0,1
720575940450907931,,,,,,,,,,1,0,1
720575940450902811,,,,,,,,,,2,0,1
720575940450575987,,,,,,,,,,1,0,1
720575940450575475,,,,,,,,,,1,0,1
720575940450574963,,,,,,,,,,1,0,1
720575940469048713,,,,,,,,,,2,0,1
720575940469052809,,,,,,,,,,1,0,1
720575940469074313,,,,,,,,,,1,0,1
720575940489589482,,,,,,,,,,1,0,1
720575940489646826,,,,,,,,,,1,0,1
720575940489642986,,,,,,,,,,1,0,1
720575940489640682,,,,,,,,,,1,0,1
720575940489635562,,,,,,,,,,1,0,1
720575940489635050,,,,,,,,,,1,0,1
720575940489631210,,,,,,,,,,1,0,1
720575940489630698,,,,,,,,,,1,0,1
720575940489629162,,,,,,,,,,1,0,1
720575940489628906,,,,,,,,,,1,0,1
720575940489625322,,,,,,,,,,5,1,1
720575940489623274,,,,,,,,,,1,0,1
720575940489623018,,,,,,,,,,1,0,1
720575940489621482,,,,,,,,,,2,0,1
720575940489620714,,,,,,,,,,1,0,1
720575940489608170,,,,,,,,,,1,0,1
720575940489606890,,,,,,,,,,1,0,1
720575940489606378,,,,,,,,,,1,0,1
720575940489603306,,,,,,,,,,3,0,1
720575940489601770,,,,,,,,,,1,0,1
720575940489601258,,,,,,,,,,1,0,1
720575940489600746,,,,,,,,,,1,0,1
720575940489647082,,,,,,,,,,1,0,1
720575940489647594,,,,,,,,,,1,0,1
720575940489650154,,,,,,,,,,1,0,1
720575940490280632,,,,,,,,,,1,0,1
720575940490313022,,,,,,,,,,1,0,1
720575940490310072,,,,,,,,,,1,0,1
720575940490306622,,,,,,,,,,1,0,1
720575940490305720,,,,,,,,,,1,0,1
720575940490304574,,,,,,,,,,1,0,1
720575940490300856,,,,,,,,,,1,0,1
720575940490296894,,,,,,,,,,2,0,1
720575940490296504,,,,,,,,,,1,0,1
720575940490296382,,,,,,,,,,1,0,1
720575940490270392,,,,,,,,,,4,0,1
720575940489650922,,,,,,,,,,1,0,1
720575940489670634,,,,,,,,,,1,0,1
720575940489670122,,,,,,,,,,3,0,1
720575940489662954,,,,,,,,,,2,0,1
720575940489661930,,,,,,,,,,1,0,1
720575940489659882,,,,,,,,,,1,0,1
720575940489656810,,,,,,,,,,1,0,1
720575940489654250,,,,,,,,,,1,0,1
720575940489653738,,,,,,,,,,2,0,1
720575940489652714,,,,,,,,,,1,0,1
720575940489594602,,,,,,,,,,2,0,1
720575940489401227,,,,,,,,,,1,0,1
720575940490347192,,,,,,,,,,2,0,1
720575940489386379,,,,,,,,,,1,0,1
720575940489316203,,,,,,,,,,5,0,1
720575940489315211,,,,,,,,,,1,0,1
720575940489314955,,,,,,,,,,1,0,1
720575940489314443,,,,,,,,,,1,0,1
720575940489313419,,,,,,,,,,1,0,1
720575940489309323,,,,,,,,,,2,0,1
720575940489293707,,,,,,,,,,1,0,1
720575940489291403,,,,,,,,,,2,0,1
720575940489286795,,,,,,,,,,1,0,1
720575940489283723,,,,,,,,,,1,0,1
720575940489280651,,,,,,,,,,1,0,1
720575940489276043,,,,,,,,,,1,0,1
720575940489273227,,,,,,,,,,2,0,1
720575940489270155,,,,,,,,,,1,0,1
720575940489269387,,,,,,,,,,1,0,1
720575940489244811,,,,,,,,,,2,0,1
720575940487662662,,,,,,,,,,2,0,1
720575940487639110,,,,,,,,,,3,1,1
720575940487636806,,,,,,,,,,1,0,1
720575940487633734,,,,,,,,,,2,0,1
720575940487630918,,,,,,,,,,1,0,1
720575940489318283,,,,,,,,,,1,0,1
720575940489322123,,,,,,,,,,1,0,1
720575940489322379,,,,,,,,,,1,0,1
720575940489351563,,,,,,,,,,2,0,1
720575940489379723,,,,,,,,,,1,0,1
720575940489374347,,,,,,,,,,1,0,1
720575940489372299,,,,,,,,,,1,0,1
720575940489358987,,,,,,,,,,1,0,1
720575940489358475,,,,,,,,,,1,0,1
720575940489356171,,,,,,,,,,1,0,1
720575940489352843,,,,,,,,,,1,0,1
720575940489352587,,,,,,,,,,1,0,1
720575940489351819,,,,,,,,,,1,0,1
720575940489345419,,,,,,,,,,1,0,1
720575940489322891,,,,,,,,,,2,0,1
720575940489341579,,,,,,,,,,1,0,1
720575940489341323,,,,,,,,,,1,0,1
720575940489340043,,,,,,,,,,1,0,1
720575940489339787,,,,,,,,,,1,0,1
720575940489334923,,,,,,,,,,1,0,1
720575940489333387,,,,,,,,,,1,0,1
720575940489331851,,,,,,,,,,1,0,1
720575940489329291,,,,,,,,,,1,0,1
720575940489323659,,,,,,,,,,2,0,1
720575940490314168,,,,,,,,,,2,0,1
720575940490391736,,,,,,,,,,1,0,1
720575940469078409,,,,,,,,,,1,0,1
720575940496131468,,,,,,,,,,1,0,1
720575940496228027,,,,,,,,,,1,0,1
720575940496224699,,,,,,,,,,1,0,1
720575940496213691,,,,,,,,,,1,0,1
720575940496211387,,,,,,,,,,1,0,1
720575940496209851,,,,,,,,,,1,0,1
720575940496205755,,,,,,,,,,3,0,1
720575940496205499,,,,,,,,,,2,0,1
720575940496205243,,,,,,,,,,1,0,1
720575940496189115,,,,,,,,,,1,0,1
720575940496176012,,,,,,,,,,1,0,1
720575940496175500,,,,,,,,,,1,0,1
720575940496169100,,,,,,,,,,1,0,1
720575940496166028,,,,,,,,,,1,0,1
720575940496165004,,,,,,,,,,1,0,1
720575940496150668,,,,,,,,,,1,0,1
720575940496150412,,,,,,,,,,1,0,1
720575940496145292,,,,,,,,,,1,0,1
720575940496142988,,,,,,,,,,1,0,1
720575940496140684,,,,,,,,,,1,0,1
720575940496137612,,,,,,,,,,1,1,1
720575940496134284,,,,,,,,,,1,0,1
720575940496233147,,,,,,,,,,1,0,1
720575940496237243,,,,,,,,,,2,0,1
720575940496245947,,,,,,,,,,1,0,1
720575940496294075,,,,,,,,,,1,0,1
720575940498649244,,,,,,,,,,3,0,1
720575940498647964,,,,,,,,,,1,1,1
720575940498631374,,,,,,,,,,2,0,1
720575940498631118,,,,,,,,,,3,1,1
720575940498628046,,,,,,,,,,1,0,1
720575940497698993,,,,,,,,,,7,0,1
720575940496305339,,,,,,,,,,1,0,1
720575940496298683,,,,,,,,,,1,0,1
720575940496294331,,,,,,,,,,1,0,1
720575940496292283,,,,,,,,,,1,0,1
720575940496254651,,,,,,,,,,1,0,1
720575940496270267,,,,,,,,,,1,0,1
720575940496268987,,,,,,,,,,1,0,1
720575940496267195,,,,,,,,,,1,0,1
720575940496264379,,,,,,,,,,1,0,1
720575940496262331,,,,,,,,,,1,0,1
720575940496261051,,,,,,,,,,1,0,1
720575940496259003,,,,,,,,,,3,0,1
720575940496256955,,,,,,,,,,1,0,1
720575940496254907,,,,,,,,,,1,0,1
720575940496131724,,,,,,,,,,1,0,1
720575940496127628,,,,,,,,,,1,0,1
720575940490393528,,,,,,,,,,1,0,1
720575940496126348,,,,,,,,,,2,0,1
720575940490490040,,,,,,,,,,1,0,1
720575940490489016,,,,,,,,,,5,0,1
720575940490477752,,,,,,,,,,1,0,1
720575940490450104,,,,,,,,,,1,0,1
720575940490448568,,,,,,,,,,1,0,1
720575940490438584,,,,,,,,,,1,0,1
720575940490436536,,,,,,,,,,1,0,1
720575940490431416,,,,,,,,,,1,0,1
720575940490428600,,,,,,,,,,1,0,1
720575940490428088,,,,,,,,,,1,0,1
720575940490421944,,,,,,,,,,2,0,1
720575940490419896,,,,,,,,,,1,0,1
720575940490416312,,,,,,,,,,1,0,1
720575940490415800,,,,,,,,,,1,0,1
720575940490415032,,,,,,,,,,1,0,1
720575940490413496,,,,,,,,,,1,0,1
720575940490404280,,,,,,,,,,1,0,1
720575940490402744,,,,,,,,,,1,0,1
720575940490402232,,,,,,,,,,1,0,1
720575940490401208,,,,,,,,,,1,0,1
720575940490396600,,,,,,,,,,1,0,1
720575940490499256,,,,,,,,,,3,0,1
720575940490502328,,,,,,,,,,1,0,1
720575940490509043,,,,,,,,,,1,0,1
720575940495238637,,,,,,,,,,1,0,1
720575940496125324,,,,,,,,,,1,0,1
720575940496123276,,,,,,,,,,2,0,1
720575940496120972,,,,,,,,,,2,0,1
720575940496052364,,,,,,,,,,4,0,1
720575940495263725,,,,,,,,,,2,0,1
720575940495260653,,,,,,,,,,1,0,1
720575940495249133,,,,,,,,,,1,0,1
720575940495244525,,,,,,,,,,1,0,1
720575940495240941,,,,,,,,,,1,0,1
720575940495235565,,,,,,,,,,1,0,1
720575940490511800,,,,,,,,,,1,0,1
720575940491796294,,,,,,,,,,1,0,1
720575940490805284,,,,,,,,,,1,0,1
720575940490804004,,,,,,,,,,1,0,1
720575940490546163,,,,,,,,,,1,0,1
720575940490531315,,,,,,,,,,1,0,1
720575940490529267,,,,,,,,,,1,0,1
720575940490529011,,,,,,,,,,1,0,1
720575940490525427,,,,,,,,,,1,0,1
720575940490521331,,,,,,,,,,1,0,1
720575940487630150,,,,,,,,,,2,0,1
720575940487628358,,,,,,,,,,1,0,1
720575940487625798,,,,,,,,,,1,0,1
720575940475391929,,,,,,,,,,1,0,1
720575940475879753,,,,,,,,,,1,0,1
720575940475877705,,,,,,,,,,1,0,1
720575940475439033,,,,,,,,,,1,0,1
720575940475433145,,,,,,,,,,1,0,1
720575940475430841,,,,,,,,,,1,0,1
720575940475429817,,,,,,,,,,1,0,1
720575940475426489,,,,,,,,,,1,0,1
720575940475425465,,,,,,,,,,1,0,1
720575940475419065,,,,,,,,,,1,0,1
720575940475418809,,,,,,,,,,1,0,1
720575940475414457,,,,,,,,,,2,0,1
720575940475409081,,,,,,,,,,2,0,1
720575940475406265,,,,,,,,,,1,0,1
720575940475405497,,,,,,,,,,1,0,1
720575940475403193,,,,,,,,,,1,0,1
720575940475399097,,,,,,,,,,1,0,1
720575940475397049,,,,,,,,,,1,0,1
720575940475396793,,,,,,,,,,2,0,1
720575940475396537,,,,,,,,,,1,0,1
720575940475395001,,,,,,,,,,2,0,1
720575940475393721,,,,,,,,,,1,0,1
720575940475882569,,,,,,,,,,1,0,1
720575940475889481,,,,,,,,,,1,0,1
720575940475895369,,,,,,,,,,1,0,1
720575940476620049,,,,,,,,,,1,0,1
720575940478579206,,,,,,,,,,2,0,1
720575940478576902,,,,,,,,,,1,0,1
720575940478514905,,,,,,,,,,1,0,1
720575940476886420,,,,,,,,,,1,0,1
720575940476873108,,,,,,,,,,1,0,1
720575940476661793,,,,,,,,,,1,0,1
720575940476653345,,,,,,,,,,3,0,1
720575940476649249,,,,,,,,,,1,0,1
720575940476644385,,,,,,,,,,2,0,1
720575940476604689,,,,,,,,,,1,0,1
720575940475895625,,,,,,,,,,1,0,1
720575940476579675,,,,,,,,,,1,0,1
720575940476576347,,,,,,,,,,1,0,1
720575940476571995,,,,,,,,,,2,0,1
720575940476570715,,,,,,,,,,1,0,1
720575940476570203,,,,,,,,,,2,0,1
720575940476559707,,,,,,,,,,1,0,1
720575940476554075,,,,,,,,,,1,0,1
720575940476553819,,,,,,,,,,3,0,1
720575940475897417,,,,,,,,,,1,0,1
720575940475392441,,,,,,,,,,1,0,1
720575940475391161,,,,,,,,,,1,0,1
720575940487461032,,,,,,,,,,1,0,1
720575940475387577,,,,,,,,,,1,0,1
720575940470408396,,,,,,,,,,1,0,1
720575940470408140,,,,,,,,,,1,0,1
720575940470407372,,,,,,,,,,1,0,1
720575940470399436,,,,,,,,,,1,0,1
720575940470398924,,,,,,,,,,1,0,1
720575940470398412,,,,,,,,,,1,0,1
720575940470393804,,,,,,,,,,1,1,1
720575940470390220,,,,,,,,,,1,0,1
720575940470385868,,,,,,,,,,1,0,1
720575940470384076,,,,,,,,,,1,0,1
720575940469110409,,,,,,,,,,1,0,1
720575940469108873,,,,,,,,,,1,0,1
720575940469095049,,,,,,,,,,1,0,1
720575940469094793,,,,,,,,,,1,0,1
720575940469094537,,,,,,,,,,1,0,1
720575940469093001,,,,,,,,,,2,0,1
720575940469090697,,,,,,,,,,1,0,1
720575940469090185,,,,,,,,,,1,0,1
720575940469085065,,,,,,,,,,1,0,1
720575940469084809,,,,,,,,,,1,0,1
720575940469080969,,,,,,,,,,1,0,1
720575940470408908,,,,,,,,,,1,0,1
720575940470418380,,,,,,,,,,1,0,1
720575940470442956,,,,,,,,,,1,0,1
720575940474314283,,,,,,,,,,2,0,1
720575940474886189,,,,,,,,,,1,0,1
720575940474882605,,,,,,,,,,1,0,1
720575940474881581,,,,,,,,,,1,0,1
720575940474879277,,,,,,,,,,1,0,1
720575940474879021,,,,,,,,,,1,0,1
720575940474878253,,,,,,,,,,1,0,1
720575940474340395,,,,,,,,,,1,0,1
720575940474336043,,,,,,,,,,1,0,1
720575940474328107,,,,,,,,,,1,0,1
720575940474310187,,,,,,,,,,2,0,1
720575940470443724,,,,,,,,,,1,0,1
720575940474306603,,,,,,,,,,1,0,1
720575940474301483,,,,,,,,,,1,0,1
720575940474290475,,,,,,,,,,1,0,1
720575940474286635,,,,,,,,,,1,0,1
720575940474286379,,,,,,,,,,1,0,1
720575940470462412,,,,,,,,,,3,0,1
720575940470459852,,,,,,,,,,3,0,1
720575940470453708,,,,,,,,,,1,0,1
720575940470448332,,,,,,,,,,1,0,1
720575940478580486,,,,,,,,,,1,0,1
720575940478582022,,,,,,,,,,4,0,1
720575940478585862,,,,,,,,,,1,0,1
720575940478589190,,,,,,,,,,1,0,1
720575940482712492,,,,,,,,,,1,0,1
720575940482531999,,,,,,,,,,2,0,1
720575940481269601,,,,,,,,,,4,0,1
720575940481268577,,,,,,,,,,2,1,1
720575940481267041,,,,,,,,,,1,0,1
720575940481263457,,,,,,,,,,1,0,1
720575940481261921,,,,,,,,,,1,0,1
720575940481260385,,,,,,,,,,1,0,1
720575940481256801,,,,,,,,,,1,0,1
720575940481252449,,,,,,,,,,1,0,1
720575940480229308,,,,,,,,,,1,0,1
720575940480217020,,,,,,,,,,1,0,1
720575940480210620,,,,,,,,,,1,0,1
720575940480199612,,,,,,,,,,1,0,1
720575940480195260,,,,,,,,,,1,0,1
720575940480188348,,,,,,,,,,1,0,1
720575940480188092,,,,,,,,,,1,0,1
720575940480180668,,,,,,,,,,1,0,1
720575940480179900,,,,,,,,,,1,0,1
720575940480176060,,,,,,,,,,1,0,1
720575940480173244,,,,,,,,,,2,0,1
720575940483899665,,,,,,,,,,5,0,1
720575940483916049,,,,,,,,,,1,0,1
720575940483919377,,,,,,,,,,1,0,1
720575940487431848,,,,,,,,,,1,0,1
720575940487460008,,,,,,,,,,1,0,1
720575940487459752,,,,,,,,,,1,0,1
720575940487457192,,,,,,,,,,1,0,1
720575940487456680,,,,,,,,,,1,0,1
720575940487447464,,,,,,,,,,1,0,1
720575940487443112,,,,,,,,,,1,0,1
720575940487442856,,,,,,,,,,1,0,1
720575940487440808,,,,,,,,,,1,0,1
720575940487434152,,,,,,,,,,2,0,1
720575940487417000,,,,,,,,,,1,0,1
720575940483926289,,,,,,,,,,2,0,1
720575940487415464,,,,,,,,,,1,0,1
720575940484840338,,,,,,,,,,1,0,1
720575940483973393,,,,,,,,,,1,0,1
720575940483944465,,,,,,,,,,1,0,1
720575940483939089,,,,,,,,,,1,0,1
720575940483938577,,,,,,,,,,1,0,1
720575940483933713,,,,,,,,,,1,0,1
720575940483932689,,,,,,,,,,1,0,1
720575940483929617,,,,,,,,,,1,0,1
720575940479309338,,,,,,,,,,1,0,1
720575940479308570,,,,,,,,,,1,0,1
720575940479306778,,,,,,,,,,1,0,1
720575940478615302,,,,,,,,,,1,0,1
720575940479039734,,,,,,,,,,1,0,1
720575940479035638,,,,,,,,,,1,0,1
720575940479032566,,,,,,,,,,1,0,1
720575940479026476,,,,,,,,,,1,0,1
720575940479023148,,,,,,,,,,1,0,1
720575940479013420,,,,,,,,,,7,0,1
720575940479003180,,,,,,,,,,1,0,1
720575940478694918,,,,,,,,,,2,0,1
720575940478620422,,,,,,,,,,1,0,1
720575940478613254,,,,,,,,,,2,0,1
720575940479043574,,,,,,,,,,1,0,1
720575940478612486,,,,,,,,,,1,0,1
720575940478610950,,,,,,,,,,2,0,1
720575940478604806,,,,,,,,,,2,0,1
720575940478597894,,,,,,,,,,4,0,1
720575940478596870,,,,,,,,,,1,0,1
720575940478596358,,,,,,,,,,1,0,1
720575940478593542,,,,,,,,,,2,0,1
720575940478592006,,,,,,,,,,1,0,1
720575940478589702,,,,,,,,,,1,0,1
720575940479039990,,,,,,,,,,1,0,1
720575940479045878,,,,,,,,,,2,0,1
720575940479302938,,,,,,,,,,1,0,1
720575940479275034,,,,,,,,,,3,0,1
720575940479296538,,,,,,,,,,1,0,1
720575940479295770,,,,,,,,,,1,0,1
720575940479292698,,,,,,,,,,1,0,1
720575940479288602,,,,,,,,,,1,0,1
720575940479285786,,,,,,,,,,1,0,1
720575940479281946,,,,,,,,,,1,0,1
720575940479281690,,,,,,,,,,1,0,1
720575940479278106,,,,,,,,,,1,0,1
720575940479275290,,,,,,,,,,1,0,1
720575940479272474,,,,,,,,,,1,0,1
720575940479051254,,,,,,,,,,1,0,1
720575940479266586,,,,,,,,,,1,0,1
720575940479263770,,,,,,,,,,1,0,1
720575940479261978,,,,,,,,,,1,0,1
720575940479255322,,,,,,,,,,1,0,1
720575940479249690,,,,,,,,,,1,0,1
720575940479194358,,,,,,,,,,2,0,1
720575940479190262,,,,,,,,,,1,0,1
720575940479181558,,,,,,,,,,1,0,1
720575940479127286,,,,,,,,,,1,0,1
720575940556672095,,,,,,,,,,2,0,1
