neuron_id,neuron_type,partner_id,partner_type,connection_type
720575940619921488,SLP131,720575940630852439,unknown,upstream
720575940619921488,SLP131,720575940627613801,unknown,upstream
720575940619921488,SLP131,720575940643863496,unknown,upstream
720575940619921488,SLP131,720575940623585379,unknown,upstream
720575940619921488,SLP131,720575940629670735,unknown,upstream
720575940619921488,SLP131,720575940622331350,unknown,upstream
720575940619921488,SLP131,720575940641296525,unknown,upstream
720575940619921488,SLP131,720575940641193717,unknown,upstream
720575940619921488,SLP131,720575940625150000,unknown,upstream
720575940619921488,SLP131,720575940631064387,unknown,upstream
720575940619921488,SLP131,720575940621251777,unknown,upstream
720575940619921488,SLP131,720575940627005982,unknown,upstream
720575940619921488,SLP131,720575940637956698,unknown,upstream
720575940619921488,SLP131,720575940637384538,unknown,upstream
720575940619921488,SLP131,720575940615611793,unknown,upstream
720575940619921488,SLP131,720575940609834308,unknown,upstream
720575940619921488,SLP131,720575940622881100,unknown,upstream
720575940619921488,SLP131,720575940628303607,unknown,upstream
720575940619921488,SLP131,720575940612526819,unknown,upstream
720575940619921488,SLP131,720575940622662896,unknown,upstream
720575940619921488,SLP131,720575940622241160,unknown,upstream
720575940619921488,SLP131,720575940628207753,unknown,upstream
720575940619921488,SLP131,720575940646427012,unknown,upstream
720575940619921488,SLP131,720575940629413436,unknown,upstream
720575940619921488,SLP131,720575940617620800,unknown,upstream
720575940619921488,SLP131,720575940625886666,unknown,upstream
720575940619921488,SLP131,720575940628442385,unknown,upstream
720575940619921488,SLP131,720575940622268597,unknown,upstream
720575940619921488,SLP131,720575940640422478,unknown,upstream
720575940619921488,SLP131,720575940615340255,unknown,upstream
720575940619921488,SLP131,720575940629017591,unknown,upstream
720575940619921488,SLP131,720575940615059240,unknown,upstream
720575940619921488,SLP131,720575940612711958,unknown,upstream
720575940619921488,SLP131,720575940617104396,unknown,upstream
720575940619921488,SLP131,720575940630008783,unknown,upstream
720575940619921488,SLP131,720575940608799096,unknown,upstream
720575940619921488,SLP131,720575940624951847,unknown,upstream
720575940619921488,SLP131,720575940630146871,unknown,upstream
720575940619921488,SLP131,720575940629760567,unknown,upstream
720575940619921488,SLP131,720575940636066167,unknown,upstream
720575940619921488,SLP131,720575940615032406,unknown,upstream
720575940619921488,SLP131,720575940617279517,unknown,upstream
720575940619921488,SLP131,720575940619964788,unknown,upstream
720575940619921488,SLP131,720575940646386308,unknown,upstream
720575940619921488,SLP131,720575940620078215,unknown,upstream
720575940619921488,SLP131,720575940630603884,unknown,upstream
720575940619921488,SLP131,720575940622808959,unknown,upstream
720575940619921488,SLP131,720575940629332730,unknown,upstream
720575940619921488,SLP131,720575940608974549,unknown,upstream
720575940619921488,SLP131,720575940624344072,unknown,upstream
720575940619921488,SLP131,720575940643008968,unknown,upstream
720575940619921488,SLP131,720575940637736006,unknown,upstream
720575940619921488,SLP131,720575940626988574,unknown,upstream
720575940619921488,SLP131,720575940636399706,unknown,upstream
720575940619921488,SLP131,720575940613345442,unknown,upstream
720575940619921488,SLP131,720575940604682976,unknown,upstream
720575940619921488,SLP131,720575940612700847,unknown,upstream
720575940619921488,SLP131,720575940630689785,unknown,upstream
720575940619921488,SLP131,720575940640639293,unknown,upstream
720575940619921488,SLP131,720575940607249365,unknown,upstream
720575940619921488,SLP131,720575940626368168,unknown,upstream
720575940619921488,SLP131,720575940621398292,unknown,upstream
720575940619921488,SLP131,720575940632171857,unknown,upstream
720575940619921488,SLP131,720575940608663253,unknown,upstream
720575940619921488,SLP131,720575940625053773,unknown,upstream
720575940619921488,SLP131,720575940627245585,unknown,upstream
720575940619921488,SLP131,720575940622182569,unknown,upstream
720575940619921488,SLP131,720575940617092569,unknown,upstream
720575940619921488,SLP131,720575940630181463,unknown,upstream
720575940619921488,SLP131,720575940626620568,unknown,upstream
720575940619921488,SLP131,720575940604056544,unknown,upstream
720575940619921488,SLP131,720575940629493882,unknown,upstream
720575940619921488,SLP131,720575940634398047,unknown,upstream
720575940619921488,SLP131,720575940612015217,unknown,upstream
720575940619921488,SLP131,720575940625800852,unknown,upstream
720575940619921488,SLP131,720575940606757041,unknown,upstream
720575940619921488,SLP131,720575940622185213,unknown,upstream
720575940619921488,SLP131,720575940625334345,unknown,upstream
720575940619921488,SLP131,720575940633563679,unknown,upstream
720575940619921488,SLP131,720575940644574243,unknown,upstream
720575940619921488,SLP131,720575940627928911,unknown,upstream
720575940619921488,SLP131,720575940630543980,unknown,upstream
720575940619921488,SLP131,720575940639753635,unknown,upstream
720575940619921488,SLP131,720575940634156755,unknown,upstream
720575940619921488,SLP131,720575940635022703,unknown,upstream
720575940619921488,SLP131,720575940635688846,unknown,upstream
720575940619921488,SLP131,720575940626565528,unknown,upstream
720575940619921488,SLP131,720575940611477710,unknown,upstream
720575940619921488,SLP131,720575940626128386,unknown,upstream
720575940619921488,SLP131,720575940625804819,unknown,upstream
720575940619921488,SLP131,720575940631661869,unknown,upstream
720575940619921488,SLP131,720575940630736143,unknown,upstream
720575940619921488,SLP131,720575940625312698,unknown,upstream
720575940619921488,SLP131,720575940618518582,unknown,upstream
720575940619921488,SLP131,720575940632701779,unknown,upstream
720575940619921488,SLP131,720575940631554627,unknown,upstream
720575940619921488,SLP131,720575940613013544,unknown,upstream
720575940619921488,SLP131,720575940637790527,unknown,upstream
720575940619921488,SLP131,720575940620494529,unknown,upstream
720575940619921488,SLP131,720575940621792438,unknown,upstream
720575940619921488,SLP131,720575940637258842,unknown,upstream
720575940619921488,SLP131,720575940652115446,unknown,upstream
720575940619921488,SLP131,720575940607848203,unknown,upstream
720575940619921488,SLP131,720575940630799042,unknown,upstream
720575940619921488,SLP131,720575940608901333,unknown,upstream
720575940619921488,SLP131,720575940627148746,unknown,upstream
720575940619921488,SLP131,720575940619637056,unknown,upstream
720575940619921488,SLP131,720575940626965258,unknown,upstream
720575940619921488,SLP131,720575940618582336,unknown,upstream
720575940619921488,SLP131,720575940629604601,unknown,upstream
720575940619921488,SLP131,720575940627650120,unknown,upstream
720575940619921488,SLP131,720575940630758782,unknown,upstream
720575940619921488,SLP131,720575940621167681,unknown,upstream
720575940619921488,SLP131,720575940638161717,unknown,upstream
720575940619921488,SLP131,720575940623175861,unknown,upstream
720575940619921488,SLP131,720575940605391136,unknown,upstream
720575940619921488,SLP131,720575940631937042,unknown,upstream
720575940619921488,SLP131,720575940616117433,unknown,upstream
720575940619921488,SLP131,720575940622343094,unknown,upstream
720575940619921488,SLP131,720575940631466783,unknown,upstream
720575940619921488,SLP131,720575940630292439,unknown,upstream
720575940619921488,SLP131,720575940630291070,unknown,upstream
720575940619921488,SLP131,720575940608987349,unknown,upstream
720575940619921488,SLP131,720575940628748507,unknown,upstream
720575940619921488,SLP131,720575940615490814,unknown,upstream
720575940619921488,SLP131,720575940606736988,unknown,upstream
720575940619921488,SLP131,720575940620221217,unknown,upstream
720575940619921488,SLP131,720575940627084905,unknown,upstream
720575940619921488,SLP131,720575940614686003,unknown,upstream
720575940619921488,SLP131,720575940610960021,unknown,upstream
720575940619921488,SLP131,720575940625082910,unknown,upstream
720575940619921488,SLP131,720575940660281217,unknown,upstream
720575940619921488,SLP131,720575940629007719,unknown,upstream
720575940619921488,SLP131,720575940614342762,unknown,upstream
720575940619921488,SLP131,720575940627369810,unknown,upstream
720575940619921488,SLP131,720575940623142280,unknown,upstream
720575940619921488,SLP131,720575940635119723,unknown,upstream
720575940619921488,SLP131,720575940635138911,unknown,upstream
720575940619921488,SLP131,720575940621988684,unknown,upstream
720575940619921488,SLP131,720575940630396790,unknown,upstream
720575940619921488,SLP131,720575940627324162,unknown,upstream
720575940619921488,SLP131,720575940617246491,unknown,upstream
720575940619921488,SLP131,720575940615778610,unknown,upstream
720575940619921488,SLP131,720575940613191731,unknown,upstream
720575940619921488,SLP131,720575940629594106,unknown,upstream
720575940619921488,SLP131,720575940630068327,unknown,upstream
720575940619921488,SLP131,720575940625787481,unknown,upstream
720575940619921488,SLP131,720575940630302551,unknown,upstream
720575940619921488,SLP131,720575940620494897,unknown,upstream
720575940619921488,SLP131,720575940629706618,unknown,upstream
720575940619921488,SLP131,720575940615608588,unknown,upstream
720575940619921488,SLP131,720575940632723938,unknown,upstream
720575940619921488,SLP131,720575940632559820,unknown,upstream
720575940619921488,SLP131,720575940625416292,unknown,upstream
720575940619921488,SLP131,720575940618013524,unknown,upstream
720575940619921488,SLP131,720575940614010274,unknown,upstream
720575940619921488,SLP131,720575940641243381,unknown,upstream
720575940619921488,SLP131,720575940621656747,unknown,upstream
720575940619921488,SLP131,720575940613559458,unknown,upstream
720575940619921488,SLP131,720575940636256319,unknown,upstream
720575940619921488,SLP131,720575940617062706,unknown,upstream
720575940619921488,SLP131,720575940614715792,unknown,upstream
720575940619921488,SLP131,720575940626174564,unknown,upstream
720575940619921488,SLP131,720575940639139280,unknown,upstream
720575940619921488,SLP131,720575940595045186,unknown,upstream
720575940619921488,SLP131,720575940606722150,unknown,upstream
720575940619921488,SLP131,720575940639755984,unknown,upstream
720575940619921488,SLP131,720575940640205952,unknown,upstream
720575940619921488,SLP131,720575940625655897,unknown,upstream
720575940619921488,SLP131,720575940618648443,unknown,upstream
720575940619921488,SLP131,720575940618628231,unknown,upstream
720575940619921488,SLP131,720575940613783277,unknown,upstream
720575940619921488,SLP131,720575940605102694,unknown,upstream
720575940619921488,SLP131,720575940615909563,unknown,upstream
720575940619921488,SLP131,720575940636124596,unknown,upstream
720575940619921488,SLP131,720575940627206714,unknown,upstream
720575940619921488,SLP131,720575940635640312,unknown,upstream
720575940619921488,SLP131,720575940625110967,unknown,upstream
720575940619921488,SLP131,720575940622109004,unknown,upstream
720575940619921488,SLP131,720575940629450622,unknown,upstream
720575940619921488,SLP131,720575940629253625,unknown,upstream
720575940619921488,SLP131,720575940629163419,unknown,upstream
720575940619921488,SLP131,720575940622366221,unknown,upstream
720575940619921488,SLP131,720575940631763523,unknown,upstream
720575940619921488,SLP131,720575940631877944,unknown,upstream
720575940619921488,SLP131,720575940631913005,unknown,upstream
720575940619921488,SLP131,720575940628884674,unknown,upstream
720575940619921488,SLP131,720575940628842314,unknown,upstream
720575940619921488,SLP131,720575940632829485,unknown,upstream
720575940619921488,SLP131,720575940604267622,unknown,upstream
720575940619921488,SLP131,720575940622709287,unknown,upstream
720575940619921488,SLP131,720575940611784817,unknown,upstream
720575940619921488,SLP131,720575940628003304,unknown,upstream
720575940619921488,SLP131,720575940633735575,unknown,upstream
720575940619921488,SLP131,720575940611608037,unknown,upstream
720575940619921488,SLP131,720575940634662626,unknown,upstream
720575940619921488,SLP131,720575940635754431,unknown,upstream
720575940619921488,SLP131,720575940625461762,unknown,upstream
720575940619921488,SLP131,720575940634782712,unknown,upstream
720575940619921488,SLP131,720575940620229217,unknown,upstream
720575940619921488,SLP131,720575940621122086,unknown,upstream
720575940619921488,SLP131,720575940631420483,unknown,upstream
720575940619921488,SLP131,720575940629148315,unknown,upstream
720575940619921488,SLP131,720575940621114177,unknown,upstream
720575940619921488,SLP131,720575940632575180,unknown,upstream
720575940619921488,SLP131,720575940620925643,unknown,upstream
720575940619921488,SLP131,720575940628955386,unknown,upstream
720575940619921488,SLP131,720575940622630489,unknown,upstream
720575940619921488,SLP131,720575940624107751,unknown,upstream
720575940619921488,SLP131,720575940625712688,unknown,upstream
720575940619921488,SLP131,720575940650943353,unknown,upstream
720575940619921488,SLP131,720575940596488126,unknown,upstream
720575940619921488,SLP131,720575940612615745,unknown,upstream
720575940619921488,SLP131,720575940618950814,unknown,upstream
720575940619921488,SLP131,720575940607802123,unknown,upstream
720575940619921488,SLP131,720575940621399222,unknown,upstream
720575940619921488,SLP131,720575940627987974,unknown,upstream
720575940619921488,SLP131,720575940616791782,unknown,upstream
720575940619921488,SLP131,720575940624662508,unknown,upstream
720575940619921488,SLP131,720575940630038743,unknown,upstream
720575940619921488,SLP131,720575940610773782,unknown,upstream
720575940619921488,SLP131,720575940621081889,unknown,upstream
720575940619921488,SLP131,720575940632109775,unknown,upstream
720575940619921488,SLP131,720575940630317942,unknown,upstream
720575940619921488,SLP131,720575940616056806,unknown,upstream
720575940619921488,SLP131,720575940639392115,unknown,upstream
720575940619921488,SLP131,720575940623998563,unknown,upstream
720575940619921488,SLP131,720575940639624509,unknown,upstream
720575940619921488,SLP131,720575940630742888,unknown,upstream
720575940619921488,SLP131,720575940616037014,unknown,upstream
720575940619921488,SLP131,720575940625907726,unknown,upstream
720575940619921488,SLP131,720575940624589543,unknown,upstream
720575940619921488,SLP131,720575940603231916,unknown,upstream
720575940619921488,SLP131,720575940629600709,unknown,upstream
720575940619921488,SLP131,720575940651570678,unknown,upstream
720575940619921488,SLP131,720575940625777040,unknown,upstream
720575940619921488,SLP131,720575940585682884,unknown,upstream
720575940619921488,SLP131,720575940614309535,unknown,upstream
720575940619921488,SLP131,720575940624763123,unknown,upstream
720575940619921488,SLP131,720575940632060333,unknown,upstream
720575940619921488,SLP131,720575940630306245,unknown,upstream
720575940619921488,SLP131,720575940611549363,unknown,upstream
720575940619921488,SLP131,720575940627638037,unknown,upstream
720575940619921488,SLP131,720575940617910155,unknown,upstream
720575940619921488,SLP131,720575940636572152,unknown,upstream
720575940619921488,SLP131,720575940614981062,unknown,upstream
720575940619921488,SLP131,720575940627146186,unknown,upstream
720575940619921488,SLP131,720575940610895826,unknown,upstream
720575940619921488,SLP131,720575940629861163,unknown,upstream
720575940619921488,SLP131,720575940644405870,unknown,upstream
720575940619921488,SLP131,720575940636084848,unknown,upstream
720575940619921488,SLP131,720575940621547015,unknown,upstream
720575940619921488,SLP131,720575940619933269,unknown,upstream
720575940619921488,SLP131,720575940623219113,unknown,upstream
720575940619921488,SLP131,720575940620220075,unknown,upstream
720575940619921488,SLP131,720575940635678871,unknown,upstream
720575940619921488,SLP131,720575940629401674,unknown,upstream
720575940619921488,SLP131,720575940643812887,unknown,upstream
720575940619921488,SLP131,720575940653580022,unknown,upstream
720575940619921488,SLP131,720575940631103744,unknown,upstream
720575940619921488,SLP131,720575940626850280,unknown,upstream
720575940619921488,SLP131,720575940619930021,unknown,upstream
720575940619921488,SLP131,720575940643651784,unknown,upstream
720575940619921488,SLP131,720575940638642502,unknown,upstream
720575940619921488,SLP131,720575940613838498,unknown,upstream
720575940619921488,SLP131,720575940613103791,unknown,upstream
720575940619921488,SLP131,720575940610224738,unknown,upstream
720575940619921488,SLP131,720575940639025742,unknown,upstream
720575940619921488,SLP131,720575940617288605,unknown,upstream
720575940619921488,SLP131,720575940619096660,unknown,upstream
720575940619921488,SLP131,720575940608037298,unknown,upstream
720575940619921488,SLP131,720575940638432053,unknown,upstream
720575940619921488,SLP131,720575940630535030,unknown,upstream
720575940619921488,SLP131,720575940638429824,unknown,upstream
720575940619921488,SLP131,720575940630818242,unknown,upstream
720575940619921488,SLP131,720575940618447965,unknown,upstream
720575940619921488,SLP131,720575940614373056,unknown,upstream
720575940619921488,SLP131,720575940611080337,unknown,upstream
720575940619921488,SLP131,720575940606725833,unknown,upstream
720575940619921488,SLP131,720575940646488430,unknown,upstream
720575940619921488,SLP131,720575940625984893,unknown,upstream
720575940619921488,SLP131,720575940615258699,unknown,upstream
720575940619921488,SLP131,720575940615160239,unknown,upstream
720575940619921488,SLP131,720575940615149836,unknown,upstream
720575940619921488,SLP131,720575940614718623,unknown,upstream
720575940619921488,SLP131,720575940614476199,unknown,upstream
720575940619921488,SLP131,720575940614387198,unknown,upstream
720575940619921488,SLP131,720575940614350846,unknown,upstream
720575940619921488,SLP131,720575940614291980,unknown,upstream
720575940619921488,SLP131,720575940613676328,unknown,upstream
720575940619921488,SLP131,720575940613524973,unknown,upstream
720575940619921488,SLP131,720575940613324059,unknown,upstream
720575940619921488,SLP131,720575940613277491,unknown,upstream
720575940619921488,SLP131,720575940613168090,unknown,upstream
720575940619921488,SLP131,720575940613076552,unknown,upstream
720575940619921488,SLP131,720575940613032520,unknown,upstream
720575940619921488,SLP131,720575940612965791,unknown,upstream
720575940619921488,SLP131,720575940612691016,unknown,upstream
720575940619921488,SLP131,720575940612635117,unknown,upstream
720575940619921488,SLP131,720575940612614721,unknown,upstream
720575940619921488,SLP131,720575940612613441,unknown,upstream
720575940619921488,SLP131,720575940615257823,unknown,upstream
720575940619921488,SLP131,720575940615446782,unknown,upstream
720575940619921488,SLP131,720575940625601936,unknown,upstream
720575940619921488,SLP131,720575940615448642,unknown,upstream
720575940619921488,SLP131,720575940616915510,unknown,upstream
720575940619921488,SLP131,720575940616865025,unknown,upstream
720575940619921488,SLP131,720575940616800780,unknown,upstream
720575940619921488,SLP131,720575940616751201,unknown,upstream
720575940619921488,SLP131,720575940616736704,unknown,upstream
720575940619921488,SLP131,720575940616730209,unknown,upstream
720575940619921488,SLP131,720575940616673366,unknown,upstream
720575940619921488,SLP131,720575940616592523,unknown,upstream
720575940619921488,SLP131,720575940616535393,unknown,upstream
720575940619921488,SLP131,720575940616457670,unknown,upstream
720575940619921488,SLP131,720575940616156257,unknown,upstream
720575940619921488,SLP131,720575940616081077,unknown,upstream
720575940619921488,SLP131,720575940615979532,unknown,upstream
720575940619921488,SLP131,720575940615899829,unknown,upstream
720575940619921488,SLP131,720575940615779306,unknown,upstream
720575940619921488,SLP131,720575940615754966,unknown,upstream
720575940619921488,SLP131,720575940615626018,unknown,upstream
720575940619921488,SLP131,720575940615622906,unknown,upstream
720575940619921488,SLP131,720575940615495611,unknown,upstream
720575940619921488,SLP131,720575940612568803,unknown,upstream
720575940619921488,SLP131,720575940612535533,unknown,upstream
720575940619921488,SLP131,720575940612512146,unknown,upstream
720575940619921488,SLP131,720575940612258496,unknown,upstream
720575940619921488,SLP131,720575940609264452,unknown,upstream
720575940619921488,SLP131,720575940609220450,unknown,upstream
720575940619921488,SLP131,720575940609083086,unknown,upstream
720575940619921488,SLP131,720575940608800402,unknown,upstream
720575940619921488,SLP131,720575940608763748,unknown,upstream
720575940619921488,SLP131,720575940608526089,unknown,upstream
720575940619921488,SLP131,720575940608250002,unknown,upstream
720575940619921488,SLP131,720575940608192009,unknown,upstream
720575940619921488,SLP131,720575940607640847,unknown,upstream
720575940619921488,SLP131,720575940607484592,unknown,upstream
720575940619921488,SLP131,720575940607435600,unknown,upstream
720575940619921488,SLP131,720575940607425604,unknown,upstream
720575940619921488,SLP131,720575940607400280,unknown,upstream
720575940619921488,SLP131,720575940607040881,unknown,upstream
720575940619921488,SLP131,720575940607000450,unknown,upstream
720575940619921488,SLP131,720575940606695290,unknown,upstream
720575940619921488,SLP131,720575940606298754,unknown,upstream
720575940619921488,SLP131,720575940606199907,unknown,upstream
720575940619921488,SLP131,720575940606130860,unknown,upstream
720575940619921488,SLP131,720575940609320004,unknown,upstream
720575940619921488,SLP131,720575940609381112,unknown,upstream
720575940619921488,SLP131,720575940609405934,unknown,upstream
720575940619921488,SLP131,720575940611359982,unknown,upstream
720575940619921488,SLP131,720575940612221157,unknown,upstream
720575940619921488,SLP131,720575940612170981,unknown,upstream
720575940619921488,SLP131,720575940611924394,unknown,upstream
720575940619921488,SLP131,720575940611890289,unknown,upstream
720575940619921488,SLP131,720575940611873006,unknown,upstream
720575940619921488,SLP131,720575940611682533,unknown,upstream
720575940619921488,SLP131,720575940611537611,unknown,upstream
720575940619921488,SLP131,720575940611514261,unknown,upstream
720575940619921488,SLP131,720575940610956334,unknown,upstream
720575940619921488,SLP131,720575940609592396,unknown,upstream
720575940619921488,SLP131,720575940610528921,unknown,upstream
720575940619921488,SLP131,720575940610504398,unknown,upstream
720575940619921488,SLP131,720575940610491694,unknown,upstream
720575940619921488,SLP131,720575940609981230,unknown,upstream
720575940619921488,SLP131,720575940609892164,unknown,upstream
720575940619921488,SLP131,720575940609835896,unknown,upstream
720575940619921488,SLP131,720575940609635315,unknown,upstream
720575940619921488,SLP131,720575940609627403,unknown,upstream
720575940619921488,SLP131,720575940617182779,unknown,upstream
720575940619921488,SLP131,720575940617251545,unknown,upstream
720575940619921488,SLP131,720575940617296601,unknown,upstream
720575940619921488,SLP131,720575940622021953,unknown,upstream
720575940619921488,SLP131,720575940623609067,unknown,upstream
720575940619921488,SLP131,720575940623594493,unknown,upstream
720575940619921488,SLP131,720575940623435701,unknown,upstream
720575940619921488,SLP131,720575940623413095,unknown,upstream
720575940619921488,SLP131,720575940623346783,unknown,upstream
720575940619921488,SLP131,720575940623179266,unknown,upstream
720575940619921488,SLP131,720575940623093941,unknown,upstream
720575940619921488,SLP131,720575940622899056,unknown,upstream
720575940619921488,SLP131,720575940622828780,unknown,upstream
720575940619921488,SLP131,720575940622780799,unknown,upstream
720575940619921488,SLP131,720575940622775443,unknown,upstream
720575940619921488,SLP131,720575940622738505,unknown,upstream
720575940619921488,SLP131,720575940622656536,unknown,upstream
720575940619921488,SLP131,720575940622568450,unknown,upstream
720575940619921488,SLP131,720575940622541005,unknown,upstream
720575940619921488,SLP131,720575940390813528,unknown,upstream
720575940619921488,SLP131,720575940622440820,unknown,upstream
720575940619921488,SLP131,720575940622403260,unknown,upstream
720575940619921488,SLP131,720575940622400648,unknown,upstream
720575940619921488,SLP131,720575940623709644,unknown,upstream
720575940619921488,SLP131,720575940623786376,unknown,upstream
720575940619921488,SLP131,720575940623806868,unknown,upstream
720575940619921488,SLP131,720575940624356756,unknown,upstream
720575940619921488,SLP131,720575940625478970,unknown,upstream
720575940619921488,SLP131,720575940625151769,unknown,upstream
720575940619921488,SLP131,720575940625013767,unknown,upstream
720575940619921488,SLP131,720575940624949379,unknown,upstream
720575940619921488,SLP131,720575940624562469,unknown,upstream
720575940619921488,SLP131,720575940624549913,unknown,upstream
720575940619921488,SLP131,720575940624549401,unknown,upstream
720575940619921488,SLP131,720575940624396268,unknown,upstream
720575940619921488,SLP131,720575940624173593,unknown,upstream
720575940619921488,SLP131,720575940623816967,unknown,upstream
720575940619921488,SLP131,720575940624104636,unknown,upstream
720575940619921488,SLP131,720575940624062777,unknown,upstream
720575940619921488,SLP131,720575940624054329,unknown,upstream
720575940619921488,SLP131,720575940624017812,unknown,upstream
720575940619921488,SLP131,720575940623957228,unknown,upstream
720575940619921488,SLP131,720575940623954019,unknown,upstream
720575940619921488,SLP131,720575940623920821,unknown,upstream
720575940619921488,SLP131,720575940623833863,unknown,upstream
720575940619921488,SLP131,720575940622151704,unknown,upstream
720575940619921488,SLP131,720575940621788125,unknown,upstream
720575940619921488,SLP131,720575940617467860,unknown,upstream
720575940619921488,SLP131,720575940621782329,unknown,upstream
720575940619921488,SLP131,720575940619808134,unknown,upstream
720575940619921488,SLP131,720575940619755758,unknown,upstream
720575940619921488,SLP131,720575940619730091,unknown,upstream
720575940619921488,SLP131,720575940619506881,unknown,upstream
720575940619921488,SLP131,720575940619343952,unknown,upstream
720575940619921488,SLP131,720575940618984475,unknown,upstream
720575940619921488,SLP131,720575940618982603,unknown,upstream
720575940619921488,SLP131,720575940618968118,unknown,upstream
720575940619921488,SLP131,720575940618601024,unknown,upstream
720575940619921488,SLP131,720575940618407803,unknown,upstream
720575940619921488,SLP131,720575940618321364,unknown,upstream
720575940619921488,SLP131,720575940617936029,unknown,upstream
720575940619921488,SLP131,720575940617875223,unknown,upstream
720575940619921488,SLP131,720575940617871131,unknown,upstream
720575940619921488,SLP131,720575940617798784,unknown,upstream
720575940619921488,SLP131,720575940617688093,unknown,upstream
720575940619921488,SLP131,720575940617671285,unknown,upstream
720575940619921488,SLP131,720575940617641305,unknown,upstream
720575940619921488,SLP131,720575940617611921,unknown,upstream
720575940619921488,SLP131,720575940619892871,unknown,upstream
720575940619921488,SLP131,720575940619899668,unknown,upstream
720575940619921488,SLP131,720575940619937872,unknown,upstream
720575940619921488,SLP131,720575940620840368,unknown,upstream
720575940619921488,SLP131,720575940621729050,unknown,upstream
720575940619921488,SLP131,720575940621385893,unknown,upstream
720575940619921488,SLP131,720575940621383077,unknown,upstream
720575940619921488,SLP131,720575940621299001,unknown,upstream
720575940619921488,SLP131,720575940621256682,unknown,upstream
720575940619921488,SLP131,720575940621236656,unknown,upstream
720575940619921488,SLP131,720575940621213318,unknown,upstream
720575940619921488,SLP131,720575940620915433,unknown,upstream
720575940619921488,SLP131,720575940620823990,unknown,upstream
720575940619921488,SLP131,720575940620158447,unknown,upstream
720575940619921488,SLP131,720575940620721903,unknown,upstream
720575940619921488,SLP131,720575940620676312,unknown,upstream
720575940619921488,SLP131,720575940620560054,unknown,upstream
720575940619921488,SLP131,720575940620445062,unknown,upstream
720575940619921488,SLP131,720575940620303713,unknown,upstream
720575940619921488,SLP131,720575940620265664,unknown,upstream
720575940619921488,SLP131,720575940620263150,unknown,upstream
720575940619921488,SLP131,720575940620202478,unknown,upstream
720575940619921488,SLP131,720575940605423806,unknown,upstream
720575940619921488,SLP131,720575940605187416,unknown,upstream
720575940619921488,SLP131,720575940605100320,unknown,upstream
720575940619921488,SLP131,720575940631427409,unknown,upstream
720575940619921488,SLP131,720575940635026330,unknown,upstream
720575940619921488,SLP131,720575940634081899,unknown,upstream
720575940619921488,SLP131,720575940633642744,unknown,upstream
720575940619921488,SLP131,720575940633597977,unknown,upstream
720575940619921488,SLP131,720575940633582509,unknown,upstream
720575940619921488,SLP131,720575940633362551,unknown,upstream
720575940619921488,SLP131,720575940633319287,unknown,upstream
720575940619921488,SLP131,720575940633273625,unknown,upstream
720575940619921488,SLP131,720575940633204575,unknown,upstream
720575940619921488,SLP131,720575940633197383,unknown,upstream
720575940619921488,SLP131,720575940632993336,unknown,upstream
720575940619921488,SLP131,720575940632818221,unknown,upstream
720575940619921488,SLP131,720575940632429732,unknown,upstream
720575940619921488,SLP131,720575940632091300,unknown,upstream
720575940619921488,SLP131,720575940632008877,unknown,upstream
720575940619921488,SLP131,720575940631942341,unknown,upstream
720575940619921488,SLP131,720575940631880279,unknown,upstream
720575940619921488,SLP131,720575940631743043,unknown,upstream
720575940619921488,SLP131,720575940631617347,unknown,upstream
720575940619921488,SLP131,720575940635028671,unknown,upstream
720575940619921488,SLP131,720575940635337071,unknown,upstream
720575940619921488,SLP131,720575940635642725,unknown,upstream
720575940619921488,SLP131,720575940639040675,unknown,upstream
720575940619921488,SLP131,720575940640486205,unknown,upstream
720575940619921488,SLP131,720575940639725885,unknown,upstream
720575940619921488,SLP131,720575940639692888,unknown,upstream
720575940619921488,SLP131,720575940639623795,unknown,upstream
720575940619921488,SLP131,720575940639290019,unknown,upstream
720575940619921488,SLP131,720575940639264590,unknown,upstream
720575940619921488,SLP131,720575940639242303,unknown,upstream
720575940619921488,SLP131,720575940639053939,unknown,upstream
720575940619921488,SLP131,720575940638886307,unknown,upstream
720575940619921488,SLP131,720575940635697765,unknown,upstream
720575940619921488,SLP131,720575940638840629,unknown,upstream
720575940619921488,SLP131,720575940638791843,unknown,upstream
720575940619921488,SLP131,720575940638384512,unknown,upstream
720575940619921488,SLP131,720575940637862726,unknown,upstream
720575940619921488,SLP131,720575940636640504,unknown,upstream
720575940619921488,SLP131,720575940636574388,unknown,upstream
720575940619921488,SLP131,720575940636489140,unknown,upstream
720575940619921488,SLP131,720575940636304503,unknown,upstream
720575940619921488,SLP131,720575940631486765,unknown,upstream
720575940619921488,SLP131,720575940631425700,unknown,upstream
720575940619921488,SLP131,720575940641181136,unknown,upstream
720575940619921488,SLP131,720575940631142062,unknown,upstream
720575940619921488,SLP131,720575940628956919,unknown,upstream
720575940619921488,SLP131,720575940628933975,unknown,upstream
720575940619921488,SLP131,720575940628846530,unknown,upstream
720575940619921488,SLP131,720575940628646160,unknown,upstream
720575940619921488,SLP131,720575940628572815,unknown,upstream
720575940619921488,SLP131,720575940628533036,unknown,upstream
720575940619921488,SLP131,720575940628510480,unknown,upstream
720575940619921488,SLP131,720575940628478736,unknown,upstream
720575940619921488,SLP131,720575940627879367,unknown,upstream
720575940619921488,SLP131,720575940627877481,unknown,upstream
720575940619921488,SLP131,720575940627865930,unknown,upstream
720575940619921488,SLP131,720575940627795194,unknown,upstream
720575940619921488,SLP131,720575940627713045,unknown,upstream
720575940619921488,SLP131,720575940627661720,unknown,upstream
720575940619921488,SLP131,720575940627618191,unknown,upstream
720575940619921488,SLP131,720575940627558421,unknown,upstream
720575940619921488,SLP131,720575940627549205,unknown,upstream
720575940619921488,SLP131,720575940627384892,unknown,upstream
720575940619921488,SLP131,720575940627235674,unknown,upstream
720575940619921488,SLP131,720575940628973817,unknown,upstream
720575940619921488,SLP131,720575940629085527,unknown,upstream
720575940619921488,SLP131,720575940629142171,unknown,upstream
720575940619921488,SLP131,720575940630127634,unknown,upstream
720575940619921488,SLP131,720575940630958277,unknown,upstream
720575940619921488,SLP131,720575940630925229,unknown,upstream
720575940619921488,SLP131,720575940630769145,unknown,upstream
720575940619921488,SLP131,720575940630665580,unknown,upstream
720575940619921488,SLP131,720575940630501228,unknown,upstream
720575940619921488,SLP131,720575940630427643,unknown,upstream
720575940619921488,SLP131,720575940630292695,unknown,upstream
720575940619921488,SLP131,720575940630137655,unknown,upstream
720575940619921488,SLP131,720575940630116567,unknown,upstream
720575940619921488,SLP131,720575940629198636,unknown,upstream
720575940619921488,SLP131,720575940630027372,unknown,upstream
720575940619921488,SLP131,720575940630015995,unknown,upstream
720575940619921488,SLP131,720575940630006735,unknown,upstream
720575940619921488,SLP131,720575940630006007,unknown,upstream
720575940619921488,SLP131,720575940629749308,unknown,upstream
720575940619921488,SLP131,720575940629569340,unknown,upstream
720575940619921488,SLP131,720575940629495100,unknown,upstream
720575940619921488,SLP131,720575940629423887,unknown,upstream
720575940619921488,SLP131,720575940640976117,unknown,upstream
720575940619921488,SLP131,720575940642331533,unknown,upstream
720575940619921488,SLP131,720575940604434092,unknown,upstream
720575940619921488,SLP131,720575940525840045,unknown,upstream
720575940619921488,SLP131,720575940577278414,unknown,upstream
720575940619921488,SLP131,720575940571035781,unknown,upstream
720575940619921488,SLP131,720575940568398278,unknown,upstream
720575940619921488,SLP131,720575940566823263,unknown,upstream
720575940619921488,SLP131,720575940558064801,unknown,upstream
720575940619921488,SLP131,720575940555717149,unknown,upstream
720575940619921488,SLP131,720575940553518879,unknown,upstream
720575940619921488,SLP131,720575940552709082,unknown,upstream
720575940619921488,SLP131,720575940552705498,unknown,upstream
720575940619921488,SLP131,720575940550249242,unknown,upstream
720575940619921488,SLP131,720575940546925252,unknown,upstream
720575940619921488,SLP131,720575940541094000,unknown,upstream
720575940619921488,SLP131,720575940539597399,unknown,upstream
720575940619921488,SLP131,720575940536589874,unknown,upstream
720575940619921488,SLP131,720575940533259094,unknown,upstream
720575940619921488,SLP131,720575940529184335,unknown,upstream
720575940619921488,SLP131,720575940528751589,unknown,upstream
720575940619921488,SLP131,720575940528693733,unknown,upstream
720575940619921488,SLP131,720575940528331223,unknown,upstream
720575940619921488,SLP131,720575940579680254,unknown,upstream
720575940619921488,SLP131,720575940582960472,unknown,upstream
720575940619921488,SLP131,720575940584875506,unknown,upstream
720575940619921488,SLP131,720575940597030038,unknown,upstream
720575940619921488,SLP131,720575940602771491,unknown,upstream
720575940619921488,SLP131,720575940601428576,unknown,upstream
720575940619921488,SLP131,720575940601223572,unknown,upstream
720575940619921488,SLP131,720575940599919200,unknown,upstream
720575940619921488,SLP131,720575940599723854,unknown,upstream
720575940619921488,SLP131,720575940598642546,unknown,upstream
720575940619921488,SLP131,720575940597084054,unknown,upstream
720575940619921488,SLP131,720575940597066066,unknown,upstream
720575940619921488,SLP131,720575940596651454,unknown,upstream
720575940619921488,SLP131,720575940585570947,unknown,upstream
720575940619921488,SLP131,720575940593113748,unknown,upstream
720575940619921488,SLP131,720575940593027550,unknown,upstream
720575940619921488,SLP131,720575940589434750,unknown,upstream
720575940619921488,SLP131,720575940588429698,unknown,upstream
720575940619921488,SLP131,720575940588419055,unknown,upstream
720575940619921488,SLP131,720575940588214628,unknown,upstream
720575940619921488,SLP131,720575940587016050,unknown,upstream
720575940619921488,SLP131,720575940586626298,unknown,upstream
720575940619921488,SLP131,720575940528302807,unknown,upstream
720575940619921488,SLP131,720575940523950323,unknown,upstream
720575940619921488,SLP131,720575940643233224,unknown,upstream
720575940619921488,SLP131,720575940522981541,unknown,upstream
720575940619921488,SLP131,720575940429767237,unknown,upstream
720575940619921488,SLP131,720575940428338175,unknown,upstream
720575940619921488,SLP131,720575940427689812,unknown,upstream
720575940619921488,SLP131,720575940425603801,unknown,upstream
720575940619921488,SLP131,720575940415297481,unknown,upstream
720575940619921488,SLP131,720575940415040168,unknown,upstream
720575940619921488,SLP131,720575940403102517,unknown,upstream
720575940619921488,SLP131,720575940397559481,unknown,upstream
720575940619921488,SLP131,720575940396760290,unknown,upstream
720575940619921488,SLP131,720575940396594146,unknown,upstream
720575940619921488,SLP131,720575940622520846,unknown,upstream
720575940619921488,SLP131,720575940652232950,unknown,upstream
720575940619921488,SLP131,720575940650929273,unknown,upstream
720575940619921488,SLP131,720575940646663044,unknown,upstream
720575940619921488,SLP131,720575940646225204,unknown,upstream
720575940619921488,SLP131,720575940646122804,unknown,upstream
720575940619921488,SLP131,720575940645516676,unknown,upstream
720575940619921488,SLP131,720575940645264238,unknown,upstream
720575940619921488,SLP131,720575940643891236,unknown,upstream
720575940619921488,SLP131,720575940439952761,unknown,upstream
720575940619921488,SLP131,720575940442734539,unknown,upstream
720575940619921488,SLP131,720575940443504796,unknown,upstream
720575940619921488,SLP131,720575940495768124,unknown,upstream
720575940619921488,SLP131,720575940515863596,unknown,upstream
720575940619921488,SLP131,720575940515822124,unknown,upstream
720575940619921488,SLP131,720575940515543812,unknown,upstream
720575940619921488,SLP131,720575940505626298,unknown,upstream
720575940619921488,SLP131,720575940502987095,unknown,upstream
720575940619921488,SLP131,720575940501030783,unknown,upstream
720575940619921488,SLP131,720575940500446094,unknown,upstream
720575940619921488,SLP131,720575940496464385,unknown,upstream
720575940619921488,SLP131,720575940482252691,unknown,upstream
720575940619921488,SLP131,720575940449701010,unknown,upstream
720575940619921488,SLP131,720575940479890517,unknown,upstream
720575940619921488,SLP131,720575940477272697,unknown,upstream
720575940619921488,SLP131,720575940472953594,unknown,upstream
720575940619921488,SLP131,720575940468732613,unknown,upstream
720575940619921488,SLP131,720575940465171141,unknown,upstream
720575940619921488,SLP131,720575940463967382,unknown,upstream
720575940619921488,SLP131,720575940459742947,unknown,upstream
720575940619921488,SLP131,720575940450683430,unknown,upstream
720575940619921488,SLP131,720575940625523096,unknown,upstream
720575940619921488,SLP131,720575940625676012,unknown,upstream
720575940619921488,SLP131,720575940625728089,unknown,upstream
720575940619921488,SLP131,720575940627038125,unknown,upstream
720575940619921488,SLP131,720575940626994453,unknown,upstream
720575940619921488,SLP131,720575940626964136,unknown,upstream
720575940619921488,SLP131,720575940626907565,unknown,upstream
720575940619921488,SLP131,720575940626883721,unknown,upstream
720575940619921488,SLP131,720575940626717461,unknown,upstream
720575940619921488,SLP131,720575940626501996,unknown,upstream
720575940619921488,SLP131,720575940626299962,unknown,upstream
720575940619921488,SLP131,720575940626201372,unknown,upstream
720575940619921488,SLP131,720575940626199429,unknown,upstream
720575940619921488,SLP131,720575940626148520,unknown,upstream
720575940619921488,SLP131,720575940626091722,unknown,upstream
720575940619921488,SLP131,720575940626051514,unknown,upstream
720575940619921488,SLP131,720575940626034819,unknown,upstream
720575940619921488,SLP131,720575940626032759,unknown,upstream
720575940619921488,SLP131,720575940626003642,unknown,upstream
720575940619921488,SLP131,720575940625925977,unknown,upstream
720575940619921488,SLP131,720575940625769776,unknown,upstream
720575940619921488,SLP131,720575940614350846,unknown,downstream
720575940619921488,SLP131,720575940628646160,unknown,downstream
720575940619921488,SLP131,720575940635870831,unknown,downstream
720575940619921488,SLP131,720575940628508657,unknown,downstream
720575940619921488,SLP131,720575940630038743,unknown,downstream
720575940619921488,SLP131,720575940625769776,unknown,downstream
720575940619921488,SLP131,720575940637791295,unknown,downstream
720575940619921488,SLP131,720575940607880713,unknown,downstream
720575940619921488,SLP131,720575940617246491,unknown,downstream
720575940619921488,SLP131,720575940627698569,unknown,downstream
720575940619921488,SLP131,720575940605601214,unknown,downstream
720575940619921488,SLP131,720575940645264238,unknown,downstream
720575940619921488,SLP131,720575940627879367,unknown,downstream
720575940619921488,SLP131,720575940652232950,unknown,downstream
720575940619921488,SLP131,720575940632355626,unknown,downstream
720575940619921488,SLP131,720575940626225182,unknown,downstream
720575940619921488,SLP131,720575940611538355,unknown,downstream
720575940619921488,SLP131,720575940631017795,unknown,downstream
720575940619921488,SLP131,720575940636365454,unknown,downstream
720575940619921488,SLP131,720575940621947302,unknown,downstream
720575940619921488,SLP131,720575940637748294,unknown,downstream
720575940619921488,SLP131,720575940618330041,unknown,downstream
720575940619921488,SLP131,720575940625869331,unknown,downstream
720575940619921488,SLP131,720575940630211900,unknown,downstream
720575940619921488,SLP131,720575940634782712,unknown,downstream
720575940619921488,SLP131,720575940659977601,unknown,downstream
720575940619921488,SLP131,720575940629749308,unknown,downstream
720575940619921488,SLP131,720575940617909387,unknown,downstream
720575940619921488,SLP131,720575940644725664,unknown,downstream
720575940619921488,SLP131,720575940643064224,unknown,downstream
720575940619921488,SLP131,720575940627071687,unknown,downstream
720575940619921488,SLP131,720575940637839450,unknown,downstream
720575940619921488,SLP131,720575940623146266,unknown,downstream
720575940619921488,SLP131,720575940625734714,unknown,downstream
720575940619921488,SLP131,720575940620173733,unknown,downstream
720575940619921488,SLP131,720575940639692888,unknown,downstream
720575940619921488,SLP131,720575940635754431,unknown,downstream
720575940619921488,SLP131,720575940629965506,unknown,downstream
720575940619921488,SLP131,720575940619207664,unknown,downstream
720575940619921488,SLP131,720575940630016709,unknown,downstream
720575940619921488,SLP131,720575940632109775,unknown,downstream
720575940619921488,SLP131,720575940615841548,unknown,downstream
720575940619921488,SLP131,720575940630346514,unknown,downstream
720575940619921488,SLP131,720575940623786376,unknown,downstream
720575940619921488,SLP131,720575940624920871,unknown,downstream
720575940619921488,SLP131,720575940628207753,unknown,downstream
720575940619921488,SLP131,720575940635337071,unknown,downstream
720575940619921488,SLP131,720575940617104396,unknown,downstream
720575940619921488,SLP131,720575940625984893,unknown,downstream
720575940619921488,SLP131,720575940615234527,unknown,downstream
720575940619921488,SLP131,720575940617767937,unknown,downstream
720575940619921488,SLP131,720575940631824744,unknown,downstream
720575940619921488,SLP131,720575940622235969,unknown,downstream
720575940619921488,SLP131,720575940646053143,unknown,downstream
720575940619921488,SLP131,720575940627558421,unknown,downstream
720575940619921488,SLP131,720575940639071716,unknown,downstream
720575940619921488,SLP131,720575940633030882,unknown,downstream
720575940619921488,SLP131,720575940614048307,unknown,downstream
720575940619921488,SLP131,720575940633949613,unknown,downstream
720575940619921488,SLP131,720575940625613555,unknown,downstream
720575940619921488,SLP131,720575940616777099,unknown,downstream
720575940619921488,SLP131,720575940627572349,unknown,downstream
720575940619921488,SLP131,720575940640193920,unknown,downstream
720575940619921488,SLP131,720575940626400077,unknown,downstream
720575940619921488,SLP131,720575940646386308,unknown,downstream
720575940619921488,SLP131,720575940614214883,unknown,downstream
720575940619921488,SLP131,720575940628687465,unknown,downstream
720575940619921488,SLP131,720575940627126866,unknown,downstream
720575940619921488,SLP131,720575940612667414,unknown,downstream
720575940619921488,SLP131,720575940620588481,unknown,downstream
720575940619921488,SLP131,720575940633412556,unknown,downstream
720575940619921488,SLP131,720575940629006587,unknown,downstream
720575940619921488,SLP131,720575940628569434,unknown,downstream
720575940619921488,SLP131,720575940626318867,unknown,downstream
720575940619921488,SLP131,720575940614367338,unknown,downstream
720575940619921488,SLP131,720575940643160520,unknown,downstream
720575940619921488,SLP131,720575940621330102,unknown,downstream
720575940619921488,SLP131,720575940650929273,unknown,downstream
720575940619921488,SLP131,720575940627410770,unknown,downstream
720575940619921488,SLP131,720575940622808959,unknown,downstream
720575940619921488,SLP131,720575940616894045,unknown,downstream
720575940619921488,SLP131,720575940613776559,unknown,downstream
720575940619921488,SLP131,720575940631483695,unknown,downstream
720575940619921488,SLP131,720575940627649897,unknown,downstream
720575940619921488,SLP131,720575940615529631,unknown,downstream
720575940619921488,SLP131,720575940614987276,unknown,downstream
720575940619921488,SLP131,720575940606119625,unknown,downstream
720575940619921488,SLP131,720575940616137131,unknown,downstream
720575940619921488,SLP131,720575940632964423,unknown,downstream
720575940619921488,SLP131,720575940643941832,unknown,downstream
720575940619921488,SLP131,720575940624951847,unknown,downstream
720575940619921488,SLP131,720575940597910926,unknown,downstream
720575940619921488,SLP131,720575940617116189,unknown,downstream
720575940619921488,SLP131,720575940633192076,unknown,downstream
720575940619921488,SLP131,720575940616110251,unknown,downstream
720575940619921488,SLP131,720575940632375891,unknown,downstream
720575940619921488,SLP131,720575940597912206,unknown,downstream
720575940619921488,SLP131,720575940628558140,unknown,downstream
720575940619921488,SLP131,720575940613323417,unknown,downstream
720575940619921488,SLP131,720575940630925229,unknown,downstream
720575940619921488,SLP131,720575940397620153,unknown,downstream
720575940619921488,SLP131,720575940606648608,unknown,downstream
720575940619921488,SLP131,720575940630142007,unknown,downstream
720575940619921488,SLP131,720575940615135430,unknown,downstream
720575940619921488,SLP131,720575940624836277,unknown,downstream
720575940619921488,SLP131,720575940614981062,unknown,downstream
720575940619921488,SLP131,720575940618968118,unknown,downstream
720575940619921488,SLP131,720575940614116427,unknown,downstream
720575940619921488,SLP131,720575940614299840,unknown,downstream
720575940619921488,SLP131,720575940634498720,unknown,downstream
720575940619921488,SLP131,720575940632664928,unknown,downstream
720575940619921488,SLP131,720575940610528921,unknown,downstream
720575940619921488,SLP131,720575940612077173,unknown,downstream
720575940619921488,SLP131,720575940629748868,unknown,downstream
720575940619921488,SLP131,720575940638886307,unknown,downstream
720575940619921488,SLP131,720575940628884674,unknown,downstream
720575940619921488,SLP131,720575940636572152,unknown,downstream
720575940619921488,SLP131,720575940622248877,unknown,downstream
720575940619921488,SLP131,720575940629123812,unknown,downstream
720575940619921488,SLP131,720575940634967147,unknown,downstream
720575940619921488,SLP131,720575940623990797,unknown,downstream
720575940619921488,SLP131,720575940641296525,unknown,downstream
720575940619921488,SLP131,720575940631524236,unknown,downstream
720575940619921488,SLP131,720575940584093614,unknown,downstream
720575940619921488,SLP131,720575940620303713,unknown,downstream
720575940619921488,SLP131,720575940612581697,unknown,downstream
720575940619921488,SLP131,720575940621603755,unknown,downstream
720575940619921488,SLP131,720575940606271618,unknown,downstream
720575940619921488,SLP131,720575940575705283,unknown,downstream
720575940619921488,SLP131,720575940611077188,unknown,downstream
720575940619921488,SLP131,720575940609806126,unknown,downstream
720575940619921488,SLP131,720575940613338349,unknown,downstream
720575940619921488,SLP131,720575940629670735,unknown,downstream
720575940619921488,SLP131,720575940625689105,unknown,downstream
720575940619921488,SLP131,720575940616457670,unknown,downstream
720575940619921488,SLP131,720575940620360257,unknown,downstream
720575940619921488,SLP131,720575940615643229,unknown,downstream
720575940619921488,SLP131,720575940601331983,unknown,downstream
720575940619921488,SLP131,720575940630073191,unknown,downstream
720575940619921488,SLP131,720575940623675852,unknown,downstream
720575940619921488,SLP131,720575940630742888,unknown,downstream
720575940619921488,SLP131,720575940624837048,unknown,downstream
720575940619921488,SLP131,720575940643812887,unknown,downstream
720575940619921488,SLP131,720575940469436735,unknown,downstream
720575940619921488,SLP131,720575940635963054,unknown,downstream
720575940619921488,SLP131,720575940411988526,unknown,downstream
720575940619921488,SLP131,720575940629425920,unknown,downstream
720575940619921488,SLP131,720575940411977518,unknown,downstream
720575940619921488,SLP131,720575940640791504,unknown,downstream
720575940619921488,SLP131,720575940393470327,unknown,downstream
720575940619921488,SLP131,720575940626907309,unknown,downstream
720575940619921488,SLP131,720575940575706819,unknown,downstream
720575940619921488,SLP131,720575940639776829,unknown,downstream
720575940619921488,SLP131,720575940440124515,unknown,downstream
720575940619921488,SLP131,720575940615163409,unknown,downstream
720575940619921488,SLP131,720575940588138852,unknown,downstream
720575940619921488,SLP131,720575940397497273,unknown,downstream
720575940619921488,SLP131,720575940637648496,unknown,downstream
720575940619921488,SLP131,720575940588370982,unknown,downstream
720575940619921488,SLP131,720575940608946158,unknown,downstream
720575940619921488,SLP131,720575940601346063,unknown,downstream
720575940619921488,SLP131,720575940641906317,unknown,downstream
720575940619921488,SLP131,720575940600744507,unknown,downstream
720575940619921488,SLP131,720575940626168266,unknown,downstream
720575940619921488,SLP131,720575940626086942,unknown,downstream
720575940619921488,SLP131,720575940617684107,unknown,downstream
720575940619921488,SLP131,720575940616941201,unknown,downstream
720575940619921488,SLP131,720575940553510943,unknown,downstream
720575940619921488,SLP131,720575940626003642,unknown,downstream
720575940619921488,SLP131,720575940595803959,unknown,downstream
720575940619921488,SLP131,720575940604842404,unknown,downstream
720575940619921488,SLP131,720575940590063892,unknown,downstream
720575940619921488,SLP131,720575940440149347,unknown,downstream
720575940619921488,SLP131,720575940625787481,unknown,downstream
720575940619921488,SLP131,720575940622331350,unknown,downstream
720575940619921488,SLP131,720575940428495103,unknown,downstream
720575940619921488,SLP131,720575940635513751,unknown,downstream
720575940619921488,SLP131,720575940630008783,unknown,downstream
720575940619921488,SLP131,720575940623050334,unknown,downstream
720575940619921488,SLP131,720575940610881347,unknown,downstream
720575940619921488,SLP131,720575940617975809,unknown,downstream
720575940619921488,SLP131,720575940626783065,unknown,downstream
720575940619921488,SLP131,720575940628587354,unknown,downstream
720575940619921488,SLP131,720575940603471150,unknown,downstream
720575940619921488,SLP131,720575940411962158,unknown,downstream
720575940619921488,SLP131,720575940623643852,unknown,downstream
720575940619921488,SLP131,720575940623585379,unknown,downstream
720575940619921488,SLP131,720575940619820373,unknown,downstream
720575940619921488,SLP131,720575940494381130,unknown,downstream
720575940619921488,SLP131,720575940588419055,unknown,downstream
720575940619921488,SLP131,720575940603825120,unknown,downstream
720575940619921488,SLP131,720575940623682252,unknown,downstream
720575940619921488,SLP131,720575940630331589,unknown,downstream
720575940619921488,SLP131,720575940391466870,unknown,downstream
720575940619921488,SLP131,720575940630302551,unknown,downstream
720575940619921488,SLP131,720575940627613801,unknown,downstream
720575940619921488,SLP131,720575940447408104,unknown,downstream
720575940619921488,SLP131,720575940606281396,unknown,downstream
720575940619921488,SLP131,720575940530158490,unknown,downstream
720575940619921488,SLP131,720575940625198555,unknown,downstream
720575940619921488,SLP131,720575940618340057,unknown,downstream
720575940619921488,SLP131,720575940464439059,unknown,downstream
720575940619921488,SLP131,720575940543498657,unknown,downstream
720575940619921488,SLP131,720575940593464631,unknown,downstream
720575940619921488,SLP131,720575940623984677,unknown,downstream
720575940619921488,SLP131,720575940623666124,unknown,downstream
720575940619921488,SLP131,720575940631779532,unknown,downstream
720575940619921488,SLP131,720575940618984475,unknown,downstream
720575940619921488,SLP131,720575940590609822,unknown,downstream
720575940619921488,SLP131,720575940590610590,unknown,downstream
720575940619921488,SLP131,720575940631142062,unknown,downstream
720575940619921488,SLP131,720575940632478803,unknown,downstream
720575940619921488,SLP131,720575940621383077,unknown,downstream
720575940619921488,SLP131,720575940632520844,unknown,downstream
720575940619921488,SLP131,720575940632250340,unknown,downstream
720575940619921488,SLP131,720575940550781868,unknown,downstream
720575940619921488,SLP131,720575940620321217,unknown,downstream
720575940619921488,SLP131,720575940447372520,unknown,downstream
720575940619921488,SLP131,720575940483975447,unknown,downstream
720575940619921488,SLP131,720575940630052546,unknown,downstream
720575940619921488,SLP131,720575940601345551,unknown,downstream
720575940619921488,SLP131,720575940624746510,unknown,downstream
720575940619921488,SLP131,720575940446608057,unknown,downstream
720575940619921488,SLP131,720575940604290966,unknown,downstream
720575940619921488,SLP131,720575940630052014,unknown,downstream
720575940619921488,SLP131,720575940601349813,unknown,downstream
720575940619921488,SLP131,720575940451564870,unknown,downstream
720575940619921488,SLP131,720575940630114524,unknown,downstream
720575940619921488,SLP131,720575940529357497,unknown,downstream
720575940619921488,SLP131,720575940630396790,unknown,downstream
720575940619921488,SLP131,720575940624555210,unknown,downstream
720575940619921488,SLP131,720575940523607522,unknown,downstream
720575940619921488,SLP131,720575940391306066,unknown,downstream
720575940619921488,SLP131,720575940615574955,unknown,downstream
720575940619921488,SLP131,720575940597678438,unknown,downstream
720575940619921488,SLP131,720575940629755524,unknown,downstream
720575940619921488,SLP131,720575940611868910,unknown,downstream
720575940619921488,SLP131,720575940422700955,unknown,downstream
720575940619921488,SLP131,720575940620527707,unknown,downstream
720575940619921488,SLP131,720575940522572999,unknown,downstream
720575940619921488,SLP131,720575940620508912,unknown,downstream
720575940619921488,SLP131,720575940620388153,unknown,downstream
720575940619921488,SLP131,720575940615573675,unknown,downstream
720575940619921488,SLP131,720575940608766933,unknown,downstream
720575940619921488,SLP131,720575940630689785,unknown,downstream
720575940619921488,SLP131,720575940592591391,unknown,downstream
720575940619921488,SLP131,720575940416621359,unknown,downstream
720575940619921488,SLP131,720575940531776180,unknown,downstream
720575940619921488,SLP131,720575940632180964,unknown,downstream
720575940619921488,SLP131,720575940604798551,unknown,downstream
720575940619921488,SLP131,720575940632341988,unknown,downstream
720575940619921488,SLP131,720575940618268596,unknown,downstream
720575940619921488,SLP131,720575940597913486,unknown,downstream
720575940619921488,SLP131,720575940604797271,unknown,downstream
720575940619921488,SLP131,720575940446665657,unknown,downstream
720575940619921488,SLP131,720575940391320402,unknown,downstream
720575940619921488,SLP131,720575940622183612,unknown,downstream
720575940619921488,SLP131,720575940625153305,unknown,downstream
720575940619921488,SLP131,720575940600084739,unknown,downstream
720575940619921488,SLP131,720575940597912718,unknown,downstream
720575940619921488,SLP131,720575940413155752,unknown,downstream
720575940619921488,SLP131,720575940585340795,unknown,downstream
720575940619921488,SLP131,720575940632086599,unknown,downstream
720575940619921488,SLP131,720575940618033221,unknown,downstream
720575940619921488,SLP131,720575940617983039,unknown,downstream
720575940619921488,SLP131,720575940625117130,unknown,downstream
720575940619921488,SLP131,720575940612614721,unknown,downstream
720575940619921488,SLP131,720575940616824298,unknown,downstream
720575940619921488,SLP131,720575940621257897,unknown,downstream
720575940619921488,SLP131,720575940463800804,unknown,downstream
720575940619921488,SLP131,720575940511924212,unknown,downstream
720575940619921488,SLP131,720575940597904270,unknown,downstream
720575940619921488,SLP131,720575940591062542,unknown,downstream
720575940619921488,SLP131,720575940612255424,unknown,downstream
720575940619921488,SLP131,720575940629160932,unknown,downstream
720575940619921488,SLP131,720575940584613106,unknown,downstream
720575940619921488,SLP131,720575940602860323,unknown,downstream
720575940619921488,SLP131,720575940602900259,unknown,downstream
720575940619921488,SLP131,720575940583902919,unknown,downstream
720575940619921488,SLP131,720575940600981836,unknown,downstream
720575940619921488,SLP131,720575940623682508,unknown,downstream
720575940619921488,SLP131,720575940469430591,unknown,downstream
720575940619921488,SLP131,720575940440126819,unknown,downstream
720575940619921488,SLP131,720575940590201631,unknown,downstream
720575940619921488,SLP131,720575940616054453,unknown,downstream
720575940619921488,SLP131,720575940585561559,unknown,downstream
720575940619921488,SLP131,720575940612534990,unknown,downstream
720575940619921488,SLP131,720575940617701143,unknown,downstream
720575940619921488,SLP131,720575940628028388,unknown,downstream
720575940619921488,SLP131,720575940588386854,unknown,downstream
720575940619921488,SLP131,720575940493304202,unknown,downstream
720575940619921488,SLP131,720575940600743995,unknown,downstream
720575940619921488,SLP131,720575940627743577,unknown,downstream
720575940619921488,SLP131,720575940441540520,unknown,downstream
720575940619921488,SLP131,720575940528695781,unknown,downstream
720575940619921488,SLP131,720575940606200419,unknown,downstream
720575940619921488,SLP131,720575940617576733,unknown,downstream
720575940619921488,SLP131,720575940615980266,unknown,downstream
720575940619921488,SLP131,720575940530239386,unknown,downstream
720575940619921488,SLP131,720575940613689543,unknown,downstream
720575940619921488,SLP131,720575940611672035,unknown,downstream
720575940619921488,SLP131,720575940576336912,unknown,downstream
720575940619921488,SLP131,720575940607424209,unknown,downstream
720575940619921488,SLP131,720575940593768512,unknown,downstream
720575940619921488,SLP131,720575940623685689,unknown,downstream
720575940619921488,SLP131,720575940427227055,unknown,downstream
720575940619921488,SLP131,720575940590609310,unknown,downstream
720575940619921488,SLP131,720575940526171138,unknown,downstream
720575940619921488,SLP131,720575940607682455,unknown,downstream
720575940619921488,SLP131,720575940629487991,unknown,downstream
720575940619921488,SLP131,720575940469431103,unknown,downstream
720575940619921488,SLP131,720575940629413436,unknown,downstream
720575940619921488,SLP131,720575940629382903,unknown,downstream
720575940619921488,SLP131,720575940558063009,unknown,downstream
720575940619921488,SLP131,720575940617820744,unknown,downstream
720575940619921488,SLP131,720575940469430847,unknown,downstream
720575940619921488,SLP131,720575940603119662,unknown,downstream
720575940619921488,SLP131,720575940617818696,unknown,downstream
720575940619921488,SLP131,720575940617817672,unknown,downstream
720575940619921488,SLP131,720575940601330447,unknown,downstream
720575940619921488,SLP131,720575940596114147,unknown,downstream
720575940619921488,SLP131,720575940623713337,unknown,downstream
720575940619921488,SLP131,720575940615176442,unknown,downstream
720575940619921488,SLP131,720575940628897103,unknown,downstream
720575940619921488,SLP131,720575940391253074,unknown,downstream
720575940619921488,SLP131,720575940596327960,unknown,downstream
720575940619921488,SLP131,720575940590222623,unknown,downstream
720575940619921488,SLP131,720575940628815579,unknown,downstream
720575940619921488,SLP131,720575940584688688,unknown,downstream
720575940619921488,SLP131,720575940596247064,unknown,downstream
720575940619921488,SLP131,720575940622247597,unknown,downstream
720575940619921488,SLP131,720575940612856434,unknown,downstream
720575940619921488,SLP131,720575940654823329,unknown,downstream
720575940619921488,SLP131,720575940613954759,unknown,downstream
720575940619921488,SLP131,720575940615928251,unknown,downstream
720575940619921488,SLP131,720575940523551458,unknown,downstream
720575940619921488,SLP131,720575940632473764,unknown,downstream
720575940619921488,SLP131,720575940618488756,unknown,downstream
720575940619921488,SLP131,720575940627364807,unknown,downstream
720575940619921488,SLP131,720575940634789536,unknown,downstream
720575940619921488,SLP131,720575940638161717,unknown,downstream
720575940619921488,SLP131,720575940602726179,unknown,downstream
720575940619921488,SLP131,720575940491748700,unknown,downstream
720575940619921488,SLP131,720575940597940878,unknown,downstream
720575940619921488,SLP131,720575940637384538,unknown,downstream
720575940619921488,SLP131,720575940623155630,unknown,downstream
720575940619921488,SLP131,720575940446666937,unknown,downstream
720575940619921488,SLP131,720575940543494641,unknown,downstream
720575940619921488,SLP131,720575940622881100,unknown,downstream
720575940619921488,SLP131,720575940626195081,unknown,downstream
720575940619921488,SLP131,720575940626159735,unknown,downstream
720575940619921488,SLP131,720575940614825706,unknown,downstream
720575940619921488,SLP131,720575940622722659,unknown,downstream
720575940619921488,SLP131,720575940634788512,unknown,downstream
720575940619921488,SLP131,720575940626906797,unknown,downstream
720575940619921488,SLP131,720575940600453179,unknown,downstream
720575940619921488,SLP131,720575940591230802,unknown,downstream
720575940619921488,SLP131,720575940473788051,unknown,downstream
720575940619921488,SLP131,720575940464430611,unknown,downstream
720575940619921488,SLP131,720575940391262802,unknown,downstream
720575940619921488,SLP131,720575940604817828,unknown,downstream
720575940619921488,SLP131,720575940539547991,unknown,downstream
720575940619921488,SLP131,720575940618275252,unknown,downstream
720575940619921488,SLP131,720575940589641802,unknown,downstream
720575940619921488,SLP131,720575940622268597,unknown,downstream
720575940619921488,SLP131,720575940591226194,unknown,downstream
720575940619921488,SLP131,720575940632566099,unknown,downstream
720575940619921488,SLP131,720575940602765603,unknown,downstream
720575940619921488,SLP131,720575940610920432,unknown,downstream
720575940619921488,SLP131,720575940591237970,unknown,downstream
720575940619921488,SLP131,720575940610956334,unknown,downstream
720575940619921488,SLP131,720575940526608891,unknown,downstream
720575940619921488,SLP131,720575940598345480,unknown,downstream
720575940619921488,SLP131,720575940623171246,unknown,downstream
720575940619921488,SLP131,720575940623173038,unknown,downstream
720575940619921488,SLP131,720575940550874028,unknown,downstream
720575940619921488,SLP131,720575940588458840,unknown,downstream
720575940619921488,SLP131,720575940402684418,unknown,downstream
720575940619921488,SLP131,720575940642198491,unknown,downstream
720575940619921488,SLP131,720575940623172270,unknown,downstream
720575940619921488,SLP131,720575940602731299,unknown,downstream
720575940619921488,SLP131,720575940451610950,unknown,downstream
720575940619921488,SLP131,720575940626326018,unknown,downstream
720575940619921488,SLP131,720575940605016484,unknown,downstream
720575940619921488,SLP131,720575940604940452,unknown,downstream
720575940619921488,SLP131,720575940626501996,unknown,downstream
720575940619921488,SLP131,720575940391465078,unknown,downstream
720575940619921488,SLP131,720575940604935588,unknown,downstream
720575940619921488,SLP131,720575940589651018,unknown,downstream
720575940619921488,SLP131,720575940626191735,unknown,downstream
720575940619921488,SLP131,720575940530225050,unknown,downstream
720575940619921488,SLP131,720575940604927585,unknown,downstream
720575940619921488,SLP131,720575940604927073,unknown,downstream
720575940619921488,SLP131,720575940504376466,unknown,downstream
720575940619921488,SLP131,720575940626156407,unknown,downstream
720575940619921488,SLP131,720575940626083356,unknown,downstream
720575940619921488,SLP131,720575940589648202,unknown,downstream
720575940619921488,SLP131,720575940521988660,unknown,downstream
720575940619921488,SLP131,720575940428254076,unknown,downstream
720575940619921488,SLP131,720575940589647434,unknown,downstream
720575940619921488,SLP131,720575940521981492,unknown,downstream
720575940619921488,SLP131,720575940530228890,unknown,downstream
720575940619921488,SLP131,720575940606191459,unknown,downstream
720575940619921488,SLP131,720575940626773306,unknown,downstream
720575940619921488,SLP131,720575940428255868,unknown,downstream
720575940619921488,SLP131,720575940430413669,unknown,downstream
720575940619921488,SLP131,720575940627005982,unknown,downstream
720575940619921488,SLP131,720575940504405138,unknown,downstream
720575940619921488,SLP131,720575940589642826,unknown,downstream
720575940619921488,SLP131,720575940626905005,unknown,downstream
720575940619921488,SLP131,720575940605865059,unknown,downstream
720575940619921488,SLP131,720575940627146186,unknown,downstream
720575940619921488,SLP131,720575940606025571,unknown,downstream
720575940619921488,SLP131,720575940606025827,unknown,downstream
720575940619921488,SLP131,720575940451208744,unknown,downstream
720575940619921488,SLP131,720575940627246711,unknown,downstream
720575940619921488,SLP131,720575940451204392,unknown,downstream
720575940619921488,SLP131,720575940606028131,unknown,downstream
720575940619921488,SLP131,720575940606028899,unknown,downstream
720575940619921488,SLP131,720575940391465590,unknown,downstream
720575940619921488,SLP131,720575940543510001,unknown,downstream
720575940619921488,SLP131,720575940627364257,unknown,downstream
720575940619921488,SLP131,720575940627401276,unknown,downstream
720575940619921488,SLP131,720575940483998231,unknown,downstream
720575940619921488,SLP131,720575940412003886,unknown,downstream
720575940619921488,SLP131,720575940604814756,unknown,downstream
720575940619921488,SLP131,720575940416588335,unknown,downstream
720575940619921488,SLP131,720575940590059028,unknown,downstream
720575940619921488,SLP131,720575940393401207,unknown,downstream
720575940619921488,SLP131,720575940625090437,unknown,downstream
720575940619921488,SLP131,720575940530157978,unknown,downstream
720575940619921488,SLP131,720575940589167562,unknown,downstream
720575940619921488,SLP131,720575940540959660,unknown,downstream
720575940619921488,SLP131,720575940483975703,unknown,downstream
720575940619921488,SLP131,720575940441975935,unknown,downstream
720575940619921488,SLP131,720575940611698674,unknown,downstream
720575940619921488,SLP131,720575940604811684,unknown,downstream
720575940619921488,SLP131,720575940625109612,unknown,downstream
720575940619921488,SLP131,720575940416589103,unknown,downstream
720575940619921488,SLP131,720575940503383060,unknown,downstream
720575940619921488,SLP131,720575940589261431,unknown,downstream
720575940619921488,SLP131,720575940540971436,unknown,downstream
720575940619921488,SLP131,720575940397577657,unknown,downstream
720575940619921488,SLP131,720575940604788055,unknown,downstream
720575940619921488,SLP131,720575940574305273,unknown,downstream
720575940619921488,SLP131,720575940540972972,unknown,downstream
720575940619921488,SLP131,720575940625144601,unknown,downstream
720575940619921488,SLP131,720575940625148185,unknown,downstream
720575940619921488,SLP131,720575940574317561,unknown,downstream
720575940619921488,SLP131,720575940625617124,unknown,downstream
720575940619921488,SLP131,720575940625377441,unknown,downstream
720575940619921488,SLP131,720575940459895739,unknown,downstream
720575940619921488,SLP131,720575940391258194,unknown,downstream
720575940619921488,SLP131,720575940465913720,unknown,downstream
720575940619921488,SLP131,720575940451197480,unknown,downstream
720575940619921488,SLP131,720575940604799908,unknown,downstream
720575940619921488,SLP131,720575940625197787,unknown,downstream
720575940619921488,SLP131,720575940625197531,unknown,downstream
720575940619921488,SLP131,720575940625194459,unknown,downstream
720575940619921488,SLP131,720575940604797527,unknown,downstream
720575940619921488,SLP131,720575940530207642,unknown,downstream
720575940619921488,SLP131,720575940521354515,unknown,downstream
720575940619921488,SLP131,720575940604794967,unknown,downstream
720575940619921488,SLP131,720575940625154329,unknown,downstream
720575940619921488,SLP131,720575940503424020,unknown,downstream
720575940619921488,SLP131,720575940604794455,unknown,downstream
720575940619921488,SLP131,720575940413206952,unknown,downstream
720575940619921488,SLP131,720575940391336018,unknown,downstream
720575940619921488,SLP131,720575940606198883,unknown,downstream
720575940619921488,SLP131,720575940591068942,unknown,downstream
720575940619921488,SLP131,720575940631064387,unknown,downstream
720575940619921488,SLP131,720575940466451766,unknown,downstream
720575940619921488,SLP131,720575940391042898,unknown,downstream
720575940619921488,SLP131,720575940631057070,unknown,downstream
720575940619921488,SLP131,720575940591067150,unknown,downstream
720575940619921488,SLP131,720575940631024718,unknown,downstream
720575940619921488,SLP131,720575940416615983,unknown,downstream
720575940619921488,SLP131,720575940631023694,unknown,downstream
720575940619921488,SLP131,720575940631002922,unknown,downstream
720575940619921488,SLP131,720575940630852439,unknown,downstream
720575940619921488,SLP131,720575940591062030,unknown,downstream
720575940619921488,SLP131,720575940609419256,unknown,downstream
720575940619921488,SLP131,720575940391337298,unknown,downstream
720575940619921488,SLP131,720575940523024805,unknown,downstream
720575940619921488,SLP131,720575940576491536,unknown,downstream
720575940619921488,SLP131,720575940591068686,unknown,downstream
720575940619921488,SLP131,720575940629527630,unknown,downstream
720575940619921488,SLP131,720575940630501228,unknown,downstream
720575940619921488,SLP131,720575940531789492,unknown,downstream
720575940619921488,SLP131,720575940531796916,unknown,downstream
720575940619921488,SLP131,720575940632308644,unknown,downstream
720575940619921488,SLP131,720575940609618672,unknown,downstream
720575940619921488,SLP131,720575940632307172,unknown,downstream
720575940619921488,SLP131,720575940531795636,unknown,downstream
720575940619921488,SLP131,720575940591221360,unknown,downstream
720575940619921488,SLP131,720575940591221074,unknown,downstream
720575940619921488,SLP131,720575940591220818,unknown,downstream
720575940619921488,SLP131,720575940609609317,unknown,downstream
720575940619921488,SLP131,720575940591217746,unknown,downstream
720575940619921488,SLP131,720575940591214930,unknown,downstream
720575940619921488,SLP131,720575940416621103,unknown,downstream
720575940619921488,SLP131,720575940631700731,unknown,downstream
720575940619921488,SLP131,720575940609605477,unknown,downstream
720575940619921488,SLP131,720575940523032997,unknown,downstream
720575940619921488,SLP131,720575940609264452,unknown,downstream
720575940619921488,SLP131,720575940504483786,unknown,downstream
720575940619921488,SLP131,720575940632329770,unknown,downstream
720575940619921488,SLP131,720575940422697883,unknown,downstream
720575940619921488,SLP131,720575940466415926,unknown,downstream
720575940619921488,SLP131,720575940590805158,unknown,downstream
720575940619921488,SLP131,720575940428331396,unknown,downstream
720575940619921488,SLP131,720575940629738116,unknown,downstream
720575940619921488,SLP131,720575940486362882,unknown,downstream
720575940619921488,SLP131,720575940504468170,unknown,downstream
720575940619921488,SLP131,720575940576451600,unknown,downstream
720575940619921488,SLP131,720575940576446736,unknown,downstream
720575940619921488,SLP131,720575940504467402,unknown,downstream
720575940619921488,SLP131,720575940608287497,unknown,downstream
720575940619921488,SLP131,720575940608192009,unknown,downstream
720575940619921488,SLP131,720575940486345218,unknown,downstream
720575940619921488,SLP131,720575940629591259,unknown,downstream
720575940619921488,SLP131,720575940504465098,unknown,downstream
720575940619921488,SLP131,720575940445084316,unknown,downstream
720575940619921488,SLP131,720575940629746820,unknown,downstream
720575940619921488,SLP131,720575940629749636,unknown,downstream
720575940619921488,SLP131,720575940591053070,unknown,downstream
720575940619921488,SLP131,720575940629754500,unknown,downstream
720575940619921488,SLP131,720575940486376706,unknown,downstream
720575940619921488,SLP131,720575940608976085,unknown,downstream
720575940619921488,SLP131,720575940391261010,unknown,downstream
720575940619921488,SLP131,720575940629980548,unknown,downstream
720575940619921488,SLP131,720575940466432566,unknown,downstream
720575940619921488,SLP131,720575940576473104,unknown,downstream
720575940619921488,SLP131,720575940629928836,unknown,downstream
720575940619921488,SLP131,720575940531750324,unknown,downstream
720575940619921488,SLP131,720575940629785732,unknown,downstream
720575940619921488,SLP131,720575940466425910,unknown,downstream
720575940619921488,SLP131,720575940576465680,unknown,downstream
720575940619921488,SLP131,720575940546882500,unknown,downstream
720575940619921488,SLP131,720575940531749556,unknown,downstream
720575940619921488,SLP131,720575940416610607,unknown,downstream
720575940619921488,SLP131,720575940590953998,unknown,downstream
720575940619921488,SLP131,720575940577813842,unknown,downstream
720575940619921488,SLP131,720575940609646843,unknown,downstream
720575940619921488,SLP131,720575940606199907,unknown,downstream
720575940619921488,SLP131,720575940628357993,unknown,downstream
720575940619921488,SLP131,720575940466230070,unknown,downstream
720575940619921488,SLP131,720575940543520161,unknown,downstream
720575940619921488,SLP131,720575940421525162,unknown,downstream
720575940619921488,SLP131,720575940607397159,unknown,downstream
720575940619921488,SLP131,720575940607413201,unknown,downstream
720575940619921488,SLP131,720575940628570596,unknown,downstream
720575940619921488,SLP131,720575940460168238,unknown,downstream
720575940619921488,SLP131,720575940412015406,unknown,downstream
720575940619921488,SLP131,720575940486324482,unknown,downstream
720575940619921488,SLP131,720575940628632548,unknown,downstream
720575940619921488,SLP131,720575940607415249,unknown,downstream
720575940619921488,SLP131,720575940486326530,unknown,downstream
720575940619921488,SLP131,720575940543528177,unknown,downstream
720575940619921488,SLP131,720575940590206751,unknown,downstream
720575940619921488,SLP131,720575940504442514,unknown,downstream
720575940619921488,SLP131,720575940543518449,unknown,downstream
720575940619921488,SLP131,720575940486306306,unknown,downstream
720575940619921488,SLP131,720575940628763208,unknown,downstream
720575940619921488,SLP131,720575940530242970,unknown,downstream
720575940619921488,SLP131,720575940627655086,unknown,downstream
720575940619921488,SLP131,720575940627658926,unknown,downstream
720575940619921488,SLP131,720575940543515633,unknown,downstream
720575940619921488,SLP131,720575940606237027,unknown,downstream
720575940619921488,SLP131,720575940627667886,unknown,downstream
720575940619921488,SLP131,720575940627750799,unknown,downstream
720575940619921488,SLP131,720575940627877481,unknown,downstream
720575940619921488,SLP131,720575940628014352,unknown,downstream
720575940619921488,SLP131,720575940443483292,unknown,downstream
720575940619921488,SLP131,720575940443498396,unknown,downstream
720575940619921488,SLP131,720575940606601594,unknown,downstream
720575940619921488,SLP131,720575940628197894,unknown,downstream
720575940619921488,SLP131,720575940575855043,unknown,downstream
720575940619921488,SLP131,720575940628292907,unknown,downstream
720575940619921488,SLP131,720575940406568055,unknown,downstream
720575940619921488,SLP131,720575940607416785,unknown,downstream
720575940619921488,SLP131,720575940628813787,unknown,downstream
720575940619921488,SLP131,720575940632344607,unknown,downstream
720575940619921488,SLP131,720575940629160420,unknown,downstream
720575940619921488,SLP131,720575940486340098,unknown,downstream
720575940619921488,SLP131,720575940629228507,unknown,downstream
720575940619921488,SLP131,720575940504455314,unknown,downstream
720575940619921488,SLP131,720575940607583100,unknown,downstream
720575940619921488,SLP131,720575940531692601,unknown,downstream
720575940619921488,SLP131,720575940590606494,unknown,downstream
720575940619921488,SLP131,720575940607681943,unknown,downstream
720575940619921488,SLP131,720575940416606255,unknown,downstream
720575940619921488,SLP131,720575940629566839,unknown,downstream
720575940619921488,SLP131,720575940633329527,unknown,downstream
720575940619921488,SLP131,720575940609667816,unknown,downstream
720575940619921488,SLP131,720575940466460726,unknown,downstream
720575940619921488,SLP131,720575940632777261,unknown,downstream
720575940619921488,SLP131,720575940632429732,unknown,downstream
720575940619921488,SLP131,720575940451598918,unknown,downstream
720575940619921488,SLP131,720575940428321535,unknown,downstream
720575940619921488,SLP131,720575940504452042,unknown,downstream
720575940619921488,SLP131,720575940543529457,unknown,downstream
720575940619921488,SLP131,720575940522511047,unknown,downstream
720575940619921488,SLP131,720575940607425604,unknown,downstream
720575940619921488,SLP131,720575940628816859,unknown,downstream
720575940619921488,SLP131,720575940397589945,unknown,downstream
720575940619921488,SLP131,720575940576410896,unknown,downstream
720575940619921488,SLP131,720575940590297631,unknown,downstream
720575940619921488,SLP131,720575940628822491,unknown,downstream
720575940619921488,SLP131,720575940590299423,unknown,downstream
720575940619921488,SLP131,720575940443505052,unknown,downstream
720575940619921488,SLP131,720575940397590201,unknown,downstream
720575940619921488,SLP131,720575940629007719,unknown,downstream
720575940619921488,SLP131,720575940629023131,unknown,downstream
720575940619921488,SLP131,720575940522100788,unknown,downstream
720575940619921488,SLP131,720575940629085527,unknown,downstream
720575940619921488,SLP131,720575940522377927,unknown,downstream
720575940619921488,SLP131,720575940390368726,unknown,downstream
720575940619921488,SLP131,720575940487202567,unknown,downstream
720575940619921488,SLP131,720575940577842514,unknown,downstream
720575940619921488,SLP131,720575940609785544,unknown,downstream
720575940619921488,SLP131,720575940447436520,unknown,downstream
720575940619921488,SLP131,720575940596329240,unknown,downstream
720575940619921488,SLP131,720575940395853590,unknown,downstream
720575940619921488,SLP131,720575940596322840,unknown,downstream
720575940619921488,SLP131,720575940551274130,unknown,downstream
720575940619921488,SLP131,720575940535375774,unknown,downstream
720575940619921488,SLP131,720575940585018810,unknown,downstream
720575940619921488,SLP131,720575940585017786,unknown,downstream
720575940619921488,SLP131,720575940615309887,unknown,downstream
720575940619921488,SLP131,720575940596303640,unknown,downstream
720575940619921488,SLP131,720575940391034962,unknown,downstream
720575940619921488,SLP131,720575940551272594,unknown,downstream
720575940619921488,SLP131,720575940596299544,unknown,downstream
720575940619921488,SLP131,720575940596299032,unknown,downstream
720575940619921488,SLP131,720575940585015738,unknown,downstream
720575940619921488,SLP131,720575940455393817,unknown,downstream
720575940619921488,SLP131,720575940615282751,unknown,downstream
720575940619921488,SLP131,720575940535367101,unknown,downstream
720575940619921488,SLP131,720575940596256024,unknown,downstream
720575940619921488,SLP131,720575940535366845,unknown,downstream
720575940619921488,SLP131,720575940391034194,unknown,downstream
720575940619921488,SLP131,720575940447417320,unknown,downstream
720575940619921488,SLP131,720575940526063948,unknown,downstream
720575940619921488,SLP131,720575940404803272,unknown,downstream
720575940619921488,SLP131,720575940615218357,unknown,downstream
720575940619921488,SLP131,720575940535360189,unknown,downstream
720575940619921488,SLP131,720575940535377085,unknown,downstream
720575940619921488,SLP131,720575940596646320,unknown,downstream
720575940619921488,SLP131,720575940493364464,unknown,downstream
720575940619921488,SLP131,720575940391225682,unknown,downstream
720575940619921488,SLP131,720575940585484005,unknown,downstream
720575940619921488,SLP131,720575940494357322,unknown,downstream
720575940619921488,SLP131,720575940440122979,unknown,downstream
720575940619921488,SLP131,720575940596895685,unknown,downstream
720575940619921488,SLP131,720575940596888517,unknown,downstream
720575940619921488,SLP131,720575940390371542,unknown,downstream
720575940619921488,SLP131,720575940615805690,unknown,downstream
720575940619921488,SLP131,720575940526179586,unknown,downstream
720575940619921488,SLP131,720575940615801850,unknown,downstream
720575940619921488,SLP131,720575940596863313,unknown,downstream
720575940619921488,SLP131,720575940552679898,unknown,downstream
720575940619921488,SLP131,720575940427207087,unknown,downstream
720575940619921488,SLP131,720575940585340030,unknown,downstream
720575940619921488,SLP131,720575940494345290,unknown,downstream
720575940619921488,SLP131,720575940615575723,unknown,downstream
720575940619921488,SLP131,720575940615575211,unknown,downstream
720575940619921488,SLP131,720575940596825682,unknown,downstream
720575940619921488,SLP131,720575940585048811,unknown,downstream
720575940619921488,SLP131,720575940427199407,unknown,downstream
720575940619921488,SLP131,720575940585047275,unknown,downstream
720575940619921488,SLP131,720575940494344266,unknown,downstream
720575940619921488,SLP131,720575940615527697,unknown,downstream
720575940619921488,SLP131,720575940596706853,unknown,downstream
720575940619921488,SLP131,720575940596653246,unknown,downstream
720575940619921488,SLP131,720575940585032171,unknown,downstream
720575940619921488,SLP131,720575940391354450,unknown,downstream
720575940619921488,SLP131,720575940615213585,unknown,downstream
720575940619921488,SLP131,720575940585507963,unknown,downstream
720575940619921488,SLP131,720575940595874019,unknown,downstream
720575940619921488,SLP131,720575940469520447,unknown,downstream
720575940619921488,SLP131,720575940595861987,unknown,downstream
720575940619921488,SLP131,720575940614790812,unknown,downstream
720575940619921488,SLP131,720575940614771778,unknown,downstream
720575940619921488,SLP131,720575940595861731,unknown,downstream
720575940619921488,SLP131,720575940583911367,unknown,downstream
720575940619921488,SLP131,720575940614668194,unknown,downstream
720575940619921488,SLP131,720575940415205065,unknown,downstream
720575940619921488,SLP131,720575940614607522,unknown,downstream
720575940619921488,SLP131,720575940595806775,unknown,downstream
720575940619921488,SLP131,720575940595801911,unknown,downstream
720575940619921488,SLP131,720575940583909063,unknown,downstream
720575940619921488,SLP131,720575940551054163,unknown,downstream
720575940619921488,SLP131,720575940550889132,unknown,downstream
720575940619921488,SLP131,720575940614562026,unknown,downstream
720575940619921488,SLP131,720575940446741433,unknown,downstream
720575940619921488,SLP131,720575940412294240,unknown,downstream
720575940619921488,SLP131,720575940509210685,unknown,downstream
720575940619921488,SLP131,720575940493225098,unknown,downstream
720575940619921488,SLP131,720575940550881964,unknown,downstream
720575940619921488,SLP131,720575940469513279,unknown,downstream
720575940619921488,SLP131,720575940595306095,unknown,downstream
720575940619921488,SLP131,720575940583898823,unknown,downstream
720575940619921488,SLP131,720575940509206589,unknown,downstream
720575940619921488,SLP131,720575940452439452,unknown,downstream
720575940619921488,SLP131,720575940411938006,unknown,downstream
720575940619921488,SLP131,720575940535318461,unknown,downstream
720575940619921488,SLP131,720575940493358320,unknown,downstream
720575940619921488,SLP131,720575940391287122,unknown,downstream
720575940619921488,SLP131,720575940596242331,unknown,downstream
720575940619921488,SLP131,720575940493347568,unknown,downstream
720575940619921488,SLP131,720575940469534527,unknown,downstream
720575940619921488,SLP131,720575940526041676,unknown,downstream
720575940619921488,SLP131,720575940584614386,unknown,downstream
720575940619921488,SLP131,720575940551119443,unknown,downstream
720575940619921488,SLP131,720575940551118931,unknown,downstream
720575940619921488,SLP131,720575940535353021,unknown,downstream
720575940619921488,SLP131,720575940535351997,unknown,downstream
720575940619921488,SLP131,720575940469532735,unknown,downstream
720575940619921488,SLP131,720575940447379944,unknown,downstream
720575940619921488,SLP131,720575940615205649,unknown,downstream
720575940619921488,SLP131,720575940615191381,unknown,downstream
720575940619921488,SLP131,720575940397682873,unknown,downstream
720575940619921488,SLP131,720575940584101294,unknown,downstream
720575940619921488,SLP131,720575940412773999,unknown,downstream
720575940619921488,SLP131,720575940525888685,unknown,downstream
720575940619921488,SLP131,720575940584100526,unknown,downstream
720575940619921488,SLP131,720575940434807273,unknown,downstream
720575940619921488,SLP131,720575940412761711,unknown,downstream
720575940619921488,SLP131,720575940509220669,unknown,downstream
720575940619921488,SLP131,720575940584098478,unknown,downstream
720575940619921488,SLP131,720575940469524287,unknown,downstream
720575940619921488,SLP131,720575940615137553,unknown,downstream
720575940619921488,SLP131,720575940615059240,unknown,downstream
720575940619921488,SLP131,720575940440124259,unknown,downstream
720575940619921488,SLP131,720575940464413715,unknown,downstream
720575940619921488,SLP131,720575940614539932,unknown,downstream
720575940619921488,SLP131,720575940599328569,unknown,downstream
720575940619921488,SLP131,720575940599276658,unknown,downstream
720575940619921488,SLP131,720575940599276146,unknown,downstream
720575940619921488,SLP131,720575940411972398,unknown,downstream
720575940619921488,SLP131,720575940428551048,unknown,downstream
720575940619921488,SLP131,720575940536551034,unknown,downstream
720575940619921488,SLP131,720575940536540794,unknown,downstream
720575940619921488,SLP131,720575940598872193,unknown,downstream
720575940619921488,SLP131,720575940585782183,unknown,downstream
720575940619921488,SLP131,720575940536537978,unknown,downstream
720575940619921488,SLP131,720575940527683131,unknown,downstream
720575940619921488,SLP131,720575940413116072,unknown,downstream
720575940619921488,SLP131,720575940556620626,unknown,downstream
720575940619921488,SLP131,720575940598479651,unknown,downstream
720575940619921488,SLP131,720575940598352136,unknown,downstream
720575940619921488,SLP131,720575940527679803,unknown,downstream
720575940619921488,SLP131,720575940536032704,unknown,downstream
720575940619921488,SLP131,720575940617483543,unknown,downstream
720575940619921488,SLP131,720575940617483031,unknown,downstream
720575940619921488,SLP131,720575940598149104,unknown,downstream
720575940619921488,SLP131,720575940617325748,unknown,downstream
720575940619921488,SLP131,720575940617288605,unknown,downstream
720575940619921488,SLP131,720575940617170265,unknown,downstream
720575940619921488,SLP131,720575940598147312,unknown,downstream
720575940619921488,SLP131,720575940585641687,unknown,downstream
720575940619921488,SLP131,720575940556613714,unknown,downstream
720575940619921488,SLP131,720575940536561018,unknown,downstream
720575940619921488,SLP131,720575940557793570,unknown,downstream
720575940619921488,SLP131,720575940585637847,unknown,downstream
720575940619921488,SLP131,720575940391562614,unknown,downstream
720575940619921488,SLP131,720575940599856387,unknown,downstream
720575940619921488,SLP131,720575940496292075,unknown,downstream
720575940619921488,SLP131,720575940456342746,unknown,downstream
720575940619921488,SLP131,720575940617827384,unknown,downstream
720575940619921488,SLP131,720575940599726158,unknown,downstream
720575940619921488,SLP131,720575940599725390,unknown,downstream
720575940619921488,SLP131,720575940411974446,unknown,downstream
720575940619921488,SLP131,720575940586255711,unknown,downstream
720575940619921488,SLP131,720575940599723598,unknown,downstream
720575940619921488,SLP131,720575940617824535,unknown,downstream
720575940619921488,SLP131,720575940599723342,unknown,downstream
720575940619921488,SLP131,720575940464442643,unknown,downstream
720575940619921488,SLP131,720575940617824072,unknown,downstream
720575940619921488,SLP131,720575940586251103,unknown,downstream
720575940619921488,SLP131,720575940586247775,unknown,downstream
720575940619921488,SLP131,720575940527705659,unknown,downstream
720575940619921488,SLP131,720575940617822792,unknown,downstream
720575940619921488,SLP131,720575940428559496,unknown,downstream
720575940619921488,SLP131,720575940537379488,unknown,downstream
720575940619921488,SLP131,720575940557816610,unknown,downstream
720575940619921488,SLP131,720575940599459481,unknown,downstream
720575940619921488,SLP131,720575940473753585,unknown,downstream
720575940619921488,SLP131,720575940511817460,unknown,downstream
720575940619921488,SLP131,720575940494473034,unknown,downstream
720575940619921488,SLP131,720575940527694907,unknown,downstream
720575940619921488,SLP131,720575940556610898,unknown,downstream
720575940619921488,SLP131,720575940585637079,unknown,downstream
720575940619921488,SLP131,720575940511469271,unknown,downstream
720575940619921488,SLP131,720575940616174380,unknown,downstream
720575940619921488,SLP131,720575940597649766,unknown,downstream
720575940619921488,SLP131,720575940449654451,unknown,downstream
720575940619921488,SLP131,720575940536003520,unknown,downstream
720575940619921488,SLP131,720575940597521055,unknown,downstream
720575940619921488,SLP131,720575940616159773,unknown,downstream
720575940619921488,SLP131,720575940404822728,unknown,downstream
720575940619921488,SLP131,720575940440131683,unknown,downstream
720575940619921488,SLP131,720575940428532360,unknown,downstream
720575940619921488,SLP131,720575940397541049,unknown,downstream
720575940619921488,SLP131,720575940585565399,unknown,downstream
720575940619921488,SLP131,720575940616139820,unknown,downstream
720575940619921488,SLP131,720575940585563095,unknown,downstream
720575940619921488,SLP131,720575940535992768,unknown,downstream
720575940619921488,SLP131,720575940616037014,unknown,downstream
720575940619921488,SLP131,720575940616026058,unknown,downstream
720575940619921488,SLP131,720575940596990802,unknown,downstream
720575940619921488,SLP131,720575940494369098,unknown,downstream
720575940619921488,SLP131,720575940585521019,unknown,downstream
720575940619921488,SLP131,720575940596979794,unknown,downstream
720575940619921488,SLP131,720575940428526335,unknown,downstream
720575940619921488,SLP131,720575940440124771,unknown,downstream
720575940619921488,SLP131,720575940585514875,unknown,downstream
720575940619921488,SLP131,720575940585514107,unknown,downstream
720575940619921488,SLP131,720575940585511291,unknown,downstream
720575940619921488,SLP131,720575940552872862,unknown,downstream
720575940619921488,SLP131,720575940536005568,unknown,downstream
720575940619921488,SLP131,720575940616180268,unknown,downstream
720575940619921488,SLP131,720575940585635031,unknown,downstream
720575940619921488,SLP131,720575940390379734,unknown,downstream
720575940619921488,SLP131,720575940597918094,unknown,downstream
720575940619921488,SLP131,720575940597917070,unknown,downstream
720575940619921488,SLP131,720575940456324058,unknown,downstream
720575940619921488,SLP131,720575940597913998,unknown,downstream
720575940619921488,SLP131,720575940597912974,unknown,downstream
720575940619921488,SLP131,720575940616830442,unknown,downstream
720575940619921488,SLP131,720575940597910414,unknown,downstream
720575940619921488,SLP131,720575940449675410,unknown,downstream
720575940619921488,SLP131,720575940449673362,unknown,downstream
720575940619921488,SLP131,720575940464422931,unknown,downstream
720575940619921488,SLP131,720575940616823018,unknown,downstream
720575940619921488,SLP131,720575940511514327,unknown,downstream
720575940619921488,SLP131,720575940597790862,unknown,downstream
720575940619921488,SLP131,720575940616820714,unknown,downstream
720575940619921488,SLP131,720575940597696398,unknown,downstream
720575940619921488,SLP131,720575940526645755,unknown,downstream
720575940619921488,SLP131,720575940511512535,unknown,downstream
720575940619921488,SLP131,720575940555783709,unknown,downstream
720575940619921488,SLP131,720575940616721464,unknown,downstream
720575940619921488,SLP131,720575940597677670,unknown,downstream
720575940619921488,SLP131,720575940597675366,unknown,downstream
720575940619921488,SLP131,720575940616246843,unknown,downstream
720575940619921488,SLP131,720575940616239407,unknown,downstream
720575940619921488,SLP131,720575940536008640,unknown,downstream
720575940619921488,SLP131,720575940536006592,unknown,downstream
720575940619921488,SLP131,720575940594915686,unknown,downstream
720575940619921488,SLP131,720575940594908168,unknown,downstream
720575940619921488,SLP131,720575940609788872,unknown,downstream
720575940619921488,SLP131,720575940611755157,unknown,downstream
720575940619921488,SLP131,720575940523588834,unknown,downstream
720575940619921488,SLP131,720575940611704465,unknown,downstream
720575940619921488,SLP131,720575940611702161,unknown,downstream
720575940619921488,SLP131,720575940423902189,unknown,downstream
720575940619921488,SLP131,720575940625109356,unknown,downstream
720575940619921488,SLP131,720575940578370875,unknown,downstream
720575940619921488,SLP131,720575940451620678,unknown,downstream
720575940619921488,SLP131,720575940650941049,unknown,downstream
720575940619921488,SLP131,720575940591724313,unknown,downstream
720575940619921488,SLP131,720575940578273428,unknown,downstream
720575940619921488,SLP131,720575940490980817,unknown,downstream
720575940619921488,SLP131,720575940591719961,unknown,downstream
720575940619921488,SLP131,720575940645761844,unknown,downstream
720575940619921488,SLP131,720575940577890531,unknown,downstream
720575940619921488,SLP131,720575940591718425,unknown,downstream
720575940619921488,SLP131,720575940643891236,unknown,downstream
720575940619921488,SLP131,720575940577888995,unknown,downstream
720575940619921488,SLP131,720575940643361224,unknown,downstream
720575940619921488,SLP131,720575940611249985,unknown,downstream
720575940619921488,SLP131,720575940577888483,unknown,downstream
720575940619921488,SLP131,720575940432477763,unknown,downstream
720575940619921488,SLP131,720575940611246657,unknown,downstream
720575940619921488,SLP131,720575940611245121,unknown,downstream
720575940619921488,SLP131,720575940591700249,unknown,downstream
720575940619921488,SLP131,720575940451612230,unknown,downstream
720575940619921488,SLP131,720575940592418459,unknown,downstream
720575940619921488,SLP131,720575940549224479,unknown,downstream
720575940619921488,SLP131,720575940641006299,unknown,downstream
720575940619921488,SLP131,720575940432498243,unknown,downstream
720575940619921488,SLP131,720575940592690719,unknown,downstream
720575940619921488,SLP131,720575940416631855,unknown,downstream
720575940619921488,SLP131,720575940612702460,unknown,downstream
720575940619921488,SLP131,720575940578393403,unknown,downstream
720575940619921488,SLP131,720575940397659833,unknown,downstream
720575940619921488,SLP131,720575940592686111,unknown,downstream
720575940619921488,SLP131,720575940409954275,unknown,downstream
720575940619921488,SLP131,720575940391471734,unknown,downstream
720575940619921488,SLP131,720575940549242399,unknown,downstream
720575940619921488,SLP131,720575940592591135,unknown,downstream
720575940619921488,SLP131,720575940407326395,unknown,downstream
720575940619921488,SLP131,720575940428443784,unknown,downstream
720575940619921488,SLP131,720575940612500672,unknown,downstream
720575940619921488,SLP131,720575940404340419,unknown,downstream
720575940619921488,SLP131,720575940592518811,unknown,downstream
720575940619921488,SLP131,720575940523611874,unknown,downstream
720575940619921488,SLP131,720575940612170981,unknown,downstream
720575940619921488,SLP131,720575940523609314,unknown,downstream
720575940619921488,SLP131,720575940592516251,unknown,downstream
720575940619921488,SLP131,720575940612042446,unknown,downstream
720575940619921488,SLP131,720575940612015217,unknown,downstream
720575940619921488,SLP131,720575940578382139,unknown,downstream
720575940619921488,SLP131,720575940611891694,unknown,downstream
720575940619921488,SLP131,720575940611878258,unknown,downstream
720575940619921488,SLP131,720575940578380091,unknown,downstream
720575940619921488,SLP131,720575940641416411,unknown,downstream
720575940619921488,SLP131,720575940412038446,unknown,downstream
720575940619921488,SLP131,720575940469426239,unknown,downstream
720575940619921488,SLP131,720575940610519024,unknown,downstream
720575940619921488,SLP131,720575940634804640,unknown,downstream
720575940619921488,SLP131,720575940634800800,unknown,downstream
720575940619921488,SLP131,720575940577842770,unknown,downstream
720575940619921488,SLP131,720575940634794656,unknown,downstream
720575940619921488,SLP131,720575940634793632,unknown,downstream
720575940619921488,SLP131,720575940610392901,unknown,downstream
720575940619921488,SLP131,720575940591235666,unknown,downstream
720575940619921488,SLP131,720575940441969791,unknown,downstream
720575940619921488,SLP131,720575940407316155,unknown,downstream
720575940619921488,SLP131,720575940610092807,unknown,downstream
720575940619921488,SLP131,720575940610089991,unknown,downstream
720575940619921488,SLP131,720575940634778084,unknown,downstream
720575940619921488,SLP131,720575940610088199,unknown,downstream
720575940619921488,SLP131,720575940549095233,unknown,downstream
720575940619921488,SLP131,720575940634772196,unknown,downstream
720575940619921488,SLP131,720575940531805642,unknown,downstream
720575940619921488,SLP131,720575940634701675,unknown,downstream
720575940619921488,SLP131,720575940490939089,unknown,downstream
720575940619921488,SLP131,720575940462644113,unknown,downstream
720575940619921488,SLP131,720575940531802036,unknown,downstream
720575940619921488,SLP131,720575940610079239,unknown,downstream
720575940619921488,SLP131,720575940610078983,unknown,downstream
720575940619921488,SLP131,720575940531801657,unknown,downstream
720575940619921488,SLP131,720575940591226962,unknown,downstream
720575940619921488,SLP131,720575940591226450,unknown,downstream
720575940619921488,SLP131,720575940610456270,unknown,downstream
720575940619921488,SLP131,720575940610520816,unknown,downstream
720575940619921488,SLP131,720575940611211329,unknown,downstream
720575940619921488,SLP131,720575940635119723,unknown,downstream
720575940619921488,SLP131,720575940611209109,unknown,downstream
720575940619921488,SLP131,720575940611205398,unknown,downstream
720575940619921488,SLP131,720575940639301027,unknown,downstream
720575940619921488,SLP131,720575940463154000,unknown,downstream
720575940619921488,SLP131,720575940610917872,unknown,downstream
720575940619921488,SLP131,720575940638734158,unknown,downstream
720575940619921488,SLP131,720575940610833553,unknown,downstream
720575940619921488,SLP131,720575940395819527,unknown,downstream
720575940619921488,SLP131,720575940638256216,unknown,downstream
720575940619921488,SLP131,720575940637980750,unknown,downstream
720575940619921488,SLP131,720575940610828177,unknown,downstream
720575940619921488,SLP131,720575940591243090,unknown,downstream
720575940619921488,SLP131,720575940591242578,unknown,downstream
720575940619921488,SLP131,720575940637468735,unknown,downstream
720575940619921488,SLP131,720575940610769809,unknown,downstream
720575940619921488,SLP131,720575940637258217,unknown,downstream
720575940619921488,SLP131,720575940504793483,unknown,downstream
720575940619921488,SLP131,720575940523519970,unknown,downstream
720575940619921488,SLP131,720575940577852242,unknown,downstream
720575940619921488,SLP131,720575940591239250,unknown,downstream
720575940619921488,SLP131,720575940591238994,unknown,downstream
720575940619921488,SLP131,720575940635744623,unknown,downstream
720575940619921488,SLP131,720575940635640312,unknown,downstream
720575940619921488,SLP131,720575940531817017,unknown,downstream
720575940619921488,SLP131,720575940451605830,unknown,downstream
720575940619921488,SLP131,720575940592693023,unknown,downstream
720575940619921488,SLP131,720575940531921844,unknown,downstream
720575940619921488,SLP131,720575940583837113,unknown,downstream
720575940619921488,SLP131,720575940594628616,unknown,downstream
720575940619921488,SLP131,720575940508550863,unknown,downstream
720575940619921488,SLP131,720575940533387631,unknown,downstream
720575940619921488,SLP131,720575940463863268,unknown,downstream
720575940619921488,SLP131,720575940582722392,unknown,downstream
720575940619921488,SLP131,720575940508522191,unknown,downstream
720575940619921488,SLP131,720575940613785024,unknown,downstream
720575940619921488,SLP131,720575940395836182,unknown,downstream
720575940619921488,SLP131,720575940613740743,unknown,downstream
720575940619921488,SLP131,720575940613733403,unknown,downstream
720575940619921488,SLP131,720575940550833068,unknown,downstream
720575940619921488,SLP131,720575940593989764,unknown,downstream
720575940619921488,SLP131,720575940532790504,unknown,downstream
720575940619921488,SLP131,720575940593858045,unknown,downstream
720575940619921488,SLP131,720575940404786632,unknown,downstream
720575940619921488,SLP131,720575940404784328,unknown,downstream
720575940619921488,SLP131,720575940391478646,unknown,downstream
720575940619921488,SLP131,720575940582409111,unknown,downstream
720575940619921488,SLP131,720575940414860627,unknown,downstream
720575940619921488,SLP131,720575940582408599,unknown,downstream
720575940619921488,SLP131,720575940412061650,unknown,downstream
720575940619921488,SLP131,720575940613682631,unknown,downstream
720575940619921488,SLP131,720575940613681607,unknown,downstream
720575940619921488,SLP131,720575940469446207,unknown,downstream
720575940619921488,SLP131,720575940407343035,unknown,downstream
720575940619921488,SLP131,720575940613679047,unknown,downstream
720575940619921488,SLP131,720575940594570184,unknown,downstream
720575940619921488,SLP131,720575940395836438,unknown,downstream
720575940619921488,SLP131,720575940532770280,unknown,downstream
720575940619921488,SLP131,720575940446725049,unknown,downstream
720575940619921488,SLP131,720575940614411537,unknown,downstream
720575940619921488,SLP131,720575940407355067,unknown,downstream
720575940619921488,SLP131,720575940463880932,unknown,downstream
720575940619921488,SLP131,720575940525796525,unknown,downstream
720575940619921488,SLP131,720575940509200445,unknown,downstream
720575940619921488,SLP131,720575940533915654,unknown,downstream
720575940619921488,SLP131,720575940434788585,unknown,downstream
720575940619921488,SLP131,720575940469475647,unknown,downstream
720575940619921488,SLP131,720575940509191741,unknown,downstream
720575940619921488,SLP131,720575940583715499,unknown,downstream
720575940619921488,SLP131,720575940614235979,unknown,downstream
720575940619921488,SLP131,720575940407351995,unknown,downstream
720575940619921488,SLP131,720575940583706027,unknown,downstream
720575940619921488,SLP131,720575940594867558,unknown,downstream
720575940619921488,SLP131,720575940533433199,unknown,downstream
720575940619921488,SLP131,720575940614138443,unknown,downstream
720575940619921488,SLP131,720575940452437148,unknown,downstream
720575940619921488,SLP131,720575940594701158,unknown,downstream
720575940619921488,SLP131,720575940446728377,unknown,downstream
720575940619921488,SLP131,720575940533419119,unknown,downstream
720575940619921488,SLP131,720575940550850476,unknown,downstream
720575940619921488,SLP131,720575940594676070,unknown,downstream
720575940619921488,SLP131,720575940613948359,unknown,downstream
720575940619921488,SLP131,720575940594631176,unknown,downstream
720575940619921488,SLP131,720575940525783213,unknown,downstream
720575940619921488,SLP131,720575940613678791,unknown,downstream
720575940619921488,SLP131,720575940469444927,unknown,downstream
720575940619921488,SLP131,720575940612716540,unknown,downstream
720575940619921488,SLP131,720575940613289803,unknown,downstream
720575940619921488,SLP131,720575940525282086,unknown,downstream
720575940619921488,SLP131,720575940613254290,unknown,downstream
720575940619921488,SLP131,720575940491174048,unknown,downstream
720575940619921488,SLP131,720575940613225724,unknown,downstream
720575940619921488,SLP131,720575940508392701,unknown,downstream
720575940619921488,SLP131,720575940508381181,unknown,downstream
720575940619921488,SLP131,720575940613168090,unknown,downstream
720575940619921488,SLP131,720575940531951028,unknown,downstream
720575940619921488,SLP131,720575940593457719,unknown,downstream
720575940619921488,SLP131,720575940593457463,unknown,downstream
720575940619921488,SLP131,720575940531942324,unknown,downstream
720575940619921488,SLP131,720575940593455671,unknown,downstream
720575940619921488,SLP131,720575940416635439,unknown,downstream
720575940619921488,SLP131,720575940613042248,unknown,downstream
720575940619921488,SLP131,720575940580818971,unknown,downstream
720575940619921488,SLP131,720575940580816667,unknown,downstream
720575940619921488,SLP131,720575940391051602,unknown,downstream
720575940619921488,SLP131,720575940612965791,unknown,downstream
720575940619921488,SLP131,720575940612889713,unknown,downstream
720575940619921488,SLP131,720575940593027550,unknown,downstream
720575940619921488,SLP131,720575940593014238,unknown,downstream
720575940619921488,SLP131,720575940612728828,unknown,downstream
720575940619921488,SLP131,720575940612725466,unknown,downstream
720575940619921488,SLP131,720575940531925684,unknown,downstream
720575940619921488,SLP131,720575940525257254,unknown,downstream
720575940619921488,SLP131,720575940593474359,unknown,downstream
720575940619921488,SLP131,720575940581563147,unknown,downstream
720575940619921488,SLP131,720575940613542142,unknown,downstream
720575940619921488,SLP131,720575940491176096,unknown,downstream
720575940619921488,SLP131,720575940613508598,unknown,downstream
720575940619921488,SLP131,720575940593763904,unknown,downstream
720575940619921488,SLP131,720575940463824100,unknown,downstream
720575940619921488,SLP131,720575940593761344,unknown,downstream
720575940619921488,SLP131,720575940593758272,unknown,downstream
720575940619921488,SLP131,720575940446710457,unknown,downstream
720575940619921488,SLP131,720575940613487862,unknown,downstream
720575940619921488,SLP131,720575940582399127,unknown,downstream
720575940619921488,SLP131,720575940532023988,unknown,downstream
720575940619921488,SLP131,720575940446710201,unknown,downstream
720575940619921488,SLP131,720575940593731904,unknown,downstream
720575940619921488,SLP131,720575940407340987,unknown,downstream
720575940619921488,SLP131,720575940550169626,unknown,downstream
720575940619921488,SLP131,720575940613469174,unknown,downstream
720575940619921488,SLP131,720575940581706725,unknown,downstream
720575940619921488,SLP131,720575940593724480,unknown,downstream
720575940619921488,SLP131,720575940613413529,unknown,downstream
720575940619921488,SLP131,720575940593631031,unknown,downstream
720575940619921488,SLP131,720575940613311051,unknown,downstream
720575940619921488,SLP131,720575940581686245,unknown,downstream
720575940619921488,SLP131,720575940491178400,unknown,downstream
720575940619921488,SLP131,720575940395832839,unknown,downstream
720575940619921488,SLP131,720575940550158874,unknown,downstream
720575940619921488,SLP131,720575940613303371,unknown,downstream
720575940619921488,SLP131,720575940550143258,unknown,downstream
720575940619921488,SLP131,720575940540954284,unknown,downstream
720575940619921488,SLP131,720575940634030765,unknown,downstream
720575940619921488,SLP131,720575940625009015,unknown,downstream
720575940619921488,SLP131,720575940428567944,unknown,downstream
720575940619921488,SLP131,720575940440152931,unknown,downstream
720575940619921488,SLP131,720575940600087299,unknown,downstream
720575940619921488,SLP131,720575940456366298,unknown,downstream
720575940619921488,SLP131,720575940512261674,unknown,downstream
720575940619921488,SLP131,720575940618273460,unknown,downstream
720575940619921488,SLP131,720575940618275508,unknown,downstream
720575940619921488,SLP131,720575940586620922,unknown,downstream
720575940619921488,SLP131,720575940618276020,unknown,downstream
720575940619921488,SLP131,720575940400462085,unknown,downstream
720575940619921488,SLP131,720575940390357718,unknown,downstream
720575940619921488,SLP131,720575940586891434,unknown,downstream
720575940619921488,SLP131,720575940528349655,unknown,downstream
720575940619921488,SLP131,720575940586894250,unknown,downstream
720575940619921488,SLP131,720575940586894629,unknown,downstream
720575940619921488,SLP131,720575940456376794,unknown,downstream
720575940619921488,SLP131,720575940586895653,unknown,downstream
720575940619921488,SLP131,720575940560309168,unknown,downstream
720575940619921488,SLP131,720575940450058828,unknown,downstream
720575940619921488,SLP131,720575940450053196,unknown,downstream
720575940619921488,SLP131,720575940558116769,unknown,downstream
720575940619921488,SLP131,720575940558095521,unknown,downstream
720575940619921488,SLP131,720575940465881208,unknown,downstream
720575940619921488,SLP131,720575940617836066,unknown,downstream
720575940619921488,SLP131,720575940528322007,unknown,downstream
720575940619921488,SLP131,720575940599919200,unknown,downstream
720575940619921488,SLP131,720575940528330455,unknown,downstream
720575940619921488,SLP131,720575940617872663,unknown,downstream
720575940619921488,SLP131,720575940618173189,unknown,downstream
720575940619921488,SLP131,720575940528330967,unknown,downstream
720575940619921488,SLP131,720575940599951875,unknown,downstream
720575940619921488,SLP131,720575940599991648,unknown,downstream
720575940619921488,SLP131,720575940600014944,unknown,downstream
720575940619921488,SLP131,720575940600017248,unknown,downstream
720575940619921488,SLP131,720575940558107297,unknown,downstream
720575940619921488,SLP131,720575940586291807,unknown,downstream
720575940619921488,SLP131,720575940600715579,unknown,downstream
720575940619921488,SLP131,720575940456387546,unknown,downstream
720575940619921488,SLP131,720575940620175161,unknown,downstream
720575940619921488,SLP131,720575940496350977,unknown,downstream
720575940619921488,SLP131,720575940496356353,unknown,downstream
720575940619921488,SLP131,720575940600785211,unknown,downstream
720575940619921488,SLP131,720575940464510010,unknown,downstream
720575940619921488,SLP131,720575940588165933,unknown,downstream
720575940619921488,SLP131,720575940496364033,unknown,downstream
720575940619921488,SLP131,720575940476622413,unknown,downstream
720575940619921488,SLP131,720575940418779512,unknown,downstream
720575940619921488,SLP131,720575940619951929,unknown,downstream
720575940619921488,SLP131,720575940539457111,unknown,downstream
720575940619921488,SLP131,720575940588369446,unknown,downstream
720575940619921488,SLP131,720575940415590612,unknown,downstream
720575940619921488,SLP131,720575940539466071,unknown,downstream
720575940619921488,SLP131,720575940588378662,unknown,downstream
720575940619921488,SLP131,720575940601328911,unknown,downstream
720575940619921488,SLP131,720575940528737765,unknown,downstream
720575940619921488,SLP131,720575940413153448,unknown,downstream
720575940619921488,SLP131,720575940562335446,unknown,downstream
720575940619921488,SLP131,720575940588145252,unknown,downstream
720575940619921488,SLP131,720575940588130660,unknown,downstream
720575940619921488,SLP131,720575940600779579,unknown,downstream
720575940619921488,SLP131,720575940618518582,unknown,downstream
720575940619921488,SLP131,720575940600717627,unknown,downstream
720575940619921488,SLP131,720575940600718139,unknown,downstream
720575940619921488,SLP131,720575940586908074,unknown,downstream
720575940619921488,SLP131,720575940539390295,unknown,downstream
720575940619921488,SLP131,720575940618452741,unknown,downstream
720575940619921488,SLP131,720575940618457605,unknown,downstream
720575940619921488,SLP131,720575940496353025,unknown,downstream
720575940619921488,SLP131,720575940539404119,unknown,downstream
720575940619921488,SLP131,720575940588128612,unknown,downstream
720575940619921488,SLP131,720575940413148584,unknown,downstream
720575940619921488,SLP131,720575940496355329,unknown,downstream
720575940619921488,SLP131,720575940600738363,unknown,downstream
720575940619921488,SLP131,720575940600739899,unknown,downstream
720575940619921488,SLP131,720575940418556291,unknown,downstream
720575940619921488,SLP131,720575940560344752,unknown,downstream
720575940619921488,SLP131,720575940619259961,unknown,downstream
720575940619921488,SLP131,720575940588382502,unknown,downstream
720575940619921488,SLP131,720575940620181817,unknown,downstream
720575940619921488,SLP131,720575940428096297,unknown,downstream
720575940619921488,SLP131,720575940502761366,unknown,downstream
720575940619921488,SLP131,720575940569363878,unknown,downstream
720575940619921488,SLP131,720575940623721017,unknown,downstream
720575940619921488,SLP131,720575940603167916,unknown,downstream
720575940619921488,SLP131,720575940569363366,unknown,downstream
720575940619921488,SLP131,720575940421154076,unknown,downstream
720575940619921488,SLP131,720575940623718457,unknown,downstream
720575940619921488,SLP131,720575940589006035,unknown,downstream
720575940619921488,SLP131,720575940589005779,unknown,downstream
720575940619921488,SLP131,720575940450965206,unknown,downstream
720575940619921488,SLP131,720575940529291670,unknown,downstream
720575940619921488,SLP131,720575940430182989,unknown,downstream
720575940619921488,SLP131,720575940397574073,unknown,downstream
720575940619921488,SLP131,720575940603117102,unknown,downstream
720575940619921488,SLP131,720575940603116078,unknown,downstream
720575940619921488,SLP131,720575940588508655,unknown,downstream
720575940619921488,SLP131,720575940483931671,unknown,downstream
720575940619921488,SLP131,720575940603472686,unknown,downstream
720575940619921488,SLP131,720575940589011923,unknown,downstream
720575940619921488,SLP131,720575940483953943,unknown,downstream
720575940619921488,SLP131,720575940459720163,unknown,downstream
720575940619921488,SLP131,720575940624550169,unknown,downstream
720575940619921488,SLP131,720575940624549657,unknown,downstream
720575940619921488,SLP131,720575940451188520,unknown,downstream
720575940619921488,SLP131,720575940589019091,unknown,downstream
720575940619921488,SLP131,720575940430344232,unknown,downstream
720575940619921488,SLP131,720575940624425529,unknown,downstream
720575940619921488,SLP131,720575940529351865,unknown,downstream
720575940619921488,SLP131,720575940406133094,unknown,downstream
720575940619921488,SLP131,720575940411994414,unknown,downstream
720575940619921488,SLP131,720575940624261671,unknown,downstream
720575940619921488,SLP131,720575940589015251,unknown,downstream
720575940619921488,SLP131,720575940483960855,unknown,downstream
720575940619921488,SLP131,720575940569381286,unknown,downstream
720575940619921488,SLP131,720575940624104088,unknown,downstream
720575940619921488,SLP131,720575940483958807,unknown,downstream
720575940619921488,SLP131,720575940483956503,unknown,downstream
720575940619921488,SLP131,720575940602926894,unknown,downstream
720575940619921488,SLP131,720575940521232659,unknown,downstream
720575940619921488,SLP131,720575940430177101,unknown,downstream
720575940619921488,SLP131,720575940539563863,unknown,downstream
720575940619921488,SLP131,720575940602805795,unknown,downstream
720575940619921488,SLP131,720575940450932950,unknown,downstream
720575940619921488,SLP131,720575940602797603,unknown,downstream
720575940619921488,SLP131,720575940568415430,unknown,downstream
720575940619921488,SLP131,720575940588465702,unknown,downstream
720575940619921488,SLP131,720575940457837619,unknown,downstream
720575940619921488,SLP131,720575940477326576,unknown,downstream
720575940619921488,SLP131,720575940450922710,unknown,downstream
720575940619921488,SLP131,720575940441544360,unknown,downstream
720575940619921488,SLP131,720575940623176110,unknown,downstream
720575940619921488,SLP131,720575940623175598,unknown,downstream
720575940619921488,SLP131,720575940411984174,unknown,downstream
720575940619921488,SLP131,720575940465481572,unknown,downstream
720575940619921488,SLP131,720575940521192979,unknown,downstream
720575940619921488,SLP131,720575940623174318,unknown,downstream
720575940619921488,SLP131,720575940588383526,unknown,downstream
720575940619921488,SLP131,720575940568418502,unknown,downstream
720575940619921488,SLP131,720575940540162257,unknown,downstream
720575940619921488,SLP131,720575940623685324,unknown,downstream
720575940619921488,SLP131,720575940602896675,unknown,downstream
720575940619921488,SLP131,720575940588503791,unknown,downstream
720575940619921488,SLP131,720575940623684044,unknown,downstream
720575940619921488,SLP131,720575940623683532,unknown,downstream
720575940619921488,SLP131,720575940411988270,unknown,downstream
720575940619921488,SLP131,720575940441556392,unknown,downstream
720575940619921488,SLP131,720575940623677900,unknown,downstream
720575940619921488,SLP131,720575940623676876,unknown,downstream
720575940619921488,SLP131,720575940602893859,unknown,downstream
720575940619921488,SLP131,720575940623432799,unknown,downstream
720575940619921488,SLP131,720575940521224723,unknown,downstream
720575940619921488,SLP131,720575940623496031,unknown,downstream
720575940619921488,SLP131,720575940623489002,unknown,downstream
720575940619921488,SLP131,720575940529259670,unknown,downstream
720575940619921488,SLP131,720575940391278930,unknown,downstream
720575940619921488,SLP131,720575940602872099,unknown,downstream
720575940619921488,SLP131,720575940418889080,unknown,downstream
720575940619921488,SLP131,720575940589020115,unknown,downstream
720575940619921488,SLP131,720575940602818595,unknown,downstream
720575940619921488,SLP131,720575940589020883,unknown,downstream
720575940619921488,SLP131,720575940601403060,unknown,downstream
720575940619921488,SLP131,720575940476664909,unknown,downstream
720575940619921488,SLP131,720575940620981072,unknown,downstream
720575940619921488,SLP131,720575940440733892,unknown,downstream
720575940619921488,SLP131,720575940601350837,unknown,downstream
720575940619921488,SLP131,720575940621122086,unknown,downstream
720575940619921488,SLP131,720575940621129607,unknown,downstream
720575940619921488,SLP131,720575940601351093,unknown,downstream
720575940619921488,SLP131,720575940621224052,unknown,downstream
720575940619921488,SLP131,720575940601351861,unknown,downstream
720575940619921488,SLP131,720575940588401958,unknown,downstream
720575940619921488,SLP131,720575940621251777,unknown,downstream
720575940619921488,SLP131,720575940601355445,unknown,downstream
720575940619921488,SLP131,720575940427246767,unknown,downstream
720575940619921488,SLP131,720575940497219541,unknown,downstream
720575940619921488,SLP131,720575940427248815,unknown,downstream
720575940619921488,SLP131,720575940601399476,unknown,downstream
720575940619921488,SLP131,720575940601400756,unknown,downstream
720575940619921488,SLP131,720575940620715247,unknown,downstream
720575940619921488,SLP131,720575940588396582,unknown,downstream
720575940619921488,SLP131,720575940400465157,unknown,downstream
720575940619921488,SLP131,720575940601333775,unknown,downstream
720575940619921488,SLP131,720575940427244207,unknown,downstream
720575940619921488,SLP131,720575940456421082,unknown,downstream
720575940619921488,SLP131,720575940624554009,unknown,downstream
720575940619921488,SLP131,720575940588385574,unknown,downstream
720575940619921488,SLP131,720575940588386342,unknown,downstream
720575940619921488,SLP131,720575940620350041,unknown,downstream
720575940619921488,SLP131,720575940601333519,unknown,downstream
720575940619921488,SLP131,720575940601334031,unknown,downstream
720575940619921488,SLP131,720575940476652109,unknown,downstream
720575940619921488,SLP131,720575940601335311,unknown,downstream
720575940619921488,SLP131,720575940515870764,unknown,downstream
720575940619921488,SLP131,720575940601339151,unknown,downstream
720575940619921488,SLP131,720575940588390438,unknown,downstream
720575940619921488,SLP131,720575940440732356,unknown,downstream
720575940619921488,SLP131,720575940601342991,unknown,downstream
720575940619921488,SLP131,720575940601344271,unknown,downstream
720575940619921488,SLP131,720575940539539287,unknown,downstream
720575940619921488,SLP131,720575940601335567,unknown,downstream
720575940619921488,SLP131,720575940622058364,unknown,downstream
720575940619921488,SLP131,720575940588424687,unknown,downstream
720575940619921488,SLP131,720575940588422127,unknown,downstream
720575940619921488,SLP131,720575940539551319,unknown,downstream
720575940619921488,SLP131,720575940418880376,unknown,downstream
720575940619921488,SLP131,720575940529236118,unknown,downstream
720575940619921488,SLP131,720575940623168430,unknown,downstream
720575940619921488,SLP131,720575940623169454,unknown,downstream
720575940619921488,SLP131,720575940623169710,unknown,downstream
720575940619921488,SLP131,720575940623170222,unknown,downstream
720575940619921488,SLP131,720575940601565078,unknown,downstream
720575940619921488,SLP131,720575940623171502,unknown,downstream
720575940619921488,SLP131,720575940623172526,unknown,downstream
720575940619921488,SLP131,720575940521278739,unknown,downstream
720575940619921488,SLP131,720575940602731555,unknown,downstream
720575940619921488,SLP131,720575940476678221,unknown,downstream
720575940619921488,SLP131,720575940483972375,unknown,downstream
720575940619921488,SLP131,720575940540945836,unknown,downstream
720575940619921488,SLP131,720575940602197492,unknown,downstream
720575940619921488,SLP131,720575940397564857,unknown,downstream
720575940619921488,SLP131,720575940588421615,unknown,downstream
720575940619921488,SLP131,720575940529224598,unknown,downstream
720575940619921488,SLP131,720575940411978286,unknown,downstream
720575940619921488,SLP131,720575940456501466,unknown,downstream
720575940619921488,SLP131,720575940465462116,unknown,downstream
720575940619921488,SLP131,720575940601429775,unknown,downstream
720575940619921488,SLP131,720575940622525192,unknown,downstream
720575940619921488,SLP131,720575940622244525,unknown,downstream
720575940619921488,SLP131,720575940415604948,unknown,downstream
720575940619921488,SLP131,720575940588417775,unknown,downstream
720575940619921488,SLP131,720575940622243757,unknown,downstream
720575940619921488,SLP131,720575940622284461,unknown,downstream
720575940619921488,SLP131,720575940393223031,unknown,downstream
720575940619921488,SLP131,720575940565350056,unknown,downstream
720575940619921488,SLP131,720575940413162408,unknown,downstream
720575940619921488,SLP131,720575940588421103,unknown,downstream
720575940619921488,SLP131,720575940601443087,unknown,downstream
720575940619921488,SLP131,720575940565348264,unknown,downstream
720575940619921488,SLP131,720575940616159788,unknown,downstream
720575940619921488,SLP131,720575940616166188,unknown,downstream
720575940619921488,SLP131,720575940616833258,unknown,downstream
720575940619921488,SLP131,720575940616167212,unknown,downstream
720575940619921488,SLP131,720575940616721761,unknown,downstream
720575940619921488,SLP131,720575940616169772,unknown,downstream
720575940619921488,SLP131,720575940616181804,unknown,downstream
720575940619921488,SLP131,720575940616158508,unknown,downstream
720575940619921488,SLP131,720575940616187754,unknown,downstream
720575940619921488,SLP131,720575940616187948,unknown,downstream
720575940619921488,SLP131,720575940616325025,unknown,downstream
720575940619921488,SLP131,720575940616357035,unknown,downstream
720575940619921488,SLP131,720575940616168236,unknown,downstream
720575940619921488,SLP131,720575940616723809,unknown,downstream
720575940619921488,SLP131,720575940616722529,unknown,downstream
720575940619921488,SLP131,720575940616830186,unknown,downstream
720575940619921488,SLP131,720575940616724065,unknown,downstream
720575940619921488,SLP131,720575940616787000,unknown,downstream
720575940619921488,SLP131,720575940616821994,unknown,downstream
720575940619921488,SLP131,720575940616822762,unknown,downstream
720575940619921488,SLP131,720575940616823274,unknown,downstream
720575940619921488,SLP131,720575940616823530,unknown,downstream
720575940619921488,SLP131,720575940616823786,unknown,downstream
720575940619921488,SLP131,720575940616824810,unknown,downstream
720575940619921488,SLP131,720575940616826858,unknown,downstream
720575940619921488,SLP131,720575940616827882,unknown,downstream
720575940619921488,SLP131,720575940616828394,unknown,downstream
720575940619921488,SLP131,720575940616157484,unknown,downstream
720575940619921488,SLP131,720575940616158252,unknown,downstream
720575940619921488,SLP131,720575940615906577,unknown,downstream
720575940619921488,SLP131,720575940616157099,unknown,downstream
720575940619921488,SLP131,720575940616150060,unknown,downstream
720575940619921488,SLP131,720575940615800826,unknown,downstream
720575940619921488,SLP131,720575940616857909,unknown,downstream
720575940619921488,SLP131,720575940615802106,unknown,downstream
720575940619921488,SLP131,720575940615806202,unknown,downstream
720575940619921488,SLP131,720575940615809274,unknown,downstream
720575940619921488,SLP131,720575940615809786,unknown,downstream
720575940619921488,SLP131,720575940615811066,unknown,downstream
720575940619921488,SLP131,720575940615814906,unknown,downstream
720575940619921488,SLP131,720575940615815418,unknown,downstream
720575940619921488,SLP131,720575940615819514,unknown,downstream
720575940619921488,SLP131,720575940615820794,unknown,downstream
720575940619921488,SLP131,720575940615875857,unknown,downstream
720575940619921488,SLP131,720575940615881869,unknown,downstream
720575940619921488,SLP131,720575940615885510,unknown,downstream
720575940619921488,SLP131,720575940615903978,unknown,downstream
720575940619921488,SLP131,720575940615923217,unknown,downstream
720575940619921488,SLP131,720575940615924241,unknown,downstream
720575940619921488,SLP131,720575940615927057,unknown,downstream
720575940619921488,SLP131,720575940615928081,unknown,downstream
720575940619921488,SLP131,720575940615940402,unknown,downstream
720575940619921488,SLP131,720575940615976379,unknown,downstream
720575940619921488,SLP131,720575940615995338,unknown,downstream
720575940619921488,SLP131,720575940616002577,unknown,downstream
720575940619921488,SLP131,720575940616002762,unknown,downstream
720575940619921488,SLP131,720575940616010186,unknown,downstream
720575940619921488,SLP131,720575940616051985,unknown,downstream
720575940619921488,SLP131,720575940616056806,unknown,downstream
720575940619921488,SLP131,720575940616074399,unknown,downstream
720575940619921488,SLP131,720575940616135851,unknown,downstream
720575940619921488,SLP131,720575940616836330,unknown,downstream
720575940619921488,SLP131,720575940617810760,unknown,downstream
720575940619921488,SLP131,720575940616858677,unknown,downstream
720575940619921488,SLP131,720575940617716247,unknown,downstream
720575940619921488,SLP131,720575940617719063,unknown,downstream
720575940619921488,SLP131,720575940617719319,unknown,downstream
720575940619921488,SLP131,720575940617719575,unknown,downstream
720575940619921488,SLP131,720575940617812040,unknown,downstream
720575940619921488,SLP131,720575940617816904,unknown,downstream
720575940619921488,SLP131,720575940617818903,unknown,downstream
720575940619921488,SLP131,720575940617820232,unknown,downstream
720575940619921488,SLP131,720575940617820488,unknown,downstream
720575940619921488,SLP131,720575940617821768,unknown,downstream
720575940619921488,SLP131,720575940617823048,unknown,downstream
720575940619921488,SLP131,720575940617823304,unknown,downstream
720575940619921488,SLP131,720575940617823816,unknown,downstream
720575940619921488,SLP131,720575940617824023,unknown,downstream
720575940619921488,SLP131,720575940617824279,unknown,downstream
720575940619921488,SLP131,720575940617824328,unknown,downstream
720575940619921488,SLP131,720575940617825096,unknown,downstream
720575940619921488,SLP131,720575940617825864,unknown,downstream
720575940619921488,SLP131,720575940617826376,unknown,downstream
720575940619921488,SLP131,720575940617826632,unknown,downstream
720575940619921488,SLP131,720575940617826839,unknown,downstream
720575940619921488,SLP131,720575940617828152,unknown,downstream
720575940619921488,SLP131,720575940617828424,unknown,downstream
720575940619921488,SLP131,720575940617828680,unknown,downstream
720575940619921488,SLP131,720575940617829399,unknown,downstream
720575940619921488,SLP131,720575940617841431,unknown,downstream
720575940619921488,SLP131,720575940617865800,unknown,downstream
720575940619921488,SLP131,720575940617871895,unknown,downstream
720575940619921488,SLP131,720575940617872151,unknown,downstream
720575940619921488,SLP131,720575940615778026,unknown,downstream
720575940619921488,SLP131,720575940617717783,unknown,downstream
720575940619921488,SLP131,720575940617713687,unknown,downstream
720575940619921488,SLP131,720575940616858933,unknown,downstream
720575940619921488,SLP131,720575940617713431,unknown,downstream
720575940619921488,SLP131,720575940616860725,unknown,downstream
720575940619921488,SLP131,720575940616861493,unknown,downstream
720575940619921488,SLP131,720575940616865121,unknown,downstream
720575940619921488,SLP131,720575940616894041,unknown,downstream
720575940619921488,SLP131,720575940616974173,unknown,downstream
720575940619921488,SLP131,720575940617026393,unknown,downstream
720575940619921488,SLP131,720575940617028441,unknown,downstream
720575940619921488,SLP131,720575940617047351,unknown,downstream
720575940619921488,SLP131,720575940617082969,unknown,downstream
720575940619921488,SLP131,720575940617085273,unknown,downstream
720575940619921488,SLP131,720575940617086553,unknown,downstream
720575940619921488,SLP131,720575940617480727,unknown,downstream
720575940619921488,SLP131,720575940617483287,unknown,downstream
720575940619921488,SLP131,720575940617487127,unknown,downstream
720575940619921488,SLP131,720575940617488663,unknown,downstream
720575940619921488,SLP131,720575940617495575,unknown,downstream
720575940619921488,SLP131,720575940617516980,unknown,downstream
720575940619921488,SLP131,720575940617571985,unknown,downstream
720575940619921488,SLP131,720575940617619457,unknown,downstream
720575940619921488,SLP131,720575940617653593,unknown,downstream
720575940619921488,SLP131,720575940617683903,unknown,downstream
720575940619921488,SLP131,720575940617701911,unknown,downstream
720575940619921488,SLP131,720575940617702423,unknown,downstream
720575940619921488,SLP131,720575940617703959,unknown,downstream
720575940619921488,SLP131,720575940617704727,unknown,downstream
720575940619921488,SLP131,720575940617705751,unknown,downstream
720575940619921488,SLP131,720575940617706263,unknown,downstream
720575940619921488,SLP131,720575940617708055,unknown,downstream
720575940619921488,SLP131,720575940617711639,unknown,downstream
720575940619921488,SLP131,720575940615778538,unknown,downstream
720575940619921488,SLP131,720575940615226805,unknown,downstream
720575940619921488,SLP131,720575940615769750,unknown,downstream
720575940619921488,SLP131,720575940614410001,unknown,downstream
720575940619921488,SLP131,720575940613755847,unknown,downstream
720575940619921488,SLP131,720575940613729022,unknown,downstream
720575940619921488,SLP131,720575940613706637,unknown,downstream
720575940619921488,SLP131,720575940613692871,unknown,downstream
720575940619921488,SLP131,720575940613690567,unknown,downstream
720575940619921488,SLP131,720575940613690311,unknown,downstream
720575940619921488,SLP131,720575940613688007,unknown,downstream
720575940619921488,SLP131,720575940613687239,unknown,downstream
720575940619921488,SLP131,720575940613686983,unknown,downstream
720575940619921488,SLP131,720575940613686471,unknown,downstream
720575940619921488,SLP131,720575940613685191,unknown,downstream
720575940619921488,SLP131,720575940613683143,unknown,downstream
720575940619921488,SLP131,720575940613682887,unknown,downstream
720575940619921488,SLP131,720575940613681351,unknown,downstream
720575940619921488,SLP131,720575940613680071,unknown,downstream
720575940619921488,SLP131,720575940613657031,unknown,downstream
720575940619921488,SLP131,720575940613633858,unknown,downstream
720575940619921488,SLP131,720575940613600246,unknown,downstream
720575940619921488,SLP131,720575940613510390,unknown,downstream
720575940619921488,SLP131,720575940613508342,unknown,downstream
720575940619921488,SLP131,720575940613506550,unknown,downstream
720575940619921488,SLP131,720575940613498614,unknown,downstream
720575940619921488,SLP131,720575940613493750,unknown,downstream
720575940619921488,SLP131,720575940613825099,unknown,downstream
720575940619921488,SLP131,720575940613838498,unknown,downstream
720575940619921488,SLP131,720575940613892544,unknown,downstream
720575940619921488,SLP131,720575940614087377,unknown,downstream
720575940619921488,SLP131,720575940614374592,unknown,downstream
720575940619921488,SLP131,720575940614363072,unknown,downstream
720575940619921488,SLP131,720575940614334861,unknown,downstream
720575940619921488,SLP131,720575940614327949,unknown,downstream
720575940619921488,SLP131,720575940614305216,unknown,downstream
720575940619921488,SLP131,720575940614283200,unknown,downstream
720575940619921488,SLP131,720575940614192715,unknown,downstream
720575940619921488,SLP131,720575940614176587,unknown,downstream
720575940619921488,SLP131,720575940614170443,unknown,downstream
720575940619921488,SLP131,720575940614170187,unknown,downstream
720575940619921488,SLP131,720575940614019379,unknown,downstream
720575940619921488,SLP131,720575940613892800,unknown,downstream
720575940619921488,SLP131,720575940613977792,unknown,downstream
720575940619921488,SLP131,720575940613955264,unknown,downstream
720575940619921488,SLP131,720575940613952711,unknown,downstream
720575940619921488,SLP131,720575940613928988,unknown,downstream
720575940619921488,SLP131,720575940613926172,unknown,downstream
720575940619921488,SLP131,720575940613900178,unknown,downstream
720575940619921488,SLP131,720575940613896176,unknown,downstream
720575940619921488,SLP131,720575940613895152,unknown,downstream
720575940619921488,SLP131,720575940613893824,unknown,downstream
720575940619921488,SLP131,720575940613893568,unknown,downstream
720575940619921488,SLP131,720575940613488886,unknown,downstream
720575940619921488,SLP131,720575940613486326,unknown,downstream
720575940619921488,SLP131,720575940613480438,unknown,downstream
720575940619921488,SLP131,720575940612724988,unknown,downstream
720575940619921488,SLP131,720575940613068104,unknown,downstream
720575940619921488,SLP131,720575940613050952,unknown,downstream
720575940619921488,SLP131,720575940613041224,unknown,downstream
720575940619921488,SLP131,720575940613032520,unknown,downstream
720575940619921488,SLP131,720575940613003592,unknown,downstream
720575940619921488,SLP131,720575940612971083,unknown,downstream
720575940619921488,SLP131,720575940612773185,unknown,downstream
720575940619921488,SLP131,720575940612752303,unknown,downstream
720575940619921488,SLP131,720575940612732668,unknown,downstream
720575940619921488,SLP131,720575940612725244,unknown,downstream
720575940619921488,SLP131,720575940612710140,unknown,downstream
720575940619921488,SLP131,720575940613096008,unknown,downstream
720575940619921488,SLP131,720575940612707068,unknown,downstream
720575940619921488,SLP131,720575940612706812,unknown,downstream
720575940619921488,SLP131,720575940612704764,unknown,downstream
720575940619921488,SLP131,720575940612703484,unknown,downstream
720575940619921488,SLP131,720575940612703228,unknown,downstream
720575940619921488,SLP131,720575940612702204,unknown,downstream
720575940619921488,SLP131,720575940612699900,unknown,downstream
720575940619921488,SLP131,720575940612698876,unknown,downstream
720575940619921488,SLP131,720575940612693500,unknown,downstream
720575940619921488,SLP131,720575940612684284,unknown,downstream
720575940619921488,SLP131,720575940613093704,unknown,downstream
720575940619921488,SLP131,720575940613096264,unknown,downstream
720575940619921488,SLP131,720575940613479158,unknown,downstream
720575940619921488,SLP131,720575940613302859,unknown,downstream
720575940619921488,SLP131,720575940613476854,unknown,downstream
720575940619921488,SLP131,720575940613476086,unknown,downstream
720575940619921488,SLP131,720575940613473014,unknown,downstream
720575940619921488,SLP131,720575940613447670,unknown,downstream
720575940619921488,SLP131,720575940613419762,unknown,downstream
720575940619921488,SLP131,720575940613312331,unknown,downstream
720575940619921488,SLP131,720575940613309515,unknown,downstream
720575940619921488,SLP131,720575940613308235,unknown,downstream
720575940619921488,SLP131,720575940613305675,unknown,downstream
720575940619921488,SLP131,720575940613304651,unknown,downstream
720575940619921488,SLP131,720575940613301323,unknown,downstream
720575940619921488,SLP131,720575940613096520,unknown,downstream
720575940619921488,SLP131,720575940613300811,unknown,downstream
720575940619921488,SLP131,720575940613279051,unknown,downstream
720575940619921488,SLP131,720575940613274803,unknown,downstream
720575940619921488,SLP131,720575940613247441,unknown,downstream
720575940619921488,SLP131,720575940613225468,unknown,downstream
720575940619921488,SLP131,720575940613182252,unknown,downstream
720575940619921488,SLP131,720575940613181484,unknown,downstream
720575940619921488,SLP131,720575940613149849,unknown,downstream
720575940619921488,SLP131,720575940613115464,unknown,downstream
720575940619921488,SLP131,720575940613102664,unknown,downstream
720575940619921488,SLP131,720575940614409745,unknown,downstream
720575940619921488,SLP131,720575940614410769,unknown,downstream
720575940619921488,SLP131,720575940615704810,unknown,downstream
720575940619921488,SLP131,720575940614412049,unknown,downstream
720575940619921488,SLP131,720575940615289919,unknown,downstream
720575940619921488,SLP131,720575940615288383,unknown,downstream
720575940619921488,SLP131,720575940615285919,unknown,downstream
720575940619921488,SLP131,720575940615284202,unknown,downstream
720575940619921488,SLP131,720575940615282922,unknown,downstream
720575940619921488,SLP131,720575940615281898,unknown,downstream
720575940619921488,SLP131,720575940615277631,unknown,downstream
720575940619921488,SLP131,720575940615270719,unknown,downstream
720575940619921488,SLP131,720575940615266867,unknown,downstream
720575940619921488,SLP131,720575940615265809,unknown,downstream
720575940619921488,SLP131,720575940615226549,unknown,downstream
720575940619921488,SLP131,720575940615225269,unknown,downstream
720575940619921488,SLP131,720575940615224501,unknown,downstream
720575940619921488,SLP131,720575940615222453,unknown,downstream
720575940619921488,SLP131,720575940615220917,unknown,downstream
720575940619921488,SLP131,720575940615217676,unknown,downstream
720575940619921488,SLP131,720575940615214609,unknown,downstream
720575940619921488,SLP131,720575940615214353,unknown,downstream
720575940619921488,SLP131,720575940615214097,unknown,downstream
720575940619921488,SLP131,720575940615213329,unknown,downstream
720575940619921488,SLP131,720575940615213073,unknown,downstream
720575940619921488,SLP131,720575940615212817,unknown,downstream
720575940619921488,SLP131,720575940615212561,unknown,downstream
720575940619921488,SLP131,720575940615307583,unknown,downstream
720575940619921488,SLP131,720575940615308095,unknown,downstream
720575940619921488,SLP131,720575940615310911,unknown,downstream
720575940619921488,SLP131,720575940615501818,unknown,downstream
720575940619921488,SLP131,720575940615651099,unknown,downstream
720575940619921488,SLP131,720575940615628026,unknown,downstream
720575940619921488,SLP131,720575940615574187,unknown,downstream
720575940619921488,SLP131,720575940615572907,unknown,downstream
720575940619921488,SLP131,720575940615531665,unknown,downstream
720575940619921488,SLP131,720575940615530513,unknown,downstream
720575940619921488,SLP131,720575940615527930,unknown,downstream
720575940619921488,SLP131,720575940615527441,unknown,downstream
720575940619921488,SLP131,720575940615527185,unknown,downstream
720575940619921488,SLP131,720575940615519994,unknown,downstream
720575940619921488,SLP131,720575940615488865,unknown,downstream
720575940619921488,SLP131,720575940615311423,unknown,downstream
720575940619921488,SLP131,720575940615481525,unknown,downstream
720575940619921488,SLP131,720575940615474613,unknown,downstream
720575940619921488,SLP131,720575940615473333,unknown,downstream
720575940619921488,SLP131,720575940615453438,unknown,downstream
720575940619921488,SLP131,720575940615446782,unknown,downstream
720575940619921488,SLP131,720575940615430587,unknown,downstream
720575940619921488,SLP131,720575940615368619,unknown,downstream
720575940619921488,SLP131,720575940615358891,unknown,downstream
720575940619921488,SLP131,720575940615340255,unknown,downstream
720575940619921488,SLP131,720575940615314129,unknown,downstream
720575940619921488,SLP131,720575940615211793,unknown,downstream
720575940619921488,SLP131,720575940615211537,unknown,downstream
720575940619921488,SLP131,720575940615210769,unknown,downstream
720575940619921488,SLP131,720575940614549567,unknown,downstream
720575940619921488,SLP131,720575940614678172,unknown,downstream
720575940619921488,SLP131,720575940614636444,unknown,downstream
720575940619921488,SLP131,720575940614590698,unknown,downstream
720575940619921488,SLP131,720575940614584810,unknown,downstream
720575940619921488,SLP131,720575940614584298,unknown,downstream
720575940619921488,SLP131,720575940614580714,unknown,downstream
720575940619921488,SLP131,720575940614571200,unknown,downstream
720575940619921488,SLP131,720575940614563601,unknown,downstream
720575940619921488,SLP131,720575940614558400,unknown,downstream
720575940619921488,SLP131,720575940614549823,unknown,downstream
720575940619921488,SLP131,720575940614548799,unknown,downstream
720575940619921488,SLP131,720575940614791580,unknown,downstream
720575940619921488,SLP131,720575940614547775,unknown,downstream
720575940619921488,SLP131,720575940614546751,unknown,downstream
720575940619921488,SLP131,720575940614546317,unknown,downstream
720575940619921488,SLP131,720575940614544576,unknown,downstream
720575940619921488,SLP131,720575940614544106,unknown,downstream
720575940619921488,SLP131,720575940614543552,unknown,downstream
720575940619921488,SLP131,720575940614542477,unknown,downstream
720575940619921488,SLP131,720575940614541119,unknown,downstream
720575940619921488,SLP131,720575940614467751,unknown,downstream
720575940619921488,SLP131,720575940614424287,unknown,downstream
720575940619921488,SLP131,720575940614713919,unknown,downstream
720575940619921488,SLP131,720575940614794652,unknown,downstream
720575940619921488,SLP131,720575940615210001,unknown,downstream
720575940619921488,SLP131,720575940615163665,unknown,downstream
720575940619921488,SLP131,720575940615209489,unknown,downstream
720575940619921488,SLP131,720575940615208465,unknown,downstream
720575940619921488,SLP131,720575940615208209,unknown,downstream
720575940619921488,SLP131,720575940615207953,unknown,downstream
720575940619921488,SLP131,720575940615206929,unknown,downstream
720575940619921488,SLP131,720575940615177722,unknown,downstream
720575940619921488,SLP131,720575940615177210,unknown,downstream
720575940619921488,SLP131,720575940615164853,unknown,downstream
720575940619921488,SLP131,720575940615164177,unknown,downstream
720575940619921488,SLP131,720575940615163921,unknown,downstream
720575940619921488,SLP131,720575940615163573,unknown,downstream
720575940619921488,SLP131,720575940614797980,unknown,downstream
720575940619921488,SLP131,720575940615161013,unknown,downstream
720575940619921488,SLP131,720575940615142161,unknown,downstream
720575940619921488,SLP131,720575940615141393,unknown,downstream
720575940619921488,SLP131,720575940615139601,unknown,downstream
720575940619921488,SLP131,720575940615139089,unknown,downstream
720575940619921488,SLP131,720575940615138577,unknown,downstream
720575940619921488,SLP131,720575940615002162,unknown,downstream
720575940619921488,SLP131,720575940614828685,unknown,downstream
720575940619921488,SLP131,720575940614823402,unknown,downstream
720575940619921488,SLP131,720575940614800028,unknown,downstream
720575940619921488,SLP131,720575940614044400,unknown,downstream
720575940619921488,SLP131,720575940620916713,unknown,downstream
720575940619921488,SLP131,720575940617874711,unknown,downstream
720575940619921488,SLP131,720575940625199835,unknown,downstream
720575940619921488,SLP131,720575940625909991,unknown,downstream
720575940619921488,SLP131,720575940625907726,unknown,downstream
720575940619921488,SLP131,720575940625716385,unknown,downstream
720575940619921488,SLP131,720575940625712688,unknown,downstream
720575940619921488,SLP131,720575940625699233,unknown,downstream
720575940619921488,SLP131,720575940625697697,unknown,downstream
720575940619921488,SLP131,720575940625501882,unknown,downstream
720575940619921488,SLP131,720575940625363493,unknown,downstream
720575940619921488,SLP131,720575940625218779,unknown,downstream
720575940619921488,SLP131,720575940625198811,unknown,downstream
720575940619921488,SLP131,720575940625981779,unknown,downstream
720575940619921488,SLP131,720575940625198299,unknown,downstream
720575940619921488,SLP131,720575940625196763,unknown,downstream
720575940619921488,SLP131,720575940625167887,unknown,downstream
720575940619921488,SLP131,720575940625160985,unknown,downstream
720575940619921488,SLP131,720575940625156377,unknown,downstream
720575940619921488,SLP131,720575940625155865,unknown,downstream
720575940619921488,SLP131,720575940625155353,unknown,downstream
720575940619921488,SLP131,720575940625155097,unknown,downstream
720575940619921488,SLP131,720575940625151769,unknown,downstream
720575940619921488,SLP131,720575940625914451,unknown,downstream
720575940619921488,SLP131,720575940625989732,unknown,downstream
720575940619921488,SLP131,720575940625151001,unknown,downstream
720575940619921488,SLP131,720575940626495109,unknown,downstream
720575940619921488,SLP131,720575940627118979,unknown,downstream
720575940619921488,SLP131,720575940627075603,unknown,downstream
720575940619921488,SLP131,720575940626988574,unknown,downstream
720575940619921488,SLP131,720575940626907053,unknown,downstream
720575940619921488,SLP131,720575940626800145,unknown,downstream
720575940619921488,SLP131,720575940626717461,unknown,downstream
720575940619921488,SLP131,720575940626662673,unknown,downstream
720575940619921488,SLP131,720575940626620568,unknown,downstream
720575940619921488,SLP131,720575940626565528,unknown,downstream
720575940619921488,SLP131,720575940626484057,unknown,downstream
720575940619921488,SLP131,720575940625992537,unknown,downstream
720575940619921488,SLP131,720575940626472979,unknown,downstream
720575940619921488,SLP131,720575940626445852,unknown,downstream
720575940619921488,SLP131,720575940626372044,unknown,downstream
720575940619921488,SLP131,720575940626342227,unknown,downstream
720575940619921488,SLP131,720575940626308117,unknown,downstream
720575940619921488,SLP131,720575940626238839,unknown,downstream
720575940619921488,SLP131,720575940626210126,unknown,downstream
720575940619921488,SLP131,720575940626160247,unknown,downstream
720575940619921488,SLP131,720575940626051514,unknown,downstream
720575940619921488,SLP131,720575940625151513,unknown,downstream
720575940619921488,SLP131,720575940625147929,unknown,downstream
720575940619921488,SLP131,720575940623721785,unknown,downstream
720575940619921488,SLP131,720575940624217834,unknown,downstream
720575940619921488,SLP131,720575940624553497,unknown,downstream
720575940619921488,SLP131,720575940624551961,unknown,downstream
720575940619921488,SLP131,720575940624550937,unknown,downstream
720575940619921488,SLP131,720575940624547353,unknown,downstream
720575940619921488,SLP131,720575940624529445,unknown,downstream
720575940619921488,SLP131,720575940624455245,unknown,downstream
720575940619921488,SLP131,720575940624423737,unknown,downstream
720575940619921488,SLP131,720575940624349624,unknown,downstream
720575940619921488,SLP131,720575940624344072,unknown,downstream
720575940619921488,SLP131,720575940624200745,unknown,downstream
720575940619921488,SLP131,720575940624639271,unknown,downstream
720575940619921488,SLP131,720575940624191769,unknown,downstream
720575940619921488,SLP131,720575940624180505,unknown,downstream
720575940619921488,SLP131,720575940624060953,unknown,downstream
720575940619921488,SLP131,720575940624056889,unknown,downstream
720575940619921488,SLP131,720575940624055353,unknown,downstream
720575940619921488,SLP131,720575940624001817,unknown,downstream
720575940619921488,SLP131,720575940623952679,unknown,downstream
720575940619921488,SLP131,720575940623825338,unknown,downstream
720575940619921488,SLP131,720575940623722297,unknown,downstream
720575940619921488,SLP131,720575940624556313,unknown,downstream
720575940619921488,SLP131,720575940624885276,unknown,downstream
720575940619921488,SLP131,720575940625120620,unknown,downstream
720575940619921488,SLP131,720575940625107820,unknown,downstream
720575940619921488,SLP131,720575940625115422,unknown,downstream
720575940619921488,SLP131,720575940625114476,unknown,downstream
720575940619921488,SLP131,720575940625111916,unknown,downstream
720575940619921488,SLP131,720575940625111660,unknown,downstream
720575940619921488,SLP131,720575940625111404,unknown,downstream
720575940619921488,SLP131,720575940625110967,unknown,downstream
720575940619921488,SLP131,720575940625109868,unknown,downstream
720575940619921488,SLP131,720575940625108332,unknown,downstream
720575940619921488,SLP131,720575940625108076,unknown,downstream
720575940619921488,SLP131,720575940625107564,unknown,downstream
720575940619921488,SLP131,720575940624930523,unknown,downstream
720575940619921488,SLP131,720575940625107308,unknown,downstream
720575940619921488,SLP131,720575940625106284,unknown,downstream
720575940619921488,SLP131,720575940625105004,unknown,downstream
720575940619921488,SLP131,720575940625103980,unknown,downstream
720575940619921488,SLP131,720575940625058423,unknown,downstream
720575940619921488,SLP131,720575940625057911,unknown,downstream
720575940619921488,SLP131,720575940625030974,unknown,downstream
720575940619921488,SLP131,720575940625010807,unknown,downstream
720575940619921488,SLP131,720575940624972988,unknown,downstream
720575940619921488,SLP131,720575940627206714,unknown,downstream
720575940619921488,SLP131,720575940627246455,unknown,downstream
720575940619921488,SLP131,720575940627251319,unknown,downstream
720575940619921488,SLP131,720575940629159908,unknown,downstream
720575940619921488,SLP131,720575940629520974,unknown,downstream
720575940619921488,SLP131,720575940629511193,unknown,downstream
720575940619921488,SLP131,720575940629497988,unknown,downstream
720575940619921488,SLP131,720575940629472174,unknown,downstream
720575940619921488,SLP131,720575940629472132,unknown,downstream
720575940619921488,SLP131,720575940629450622,unknown,downstream
720575940619921488,SLP131,720575940629250679,unknown,downstream
720575940619921488,SLP131,720575940629187065,unknown,downstream
720575940619921488,SLP131,720575940629161497,unknown,downstream
720575940619921488,SLP131,720575940629155895,unknown,downstream
720575940619921488,SLP131,720575940629554295,unknown,downstream
720575940619921488,SLP131,720575940629089243,unknown,downstream
720575940619921488,SLP131,720575940629087195,unknown,downstream
720575940619921488,SLP131,720575940629085403,unknown,downstream
720575940619921488,SLP131,720575940628956919,unknown,downstream
720575940619921488,SLP131,720575940628899454,unknown,downstream
720575940619921488,SLP131,720575940628825307,unknown,downstream
720575940619921488,SLP131,720575940628821723,unknown,downstream
720575940619921488,SLP131,720575940628820699,unknown,downstream
720575940619921488,SLP131,720575940628820187,unknown,downstream
720575940619921488,SLP131,720575940629539959,unknown,downstream
720575940619921488,SLP131,720575940629569911,unknown,downstream
720575940619921488,SLP131,720575940627251831,unknown,downstream
720575940619921488,SLP131,720575940629717892,unknown,downstream
720575940619921488,SLP131,720575940629758084,unknown,downstream
720575940619921488,SLP131,720575940629757828,unknown,downstream
720575940619921488,SLP131,720575940629753476,unknown,downstream
720575940619921488,SLP131,720575940629747844,unknown,downstream
720575940619921488,SLP131,720575940629747332,unknown,downstream
720575940619921488,SLP131,720575940629745796,unknown,downstream
720575940619921488,SLP131,720575940629744260,unknown,downstream
720575940619921488,SLP131,720575940629743748,unknown,downstream
720575940619921488,SLP131,720575940629719428,unknown,downstream
720575940619921488,SLP131,720575940629701145,unknown,downstream
720575940619921488,SLP131,720575940629570167,unknown,downstream
720575940619921488,SLP131,720575940629696281,unknown,downstream
720575940619921488,SLP131,720575940629695001,unknown,downstream
720575940619921488,SLP131,720575940629632316,unknown,downstream
720575940619921488,SLP131,720575940629604601,unknown,downstream
720575940619921488,SLP131,720575940629602871,unknown,downstream
720575940619921488,SLP131,720575940629601421,unknown,downstream
720575940619921488,SLP131,720575940629594487,unknown,downstream
720575940619921488,SLP131,720575940629576411,unknown,downstream
720575940619921488,SLP131,720575940629574775,unknown,downstream
720575940619921488,SLP131,720575940628818907,unknown,downstream
720575940619921488,SLP131,720575940628815067,unknown,downstream
720575940619921488,SLP131,720575940628814555,unknown,downstream
720575940619921488,SLP131,720575940627652782,unknown,downstream
720575940619921488,SLP131,720575940628029156,unknown,downstream
720575940619921488,SLP131,720575940628028900,unknown,downstream
720575940619921488,SLP131,720575940628028644,unknown,downstream
720575940619921488,SLP131,720575940627980206,unknown,downstream
720575940619921488,SLP131,720575940627795194,unknown,downstream
720575940619921488,SLP131,720575940627726695,unknown,downstream
720575940619921488,SLP131,720575940627666862,unknown,downstream
720575940619921488,SLP131,720575940627659694,unknown,downstream
720575940619921488,SLP131,720575940627657902,unknown,downstream
720575940619921488,SLP131,720575940627652014,unknown,downstream
720575940619921488,SLP131,720575940628814043,unknown,downstream
720575940619921488,SLP131,720575940627626926,unknown,downstream
720575940619921488,SLP131,720575940627614780,unknown,downstream
720575940619921488,SLP131,720575940627610684,unknown,downstream
720575940619921488,SLP131,720575940627525378,unknown,downstream
720575940619921488,SLP131,720575940627402300,unknown,downstream
720575940619921488,SLP131,720575940627386940,unknown,downstream
720575940619921488,SLP131,720575940627317921,unknown,downstream
720575940619921488,SLP131,720575940627288506,unknown,downstream
720575940619921488,SLP131,720575940627287927,unknown,downstream
720575940619921488,SLP131,720575940628260106,unknown,downstream
720575940619921488,SLP131,720575940628293978,unknown,downstream
720575940619921488,SLP131,720575940628334159,unknown,downstream
720575940619921488,SLP131,720575940628355856,unknown,downstream
720575940619921488,SLP131,720575940628758235,unknown,downstream
720575940619921488,SLP131,720575940628752603,unknown,downstream
720575940619921488,SLP131,720575940628712667,unknown,downstream
720575940619921488,SLP131,720575940628711899,unknown,downstream
720575940619921488,SLP131,720575940628709595,unknown,downstream
720575940619921488,SLP131,720575940628708827,unknown,downstream
720575940619921488,SLP131,720575940628707803,unknown,downstream
720575940619921488,SLP131,720575940628706523,unknown,downstream
720575940619921488,SLP131,720575940628587748,unknown,downstream
720575940619921488,SLP131,720575940628585562,unknown,downstream
720575940619921488,SLP131,720575940628584794,unknown,downstream
720575940619921488,SLP131,720575940628442385,unknown,downstream
720575940619921488,SLP131,720575940628411781,unknown,downstream
720575940619921488,SLP131,720575940628411396,unknown,downstream
720575940619921488,SLP131,720575940628379620,unknown,downstream
720575940619921488,SLP131,720575940628379364,unknown,downstream
720575940619921488,SLP131,720575940628378596,unknown,downstream
720575940619921488,SLP131,720575940628378340,unknown,downstream
720575940619921488,SLP131,720575940628377316,unknown,downstream
720575940619921488,SLP131,720575940623722041,unknown,downstream
720575940619921488,SLP131,720575940623719737,unknown,downstream
720575940619921488,SLP131,720575940617874967,unknown,downstream
720575940619921488,SLP131,720575940619952697,unknown,downstream
720575940619921488,SLP131,720575940620131641,unknown,downstream
720575940619921488,SLP131,720575940620131385,unknown,downstream
720575940619921488,SLP131,720575940620092985,unknown,downstream
720575940619921488,SLP131,720575940619984286,unknown,downstream
720575940619921488,SLP131,720575940619982427,unknown,downstream
720575940619921488,SLP131,720575940619979617,unknown,downstream
720575940619921488,SLP131,720575940619966009,unknown,downstream
720575940619921488,SLP131,720575940619964985,unknown,downstream
720575940619921488,SLP131,720575940619962937,unknown,downstream
720575940619921488,SLP131,720575940619923001,unknown,downstream
720575940619921488,SLP131,720575940620136505,unknown,downstream
720575940619921488,SLP131,720575940619919417,unknown,downstream
720575940619921488,SLP131,720575940619916629,unknown,downstream
720575940619921488,SLP131,720575940619869167,unknown,downstream
720575940619921488,SLP131,720575940619847533,unknown,downstream
720575940619921488,SLP131,720575940619787321,unknown,downstream
720575940619921488,SLP131,720575940619761721,unknown,downstream
720575940619921488,SLP131,720575940619734219,unknown,downstream
720575940619921488,SLP131,720575940619670761,unknown,downstream
720575940619921488,SLP131,720575940619646037,unknown,downstream
720575940619921488,SLP131,720575940620134457,unknown,downstream
720575940619921488,SLP131,720575940620136761,unknown,downstream
720575940619921488,SLP131,720575940619584961,unknown,downstream
720575940619921488,SLP131,720575940620353625,unknown,downstream
720575940619921488,SLP131,720575940620630384,unknown,downstream
720575940619921488,SLP131,720575940620617153,unknown,downstream
720575940619921488,SLP131,720575940620565339,unknown,downstream
720575940619921488,SLP131,720575940620445062,unknown,downstream
720575940619921488,SLP131,720575940620375609,unknown,downstream
720575940619921488,SLP131,720575940620375097,unknown,downstream
720575940619921488,SLP131,720575940620374841,unknown,downstream
720575940619921488,SLP131,720575940620357057,unknown,downstream
720575940619921488,SLP131,720575940620355417,unknown,downstream
720575940619921488,SLP131,720575940620353113,unknown,downstream
720575940619921488,SLP131,720575940620208697,unknown,downstream
720575940619921488,SLP131,720575940620352857,unknown,downstream
720575940619921488,SLP131,720575940620352345,unknown,downstream
720575940619921488,SLP131,720575940620351833,unknown,downstream
720575940619921488,SLP131,720575940620351321,unknown,downstream
720575940619921488,SLP131,720575940620349529,unknown,downstream
720575940619921488,SLP131,720575940620231225,unknown,downstream
720575940619921488,SLP131,720575940620210745,unknown,downstream
720575940619921488,SLP131,720575940620210233,unknown,downstream
720575940619921488,SLP131,720575940620209721,unknown,downstream
720575940619921488,SLP131,720575940619641401,unknown,downstream
720575940619921488,SLP131,720575940619304641,unknown,downstream
720575940619921488,SLP131,720575940623719225,unknown,downstream
720575940619921488,SLP131,720575940618265780,unknown,downstream
720575940619921488,SLP131,720575940618278836,unknown,downstream
720575940619921488,SLP131,720575940618278580,unknown,downstream
720575940619921488,SLP131,720575940618278324,unknown,downstream
720575940619921488,SLP131,720575940618276788,unknown,downstream
720575940619921488,SLP131,720575940618276276,unknown,downstream
720575940619921488,SLP131,720575940618275764,unknown,downstream
720575940619921488,SLP131,720575940618271924,unknown,downstream
720575940619921488,SLP131,720575940618271668,unknown,downstream
720575940619921488,SLP131,720575940618269108,unknown,downstream
720575940619921488,SLP131,720575940618265524,unknown,downstream
720575940619921488,SLP131,720575940618280116,unknown,downstream
720575940619921488,SLP131,720575940618264244,unknown,downstream
720575940619921488,SLP131,720575940618263732,unknown,downstream
720575940619921488,SLP131,720575940618260916,unknown,downstream
720575940619921488,SLP131,720575940617982783,unknown,downstream
720575940619921488,SLP131,720575940617904208,unknown,downstream
720575940619921488,SLP131,720575940617888791,unknown,downstream
720575940619921488,SLP131,720575940617880087,unknown,downstream
720575940619921488,SLP131,720575940617878551,unknown,downstream
720575940619921488,SLP131,720575940617875735,unknown,downstream
720575940619921488,SLP131,720575940618279860,unknown,downstream
720575940619921488,SLP131,720575940618280372,unknown,downstream
720575940619921488,SLP131,720575940619253561,unknown,downstream
720575940619921488,SLP131,720575940618478597,unknown,downstream
720575940619921488,SLP131,720575940619098721,unknown,downstream
720575940619921488,SLP131,720575940619087645,unknown,downstream
720575940619921488,SLP131,720575940619049785,unknown,downstream
720575940619921488,SLP131,720575940618916230,unknown,downstream
720575940619921488,SLP131,720575940618868536,unknown,downstream
720575940619921488,SLP131,720575940618864440,unknown,downstream
720575940619921488,SLP131,720575940618637632,unknown,downstream
720575940619921488,SLP131,720575940618598489,unknown,downstream
720575940619921488,SLP131,720575940618595558,unknown,downstream
720575940619921488,SLP131,720575940618452485,unknown,downstream
720575940619921488,SLP131,720575940618286260,unknown,downstream
720575940619921488,SLP131,720575940618451973,unknown,downstream
720575940619921488,SLP131,720575940618451717,unknown,downstream
720575940619921488,SLP131,720575940618450437,unknown,downstream
720575940619921488,SLP131,720575940618450181,unknown,downstream
720575940619921488,SLP131,720575940618449413,unknown,downstream
720575940619921488,SLP131,720575940618448389,unknown,downstream
720575940619921488,SLP131,720575940618380667,unknown,downstream
720575940619921488,SLP131,720575940618290100,unknown,downstream
720575940619921488,SLP131,720575940618288564,unknown,downstream
720575940619921488,SLP131,720575940620633070,unknown,downstream
720575940619921488,SLP131,720575940620764505,unknown,downstream
720575940619921488,SLP131,720575940620789359,unknown,downstream
720575940619921488,SLP131,720575940623413599,unknown,downstream
720575940619921488,SLP131,720575940623476793,unknown,downstream
720575940619921488,SLP131,720575940623469258,unknown,downstream
720575940619921488,SLP131,720575940623460269,unknown,downstream
720575940619921488,SLP131,720575940623434079,unknown,downstream
720575940619921488,SLP131,720575940623432918,unknown,downstream
720575940619921488,SLP131,720575940623428447,unknown,downstream
720575940619921488,SLP131,720575940623415135,unknown,downstream
720575940619921488,SLP131,720575940623414367,unknown,downstream
720575940619921488,SLP131,720575940623414111,unknown,downstream
720575940619921488,SLP131,720575940623369823,unknown,downstream
720575940619921488,SLP131,720575940623531790,unknown,downstream
720575940619921488,SLP131,720575940623368906,unknown,downstream
720575940619921488,SLP131,720575940623336031,unknown,downstream
720575940619921488,SLP131,720575940623335263,unknown,downstream
720575940619921488,SLP131,720575940623319334,unknown,downstream
720575940619921488,SLP131,720575940623274335,unknown,downstream
720575940619921488,SLP131,720575940623197183,unknown,downstream
720575940619921488,SLP131,720575940623178158,unknown,downstream
720575940619921488,SLP131,720575940623176366,unknown,downstream
720575940619921488,SLP131,720575940623175342,unknown,downstream
720575940619921488,SLP131,720575940623513439,unknown,downstream
720575940619921488,SLP131,720575940623581163,unknown,downstream
720575940619921488,SLP131,720575940612601665,unknown,downstream
720575940619921488,SLP131,720575940623711289,unknown,downstream
720575940619921488,SLP131,720575940623718713,unknown,downstream
720575940619921488,SLP131,720575940623717177,unknown,downstream
720575940619921488,SLP131,720575940623715641,unknown,downstream
720575940619921488,SLP131,720575940623715129,unknown,downstream
720575940619921488,SLP131,720575940623714873,unknown,downstream
720575940619921488,SLP131,720575940623714617,unknown,downstream
720575940619921488,SLP131,720575940623714105,unknown,downstream
720575940619921488,SLP131,720575940623713996,unknown,downstream
720575940619921488,SLP131,720575940623711545,unknown,downstream
720575940619921488,SLP131,720575940623709644,unknown,downstream
720575940619921488,SLP131,720575940623679692,unknown,downstream
720575940619921488,SLP131,720575940623709497,unknown,downstream
720575940619921488,SLP131,720575940623707449,unknown,downstream
720575940619921488,SLP131,720575940623702376,unknown,downstream
720575940619921488,SLP131,720575940623693516,unknown,downstream
720575940619921488,SLP131,720575940623689017,unknown,downstream
720575940619921488,SLP131,720575940623687116,unknown,downstream
720575940619921488,SLP131,720575940623685068,unknown,downstream
720575940619921488,SLP131,720575940623684556,unknown,downstream
720575940619921488,SLP131,720575940623680460,unknown,downstream
720575940619921488,SLP131,720575940623174830,unknown,downstream
720575940619921488,SLP131,720575940623174574,unknown,downstream
720575940619921488,SLP131,720575940623174062,unknown,downstream
720575940619921488,SLP131,720575940621681502,unknown,downstream
720575940619921488,SLP131,720575940622245805,unknown,downstream
720575940619921488,SLP131,720575940622241160,unknown,downstream
720575940619921488,SLP131,720575940622185213,unknown,downstream
720575940619921488,SLP131,720575940622160705,unknown,downstream
720575940619921488,SLP131,720575940622105359,unknown,downstream
720575940619921488,SLP131,720575940622102561,unknown,downstream
720575940619921488,SLP131,720575940622048444,unknown,downstream
720575940619921488,SLP131,720575940622043829,unknown,downstream
720575940619921488,SLP131,720575940621764084,unknown,downstream
720575940619921488,SLP131,720575940621435663,unknown,downstream
720575940619921488,SLP131,720575940623173806,unknown,downstream
720575940619921488,SLP131,720575940621298523,unknown,downstream
720575940619921488,SLP131,720575940621298233,unknown,downstream
720575940619921488,SLP131,720575940621289785,unknown,downstream
720575940619921488,SLP131,720575940621236656,unknown,downstream
720575940619921488,SLP131,720575940621230739,unknown,downstream
720575940619921488,SLP131,720575940621206640,unknown,downstream
720575940619921488,SLP131,720575940621102913,unknown,downstream
720575940619921488,SLP131,720575940621046383,unknown,downstream
720575940619921488,SLP131,720575940621046127,unknown,downstream
720575940619921488,SLP131,720575940622248621,unknown,downstream
720575940619921488,SLP131,720575940622249389,unknown,downstream
720575940619921488,SLP131,720575940622252097,unknown,downstream
720575940619921488,SLP131,720575940622284717,unknown,downstream
720575940619921488,SLP131,720575940623173550,unknown,downstream
720575940619921488,SLP131,720575940623172782,unknown,downstream
720575940619921488,SLP131,720575940623172014,unknown,downstream
720575940619921488,SLP131,720575940623170478,unknown,downstream
720575940619921488,SLP131,720575940623169966,unknown,downstream
720575940619921488,SLP131,720575940623169198,unknown,downstream
720575940619921488,SLP131,720575940623167406,unknown,downstream
720575940619921488,SLP131,720575940623165870,unknown,downstream
720575940619921488,SLP131,720575940623164334,unknown,downstream
720575940619921488,SLP131,720575940623148974,unknown,downstream
720575940619921488,SLP131,720575940623042440,unknown,downstream
720575940619921488,SLP131,720575940622795814,unknown,downstream
720575940619921488,SLP131,720575940622734576,unknown,downstream
720575940619921488,SLP131,720575940622520846,unknown,downstream
720575940619921488,SLP131,720575940622452997,unknown,downstream
720575940619921488,SLP131,720575940622433815,unknown,downstream
720575940619921488,SLP131,720575940622366221,unknown,downstream
720575940619921488,SLP131,720575940622350571,unknown,downstream
720575940619921488,SLP131,720575940622309045,unknown,downstream
720575940619921488,SLP131,720575940612660732,unknown,downstream
720575940619921488,SLP131,720575940606446770,unknown,downstream
720575940619921488,SLP131,720575940612550396,unknown,downstream
720575940619921488,SLP131,720575940593748800,unknown,downstream
720575940619921488,SLP131,720575940593763136,unknown,downstream
720575940619921488,SLP131,720575940593771840,unknown,downstream
720575940619921488,SLP131,720575940593773120,unknown,downstream
720575940619921488,SLP131,720575940593773888,unknown,downstream
720575940619921488,SLP131,720575940593775424,unknown,downstream
720575940619921488,SLP131,720575940593775680,unknown,downstream
720575940619921488,SLP131,720575940593775936,unknown,downstream
720575940619921488,SLP131,720575940593777728,unknown,downstream
720575940619921488,SLP131,720575940593777984,unknown,downstream
720575940619921488,SLP131,720575940593779008,unknown,downstream
720575940619921488,SLP131,720575940593779264,unknown,downstream
720575940619921488,SLP131,720575940593780032,unknown,downstream
720575940619921488,SLP131,720575940593782080,unknown,downstream
720575940619921488,SLP131,720575940593857021,unknown,downstream
720575940619921488,SLP131,720575940593858813,unknown,downstream
720575940619921488,SLP131,720575940594545096,unknown,downstream
720575940619921488,SLP131,720575940594560200,unknown,downstream
720575940619921488,SLP131,720575940594560712,unknown,downstream
720575940619921488,SLP131,720575940594561224,unknown,downstream
720575940619921488,SLP131,720575940593754176,unknown,downstream
720575940619921488,SLP131,720575940593738560,unknown,downstream
720575940619921488,SLP131,720575940595962740,unknown,downstream
720575940619921488,SLP131,720575940593733696,unknown,downstream
720575940619921488,SLP131,720575940593455415,unknown,downstream
720575940619921488,SLP131,720575940593455927,unknown,downstream
720575940619921488,SLP131,720575940593458743,unknown,downstream
720575940619921488,SLP131,720575940593458999,unknown,downstream
720575940619921488,SLP131,720575940593463095,unknown,downstream
720575940619921488,SLP131,720575940593465655,unknown,downstream
720575940619921488,SLP131,720575940593468727,unknown,downstream
720575940619921488,SLP131,720575940593469239,unknown,downstream
720575940619921488,SLP131,720575940593470263,unknown,downstream
720575940619921488,SLP131,720575940593484599,unknown,downstream
720575940619921488,SLP131,720575940593493815,unknown,downstream
720575940619921488,SLP131,720575940593624375,unknown,downstream
720575940619921488,SLP131,720575940593626935,unknown,downstream
720575940619921488,SLP131,720575940593628215,unknown,downstream
720575940619921488,SLP131,720575940593628727,unknown,downstream
720575940619921488,SLP131,720575940593629495,unknown,downstream
720575940619921488,SLP131,720575940593727808,unknown,downstream
720575940619921488,SLP131,720575940593729088,unknown,downstream
720575940619921488,SLP131,720575940593729600,unknown,downstream
720575940619921488,SLP131,720575940594561480,unknown,downstream
720575940619921488,SLP131,720575940594561736,unknown,downstream
720575940619921488,SLP131,720575940594566856,unknown,downstream
720575940619921488,SLP131,720575940594629640,unknown,downstream
720575940619921488,SLP131,720575940595246551,unknown,downstream
720575940619921488,SLP131,720575940595312495,unknown,downstream
720575940619921488,SLP131,720575940595484167,unknown,downstream
720575940619921488,SLP131,720575940595519781,unknown,downstream
720575940619921488,SLP131,720575940595520549,unknown,downstream
720575940619921488,SLP131,720575940595522597,unknown,downstream
720575940619921488,SLP131,720575940595630855,unknown,downstream
720575940619921488,SLP131,720575940595632647,unknown,downstream
720575940619921488,SLP131,720575940595635463,unknown,downstream
720575940619921488,SLP131,720575940595635975,unknown,downstream
720575940619921488,SLP131,720575940595801143,unknown,downstream
720575940619921488,SLP131,720575940595807543,unknown,downstream
720575940619921488,SLP131,720575940595861219,unknown,downstream
720575940619921488,SLP131,720575940595862243,unknown,downstream
720575940619921488,SLP131,720575940595864547,unknown,downstream
720575940619921488,SLP131,720575940595871715,unknown,downstream
720575940619921488,SLP131,720575940595874787,unknown,downstream
720575940619921488,SLP131,720575940595879782,unknown,downstream
720575940619921488,SLP131,720575940595888500,unknown,downstream
720575940619921488,SLP131,720575940594916710,unknown,downstream
720575940619921488,SLP131,720575940594916454,unknown,downstream
720575940619921488,SLP131,720575940594908936,unknown,downstream
720575940619921488,SLP131,720575940594872934,unknown,downstream
720575940619921488,SLP131,720575940594630152,unknown,downstream
720575940619921488,SLP131,720575940594630408,unknown,downstream
720575940619921488,SLP131,720575940594680166,unknown,downstream
720575940619921488,SLP131,720575940594682470,unknown,downstream
720575940619921488,SLP131,720575940594685286,unknown,downstream
720575940619921488,SLP131,720575940594712166,unknown,downstream
720575940619921488,SLP131,720575940594724454,unknown,downstream
720575940619921488,SLP131,720575940594869512,unknown,downstream
720575940619921488,SLP131,720575940594873446,unknown,downstream
720575940619921488,SLP131,720575940594877286,unknown,downstream
720575940619921488,SLP131,720575940594873702,unknown,downstream
720575940619921488,SLP131,720575940594873958,unknown,downstream
720575940619921488,SLP131,720575940594874632,unknown,downstream
720575940619921488,SLP131,720575940594874726,unknown,downstream
720575940619921488,SLP131,720575940594875494,unknown,downstream
720575940619921488,SLP131,720575940594876006,unknown,downstream
720575940619921488,SLP131,720575940594876774,unknown,downstream
720575940619921488,SLP131,720575940594877030,unknown,downstream
720575940619921488,SLP131,720575940593453623,unknown,downstream
720575940619921488,SLP131,720575940593452599,unknown,downstream
720575940619921488,SLP131,720575940593446455,unknown,downstream
720575940619921488,SLP131,720575940591238738,unknown,downstream
720575940619921488,SLP131,720575940591074318,unknown,downstream
720575940619921488,SLP131,720575940591105038,unknown,downstream
720575940619921488,SLP131,720575940591205458,unknown,downstream
720575940619921488,SLP131,720575940591220306,unknown,downstream
720575940619921488,SLP131,720575940591222866,unknown,downstream
720575940619921488,SLP131,720575940591223122,unknown,downstream
720575940619921488,SLP131,720575940591223378,unknown,downstream
720575940619921488,SLP131,720575940591224176,unknown,downstream
720575940619921488,SLP131,720575940591225712,unknown,downstream
720575940619921488,SLP131,720575940591225938,unknown,downstream
720575940619921488,SLP131,720575940591228242,unknown,downstream
720575940619921488,SLP131,720575940591228754,unknown,downstream
720575940619921488,SLP131,720575940591229040,unknown,downstream
720575940619921488,SLP131,720575940591229266,unknown,downstream
720575940619921488,SLP131,720575940591229522,unknown,downstream
720575940619921488,SLP131,720575940591229552,unknown,downstream
720575940619921488,SLP131,720575940591230832,unknown,downstream
720575940619921488,SLP131,720575940591231058,unknown,downstream
720575940619921488,SLP131,720575940591237714,unknown,downstream
720575940619921488,SLP131,720575940591070222,unknown,downstream
720575940619921488,SLP131,720575940591067662,unknown,downstream
720575940619921488,SLP131,720575940591067406,unknown,downstream
720575940619921488,SLP131,720575940590960910,unknown,downstream
720575940619921488,SLP131,720575940590955534,unknown,downstream
720575940619921488,SLP131,720575940590955790,unknown,downstream
720575940619921488,SLP131,720575940590956558,unknown,downstream
720575940619921488,SLP131,720575940590958606,unknown,downstream
720575940619921488,SLP131,720575940590959886,unknown,downstream
720575940619921488,SLP131,720575940590960142,unknown,downstream
720575940619921488,SLP131,720575940590960398,unknown,downstream
720575940619921488,SLP131,720575940590960654,unknown,downstream
720575940619921488,SLP131,720575940590961166,unknown,downstream
720575940619921488,SLP131,720575940591065870,unknown,downstream
720575940619921488,SLP131,720575940590975829,unknown,downstream
720575940619921488,SLP131,720575940591057934,unknown,downstream
720575940619921488,SLP131,720575940591058958,unknown,downstream
720575940619921488,SLP131,720575940591061006,unknown,downstream
720575940619921488,SLP131,720575940591061262,unknown,downstream
720575940619921488,SLP131,720575940591061518,unknown,downstream
720575940619921488,SLP131,720575940591061774,unknown,downstream
720575940619921488,SLP131,720575940591063054,unknown,downstream
720575940619921488,SLP131,720575940591238226,unknown,downstream
720575940619921488,SLP131,720575940591239762,unknown,downstream
720575940619921488,SLP131,720575940593271167,unknown,downstream
720575940619921488,SLP131,720575940591240018,unknown,downstream
720575940619921488,SLP131,720575940592515995,unknown,downstream
720575940619921488,SLP131,720575940592517019,unknown,downstream
720575940619921488,SLP131,720575940592517787,unknown,downstream
720575940619921488,SLP131,720575940592519835,unknown,downstream
720575940619921488,SLP131,720575940592585503,unknown,downstream
720575940619921488,SLP131,720575940592590623,unknown,downstream
720575940619921488,SLP131,720575940592668447,unknown,downstream
720575940619921488,SLP131,720575940592680991,unknown,downstream
720575940619921488,SLP131,720575940592682271,unknown,downstream
720575940619921488,SLP131,720575940592687647,unknown,downstream
720575940619921488,SLP131,720575940592688159,unknown,downstream
720575940619921488,SLP131,720575940592689695,unknown,downstream
720575940619921488,SLP131,720575940592694815,unknown,downstream
720575940619921488,SLP131,720575940592700959,unknown,downstream
720575940619921488,SLP131,720575940592997854,unknown,downstream
720575940619921488,SLP131,720575940593000158,unknown,downstream
720575940619921488,SLP131,720575940593001694,unknown,downstream
720575940619921488,SLP131,720575940593023710,unknown,downstream
720575940619921488,SLP131,720575940593060574,unknown,downstream
720575940619921488,SLP131,720575940592515483,unknown,downstream
720575940619921488,SLP131,720575940592515227,unknown,downstream
720575940619921488,SLP131,720575940592512155,unknown,downstream
720575940619921488,SLP131,720575940591713049,unknown,downstream
720575940619921488,SLP131,720575940591240530,unknown,downstream
720575940619921488,SLP131,720575940591241810,unknown,downstream
720575940619921488,SLP131,720575940591243858,unknown,downstream
720575940619921488,SLP131,720575940591272530,unknown,downstream
720575940619921488,SLP131,720575940591312752,unknown,downstream
720575940619921488,SLP131,720575940591322597,unknown,downstream
720575940619921488,SLP131,720575940591585388,unknown,downstream
720575940619921488,SLP131,720575940591705113,unknown,downstream
720575940619921488,SLP131,720575940591714585,unknown,downstream
720575940619921488,SLP131,720575940592503707,unknown,downstream
720575940619921488,SLP131,720575940591718681,unknown,downstream
720575940619921488,SLP131,720575940591720473,unknown,downstream
720575940619921488,SLP131,720575940591720729,unknown,downstream
720575940619921488,SLP131,720575940591721241,unknown,downstream
720575940619921488,SLP131,720575940591725593,unknown,downstream
720575940619921488,SLP131,720575940591865369,unknown,downstream
720575940619921488,SLP131,720575940591866137,unknown,downstream
720575940619921488,SLP131,720575940592412571,unknown,downstream
720575940619921488,SLP131,720575940595889268,unknown,downstream
720575940619921488,SLP131,720575940595963508,unknown,downstream
720575940619921488,SLP131,720575940612546556,unknown,downstream
720575940619921488,SLP131,720575940598660466,unknown,downstream
720575940619921488,SLP131,720575940598801537,unknown,downstream
720575940619921488,SLP131,720575940598861697,unknown,downstream
720575940619921488,SLP131,720575940598883199,unknown,downstream
720575940619921488,SLP131,720575940598884737,unknown,downstream
720575940619921488,SLP131,720575940598916978,unknown,downstream
720575940619921488,SLP131,720575940599137312,unknown,downstream
720575940619921488,SLP131,720575940599276708,unknown,downstream
720575940619921488,SLP131,720575940599362930,unknown,downstream
720575940619921488,SLP131,720575940599454873,unknown,downstream
720575940619921488,SLP131,720575940599455385,unknown,downstream
720575940619921488,SLP131,720575940599455641,unknown,downstream
720575940619921488,SLP131,720575940599455897,unknown,downstream
720575940619921488,SLP131,720575940599456153,unknown,downstream
720575940619921488,SLP131,720575940599460249,unknown,downstream
720575940619921488,SLP131,720575940599461529,unknown,downstream
720575940619921488,SLP131,720575940599462297,unknown,downstream
720575940619921488,SLP131,720575940599463833,unknown,downstream
720575940619921488,SLP131,720575940599465625,unknown,downstream
720575940619921488,SLP131,720575940599469465,unknown,downstream
720575940619921488,SLP131,720575940598730982,unknown,downstream
720575940619921488,SLP131,720575940598543395,unknown,downstream
720575940619921488,SLP131,720575940595963764,unknown,downstream
720575940619921488,SLP131,720575940598349064,unknown,downstream
720575940619921488,SLP131,720575940597673830,unknown,downstream
720575940619921488,SLP131,720575940597674086,unknown,downstream
720575940619921488,SLP131,720575940597679462,unknown,downstream
720575940619921488,SLP131,720575940597680230,unknown,downstream
720575940619921488,SLP131,720575940597682278,unknown,downstream
720575940619921488,SLP131,720575940597835918,unknown,downstream
720575940619921488,SLP131,720575940597896334,unknown,downstream
720575940619921488,SLP131,720575940597907598,unknown,downstream
720575940619921488,SLP131,720575940597908110,unknown,downstream
720575940619921488,SLP131,720575940597916144,unknown,downstream
720575940619921488,SLP131,720575940597917936,unknown,downstream
720575940619921488,SLP131,720575940597918192,unknown,downstream
720575940619921488,SLP131,720575940597921678,unknown,downstream
720575940619921488,SLP131,720575940597922190,unknown,downstream
720575940619921488,SLP131,720575940597923214,unknown,downstream
720575940619921488,SLP131,720575940597924750,unknown,downstream
720575940619921488,SLP131,720575940597926542,unknown,downstream
720575940619921488,SLP131,720575940597945742,unknown,downstream
720575940619921488,SLP131,720575940598348552,unknown,downstream
720575940619921488,SLP131,720575940599639961,unknown,downstream
720575940619921488,SLP131,720575940599715981,unknown,downstream
720575940619921488,SLP131,720575940599722830,unknown,downstream
720575940619921488,SLP131,720575940599723086,unknown,downstream
720575940619921488,SLP131,720575940600525002,unknown,downstream
720575940619921488,SLP131,720575940600529098,unknown,downstream
720575940619921488,SLP131,720575940600669199,unknown,downstream
720575940619921488,SLP131,720575940600708155,unknown,downstream
720575940619921488,SLP131,720575940600710715,unknown,downstream
720575940619921488,SLP131,720575940600712251,unknown,downstream
720575940619921488,SLP131,720575940600713787,unknown,downstream
720575940619921488,SLP131,720575940600715835,unknown,downstream
720575940619921488,SLP131,720575940600716859,unknown,downstream
720575940619921488,SLP131,720575940600717371,unknown,downstream
720575940619921488,SLP131,720575940600719163,unknown,downstream
720575940619921488,SLP131,720575940600719419,unknown,downstream
720575940619921488,SLP131,720575940600723259,unknown,downstream
720575940619921488,SLP131,720575940600724283,unknown,downstream
720575940619921488,SLP131,720575940600725051,unknown,downstream
720575940619921488,SLP131,720575940629759364,unknown,downstream
720575940619921488,SLP131,720575940600726075,unknown,downstream
720575940619921488,SLP131,720575940600740923,unknown,downstream
720575940619921488,SLP131,720575940600745019,unknown,downstream
720575940619921488,SLP131,720575940600520138,unknown,downstream
720575940619921488,SLP131,720575940600458299,unknown,downstream
720575940619921488,SLP131,720575940600423760,unknown,downstream
720575940619921488,SLP131,720575940599951107,unknown,downstream
720575940619921488,SLP131,720575940599724110,unknown,downstream
720575940619921488,SLP131,720575940599725134,unknown,downstream
720575940619921488,SLP131,720575940599726414,unknown,downstream
720575940619921488,SLP131,720575940599727950,unknown,downstream
720575940619921488,SLP131,720575940599728206,unknown,downstream
720575940619921488,SLP131,720575940599908867,unknown,downstream
720575940619921488,SLP131,720575940599939168,unknown,downstream
720575940619921488,SLP131,720575940599943776,unknown,downstream
720575940619921488,SLP131,720575940599962883,unknown,downstream
720575940619921488,SLP131,720575940600353851,unknown,downstream
720575940619921488,SLP131,720575940600080643,unknown,downstream
720575940619921488,SLP131,720575940600082435,unknown,downstream
720575940619921488,SLP131,720575940600083459,unknown,downstream
720575940619921488,SLP131,720575940600086019,unknown,downstream
720575940619921488,SLP131,720575940600086531,unknown,downstream
720575940619921488,SLP131,720575940600087043,unknown,downstream
720575940619921488,SLP131,720575940600088067,unknown,downstream
720575940619921488,SLP131,720575940600088323,unknown,downstream
720575940619921488,SLP131,720575940597672294,unknown,downstream
720575940619921488,SLP131,720575940597671782,unknown,downstream
720575940619921488,SLP131,720575940597639270,unknown,downstream
720575940619921488,SLP131,720575940596354072,unknown,downstream
720575940619921488,SLP131,720575940596249624,unknown,downstream
720575940619921488,SLP131,720575940596250136,unknown,downstream
720575940619921488,SLP131,720575940596250904,unknown,downstream
720575940619921488,SLP131,720575940596251160,unknown,downstream
720575940619921488,SLP131,720575940596251416,unknown,downstream
720575940619921488,SLP131,720575940596251928,unknown,downstream
720575940619921488,SLP131,720575940596253464,unknown,downstream
720575940619921488,SLP131,720575940596253720,unknown,downstream
720575940619921488,SLP131,720575940596255000,unknown,downstream
720575940619921488,SLP131,720575940596256792,unknown,downstream
720575940619921488,SLP131,720575940596257048,unknown,downstream
720575940619921488,SLP131,720575940596257816,unknown,downstream
720575940619921488,SLP131,720575940596302104,unknown,downstream
720575940619921488,SLP131,720575940596303384,unknown,downstream
720575940619921488,SLP131,720575940596305432,unknown,downstream
720575940619921488,SLP131,720575940596305688,unknown,downstream
720575940619921488,SLP131,720575940596306200,unknown,downstream
720575940619921488,SLP131,720575940596322584,unknown,downstream
720575940619921488,SLP131,720575940596324888,unknown,downstream
720575940619921488,SLP131,720575940596248856,unknown,downstream
720575940619921488,SLP131,720575940596248088,unknown,downstream
720575940619921488,SLP131,720575940596246171,unknown,downstream
720575940619921488,SLP131,720575940596125155,unknown,downstream
720575940619921488,SLP131,720575940595964532,unknown,downstream
720575940619921488,SLP131,720575940595965812,unknown,downstream
720575940619921488,SLP131,720575940595966068,unknown,downstream
720575940619921488,SLP131,720575940595967092,unknown,downstream
720575940619921488,SLP131,720575940595968628,unknown,downstream
720575940619921488,SLP131,720575940595985012,unknown,downstream
720575940619921488,SLP131,720575940596055128,unknown,downstream
720575940619921488,SLP131,720575940596119523,unknown,downstream
720575940619921488,SLP131,720575940596146075,unknown,downstream
720575940619921488,SLP131,720575940596242587,unknown,downstream
720575940619921488,SLP131,720575940596154381,unknown,downstream
720575940619921488,SLP131,720575940596157851,unknown,downstream
720575940619921488,SLP131,720575940596158363,unknown,downstream
720575940619921488,SLP131,720575940596158619,unknown,downstream
720575940619921488,SLP131,720575940596159387,unknown,downstream
720575940619921488,SLP131,720575940596160781,unknown,downstream
720575940619921488,SLP131,720575940596234520,unknown,downstream
720575940619921488,SLP131,720575940596239640,unknown,downstream
720575940619921488,SLP131,720575940596328984,unknown,downstream
720575940619921488,SLP131,720575940596638274,unknown,downstream
720575940619921488,SLP131,720575940597522591,unknown,downstream
720575940619921488,SLP131,720575940596649406,unknown,downstream
720575940619921488,SLP131,720575940596927057,unknown,downstream
720575940619921488,SLP131,720575940596972882,unknown,downstream
720575940619921488,SLP131,720575940596975186,unknown,downstream
720575940619921488,SLP131,720575940596975698,unknown,downstream
720575940619921488,SLP131,720575940596979026,unknown,downstream
720575940619921488,SLP131,720575940596979282,unknown,downstream
720575940619921488,SLP131,720575940596979538,unknown,downstream
720575940619921488,SLP131,720575940596982354,unknown,downstream
720575940619921488,SLP131,720575940596985170,unknown,downstream
720575940619921488,SLP131,720575940596986706,unknown,downstream
720575940619921488,SLP131,720575940597030661,unknown,downstream
720575940619921488,SLP131,720575940597095250,unknown,downstream
720575940619921488,SLP131,720575940597096038,unknown,downstream
720575940619921488,SLP131,720575940597107026,unknown,downstream
720575940619921488,SLP131,720575940597112914,unknown,downstream
720575940619921488,SLP131,720575940597256095,unknown,downstream
720575940619921488,SLP131,720575940597259679,unknown,downstream
720575940619921488,SLP131,720575940597515935,unknown,downstream
720575940619921488,SLP131,720575940597520799,unknown,downstream
720575940619921488,SLP131,720575940596924753,unknown,downstream
720575940619921488,SLP131,720575940596922961,unknown,downstream
720575940619921488,SLP131,720575940596921425,unknown,downstream
720575940619921488,SLP131,720575940596856401,unknown,downstream
720575940619921488,SLP131,720575940596649918,unknown,downstream
720575940619921488,SLP131,720575940596658110,unknown,downstream
720575940619921488,SLP131,720575940596728470,unknown,downstream
720575940619921488,SLP131,720575940596796709,unknown,downstream
720575940619921488,SLP131,720575940596810322,unknown,downstream
720575940619921488,SLP131,720575940596812626,unknown,downstream
720575940619921488,SLP131,720575940596832594,unknown,downstream
720575940619921488,SLP131,720575940596837714,unknown,downstream
720575940619921488,SLP131,720575940596858449,unknown,downstream
720575940619921488,SLP131,720575940596920657,unknown,downstream
720575940619921488,SLP131,720575940596861265,unknown,downstream
720575940619921488,SLP131,720575940596863057,unknown,downstream
720575940619921488,SLP131,720575940596881700,unknown,downstream
720575940619921488,SLP131,720575940596884561,unknown,downstream
720575940619921488,SLP131,720575940596899781,unknown,downstream
720575940619921488,SLP131,720575940596908485,unknown,downstream
720575940619921488,SLP131,720575940596911159,unknown,downstream
720575940619921488,SLP131,720575940596911927,unknown,downstream
720575940619921488,SLP131,720575940590954766,unknown,downstream
720575940619921488,SLP131,720575940590952718,unknown,downstream
720575940619921488,SLP131,720575940590951950,unknown,downstream
720575940619921488,SLP131,720575940608601901,unknown,downstream
720575940619921488,SLP131,720575940608090069,unknown,downstream
720575940619921488,SLP131,720575940608022573,unknown,downstream
720575940619921488,SLP131,720575940608020269,unknown,downstream
720575940619921488,SLP131,720575940608016429,unknown,downstream
720575940619921488,SLP131,720575940608013613,unknown,downstream
720575940619921488,SLP131,720575940607891401,unknown,downstream
720575940619921488,SLP131,720575940607876732,unknown,downstream
720575940619921488,SLP131,720575940607687063,unknown,downstream
720575940619921488,SLP131,720575940607587196,unknown,downstream
720575940619921488,SLP131,720575940607583612,unknown,downstream
720575940619921488,SLP131,720575940607582844,unknown,downstream
720575940619921488,SLP131,720575940607581820,unknown,downstream
720575940619921488,SLP131,720575940607581308,unknown,downstream
720575940619921488,SLP131,720575940607579772,unknown,downstream
720575940619921488,SLP131,720575940607579516,unknown,downstream
720575940619921488,SLP131,720575940607579260,unknown,downstream
720575940619921488,SLP131,720575940607553831,unknown,downstream
720575940619921488,SLP131,720575940607538608,unknown,downstream
720575940619921488,SLP131,720575940607538096,unknown,downstream
720575940619921488,SLP131,720575940608570413,unknown,downstream
720575940619921488,SLP131,720575940608605485,unknown,downstream
720575940619921488,SLP131,720575940590951694,unknown,downstream
720575940619921488,SLP131,720575940608605997,unknown,downstream
720575940619921488,SLP131,720575940609032919,unknown,downstream
720575940619921488,SLP131,720575940608974549,unknown,downstream
720575940619921488,SLP131,720575940608949486,unknown,downstream
720575940619921488,SLP131,720575940608947182,unknown,downstream
720575940619921488,SLP131,720575940608812782,unknown,downstream
720575940619921488,SLP131,720575940608809454,unknown,downstream
720575940619921488,SLP131,720575940608809362,unknown,downstream
720575940619921488,SLP131,720575940608809198,unknown,downstream
720575940619921488,SLP131,720575940608809106,unknown,downstream
720575940619921488,SLP131,720575940608807314,unknown,downstream
720575940619921488,SLP131,720575940608803566,unknown,downstream
720575940619921488,SLP131,720575940608803054,unknown,downstream
720575940619921488,SLP131,720575940608798446,unknown,downstream
720575940619921488,SLP131,720575940608782435,unknown,downstream
720575940619921488,SLP131,720575940608781667,unknown,downstream
720575940619921488,SLP131,720575940608781411,unknown,downstream
720575940619921488,SLP131,720575940608780387,unknown,downstream
720575940619921488,SLP131,720575940608777315,unknown,downstream
720575940619921488,SLP131,720575940608663253,unknown,downstream
720575940619921488,SLP131,720575940607536304,unknown,downstream
720575940619921488,SLP131,720575940607535280,unknown,downstream
720575940619921488,SLP131,720575940607529648,unknown,downstream
720575940619921488,SLP131,720575940607529136,unknown,downstream
720575940619921488,SLP131,720575940606242147,unknown,downstream
720575940619921488,SLP131,720575940606202723,unknown,downstream
720575940619921488,SLP131,720575940606195043,unknown,downstream
720575940619921488,SLP131,720575940606194531,unknown,downstream
720575940619921488,SLP131,720575940606192995,unknown,downstream
720575940619921488,SLP131,720575940606120616,unknown,downstream
720575940619921488,SLP131,720575940606105000,unknown,downstream
720575940619921488,SLP131,720575940606029923,unknown,downstream
720575940619921488,SLP131,720575940606027619,unknown,downstream
720575940619921488,SLP131,720575940605800412,unknown,downstream
720575940619921488,SLP131,720575940605293184,unknown,downstream
720575940619921488,SLP131,720575940605125152,unknown,downstream
720575940619921488,SLP131,720575940605064126,unknown,downstream
720575940619921488,SLP131,720575940605028017,unknown,downstream
720575940619921488,SLP131,720575940604938660,unknown,downstream
720575940619921488,SLP131,720575940604937892,unknown,downstream
720575940619921488,SLP131,720575940604936612,unknown,downstream
720575940619921488,SLP131,720575940604929889,unknown,downstream
720575940619921488,SLP131,720575940604929633,unknown,downstream
720575940619921488,SLP131,720575940606566857,unknown,downstream
720575940619921488,SLP131,720575940606602362,unknown,downstream
720575940619921488,SLP131,720575940606602874,unknown,downstream
720575940619921488,SLP131,720575940607415505,unknown,downstream
720575940619921488,SLP131,720575940607527088,unknown,downstream
720575940619921488,SLP131,720575940607524272,unknown,downstream
720575940619921488,SLP131,720575940607495856,unknown,downstream
720575940619921488,SLP131,720575940607425489,unknown,downstream
720575940619921488,SLP131,720575940607418065,unknown,downstream
720575940619921488,SLP131,720575940607416529,unknown,downstream
720575940619921488,SLP131,720575940607416273,unknown,downstream
720575940619921488,SLP131,720575940607416240,unknown,downstream
720575940619921488,SLP131,720575940607414737,unknown,downstream
720575940619921488,SLP131,720575940606603130,unknown,downstream
720575940619921488,SLP131,720575940607414225,unknown,downstream
720575940619921488,SLP131,720575940607413457,unknown,downstream
720575940619921488,SLP131,720575940607396903,unknown,downstream
720575940619921488,SLP131,720575940606757041,unknown,downstream
720575940619921488,SLP131,720575940606736988,unknown,downstream
720575940619921488,SLP131,720575940606629809,unknown,downstream
720575940619921488,SLP131,720575940606605178,unknown,downstream
720575940619921488,SLP131,720575940606603386,unknown,downstream
720575940619921488,SLP131,720575940609075699,unknown,downstream
720575940619921488,SLP131,720575940609114839,unknown,downstream
720575940619921488,SLP131,720575940609144023,unknown,downstream
720575940619921488,SLP131,720575940610518768,unknown,downstream
720575940619921488,SLP131,720575940611250497,unknown,downstream
720575940619921488,SLP131,720575940611250241,unknown,downstream
720575940619921488,SLP131,720575940611249729,unknown,downstream
720575940619921488,SLP131,720575940611248449,unknown,downstream
720575940619921488,SLP131,720575940611243841,unknown,downstream
720575940619921488,SLP131,720575940611243585,unknown,downstream
720575940619921488,SLP131,720575940611242049,unknown,downstream
720575940619921488,SLP131,720575940611238209,unknown,downstream
720575940619921488,SLP131,720575940610936304,unknown,downstream
720575940619921488,SLP131,720575940610831249,unknown,downstream
720575940619921488,SLP131,720575940610827665,unknown,downstream
720575940619921488,SLP131,720575940610777233,unknown,downstream
720575940619921488,SLP131,720575940610769553,unknown,downstream
720575940619921488,SLP131,720575940610769297,unknown,downstream
720575940619921488,SLP131,720575940610766993,unknown,downstream
720575940619921488,SLP131,720575940610766737,unknown,downstream
720575940619921488,SLP131,720575940610661701,unknown,downstream
720575940619921488,SLP131,720575940610530800,unknown,downstream
720575940619921488,SLP131,720575940610527216,unknown,downstream
720575940619921488,SLP131,720575940611396846,unknown,downstream
720575940619921488,SLP131,720575940611399406,unknown,downstream
720575940619921488,SLP131,720575940611450315,unknown,downstream
720575940619921488,SLP131,720575940611839470,unknown,downstream
720575940619921488,SLP131,720575940612535533,unknown,downstream
720575940619921488,SLP131,720575940612345441,unknown,downstream
720575940619921488,SLP131,720575940612283253,unknown,downstream
720575940619921488,SLP131,720575940612233968,unknown,downstream
720575940619921488,SLP131,720575940612153746,unknown,downstream
720575940619921488,SLP131,720575940612044750,unknown,downstream
720575940619921488,SLP131,720575940611924394,unknown,downstream
720575940619921488,SLP131,720575940611877614,unknown,downstream
720575940619921488,SLP131,720575940611835630,unknown,downstream
720575940619921488,SLP131,720575940611499665,unknown,downstream
720575940619921488,SLP131,720575940611830225,unknown,downstream
720575940619921488,SLP131,720575940611707281,unknown,downstream
720575940619921488,SLP131,720575940611705489,unknown,downstream
720575940619921488,SLP131,720575940611700369,unknown,downstream
720575940619921488,SLP131,720575940611649010,unknown,downstream
720575940619921488,SLP131,720575940611623630,unknown,downstream
720575940619921488,SLP131,720575940611540033,unknown,downstream
720575940619921488,SLP131,720575940611505102,unknown,downstream
720575940619921488,SLP131,720575940610521328,unknown,downstream
720575940619921488,SLP131,720575940610401093,unknown,downstream
720575940619921488,SLP131,720575940609162820,unknown,downstream
720575940619921488,SLP131,720575940610206533,unknown,downstream
720575940619921488,SLP131,720575940609607013,unknown,downstream
720575940619921488,SLP131,720575940609606757,unknown,downstream
720575940619921488,SLP131,720575940609606501,unknown,downstream
720575940619921488,SLP131,720575940609604709,unknown,downstream
720575940619921488,SLP131,720575940609604453,unknown,downstream
720575940619921488,SLP131,720575940609603941,unknown,downstream
720575940619921488,SLP131,720575940609602405,unknown,downstream
720575940619921488,SLP131,720575940609601381,unknown,downstream
720575940619921488,SLP131,720575940609599739,unknown,downstream
720575940619921488,SLP131,720575940609599333,unknown,downstream
720575940619921488,SLP131,720575940609598565,unknown,downstream
720575940619921488,SLP131,720575940609593339,unknown,downstream
720575940619921488,SLP131,720575940609592396,unknown,downstream
720575940619921488,SLP131,720575940609588219,unknown,downstream
720575940619921488,SLP131,720575940609485563,unknown,downstream
720575940619921488,SLP131,720575940609403886,unknown,downstream
720575940619921488,SLP131,720575940609400558,unknown,downstream
720575940619921488,SLP131,720575940609366504,unknown,downstream
720575940619921488,SLP131,720575940609361651,unknown,downstream
720575940619921488,SLP131,720575940609608293,unknown,downstream
720575940619921488,SLP131,720575940609609829,unknown,downstream
720575940619921488,SLP131,720575940609610085,unknown,downstream
720575940619921488,SLP131,720575940610015790,unknown,downstream
720575940619921488,SLP131,720575940610204229,unknown,downstream
720575940619921488,SLP131,720575940610149383,unknown,downstream
720575940619921488,SLP131,720575940610142727,unknown,downstream
720575940619921488,SLP131,720575940610087687,unknown,downstream
720575940619921488,SLP131,720575940610086919,unknown,downstream
720575940619921488,SLP131,720575940610084871,unknown,downstream
720575940619921488,SLP131,720575940610081543,unknown,downstream
720575940619921488,SLP131,720575940610081287,unknown,downstream
720575940619921488,SLP131,720575940609834308,unknown,downstream
720575940619921488,SLP131,720575940609611109,unknown,downstream
720575940619921488,SLP131,720575940609789128,unknown,downstream
720575940619921488,SLP131,720575940609655035,unknown,downstream
720575940619921488,SLP131,720575940609652731,unknown,downstream
720575940619921488,SLP131,720575940609652219,unknown,downstream
720575940619921488,SLP131,720575940609643273,unknown,downstream
720575940619921488,SLP131,720575940609641979,unknown,downstream
720575940619921488,SLP131,720575940609637371,unknown,downstream
720575940619921488,SLP131,720575940609612901,unknown,downstream
720575940619921488,SLP131,720575940604928609,unknown,downstream
720575940619921488,SLP131,720575940604926561,unknown,downstream
720575940619921488,SLP131,720575940604924769,unknown,downstream
720575940619921488,SLP131,720575940601333007,unknown,downstream
720575940619921488,SLP131,720575940601428917,unknown,downstream
720575940619921488,SLP131,720575940601426101,unknown,downstream
720575940619921488,SLP131,720575940601415348,unknown,downstream
720575940619921488,SLP131,720575940601412020,unknown,downstream
720575940619921488,SLP131,720575940601402548,unknown,downstream
720575940619921488,SLP131,720575940601356469,unknown,downstream
720575940619921488,SLP131,720575940601355957,unknown,downstream
720575940619921488,SLP131,720575940601355701,unknown,downstream
720575940619921488,SLP131,720575940601353397,unknown,downstream
720575940619921488,SLP131,720575940601350581,unknown,downstream
720575940619921488,SLP131,720575940601348367,unknown,downstream
720575940619921488,SLP131,720575940601345295,unknown,downstream
720575940619921488,SLP131,720575940601345039,unknown,downstream
720575940619921488,SLP131,720575940601344783,unknown,downstream
720575940619921488,SLP131,720575940601341711,unknown,downstream
720575940619921488,SLP131,720575940601339407,unknown,downstream
720575940619921488,SLP131,720575940601338639,unknown,downstream
720575940619921488,SLP131,720575940601336335,unknown,downstream
720575940619921488,SLP131,720575940601334543,unknown,downstream
720575940619921488,SLP131,720575940601432335,unknown,downstream
720575940619921488,SLP131,720575940601433615,unknown,downstream
720575940619921488,SLP131,720575940601436175,unknown,downstream
720575940619921488,SLP131,720575940602209174,unknown,downstream
720575940619921488,SLP131,720575940602771235,unknown,downstream
720575940619921488,SLP131,720575940602769955,unknown,downstream
720575940619921488,SLP131,720575940602764323,unknown,downstream
720575940619921488,SLP131,720575940602764067,unknown,downstream
720575940619921488,SLP131,720575940602734883,unknown,downstream
720575940619921488,SLP131,720575940602731043,unknown,downstream
720575940619921488,SLP131,720575940602727203,unknown,downstream
720575940619921488,SLP131,720575940602712867,unknown,downstream
720575940619921488,SLP131,720575940602206870,unknown,downstream
720575940619921488,SLP131,720575940601439503,unknown,downstream
720575940619921488,SLP131,720575940602204054,unknown,downstream
720575940619921488,SLP131,720575940601461263,unknown,downstream
720575940619921488,SLP131,720575940601460239,unknown,downstream
720575940619921488,SLP131,720575940601448463,unknown,downstream
720575940619921488,SLP131,720575940601445903,unknown,downstream
720575940619921488,SLP131,720575940601443343,unknown,downstream
720575940619921488,SLP131,720575940601442575,unknown,downstream
720575940619921488,SLP131,720575940601441039,unknown,downstream
720575940619921488,SLP131,720575940601333263,unknown,downstream
720575940619921488,SLP131,720575940601332751,unknown,downstream
720575940619921488,SLP131,720575940602776611,unknown,downstream
720575940619921488,SLP131,720575940601331727,unknown,downstream
720575940619921488,SLP131,720575940600746043,unknown,downstream
720575940619921488,SLP131,720575940590376094,unknown,downstream
720575940619921488,SLP131,720575940590500855,unknown,downstream
720575940619921488,SLP131,720575940590508535,unknown,downstream
720575940619921488,SLP131,720575940590604190,unknown,downstream
720575940619921488,SLP131,720575940590605214,unknown,downstream
720575940619921488,SLP131,720575940590605726,unknown,downstream
720575940619921488,SLP131,720575940590607006,unknown,downstream
720575940619921488,SLP131,720575940590607262,unknown,downstream
720575940619921488,SLP131,720575940590608030,unknown,downstream
720575940619921488,SLP131,720575940590610334,unknown,downstream
720575940619921488,SLP131,720575940590610846,unknown,downstream
720575940619921488,SLP131,720575940590612126,unknown,downstream
720575940619921488,SLP131,720575940590613406,unknown,downstream
720575940619921488,SLP131,720575940590613662,unknown,downstream
720575940619921488,SLP131,720575940590613918,unknown,downstream
720575940619921488,SLP131,720575940590614430,unknown,downstream
720575940619921488,SLP131,720575940590615454,unknown,downstream
720575940619921488,SLP131,720575940590809766,unknown,downstream
720575940619921488,SLP131,720575940600771387,unknown,downstream
720575940619921488,SLP131,720575940600780347,unknown,downstream
720575940619921488,SLP131,720575940600782651,unknown,downstream
720575940619921488,SLP131,720575940601006924,unknown,downstream
720575940619921488,SLP131,720575940601331471,unknown,downstream
720575940619921488,SLP131,720575940601331215,unknown,downstream
720575940619921488,SLP131,720575940601330959,unknown,downstream
720575940619921488,SLP131,720575940601330191,unknown,downstream
720575940619921488,SLP131,720575940601329423,unknown,downstream
720575940619921488,SLP131,720575940601009996,unknown,downstream
720575940619921488,SLP131,720575940601009228,unknown,downstream
720575940619921488,SLP131,720575940601007948,unknown,downstream
720575940619921488,SLP131,720575940601006156,unknown,downstream
720575940619921488,SLP131,720575940600783419,unknown,downstream
720575940619921488,SLP131,720575940601003852,unknown,downstream
720575940619921488,SLP131,720575940601003340,unknown,downstream
720575940619921488,SLP131,720575940600948182,unknown,downstream
720575940619921488,SLP131,720575940600936150,unknown,downstream
720575940619921488,SLP131,720575940600788027,unknown,downstream
720575940619921488,SLP131,720575940600787003,unknown,downstream
720575940619921488,SLP131,720575940600786235,unknown,downstream
720575940619921488,SLP131,720575940600784699,unknown,downstream
720575940619921488,SLP131,720575940602773539,unknown,downstream
720575940619921488,SLP131,720575940602777635,unknown,downstream
720575940619921488,SLP131,720575940604923745,unknown,downstream
720575940619921488,SLP131,720575940603917464,unknown,downstream
720575940619921488,SLP131,720575940604753046,unknown,downstream
720575940619921488,SLP131,720575940604749655,unknown,downstream
720575940619921488,SLP131,720575940604743767,unknown,downstream
720575940619921488,SLP131,720575940604739927,unknown,downstream
720575940619921488,SLP131,720575940604711255,unknown,downstream
720575940619921488,SLP131,720575940604587095,unknown,downstream
720575940619921488,SLP131,720575940604586839,unknown,downstream
720575940619921488,SLP131,720575940604520625,unknown,downstream
720575940619921488,SLP131,720575940604506083,unknown,downstream
720575940619921488,SLP131,720575940604470240,unknown,downstream
720575940619921488,SLP131,720575940604368074,unknown,downstream
720575940619921488,SLP131,720575940604367306,unknown,downstream
720575940619921488,SLP131,720575940604366794,unknown,downstream
720575940619921488,SLP131,720575940604362954,unknown,downstream
720575940619921488,SLP131,720575940604290623,unknown,downstream
720575940619921488,SLP131,720575940604014232,unknown,downstream
720575940619921488,SLP131,720575940604012696,unknown,downstream
720575940619921488,SLP131,720575940604009624,unknown,downstream
720575940619921488,SLP131,720575940603981536,unknown,downstream
720575940619921488,SLP131,720575940604754534,unknown,downstream
720575940619921488,SLP131,720575940604775255,unknown,downstream
720575940619921488,SLP131,720575940604775511,unknown,downstream
720575940619921488,SLP131,720575940604800343,unknown,downstream
720575940619921488,SLP131,720575940604922977,unknown,downstream
720575940619921488,SLP131,720575940604920417,unknown,downstream
720575940619921488,SLP131,720575940604918625,unknown,downstream
720575940619921488,SLP131,720575940604819364,unknown,downstream
720575940619921488,SLP131,720575940604815012,unknown,downstream
720575940619921488,SLP131,720575940604810148,unknown,downstream
720575940619921488,SLP131,720575940604802135,unknown,downstream
720575940619921488,SLP131,720575940604801879,unknown,downstream
720575940619921488,SLP131,720575940604800087,unknown,downstream
720575940619921488,SLP131,720575940604781143,unknown,downstream
720575940619921488,SLP131,720575940604797015,unknown,downstream
720575940619921488,SLP131,720575940604795991,unknown,downstream
720575940619921488,SLP131,720575940604795479,unknown,downstream
720575940619921488,SLP131,720575940604794711,unknown,downstream
720575940619921488,SLP131,720575940604794199,unknown,downstream
720575940619921488,SLP131,720575940604792663,unknown,downstream
720575940619921488,SLP131,720575940604791383,unknown,downstream
720575940619921488,SLP131,720575940604789847,unknown,downstream
720575940619921488,SLP131,720575940603919256,unknown,downstream
720575940619921488,SLP131,720575940603916952,unknown,downstream
720575940619921488,SLP131,720575940602784291,unknown,downstream
720575940619921488,SLP131,720575940603916440,unknown,downstream
720575940619921488,SLP131,720575940603105582,unknown,downstream
720575940619921488,SLP131,720575940603070766,unknown,downstream
720575940619921488,SLP131,720575940602918883,unknown,downstream
720575940619921488,SLP131,720575940602905891,unknown,downstream
720575940619921488,SLP131,720575940602904099,unknown,downstream
720575940619921488,SLP131,720575940602903587,unknown,downstream
720575940619921488,SLP131,720575940602899747,unknown,downstream
720575940619921488,SLP131,720575940602896931,unknown,downstream
720575940619921488,SLP131,720575940602890019,unknown,downstream
720575940619921488,SLP131,720575940602886179,unknown,downstream
720575940619921488,SLP131,720575940602873379,unknown,downstream
720575940619921488,SLP131,720575940602866467,unknown,downstream
720575940619921488,SLP131,720575940602865443,unknown,downstream
720575940619921488,SLP131,720575940602863907,unknown,downstream
720575940619921488,SLP131,720575940602863139,unknown,downstream
720575940619921488,SLP131,720575940602831587,unknown,downstream
720575940619921488,SLP131,720575940602803747,unknown,downstream
720575940619921488,SLP131,720575940602801699,unknown,downstream
720575940619921488,SLP131,720575940602792483,unknown,downstream
720575940619921488,SLP131,720575940603111982,unknown,downstream
720575940619921488,SLP131,720575940603118126,unknown,downstream
720575940619921488,SLP131,720575940603118638,unknown,downstream
720575940619921488,SLP131,720575940603474478,unknown,downstream
720575940619921488,SLP131,720575940603916184,unknown,downstream
720575940619921488,SLP131,720575940603915160,unknown,downstream
720575940619921488,SLP131,720575940603913880,unknown,downstream
720575940619921488,SLP131,720575940603893216,unknown,downstream
720575940619921488,SLP131,720575940603834008,unknown,downstream
720575940619921488,SLP131,720575940603826072,unknown,downstream
720575940619921488,SLP131,720575940603475502,unknown,downstream
720575940619921488,SLP131,720575940603475246,unknown,downstream
720575940619921488,SLP131,720575940603473710,unknown,downstream
720575940619921488,SLP131,720575940603118894,unknown,downstream
720575940619921488,SLP131,720575940603473198,unknown,downstream
720575940619921488,SLP131,720575940603470894,unknown,downstream
720575940619921488,SLP131,720575940603469870,unknown,downstream
720575940619921488,SLP131,720575940603166254,unknown,downstream
720575940619921488,SLP131,720575940603165998,unknown,downstream
720575940619921488,SLP131,720575940603148590,unknown,downstream
720575940619921488,SLP131,720575940603119918,unknown,downstream
720575940619921488,SLP131,720575940603119150,unknown,downstream
720575940619921488,SLP131,720575940629758596,unknown,downstream
720575940619921488,SLP131,720575940425175900,unknown,downstream
720575940619921488,SLP131,720575940629759620,unknown,downstream
720575940619921488,SLP131,720575940430392175,unknown,downstream
720575940619921488,SLP131,720575940430390885,unknown,downstream
720575940619921488,SLP131,720575940430375013,unknown,downstream
720575940619921488,SLP131,720575940430357032,unknown,downstream
720575940619921488,SLP131,720575940430347365,unknown,downstream
720575940619921488,SLP131,720575940430346853,unknown,downstream
720575940619921488,SLP131,720575940430326824,unknown,downstream
720575940619921488,SLP131,720575940430324837,unknown,downstream
720575940619921488,SLP131,720575940430201640,unknown,downstream
720575940619921488,SLP131,720575940430178637,unknown,downstream
720575940619921488,SLP131,720575940430177869,unknown,downstream
720575940619921488,SLP131,720575940430164813,unknown,downstream
720575940619921488,SLP131,720575940430155853,unknown,downstream
720575940619921488,SLP131,720575940430153293,unknown,downstream
720575940619921488,SLP131,720575940430150989,unknown,downstream
720575940619921488,SLP131,720575940430110541,unknown,downstream
720575940619921488,SLP131,720575940430107213,unknown,downstream
720575940619921488,SLP131,720575940430061901,unknown,downstream
720575940619921488,SLP131,720575940430035021,unknown,downstream
720575940619921488,SLP131,720575940429840197,unknown,downstream
720575940619921488,SLP131,720575940430391397,unknown,downstream
720575940619921488,SLP131,720575940430399589,unknown,downstream
720575940619921488,SLP131,720575940428475784,unknown,downstream
720575940619921488,SLP131,720575940430402661,unknown,downstream
720575940619921488,SLP131,720575940432014577,unknown,downstream
720575940619921488,SLP131,720575940431998193,unknown,downstream
720575940619921488,SLP131,720575940431706658,unknown,downstream
720575940619921488,SLP131,720575940431705634,unknown,downstream
720575940619921488,SLP131,720575940431704610,unknown,downstream
720575940619921488,SLP131,720575940431388333,unknown,downstream
720575940619921488,SLP131,720575940431386797,unknown,downstream
720575940619921488,SLP131,720575940431383981,unknown,downstream
720575940619921488,SLP131,720575940431376045,unknown,downstream
720575940619921488,SLP131,720575940431371437,unknown,downstream
720575940619921488,SLP131,720575940430464613,unknown,downstream
720575940619921488,SLP131,720575940430457701,unknown,downstream
720575940619921488,SLP131,720575940430454117,unknown,downstream
720575940619921488,SLP131,720575940430445925,unknown,downstream
720575940619921488,SLP131,720575940430444389,unknown,downstream
720575940619921488,SLP131,720575940430433637,unknown,downstream
720575940619921488,SLP131,720575940430416741,unknown,downstream
720575940619921488,SLP131,720575940430408293,unknown,downstream
720575940619921488,SLP131,720575940430403685,unknown,downstream
720575940619921488,SLP131,720575940429801541,unknown,downstream
720575940619921488,SLP131,720575940429796677,unknown,downstream
720575940619921488,SLP131,720575940429794373,unknown,downstream
720575940619921488,SLP131,720575940429776709,unknown,downstream
720575940619921488,SLP131,720575940428513279,unknown,downstream
720575940619921488,SLP131,720575940428507784,unknown,downstream
720575940619921488,SLP131,720575940428503176,unknown,downstream
720575940619921488,SLP131,720575940428498687,unknown,downstream
720575940619921488,SLP131,720575940428498431,unknown,downstream
720575940619921488,SLP131,720575940428496895,unknown,downstream
720575940619921488,SLP131,720575940428495615,unknown,downstream
720575940619921488,SLP131,720575940428491144,unknown,downstream
720575940619921488,SLP131,720575940428488703,unknown,downstream
720575940619921488,SLP131,720575940428487679,unknown,downstream
720575940619921488,SLP131,720575940428487423,unknown,downstream
720575940619921488,SLP131,720575940428487304,unknown,downstream
720575940619921488,SLP131,720575940428486399,unknown,downstream
720575940619921488,SLP131,720575940428485887,unknown,downstream
720575940619921488,SLP131,720575940428485768,unknown,downstream
720575940619921488,SLP131,720575940428483839,unknown,downstream
720575940619921488,SLP131,720575940428483583,unknown,downstream
720575940619921488,SLP131,720575940428482440,unknown,downstream
720575940619921488,SLP131,720575940428482184,unknown,downstream
720575940619921488,SLP131,720575940428514303,unknown,downstream
720575940619921488,SLP131,720575940428521983,unknown,downstream
720575940619921488,SLP131,720575940428531199,unknown,downstream
720575940619921488,SLP131,720575940428574600,unknown,downstream
720575940619921488,SLP131,720575940429767237,unknown,downstream
720575940619921488,SLP131,720575940429639493,unknown,downstream
720575940619921488,SLP131,720575940429625925,unknown,downstream
720575940619921488,SLP131,720575940429620293,unknown,downstream
720575940619921488,SLP131,720575940429619781,unknown,downstream
720575940619921488,SLP131,720575940429608005,unknown,downstream
720575940619921488,SLP131,720575940429607749,unknown,downstream
720575940619921488,SLP131,720575940428575112,unknown,downstream
720575940619921488,SLP131,720575940428568456,unknown,downstream
720575940619921488,SLP131,720575940428534920,unknown,downstream
720575940619921488,SLP131,720575940428566152,unknown,downstream
720575940619921488,SLP131,720575940428565384,unknown,downstream
720575940619921488,SLP131,720575940428561800,unknown,downstream
720575940619921488,SLP131,720575940428561544,unknown,downstream
720575940619921488,SLP131,720575940428555656,unknown,downstream
720575940619921488,SLP131,720575940428553608,unknown,downstream
720575940619921488,SLP131,720575940428546815,unknown,downstream
720575940619921488,SLP131,720575940428538760,unknown,downstream
720575940619921488,SLP131,720575940432019441,unknown,downstream
720575940619921488,SLP131,720575940432022001,unknown,downstream
720575940619921488,SLP131,720575940432024817,unknown,downstream
720575940619921488,SLP131,720575940437115319,unknown,downstream
720575940619921488,SLP131,720575940440159075,unknown,downstream
720575940619921488,SLP131,720575940440158819,unknown,downstream
720575940619921488,SLP131,720575940440153955,unknown,downstream
720575940619921488,SLP131,720575940440149091,unknown,downstream
720575940619921488,SLP131,720575940440146531,unknown,downstream
720575940619921488,SLP131,720575940440141411,unknown,downstream
720575940619921488,SLP131,720575940440140387,unknown,downstream
720575940619921488,SLP131,720575940440138851,unknown,downstream
720575940619921488,SLP131,720575940440136035,unknown,downstream
720575940619921488,SLP131,720575940440135779,unknown,downstream
720575940619921488,SLP131,720575940440135267,unknown,downstream
720575940619921488,SLP131,720575940440132451,unknown,downstream
720575940619921488,SLP131,720575940440131427,unknown,downstream
720575940619921488,SLP131,720575940440127587,unknown,downstream
720575940619921488,SLP131,720575940440125283,unknown,downstream
720575940619921488,SLP131,720575940437819686,unknown,downstream
720575940619921488,SLP131,720575940437774374,unknown,downstream
720575940619921488,SLP131,720575940437742886,unknown,downstream
720575940619921488,SLP131,720575940437682470,unknown,downstream
720575940619921488,SLP131,720575940440159331,unknown,downstream
720575940619921488,SLP131,720575940440159843,unknown,downstream
720575940619921488,SLP131,720575940440162659,unknown,downstream
720575940619921488,SLP131,720575940440742340,unknown,downstream
720575940619921488,SLP131,720575940441556904,unknown,downstream
720575940619921488,SLP131,720575940441555880,unknown,downstream
720575940619921488,SLP131,720575940441552296,unknown,downstream
720575940619921488,SLP131,720575940441544872,unknown,downstream
720575940619921488,SLP131,720575940441539496,unknown,downstream
720575940619921488,SLP131,720575940440762052,unknown,downstream
720575940619921488,SLP131,720575940440759236,unknown,downstream
720575940619921488,SLP131,720575940440744520,unknown,downstream
720575940619921488,SLP131,720575940440742216,unknown,downstream
720575940619921488,SLP131,720575940440446869,unknown,downstream
720575940619921488,SLP131,720575940440740424,unknown,downstream
720575940619921488,SLP131,720575940440737476,unknown,downstream
720575940619921488,SLP131,720575940440735048,unknown,downstream
720575940619921488,SLP131,720575940440733636,unknown,downstream
720575940619921488,SLP131,720575940440726212,unknown,downstream
720575940619921488,SLP131,720575940440712776,unknown,downstream
720575940619921488,SLP131,720575940440710984,unknown,downstream
720575940619921488,SLP131,720575940440580299,unknown,downstream
720575940619921488,SLP131,720575940437126839,unknown,downstream
720575940619921488,SLP131,720575940436732942,unknown,downstream
720575940619921488,SLP131,720575940432042225,unknown,downstream
720575940619921488,SLP131,720575940436730382,unknown,downstream
720575940619921488,SLP131,720575940432526659,unknown,downstream
720575940619921488,SLP131,720575940432517955,unknown,downstream
720575940619921488,SLP131,720575940432516163,unknown,downstream
720575940619921488,SLP131,720575940432515907,unknown,downstream
720575940619921488,SLP131,720575940432515651,unknown,downstream
720575940619921488,SLP131,720575940432513603,unknown,downstream
720575940619921488,SLP131,720575940432513091,unknown,downstream
720575940619921488,SLP131,720575940432512579,unknown,downstream
720575940619921488,SLP131,720575940432509763,unknown,downstream
720575940619921488,SLP131,720575940432508995,unknown,downstream
720575940619921488,SLP131,720575940432503619,unknown,downstream
720575940619921488,SLP131,720575940432502851,unknown,downstream
720575940619921488,SLP131,720575940432497219,unknown,downstream
720575940619921488,SLP131,720575940432477507,unknown,downstream
720575940619921488,SLP131,720575940432474691,unknown,downstream
720575940619921488,SLP131,720575940432457988,unknown,downstream
720575940619921488,SLP131,720575940432452612,unknown,downstream
720575940619921488,SLP131,720575940432449284,unknown,downstream
720575940619921488,SLP131,720575940432436803,unknown,downstream
720575940619921488,SLP131,720575940434569909,unknown,downstream
720575940619921488,SLP131,720575940434582709,unknown,downstream
720575940619921488,SLP131,720575940434584745,unknown,downstream
720575940619921488,SLP131,720575940434803433,unknown,downstream
720575940619921488,SLP131,720575940436728590,unknown,downstream
720575940619921488,SLP131,720575940436727822,unknown,downstream
720575940619921488,SLP131,720575940434815977,unknown,downstream
720575940619921488,SLP131,720575940434810345,unknown,downstream
720575940619921488,SLP131,720575940434809833,unknown,downstream
720575940619921488,SLP131,720575940434809321,unknown,downstream
720575940619921488,SLP131,720575940434808297,unknown,downstream
720575940619921488,SLP131,720575940434805993,unknown,downstream
720575940619921488,SLP131,720575940434800617,unknown,downstream
720575940619921488,SLP131,720575940434697193,unknown,downstream
720575940619921488,SLP131,720575940434800105,unknown,downstream
720575940619921488,SLP131,720575940434796521,unknown,downstream
720575940619921488,SLP131,720575940434791145,unknown,downstream
720575940619921488,SLP131,720575940434785769,unknown,downstream
720575940619921488,SLP131,720575940434782441,unknown,downstream
720575940619921488,SLP131,720575940434782185,unknown,downstream
720575940619921488,SLP131,720575940434781417,unknown,downstream
720575940619921488,SLP131,720575940434780393,unknown,downstream
720575940619921488,SLP131,720575940428480392,unknown,downstream
720575940619921488,SLP131,720575940428474111,unknown,downstream
720575940619921488,SLP131,720575940418492803,unknown,downstream
720575940619921488,SLP131,720575940424967877,unknown,downstream
720575940619921488,SLP131,720575940424966341,unknown,downstream
720575940619921488,SLP131,720575940423970191,unknown,downstream
720575940619921488,SLP131,720575940423965071,unknown,downstream
720575940619921488,SLP131,720575940423961487,unknown,downstream
720575940619921488,SLP131,720575940423949455,unknown,downstream
720575940619921488,SLP131,720575940423917037,unknown,downstream
720575940619921488,SLP131,720575940423914733,unknown,downstream
720575940619921488,SLP131,720575940423907053,unknown,downstream
720575940619921488,SLP131,720575940423895277,unknown,downstream
720575940619921488,SLP131,720575940423889645,unknown,downstream
720575940619921488,SLP131,720575940423887597,unknown,downstream
720575940619921488,SLP131,720575940423884525,unknown,downstream
720575940619921488,SLP131,720575940423884269,unknown,downstream
720575940619921488,SLP131,720575940423884013,unknown,downstream
720575940619921488,SLP131,720575940423873261,unknown,downstream
720575940619921488,SLP131,720575940423869933,unknown,downstream
720575940619921488,SLP131,720575940423852269,unknown,downstream
720575940619921488,SLP131,720575940423841517,unknown,downstream
720575940619921488,SLP131,720575940423832301,unknown,downstream
720575940619921488,SLP131,720575940424967365,unknown,downstream
720575940619921488,SLP131,720575940424972997,unknown,downstream
720575940619921488,SLP131,720575940428473087,unknown,downstream
720575940619921488,SLP131,720575940424976581,unknown,downstream
720575940619921488,SLP131,720575940427192239,unknown,downstream
720575940619921488,SLP131,720575940427186351,unknown,downstream
720575940619921488,SLP131,720575940425496239,unknown,downstream
720575940619921488,SLP131,720575940425290625,unknown,downstream
720575940619921488,SLP131,720575940425281665,unknown,downstream
720575940619921488,SLP131,720575940425280129,unknown,downstream
720575940619921488,SLP131,720575940425273217,unknown,downstream
720575940619921488,SLP131,720575940425271681,unknown,downstream
720575940619921488,SLP131,720575940425270913,unknown,downstream
720575940619921488,SLP131,720575940425176156,unknown,downstream
720575940619921488,SLP131,720575940590369694,unknown,downstream
720575940619921488,SLP131,720575940424999365,unknown,downstream
720575940619921488,SLP131,720575940424998853,unknown,downstream
720575940619921488,SLP131,720575940424996549,unknown,downstream
720575940619921488,SLP131,720575940424996293,unknown,downstream
720575940619921488,SLP131,720575940424991429,unknown,downstream
720575940619921488,SLP131,720575940424991173,unknown,downstream
720575940619921488,SLP131,720575940424981189,unknown,downstream
720575940619921488,SLP131,720575940424977093,unknown,downstream
720575940619921488,SLP131,720575940422703515,unknown,downstream
720575940619921488,SLP131,720575940422693019,unknown,downstream
720575940619921488,SLP131,720575940422691995,unknown,downstream
720575940619921488,SLP131,720575940422690459,unknown,downstream
720575940619921488,SLP131,720575940418901624,unknown,downstream
720575940619921488,SLP131,720575940418887032,unknown,downstream
720575940619921488,SLP131,720575940418885240,unknown,downstream
720575940619921488,SLP131,720575940418875768,unknown,downstream
720575940619921488,SLP131,720575940418867320,unknown,downstream
720575940619921488,SLP131,720575940418863480,unknown,downstream
720575940619921488,SLP131,720575940418858360,unknown,downstream
720575940619921488,SLP131,720575940418857592,unknown,downstream
720575940619921488,SLP131,720575940418855288,unknown,downstream
720575940619921488,SLP131,720575940418850680,unknown,downstream
720575940619921488,SLP131,720575940418834040,unknown,downstream
720575940619921488,SLP131,720575940418799224,unknown,downstream
720575940619921488,SLP131,720575940418541699,unknown,downstream
720575940619921488,SLP131,720575940418523267,unknown,downstream
720575940619921488,SLP131,720575940418520707,unknown,downstream
720575940619921488,SLP131,720575940418517379,unknown,downstream
720575940619921488,SLP131,720575940418516867,unknown,downstream
720575940619921488,SLP131,720575940418512003,unknown,downstream
720575940619921488,SLP131,720575940418511491,unknown,downstream
720575940619921488,SLP131,720575940418902136,unknown,downstream
720575940619921488,SLP131,720575940418906232,unknown,downstream
720575940619921488,SLP131,720575940420374093,unknown,downstream
720575940619921488,SLP131,720575940421336078,unknown,downstream
720575940619921488,SLP131,720575940421543082,unknown,downstream
720575940619921488,SLP131,720575940421540010,unknown,downstream
720575940619921488,SLP131,720575940421537706,unknown,downstream
720575940619921488,SLP131,720575940421530282,unknown,downstream
720575940619921488,SLP131,720575940421492650,unknown,downstream
720575940619921488,SLP131,720575940421485226,unknown,downstream
720575940619921488,SLP131,720575940421367566,unknown,downstream
720575940619921488,SLP131,720575940421349646,unknown,downstream
720575940619921488,SLP131,720575940421303822,unknown,downstream
720575940619921488,SLP131,720575940420375885,unknown,downstream
720575940619921488,SLP131,720575940421200414,unknown,downstream
720575940619921488,SLP131,720575940421199902,unknown,downstream
720575940619921488,SLP131,720575940421194014,unknown,downstream
720575940619921488,SLP131,720575940421177116,unknown,downstream
720575940619921488,SLP131,720575940421170460,unknown,downstream
720575940619921488,SLP131,720575940421169948,unknown,downstream
720575940619921488,SLP131,720575940421168924,unknown,downstream
720575940619921488,SLP131,720575940420661143,unknown,downstream
720575940619921488,SLP131,720575940427194543,unknown,downstream
720575940619921488,SLP131,720575940427196079,unknown,downstream
720575940619921488,SLP131,720575940427197103,unknown,downstream
720575940619921488,SLP131,720575940428249468,unknown,downstream
720575940619921488,SLP131,720575940428419464,unknown,downstream
720575940619921488,SLP131,720575940428414856,unknown,downstream
720575940619921488,SLP131,720575940428380927,unknown,downstream
720575940619921488,SLP131,720575940428360191,unknown,downstream
720575940619921488,SLP131,720575940428349695,unknown,downstream
720575940619921488,SLP131,720575940428346623,unknown,downstream
720575940619921488,SLP131,720575940428337407,unknown,downstream
720575940619921488,SLP131,720575940428331775,unknown,downstream
720575940619921488,SLP131,720575940428330495,unknown,downstream
720575940619921488,SLP131,720575940428323071,unknown,downstream
720575940619921488,SLP131,720575940428319231,unknown,downstream
720575940619921488,SLP131,720575940428319108,unknown,downstream
720575940619921488,SLP131,720575940428318084,unknown,downstream
720575940619921488,SLP131,720575940428314623,unknown,downstream
720575940619921488,SLP131,720575940428314367,unknown,downstream
720575940619921488,SLP131,720575940428310271,unknown,downstream
720575940619921488,SLP131,720575940428310015,unknown,downstream
720575940619921488,SLP131,720575940428304639,unknown,downstream
720575940619921488,SLP131,720575940428263548,unknown,downstream
720575940619921488,SLP131,720575940428420488,unknown,downstream
720575940619921488,SLP131,720575940428423304,unknown,downstream
720575940619921488,SLP131,720575940428423560,unknown,downstream
720575940619921488,SLP131,720575940428466312,unknown,downstream
720575940619921488,SLP131,720575940428472319,unknown,downstream
720575940619921488,SLP131,720575940428472063,unknown,downstream
720575940619921488,SLP131,720575940428471176,unknown,downstream
720575940619921488,SLP131,720575940428470664,unknown,downstream
720575940619921488,SLP131,720575940428470408,unknown,downstream
720575940619921488,SLP131,720575940428470015,unknown,downstream
720575940619921488,SLP131,720575940428467592,unknown,downstream
720575940619921488,SLP131,720575940428467199,unknown,downstream
720575940619921488,SLP131,720575940428461823,unknown,downstream
720575940619921488,SLP131,720575940428424072,unknown,downstream
720575940619921488,SLP131,720575940428457215,unknown,downstream
720575940619921488,SLP131,720575940428454143,unknown,downstream
720575940619921488,SLP131,720575940428446975,unknown,downstream
720575940619921488,SLP131,720575940428445832,unknown,downstream
720575940619921488,SLP131,720575940428440063,unknown,downstream
720575940619921488,SLP131,720575940428435711,unknown,downstream
720575940619921488,SLP131,720575940428434568,unknown,downstream
720575940619921488,SLP131,720575940428428680,unknown,downstream
720575940619921488,SLP131,720575940428254332,unknown,downstream
720575940619921488,SLP131,720575940428241532,unknown,downstream
720575940619921488,SLP131,720575940427197871,unknown,downstream
720575940619921488,SLP131,720575940428228732,unknown,downstream
720575940619921488,SLP131,720575940427244463,unknown,downstream
720575940619921488,SLP131,720575940427242927,unknown,downstream
720575940619921488,SLP131,720575940427242159,unknown,downstream
720575940619921488,SLP131,720575940427241135,unknown,downstream
720575940619921488,SLP131,720575940427239855,unknown,downstream
720575940619921488,SLP131,720575940427239599,unknown,downstream
720575940619921488,SLP131,720575940427238831,unknown,downstream
720575940619921488,SLP131,720575940427235503,unknown,downstream
720575940619921488,SLP131,720575940427232687,unknown,downstream
720575940619921488,SLP131,720575940427229103,unknown,downstream
720575940619921488,SLP131,720575940427226287,unknown,downstream
720575940619921488,SLP131,720575940427225775,unknown,downstream
720575940619921488,SLP131,720575940427224751,unknown,downstream
720575940619921488,SLP131,720575940427224495,unknown,downstream
720575940619921488,SLP131,720575940427220911,unknown,downstream
720575940619921488,SLP131,720575940427220655,unknown,downstream
720575940619921488,SLP131,720575940427207855,unknown,downstream
720575940619921488,SLP131,720575940427200687,unknown,downstream
720575940619921488,SLP131,720575940427199151,unknown,downstream
720575940619921488,SLP131,720575940427246255,unknown,downstream
720575940619921488,SLP131,720575940427251887,unknown,downstream
720575940619921488,SLP131,720575940427254447,unknown,downstream
720575940619921488,SLP131,720575940427282607,unknown,downstream
720575940619921488,SLP131,720575940428223100,unknown,downstream
720575940619921488,SLP131,720575940428113705,unknown,downstream
720575940619921488,SLP131,720575940428106025,unknown,downstream
720575940619921488,SLP131,720575940428101161,unknown,downstream
720575940619921488,SLP131,720575940428088617,unknown,downstream
720575940619921488,SLP131,720575940428084265,unknown,downstream
720575940619921488,SLP131,720575940427287727,unknown,downstream
720575940619921488,SLP131,720575940427284399,unknown,downstream
720575940619921488,SLP131,720575940427280303,unknown,downstream
720575940619921488,SLP131,720575940427254959,unknown,downstream
720575940619921488,SLP131,720575940427279791,unknown,downstream
720575940619921488,SLP131,720575940427277743,unknown,downstream
720575940619921488,SLP131,720575940427276975,unknown,downstream
720575940619921488,SLP131,720575940427273647,unknown,downstream
720575940619921488,SLP131,720575940427270575,unknown,downstream
720575940619921488,SLP131,720575940427264943,unknown,downstream
720575940619921488,SLP131,720575940427260847,unknown,downstream
720575940619921488,SLP131,720575940427258031,unknown,downstream
720575940619921488,SLP131,720575940441566376,unknown,downstream
720575940619921488,SLP131,720575940441569192,unknown,downstream
720575940619921488,SLP131,720575940441584040,unknown,downstream
720575940619921488,SLP131,720575940454688568,unknown,downstream
720575940619921488,SLP131,720575940454057545,unknown,downstream
720575940619921488,SLP131,720575940454056521,unknown,downstream
720575940619921488,SLP131,720575940454038345,unknown,downstream
720575940619921488,SLP131,720575940454037577,unknown,downstream
720575940619921488,SLP131,720575940454035529,unknown,downstream
720575940619921488,SLP131,720575940454032457,unknown,downstream
720575940619921488,SLP131,720575940453502161,unknown,downstream
720575940619921488,SLP131,720575940452449436,unknown,downstream
720575940619921488,SLP131,720575940452449180,unknown,downstream
720575940619921488,SLP131,720575940452448412,unknown,downstream
720575940619921488,SLP131,720575940452447900,unknown,downstream
720575940619921488,SLP131,720575940452447132,unknown,downstream
720575940619921488,SLP131,720575940452445852,unknown,downstream
720575940619921488,SLP131,720575940452442012,unknown,downstream
720575940619921488,SLP131,720575940452441756,unknown,downstream
720575940619921488,SLP131,720575940452440476,unknown,downstream
720575940619921488,SLP131,720575940452438940,unknown,downstream
720575940619921488,SLP131,720575940452438428,unknown,downstream
720575940619921488,SLP131,720575940452438172,unknown,downstream
720575940619921488,SLP131,720575940454059849,unknown,downstream
720575940619921488,SLP131,720575940455396633,unknown,downstream
720575940619921488,SLP131,720575940441896063,unknown,downstream
720575940619921488,SLP131,720575940455403545,unknown,downstream
720575940619921488,SLP131,720575940456319706,unknown,downstream
720575940619921488,SLP131,720575940456309466,unknown,downstream
720575940619921488,SLP131,720575940456309210,unknown,downstream
720575940619921488,SLP131,720575940456299994,unknown,downstream
720575940619921488,SLP131,720575940456264154,unknown,downstream
720575940619921488,SLP131,720575940456001941,unknown,downstream
720575940619921488,SLP131,720575940455979669,unknown,downstream
720575940619921488,SLP131,720575940455427609,unknown,downstream
720575940619921488,SLP131,720575940455426073,unknown,downstream
720575940619921488,SLP131,720575940455424025,unknown,downstream
720575940619921488,SLP131,720575940455423257,unknown,downstream
720575940619921488,SLP131,720575940455418393,unknown,downstream
720575940619921488,SLP131,720575940455415833,unknown,downstream
720575940619921488,SLP131,720575940455415321,unknown,downstream
720575940619921488,SLP131,720575940455413273,unknown,downstream
720575940619921488,SLP131,720575940455411225,unknown,downstream
720575940619921488,SLP131,720575940455410713,unknown,downstream
720575940619921488,SLP131,720575940455405593,unknown,downstream
720575940619921488,SLP131,720575940455405337,unknown,downstream
720575940619921488,SLP131,720575940452436124,unknown,downstream
720575940619921488,SLP131,720575940452434588,unknown,downstream
720575940619921488,SLP131,720575940452431516,unknown,downstream
720575940619921488,SLP131,720575940452431260,unknown,downstream
720575940619921488,SLP131,720575940451613766,unknown,downstream
720575940619921488,SLP131,720575940451607622,unknown,downstream
720575940619921488,SLP131,720575940451606598,unknown,downstream
720575940619921488,SLP131,720575940451606086,unknown,downstream
720575940619921488,SLP131,720575940451601222,unknown,downstream
720575940619921488,SLP131,720575940451598662,unknown,downstream
720575940619921488,SLP131,720575940451597894,unknown,downstream
720575940619921488,SLP131,720575940451597126,unknown,downstream
720575940619921488,SLP131,720575940451594310,unknown,downstream
720575940619921488,SLP131,720575940451591750,unknown,downstream
720575940619921488,SLP131,720575940451590726,unknown,downstream
720575940619921488,SLP131,720575940451588422,unknown,downstream
720575940619921488,SLP131,720575940451569990,unknown,downstream
720575940619921488,SLP131,720575940451546438,unknown,downstream
720575940619921488,SLP131,720575940451540038,unknown,downstream
720575940619921488,SLP131,720575940451512362,unknown,downstream
720575940619921488,SLP131,720575940451481130,unknown,downstream
720575940619921488,SLP131,720575940451466538,unknown,downstream
720575940619921488,SLP131,720575940451240232,unknown,downstream
720575940619921488,SLP131,720575940451620934,unknown,downstream
720575940619921488,SLP131,720575940451625542,unknown,downstream
720575940619921488,SLP131,720575940451631686,unknown,downstream
720575940619921488,SLP131,720575940452421276,unknown,downstream
720575940619921488,SLP131,720575940452430236,unknown,downstream
720575940619921488,SLP131,720575940452428700,unknown,downstream
720575940619921488,SLP131,720575940452426908,unknown,downstream
720575940619921488,SLP131,720575940452425884,unknown,downstream
720575940619921488,SLP131,720575940452424092,unknown,downstream
720575940619921488,SLP131,720575940452423836,unknown,downstream
720575940619921488,SLP131,720575940452423324,unknown,downstream
720575940619921488,SLP131,720575940452423068,unknown,downstream
720575940619921488,SLP131,720575940452420764,unknown,downstream
720575940619921488,SLP131,720575940451634502,unknown,downstream
720575940619921488,SLP131,720575940452418204,unknown,downstream
720575940619921488,SLP131,720575940452146408,unknown,downstream
720575940619921488,SLP131,720575940452142312,unknown,downstream
720575940619921488,SLP131,720575940452124392,unknown,downstream
720575940619921488,SLP131,720575940451641158,unknown,downstream
720575940619921488,SLP131,720575940451639878,unknown,downstream
720575940619921488,SLP131,720575940451637318,unknown,downstream
720575940619921488,SLP131,720575940451636806,unknown,downstream
720575940619921488,SLP131,720575940456319962,unknown,downstream
720575940619921488,SLP131,720575940456320730,unknown,downstream
720575940619921488,SLP131,720575940456324826,unknown,downstream
720575940619921488,SLP131,720575940459705571,unknown,downstream
720575940619921488,SLP131,720575940459898555,unknown,downstream
720575940619921488,SLP131,720575940459890875,unknown,downstream
720575940619921488,SLP131,720575940459885243,unknown,downstream
720575940619921488,SLP131,720575940459881915,unknown,downstream
720575940619921488,SLP131,720575940459750627,unknown,downstream
720575940619921488,SLP131,720575940459745763,unknown,downstream
720575940619921488,SLP131,720575940459742947,unknown,downstream
720575940619921488,SLP131,720575940459740643,unknown,downstream
720575940619921488,SLP131,720575940459734243,unknown,downstream
720575940619921488,SLP131,720575940459731683,unknown,downstream
720575940619921488,SLP131,720575940459728611,unknown,downstream
720575940619921488,SLP131,720575940459727587,unknown,downstream
720575940619921488,SLP131,720575940459726819,unknown,downstream
720575940619921488,SLP131,720575940459721187,unknown,downstream
720575940619921488,SLP131,720575940459716323,unknown,downstream
720575940619921488,SLP131,720575940459716067,unknown,downstream
720575940619921488,SLP131,720575940459713251,unknown,downstream
720575940619921488,SLP131,720575940459711459,unknown,downstream
720575940619921488,SLP131,720575940459707619,unknown,downstream
720575940619921488,SLP131,720575940459901883,unknown,downstream
720575940619921488,SLP131,720575940459908027,unknown,downstream
720575940619921488,SLP131,720575940459908539,unknown,downstream
720575940619921488,SLP131,720575940460211246,unknown,downstream
720575940619921488,SLP131,720575940460664384,unknown,downstream
720575940619921488,SLP131,720575940460655168,unknown,downstream
720575940619921488,SLP131,720575940460654656,unknown,downstream
720575940619921488,SLP131,720575940460649536,unknown,downstream
720575940619921488,SLP131,720575940460643648,unknown,downstream
720575940619921488,SLP131,720575940460637248,unknown,downstream
720575940619921488,SLP131,720575940460234030,unknown,downstream
720575940619921488,SLP131,720575940460227630,unknown,downstream
720575940619921488,SLP131,720575940460209454,unknown,downstream
720575940619921488,SLP131,720575940459909563,unknown,downstream
720575940619921488,SLP131,720575940460199726,unknown,downstream
720575940619921488,SLP131,720575940460016021,unknown,downstream
720575940619921488,SLP131,720575940460010389,unknown,downstream
720575940619921488,SLP131,720575940460008853,unknown,downstream
720575940619921488,SLP131,720575940460008085,unknown,downstream
720575940619921488,SLP131,720575940460007573,unknown,downstream
720575940619921488,SLP131,720575940460003221,unknown,downstream
720575940619921488,SLP131,720575940460002197,unknown,downstream
720575940619921488,SLP131,720575940459707363,unknown,downstream
720575940619921488,SLP131,720575940459704035,unknown,downstream
720575940619921488,SLP131,720575940456325082,unknown,downstream
720575940619921488,SLP131,720575940459699171,unknown,downstream
720575940619921488,SLP131,720575940456427738,unknown,downstream
720575940619921488,SLP131,720575940456420058,unknown,downstream
720575940619921488,SLP131,720575940456414938,unknown,downstream
720575940619921488,SLP131,720575940456411354,unknown,downstream
720575940619921488,SLP131,720575940456407258,unknown,downstream
720575940619921488,SLP131,720575940456403162,unknown,downstream
720575940619921488,SLP131,720575940456395738,unknown,downstream
720575940619921488,SLP131,720575940456384218,unknown,downstream
720575940619921488,SLP131,720575940456376538,unknown,downstream
720575940619921488,SLP131,720575940456372698,unknown,downstream
720575940619921488,SLP131,720575940456365786,unknown,downstream
720575940619921488,SLP131,720575940456365018,unknown,downstream
720575940619921488,SLP131,720575940456359130,unknown,downstream
720575940619921488,SLP131,720575940456355034,unknown,downstream
720575940619921488,SLP131,720575940456342234,unknown,downstream
720575940619921488,SLP131,720575940456330202,unknown,downstream
720575940619921488,SLP131,720575940456329946,unknown,downstream
720575940619921488,SLP131,720575940456325850,unknown,downstream
720575940619921488,SLP131,720575940456325338,unknown,downstream
720575940619921488,SLP131,720575940456433114,unknown,downstream
720575940619921488,SLP131,720575940456434650,unknown,downstream
720575940619921488,SLP131,720575940456435930,unknown,downstream
720575940619921488,SLP131,720575940457837310,unknown,downstream
720575940619921488,SLP131,720575940459042051,unknown,downstream
720575940619921488,SLP131,720575940459017475,unknown,downstream
720575940619921488,SLP131,720575940457865726,unknown,downstream
720575940619921488,SLP131,720575940457848115,unknown,downstream
720575940619921488,SLP131,720575940457846014,unknown,downstream
720575940619921488,SLP131,720575940457841918,unknown,downstream
720575940619921488,SLP131,720575940457841662,unknown,downstream
720575940619921488,SLP131,720575940457841459,unknown,downstream
720575940619921488,SLP131,720575940457836851,unknown,downstream
720575940619921488,SLP131,720575940456438234,unknown,downstream
720575940619921488,SLP131,720575940457836798,unknown,downstream
720575940619921488,SLP131,720575940457836595,unknown,downstream
720575940619921488,SLP131,720575940457836083,unknown,downstream
720575940619921488,SLP131,720575940457833779,unknown,downstream
720575940619921488,SLP131,720575940457830963,unknown,downstream
720575940619921488,SLP131,720575940456443354,unknown,downstream
720575940619921488,SLP131,720575940456443098,unknown,downstream
720575940619921488,SLP131,720575940456439514,unknown,downstream
720575940619921488,SLP131,720575940451236904,unknown,downstream
720575940619921488,SLP131,720575940451232040,unknown,downstream
720575940619921488,SLP131,720575940451231784,unknown,downstream
720575940619921488,SLP131,720575940446671801,unknown,downstream
720575940619921488,SLP131,720575940446721721,unknown,downstream
720575940619921488,SLP131,720575940446721209,unknown,downstream
720575940619921488,SLP131,720575940446718393,unknown,downstream
720575940619921488,SLP131,720575940446715064,unknown,downstream
720575940619921488,SLP131,720575940446710713,unknown,downstream
720575940619921488,SLP131,720575940446702265,unknown,downstream
720575940619921488,SLP131,720575940446698425,unknown,downstream
720575940619921488,SLP131,720575940446693049,unknown,downstream
720575940619921488,SLP131,720575940446692793,unknown,downstream
720575940619921488,SLP131,720575940446692537,unknown,downstream
720575940619921488,SLP131,720575940446691513,unknown,downstream
720575940619921488,SLP131,720575940446691257,unknown,downstream
720575940619921488,SLP131,720575940446687929,unknown,downstream
720575940619921488,SLP131,720575940446687673,unknown,downstream
720575940619921488,SLP131,720575940446686649,unknown,downstream
720575940619921488,SLP131,720575940446682297,unknown,downstream
720575940619921488,SLP131,720575940446682041,unknown,downstream
720575940619921488,SLP131,720575940446679993,unknown,downstream
720575940619921488,SLP131,720575940446676409,unknown,downstream
720575940619921488,SLP131,720575940446722489,unknown,downstream
720575940619921488,SLP131,720575940446722745,unknown,downstream
720575940619921488,SLP131,720575940446724793,unknown,downstream
720575940619921488,SLP131,720575940446766265,unknown,downstream
720575940619921488,SLP131,720575940447430632,unknown,downstream
720575940619921488,SLP131,720575940447430376,unknown,downstream
720575940619921488,SLP131,720575940447427304,unknown,downstream
720575940619921488,SLP131,720575940447424744,unknown,downstream
720575940619921488,SLP131,720575940447417576,unknown,downstream
720575940619921488,SLP131,720575940447413992,unknown,downstream
720575940619921488,SLP131,720575940447406312,unknown,downstream
720575940619921488,SLP131,720575940447392744,unknown,downstream
720575940619921488,SLP131,720575940446762681,unknown,downstream
720575940619921488,SLP131,720575940446729401,unknown,downstream
720575940619921488,SLP131,720575940446759609,unknown,downstream
720575940619921488,SLP131,720575940446751417,unknown,downstream
720575940619921488,SLP131,720575940446748857,unknown,downstream
720575940619921488,SLP131,720575940446745017,unknown,downstream
720575940619921488,SLP131,720575940446743225,unknown,downstream
720575940619921488,SLP131,720575940446734009,unknown,downstream
720575940619921488,SLP131,720575940446733753,unknown,downstream
720575940619921488,SLP131,720575940446731449,unknown,downstream
720575940619921488,SLP131,720575940446673081,unknown,downstream
720575940619921488,SLP131,720575940446668473,unknown,downstream
720575940619921488,SLP131,720575940447441640,unknown,downstream
720575940619921488,SLP131,720575940446666169,unknown,downstream
720575940619921488,SLP131,720575940443469980,unknown,downstream
720575940619921488,SLP131,720575940443468700,unknown,downstream
720575940619921488,SLP131,720575940442999520,unknown,downstream
720575940619921488,SLP131,720575940442976480,unknown,downstream
720575940619921488,SLP131,720575940442971616,unknown,downstream
720575940619921488,SLP131,720575940442971104,unknown,downstream
720575940619921488,SLP131,720575940442959328,unknown,downstream
720575940619921488,SLP131,720575940442953440,unknown,downstream
720575940619921488,SLP131,720575940442949344,unknown,downstream
720575940619921488,SLP131,720575940442525815,unknown,downstream
720575940619921488,SLP131,720575940442517623,unknown,downstream
720575940619921488,SLP131,720575940441976447,unknown,downstream
720575940619921488,SLP131,720575940441974655,unknown,downstream
720575940619921488,SLP131,720575940441968767,unknown,downstream
720575940619921488,SLP131,720575940441959039,unknown,downstream
720575940619921488,SLP131,720575940441955967,unknown,downstream
720575940619921488,SLP131,720575940441949823,unknown,downstream
720575940619921488,SLP131,720575940441949567,unknown,downstream
720575940619921488,SLP131,720575940441942143,unknown,downstream
720575940619921488,SLP131,720575940443498652,unknown,downstream
720575940619921488,SLP131,720575940443500444,unknown,downstream
720575940619921488,SLP131,720575940443500700,unknown,downstream
720575940619921488,SLP131,720575940445664316,unknown,downstream
720575940619921488,SLP131,720575940446663865,unknown,downstream
720575940619921488,SLP131,720575940446659769,unknown,downstream
720575940619921488,SLP131,720575940446651321,unknown,downstream
720575940619921488,SLP131,720575940446650553,unknown,downstream
720575940619921488,SLP131,720575940446642105,unknown,downstream
720575940619921488,SLP131,720575940446641593,unknown,downstream
720575940619921488,SLP131,720575940446634169,unknown,downstream
720575940619921488,SLP131,720575940446624441,unknown,downstream
720575940619921488,SLP131,720575940445652284,unknown,downstream
720575940619921488,SLP131,720575940443501724,unknown,downstream
720575940619921488,SLP131,720575940445639740,unknown,downstream
720575940619921488,SLP131,720575940445088668,unknown,downstream
720575940619921488,SLP131,720575940445080732,unknown,downstream
720575940619921488,SLP131,720575940444298249,unknown,downstream
720575940619921488,SLP131,720575940443918927,unknown,downstream
720575940619921488,SLP131,720575940443511452,unknown,downstream
720575940619921488,SLP131,720575940443511196,unknown,downstream
720575940619921488,SLP131,720575940443502748,unknown,downstream
720575940619921488,SLP131,720575940447440360,unknown,downstream
720575940619921488,SLP131,720575940447442920,unknown,downstream
720575940619921488,SLP131,720575940451229480,unknown,downstream
720575940619921488,SLP131,720575940450922966,unknown,downstream
720575940619921488,SLP131,720575940451192616,unknown,downstream
720575940619921488,SLP131,720575940451190312,unknown,downstream
720575940619921488,SLP131,720575940451189800,unknown,downstream
720575940619921488,SLP131,720575940451189288,unknown,downstream
720575940619921488,SLP131,720575940451188008,unknown,downstream
720575940619921488,SLP131,720575940451184424,unknown,downstream
720575940619921488,SLP131,720575940451146276,unknown,downstream
720575940619921488,SLP131,720575940450968278,unknown,downstream
720575940619921488,SLP131,720575940450961878,unknown,downstream
720575940619921488,SLP131,720575940450959318,unknown,downstream
720575940619921488,SLP131,720575940450956246,unknown,downstream
720575940619921488,SLP131,720575940450954966,unknown,downstream
720575940619921488,SLP131,720575940450954198,unknown,downstream
720575940619921488,SLP131,720575940450951382,unknown,downstream
720575940619921488,SLP131,720575940450948310,unknown,downstream
720575940619921488,SLP131,720575940450947542,unknown,downstream
720575940619921488,SLP131,720575940450946518,unknown,downstream
720575940619921488,SLP131,720575940450939606,unknown,downstream
720575940619921488,SLP131,720575940450937814,unknown,downstream
720575940619921488,SLP131,720575940451193128,unknown,downstream
720575940619921488,SLP131,720575940451194152,unknown,downstream
720575940619921488,SLP131,720575940451194408,unknown,downstream
720575940619921488,SLP131,720575940451211560,unknown,downstream
720575940619921488,SLP131,720575940451226664,unknown,downstream
720575940619921488,SLP131,720575940451224360,unknown,downstream
720575940619921488,SLP131,720575940451223848,unknown,downstream
720575940619921488,SLP131,720575940451221288,unknown,downstream
720575940619921488,SLP131,720575940451218216,unknown,downstream
720575940619921488,SLP131,720575940451217448,unknown,downstream
720575940619921488,SLP131,720575940451214888,unknown,downstream
720575940619921488,SLP131,720575940451214120,unknown,downstream
720575940619921488,SLP131,720575940451211304,unknown,downstream
720575940619921488,SLP131,720575940451195176,unknown,downstream
720575940619921488,SLP131,720575940451209512,unknown,downstream
720575940619921488,SLP131,720575940451207208,unknown,downstream
720575940619921488,SLP131,720575940451203624,unknown,downstream
720575940619921488,SLP131,720575940451202856,unknown,downstream
720575940619921488,SLP131,720575940451202600,unknown,downstream
720575940619921488,SLP131,720575940451200296,unknown,downstream
720575940619921488,SLP131,720575940451199272,unknown,downstream
720575940619921488,SLP131,720575940451195688,unknown,downstream
720575940619921488,SLP131,720575940450934486,unknown,downstream
720575940619921488,SLP131,720575940450919126,unknown,downstream
720575940619921488,SLP131,720575940447444712,unknown,downstream
720575940619921488,SLP131,720575940450914262,unknown,downstream
720575940619921488,SLP131,720575940450047564,unknown,downstream
720575940619921488,SLP131,720575940449689490,unknown,downstream
720575940619921488,SLP131,720575940449684114,unknown,downstream
720575940619921488,SLP131,720575940449682867,unknown,downstream
720575940619921488,SLP131,720575940449678994,unknown,downstream
720575940619921488,SLP131,720575940449678259,unknown,downstream
720575940619921488,SLP131,720575940449676723,unknown,downstream
720575940619921488,SLP131,720575940449658035,unknown,downstream
720575940619921488,SLP131,720575940449639603,unknown,downstream
720575940619921488,SLP131,720575940449021907,unknown,downstream
720575940619921488,SLP131,720575940448101204,unknown,downstream
720575940619921488,SLP131,720575940447847822,unknown,downstream
720575940619921488,SLP131,720575940447528936,unknown,downstream
720575940619921488,SLP131,720575940447494888,unknown,downstream
720575940619921488,SLP131,720575940447462747,unknown,downstream
720575940619921488,SLP131,720575940447457115,unknown,downstream
720575940619921488,SLP131,720575940447455835,unknown,downstream
720575940619921488,SLP131,720575940447446875,unknown,downstream
720575940619921488,SLP131,720575940447446760,unknown,downstream
720575940619921488,SLP131,720575940450047820,unknown,downstream
720575940619921488,SLP131,720575940450106956,unknown,downstream
720575940619921488,SLP131,720575940450117452,unknown,downstream
720575940619921488,SLP131,720575940450337834,unknown,downstream
720575940619921488,SLP131,720575940450907094,unknown,downstream
720575940619921488,SLP131,720575940450905814,unknown,downstream
720575940619921488,SLP131,720575940450904790,unknown,downstream
720575940619921488,SLP131,720575940450904534,unknown,downstream
720575940619921488,SLP131,720575940450899926,unknown,downstream
720575940619921488,SLP131,720575940450898390,unknown,downstream
720575940619921488,SLP131,720575940450638752,unknown,downstream
720575940619921488,SLP131,720575940450623392,unknown,downstream
720575940619921488,SLP131,720575940450296874,unknown,downstream
720575940619921488,SLP131,720575940450126668,unknown,downstream
720575940619921488,SLP131,720575940450267434,unknown,downstream
720575940619921488,SLP131,720575940450264362,unknown,downstream
720575940619921488,SLP131,720575940450249770,unknown,downstream
720575940619921488,SLP131,720575940450242858,unknown,downstream
720575940619921488,SLP131,720575940450239786,unknown,downstream
720575940619921488,SLP131,720575940450145612,unknown,downstream
720575940619921488,SLP131,720575940450140236,unknown,downstream
720575940619921488,SLP131,720575940450136652,unknown,downstream
720575940619921488,SLP131,720575940418508931,unknown,downstream
720575940619921488,SLP131,720575940418490499,unknown,downstream
720575940619921488,SLP131,720575940629764215,unknown,downstream
720575940619921488,SLP131,720575940395825942,unknown,downstream
720575940619921488,SLP131,720575940395813639,unknown,downstream
720575940619921488,SLP131,720575940393488503,unknown,downstream
720575940619921488,SLP131,720575940393479287,unknown,downstream
720575940619921488,SLP131,720575940393476727,unknown,downstream
720575940619921488,SLP131,720575940393470839,unknown,downstream
720575940619921488,SLP131,720575940393453175,unknown,downstream
720575940619921488,SLP131,720575940393447543,unknown,downstream
720575940619921488,SLP131,720575940393411959,unknown,downstream
720575940619921488,SLP131,720575940393401975,unknown,downstream
720575940619921488,SLP131,720575940393234039,unknown,downstream
720575940619921488,SLP131,720575940393231479,unknown,downstream
720575940619921488,SLP131,720575940393226359,unknown,downstream
720575940619921488,SLP131,720575940393222775,unknown,downstream
720575940619921488,SLP131,720575940391555190,unknown,downstream
720575940619921488,SLP131,720575940391551606,unknown,downstream
720575940619921488,SLP131,720575940391545206,unknown,downstream
720575940619921488,SLP131,720575940391529334,unknown,downstream
720575940619921488,SLP131,720575940391503222,unknown,downstream
720575940619921488,SLP131,720575940391484278,unknown,downstream
720575940619921488,SLP131,720575940395817223,unknown,downstream
720575940619921488,SLP131,720575940395827975,unknown,downstream
720575940619921488,SLP131,720575940391268434,unknown,downstream
720575940619921488,SLP131,720575940395836167,unknown,downstream
720575940619921488,SLP131,720575940397582265,unknown,downstream
720575940619921488,SLP131,720575940397581753,unknown,downstream
720575940619921488,SLP131,720575940397581497,unknown,downstream
720575940619921488,SLP131,720575940397579449,unknown,downstream
720575940619921488,SLP131,720575940397577145,unknown,downstream
720575940619921488,SLP131,720575940397573049,unknown,downstream
720575940619921488,SLP131,720575940397567673,unknown,downstream
720575940619921488,SLP131,720575940397566649,unknown,downstream
720575940619921488,SLP131,720575940397563321,unknown,downstream
720575940619921488,SLP131,720575940397559993,unknown,downstream
720575940619921488,SLP131,720575940397559481,unknown,downstream
720575940619921488,SLP131,720575940397550521,unknown,downstream
720575940619921488,SLP131,720575940397531065,unknown,downstream
720575940619921488,SLP131,720575940397527481,unknown,downstream
720575940619921488,SLP131,720575940395845895,unknown,downstream
720575940619921488,SLP131,720575940395845654,unknown,downstream
720575940619921488,SLP131,720575940395843335,unknown,downstream
720575940619921488,SLP131,720575940395841046,unknown,downstream
720575940619921488,SLP131,720575940395836679,unknown,downstream
720575940619921488,SLP131,720575940391483766,unknown,downstream
720575940619921488,SLP131,720575940391480438,unknown,downstream
720575940619921488,SLP131,720575940391474550,unknown,downstream
720575940619921488,SLP131,720575940391469942,unknown,downstream
720575940619921488,SLP131,720575940391316050,unknown,downstream
720575940619921488,SLP131,720575940391310674,unknown,downstream
720575940619921488,SLP131,720575940391305554,unknown,downstream
720575940619921488,SLP131,720575940391302994,unknown,downstream
720575940619921488,SLP131,720575940391300434,unknown,downstream
720575940619921488,SLP131,720575940391298642,unknown,downstream
720575940619921488,SLP131,720575940391298130,unknown,downstream
720575940619921488,SLP131,720575940391290450,unknown,downstream
720575940619921488,SLP131,720575940391287890,unknown,downstream
720575940619921488,SLP131,720575940391286866,unknown,downstream
720575940619921488,SLP131,720575940391284562,unknown,downstream
720575940619921488,SLP131,720575940391283282,unknown,downstream
720575940619921488,SLP131,720575940391280978,unknown,downstream
720575940619921488,SLP131,720575940391280210,unknown,downstream
720575940619921488,SLP131,720575940391279954,unknown,downstream
720575940619921488,SLP131,720575940391277138,unknown,downstream
720575940619921488,SLP131,720575940391274322,unknown,downstream
720575940619921488,SLP131,720575940391274066,unknown,downstream
720575940619921488,SLP131,720575940391273298,unknown,downstream
720575940619921488,SLP131,720575940391334738,unknown,downstream
720575940619921488,SLP131,720575940391335762,unknown,downstream
720575940619921488,SLP131,720575940391337042,unknown,downstream
720575940619921488,SLP131,720575940391363410,unknown,downstream
720575940619921488,SLP131,720575940391469686,unknown,downstream
720575940619921488,SLP131,720575940391466358,unknown,downstream
720575940619921488,SLP131,720575940391466102,unknown,downstream
720575940619921488,SLP131,720575940391465846,unknown,downstream
720575940619921488,SLP131,720575940391463542,unknown,downstream
720575940619921488,SLP131,720575940391463030,unknown,downstream
720575940619921488,SLP131,720575940391458934,unknown,downstream
720575940619921488,SLP131,720575940391458166,unknown,downstream
720575940619921488,SLP131,720575940391363154,unknown,downstream
720575940619921488,SLP131,720575940391340626,unknown,downstream
720575940619921488,SLP131,720575940391361874,unknown,downstream
720575940619921488,SLP131,720575940391361362,unknown,downstream
720575940619921488,SLP131,720575940391360082,unknown,downstream
720575940619921488,SLP131,720575940391359570,unknown,downstream
720575940619921488,SLP131,720575940391357778,unknown,downstream
720575940619921488,SLP131,720575940391357522,unknown,downstream
720575940619921488,SLP131,720575940391346770,unknown,downstream
720575940619921488,SLP131,720575940391341906,unknown,downstream
720575940619921488,SLP131,720575940397583289,unknown,downstream
720575940619921488,SLP131,720575940397590457,unknown,downstream
720575940619921488,SLP131,720575940397594809,unknown,downstream
720575940619921488,SLP131,720575940402457913,unknown,downstream
720575940619921488,SLP131,720575940402727426,unknown,downstream
720575940619921488,SLP131,720575940402722818,unknown,downstream
720575940619921488,SLP131,720575940402720258,unknown,downstream
720575940619921488,SLP131,720575940402720002,unknown,downstream
720575940619921488,SLP131,720575940402717698,unknown,downstream
720575940619921488,SLP131,720575940402717186,unknown,downstream
720575940619921488,SLP131,720575940402715650,unknown,downstream
720575940619921488,SLP131,720575940402710530,unknown,downstream
720575940619921488,SLP131,720575940402708994,unknown,downstream
720575940619921488,SLP131,720575940402708226,unknown,downstream
720575940619921488,SLP131,720575940402699522,unknown,downstream
720575940619921488,SLP131,720575940402697986,unknown,downstream
720575940619921488,SLP131,720575940402691586,unknown,downstream
720575940619921488,SLP131,720575940402688002,unknown,downstream
720575940619921488,SLP131,720575940402686722,unknown,downstream
720575940619921488,SLP131,720575940402681858,unknown,downstream
720575940619921488,SLP131,720575940402674690,unknown,downstream
720575940619921488,SLP131,720575940402671106,unknown,downstream
720575940619921488,SLP131,720575940402654722,unknown,downstream
720575940619921488,SLP131,720575940402728450,unknown,downstream
720575940619921488,SLP131,720575940402728962,unknown,downstream
720575940619921488,SLP131,720575940402729474,unknown,downstream
720575940619921488,SLP131,720575940402768898,unknown,downstream
720575940619921488,SLP131,720575940404296094,unknown,downstream
720575940619921488,SLP131,720575940404039941,unknown,downstream
720575940619921488,SLP131,720575940403876338,unknown,downstream
720575940619921488,SLP131,720575940403873522,unknown,downstream
720575940619921488,SLP131,720575940403873266,unknown,downstream
720575940619921488,SLP131,720575940403868914,unknown,downstream
720575940619921488,SLP131,720575940403857650,unknown,downstream
720575940619921488,SLP131,720575940403838706,unknown,downstream
720575940619921488,SLP131,720575940402766338,unknown,downstream
720575940619921488,SLP131,720575940402732802,unknown,downstream
720575940619921488,SLP131,720575940402761218,unknown,downstream
720575940619921488,SLP131,720575940402749954,unknown,downstream
720575940619921488,SLP131,720575940402748418,unknown,downstream
720575940619921488,SLP131,720575940402747650,unknown,downstream
720575940619921488,SLP131,720575940402744322,unknown,downstream
720575940619921488,SLP131,720575940402738178,unknown,downstream
720575940619921488,SLP131,720575940402735874,unknown,downstream
720575940619921488,SLP131,720575940402734338,unknown,downstream
720575940619921488,SLP131,720575940402587138,unknown,downstream
720575940619921488,SLP131,720575940402443065,unknown,downstream
720575940619921488,SLP131,720575940397599161,unknown,downstream
720575940619921488,SLP131,720575940402439481,unknown,downstream
720575940619921488,SLP131,720575940400450053,unknown,downstream
720575940619921488,SLP131,720575940400443141,unknown,downstream
720575940619921488,SLP131,720575940400435973,unknown,downstream
720575940619921488,SLP131,720575940398255548,unknown,downstream
720575940619921488,SLP131,720575940398234300,unknown,downstream
720575940619921488,SLP131,720575940398227644,unknown,downstream
720575940619921488,SLP131,720575940398223548,unknown,downstream
720575940619921488,SLP131,720575940398211004,unknown,downstream
720575940619921488,SLP131,720575940397680569,unknown,downstream
720575940619921488,SLP131,720575940397674681,unknown,downstream
720575940619921488,SLP131,720575940397663673,unknown,downstream
720575940619921488,SLP131,720575940397661369,unknown,downstream
720575940619921488,SLP131,720575940397660345,unknown,downstream
720575940619921488,SLP131,720575940397660089,unknown,downstream
720575940619921488,SLP131,720575940397648569,unknown,downstream
720575940619921488,SLP131,720575940397632045,unknown,downstream
720575940619921488,SLP131,720575940397621177,unknown,downstream
720575940619921488,SLP131,720575940397618221,unknown,downstream
720575940619921488,SLP131,720575940397599417,unknown,downstream
720575940619921488,SLP131,720575940400453125,unknown,downstream
720575940619921488,SLP131,720575940400456453,unknown,downstream
720575940619921488,SLP131,720575940400457989,unknown,downstream
720575940619921488,SLP131,720575940401395690,unknown,downstream
720575940619921488,SLP131,720575940402432057,unknown,downstream
720575940619921488,SLP131,720575940402429753,unknown,downstream
720575940619921488,SLP131,720575940402045441,unknown,downstream
720575940619921488,SLP131,720575940402041857,unknown,downstream
720575940619921488,SLP131,720575940402034177,unknown,downstream
720575940619921488,SLP131,720575940402017025,unknown,downstream
720575940619921488,SLP131,720575940401428156,unknown,downstream
720575940619921488,SLP131,720575940401400810,unknown,downstream
720575940619921488,SLP131,720575940401384682,unknown,downstream
720575940619921488,SLP131,720575940400462597,unknown,downstream
720575940619921488,SLP131,720575940401379818,unknown,downstream
720575940619921488,SLP131,720575940400494853,unknown,downstream
720575940619921488,SLP131,720575940400489989,unknown,downstream
720575940619921488,SLP131,720575940400474629,unknown,downstream
720575940619921488,SLP131,720575940400474117,unknown,downstream
720575940619921488,SLP131,720575940400470533,unknown,downstream
720575940619921488,SLP131,720575940400468997,unknown,downstream
720575940619921488,SLP131,720575940400467717,unknown,downstream
720575940619921488,SLP131,720575940391270738,unknown,downstream
720575940619921488,SLP131,720575940391262546,unknown,downstream
720575940619921488,SLP131,720575940418489475,unknown,downstream
720575940619921488,SLP131,720575940634779364,unknown,downstream
720575940619921488,SLP131,720575940634778596,unknown,downstream
720575940619921488,SLP131,720575940634777828,unknown,downstream
720575940619921488,SLP131,720575940634773732,unknown,downstream
720575940619921488,SLP131,720575940634709729,unknown,downstream
720575940619921488,SLP131,720575940634520736,unknown,downstream
720575940619921488,SLP131,720575940634496672,unknown,downstream
720575940619921488,SLP131,720575940634493088,unknown,downstream
720575940619921488,SLP131,720575940634492320,unknown,downstream
720575940619921488,SLP131,720575940634426016,unknown,downstream
720575940619921488,SLP131,720575940634398047,unknown,downstream
720575940619921488,SLP131,720575940634144703,unknown,downstream
720575940619921488,SLP131,720575940634081899,unknown,downstream
720575940619921488,SLP131,720575940633787309,unknown,downstream
720575940619921488,SLP131,720575940633677538,unknown,downstream
720575940619921488,SLP131,720575940633616588,unknown,downstream
720575940619921488,SLP131,720575940633319287,unknown,downstream
720575940619921488,SLP131,720575940632931298,unknown,downstream
720575940619921488,SLP131,720575940632922338,unknown,downstream
720575940619921488,SLP131,720575940632415257,unknown,downstream
720575940619921488,SLP131,720575940634779108,unknown,downstream
720575940619921488,SLP131,720575940634781668,unknown,downstream
720575940619921488,SLP131,720575940391261266,unknown,downstream
720575940619921488,SLP131,720575940634781924,unknown,downstream
720575940619921488,SLP131,720575940637749848,unknown,downstream
720575940619921488,SLP131,720575940637559182,unknown,downstream
720575940619921488,SLP131,720575940637274852,unknown,downstream
720575940619921488,SLP131,720575940637188836,unknown,downstream
720575940619921488,SLP131,720575940636708318,unknown,downstream
720575940619921488,SLP131,720575940636524777,unknown,downstream
720575940619921488,SLP131,720575940636066167,unknown,downstream
720575940619921488,SLP131,720575940635887246,unknown,downstream
720575940619921488,SLP131,720575940635807130,unknown,downstream
720575940619921488,SLP131,720575940635788607,unknown,downstream
720575940619921488,SLP131,720575940635256500,unknown,downstream
720575940619921488,SLP131,720575940635129952,unknown,downstream
720575940619921488,SLP131,720575940635113976,unknown,downstream
720575940619921488,SLP131,720575940634948068,unknown,downstream
720575940619921488,SLP131,720575940634814180,unknown,downstream
720575940619921488,SLP131,720575940634806176,unknown,downstream
720575940619921488,SLP131,720575940634797216,unknown,downstream
720575940619921488,SLP131,720575940634788768,unknown,downstream
720575940619921488,SLP131,720575940634786976,unknown,downstream
720575940619921488,SLP131,720575940632342244,unknown,downstream
720575940619921488,SLP131,720575940632317924,unknown,downstream
720575940619921488,SLP131,720575940632317156,unknown,downstream
720575940619921488,SLP131,720575940632308452,unknown,downstream
720575940619921488,SLP131,720575940630765742,unknown,downstream
720575940619921488,SLP131,720575940630765486,unknown,downstream
720575940619921488,SLP131,720575940630764462,unknown,downstream
720575940619921488,SLP131,720575940630761342,unknown,downstream
720575940619921488,SLP131,720575940630669562,unknown,downstream
720575940619921488,SLP131,720575940630655662,unknown,downstream
720575940619921488,SLP131,720575940630535030,unknown,downstream
720575940619921488,SLP131,720575940630317942,unknown,downstream
720575940619921488,SLP131,720575940630294391,unknown,downstream
720575940619921488,SLP131,720575940630214782,unknown,downstream
720575940619921488,SLP131,720575940630114167,unknown,downstream
720575940619921488,SLP131,720575940630053038,unknown,downstream
720575940619921488,SLP131,720575940630052526,unknown,downstream
720575940619921488,SLP131,720575940630006735,unknown,downstream
720575940619921488,SLP131,720575940629976708,unknown,downstream
720575940619921488,SLP131,720575940629976027,unknown,downstream
720575940619921488,SLP131,720575940629932164,unknown,downstream
720575940619921488,SLP131,720575940629910543,unknown,downstream
720575940619921488,SLP131,720575940629794348,unknown,downstream
720575940619921488,SLP131,720575940630767278,unknown,downstream
720575940619921488,SLP131,720575940630799042,unknown,downstream
720575940619921488,SLP131,720575940631024462,unknown,downstream
720575940619921488,SLP131,720575940631955938,unknown,downstream
720575940619921488,SLP131,720575940632307684,unknown,downstream
720575940619921488,SLP131,720575940632306404,unknown,downstream
720575940619921488,SLP131,720575940632305380,unknown,downstream
720575940619921488,SLP131,720575940632182756,unknown,downstream
720575940619921488,SLP131,720575940632182244,unknown,downstream
720575940619921488,SLP131,720575940632181220,unknown,downstream
720575940619921488,SLP131,720575940632173796,unknown,downstream
720575940619921488,SLP131,720575940632013387,unknown,downstream
720575940619921488,SLP131,720575940631783372,unknown,downstream
720575940619921488,SLP131,720575940631037711,unknown,downstream
720575940619921488,SLP131,720575940631661869,unknown,downstream
720575940619921488,SLP131,720575940631617347,unknown,downstream
720575940619921488,SLP131,720575940631135406,unknown,downstream
720575940619921488,SLP131,720575940631134894,unknown,downstream
720575940619921488,SLP131,720575940631117842,unknown,downstream
720575940619921488,SLP131,720575940631100620,unknown,downstream
720575940619921488,SLP131,720575940631057838,unknown,downstream
720575940619921488,SLP131,720575940631057326,unknown,downstream
720575940619921488,SLP131,720575940637956698,unknown,downstream
720575940619921488,SLP131,720575940638630478,unknown,downstream
720575940619921488,SLP131,720575940638674035,unknown,downstream
720575940619921488,SLP131,720575940390321878,unknown,downstream
720575940619921488,SLP131,720575940391040594,unknown,downstream
720575940619921488,SLP131,720575940391037778,unknown,downstream
720575940619921488,SLP131,720575940391035986,unknown,downstream
720575940619921488,SLP131,720575940391033938,unknown,downstream
720575940619921488,SLP131,720575940391032402,unknown,downstream
720575940619921488,SLP131,720575940391031890,unknown,downstream
720575940619921488,SLP131,720575940391026514,unknown,downstream
720575940619921488,SLP131,720575940391024722,unknown,downstream
720575940619921488,SLP131,720575940391022418,unknown,downstream
720575940619921488,SLP131,720575940391020114,unknown,downstream
720575940619921488,SLP131,720575940390984530,unknown,downstream
720575940619921488,SLP131,720575940390384086,unknown,downstream
720575940619921488,SLP131,720575940390379990,unknown,downstream
720575940619921488,SLP131,720575940390367446,unknown,downstream
720575940619921488,SLP131,720575940390363350,unknown,downstream
720575940619921488,SLP131,720575940390361558,unknown,downstream
720575940619921488,SLP131,720575940390360278,unknown,downstream
720575940619921488,SLP131,720575940390357974,unknown,downstream
720575940619921488,SLP131,720575940390350038,unknown,downstream
720575940619921488,SLP131,720575940391040850,unknown,downstream
720575940619921488,SLP131,720575940391043410,unknown,downstream
720575940619921488,SLP131,720575940391043922,unknown,downstream
720575940619921488,SLP131,720575940391064658,unknown,downstream
720575940619921488,SLP131,720575940391258450,unknown,downstream
720575940619921488,SLP131,720575940391238482,unknown,downstream
720575940619921488,SLP131,720575940391238226,unknown,downstream
720575940619921488,SLP131,720575940391227218,unknown,downstream
720575940619921488,SLP131,720575940391072594,unknown,downstream
720575940619921488,SLP131,720575940391069010,unknown,downstream
720575940619921488,SLP131,720575940391066962,unknown,downstream
720575940619921488,SLP131,720575940391064914,unknown,downstream
720575940619921488,SLP131,720575940391059026,unknown,downstream
720575940619921488,SLP131,720575940391046994,unknown,downstream
720575940619921488,SLP131,720575940391055442,unknown,downstream
720575940619921488,SLP131,720575940391053138,unknown,downstream
720575940619921488,SLP131,720575940391052882,unknown,downstream
720575940619921488,SLP131,720575940391052114,unknown,downstream
720575940619921488,SLP131,720575940391050322,unknown,downstream
720575940619921488,SLP131,720575940391049810,unknown,downstream
720575940619921488,SLP131,720575940391049042,unknown,downstream
720575940619921488,SLP131,720575940391048018,unknown,downstream
720575940619921488,SLP131,720575940390338006,unknown,downstream
720575940619921488,SLP131,720575940390095062,unknown,downstream
720575940619921488,SLP131,720575940638791843,unknown,downstream
720575940619921488,SLP131,720575940390085334,unknown,downstream
720575940619921488,SLP131,720575940644585764,unknown,downstream
720575940619921488,SLP131,720575940643863496,unknown,downstream
720575940619921488,SLP131,720575940643008968,unknown,downstream
720575940619921488,SLP131,720575940642889508,unknown,downstream
720575940619921488,SLP131,720575940642428405,unknown,downstream
720575940619921488,SLP131,720575940642331533,unknown,downstream
720575940619921488,SLP131,720575940641701328,unknown,downstream
720575940619921488,SLP131,720575940641687504,unknown,downstream
720575940619921488,SLP131,720575940641518733,unknown,downstream
720575940619921488,SLP131,720575940641243381,unknown,downstream
720575940619921488,SLP131,720575940640636221,unknown,downstream
720575940619921488,SLP131,720575940640562651,unknown,downstream
720575940619921488,SLP131,720575940640486205,unknown,downstream
720575940619921488,SLP131,720575940640195773,unknown,downstream
720575940619921488,SLP131,720575940640070797,unknown,downstream
720575940619921488,SLP131,720575940639290019,unknown,downstream
720575940619921488,SLP131,720575940639139280,unknown,downstream
720575940619921488,SLP131,720575940639122640,unknown,downstream
720575940619921488,SLP131,720575940639072189,unknown,downstream
720575940619921488,SLP131,720575940645601572,unknown,downstream
720575940619921488,SLP131,720575940646332036,unknown,downstream
720575940619921488,SLP131,720575940646353443,unknown,downstream
720575940619921488,SLP131,720575940390064086,unknown,downstream
720575940619921488,SLP131,720575940390079702,unknown,downstream
720575940619921488,SLP131,720575940390079190,unknown,downstream
720575940619921488,SLP131,720575940390077910,unknown,downstream
720575940619921488,SLP131,720575940390077398,unknown,downstream
720575940619921488,SLP131,720575940390073814,unknown,downstream
720575940619921488,SLP131,720575940390073302,unknown,downstream
720575940619921488,SLP131,720575940390068438,unknown,downstream
720575940619921488,SLP131,720575940390067158,unknown,downstream
720575940619921488,SLP131,720575940384672155,unknown,downstream
720575940619921488,SLP131,720575940646532228,unknown,downstream
720575940619921488,SLP131,720575940384627099,unknown,downstream
720575940619921488,SLP131,720575940661138817,unknown,downstream
720575940619921488,SLP131,720575940384622235,unknown,downstream
720575940619921488,SLP131,720575940653095670,unknown,downstream
720575940619921488,SLP131,720575940651570678,unknown,downstream
720575940619921488,SLP131,720575940649581433,unknown,downstream
720575940619921488,SLP131,720575940648669060,unknown,downstream
720575940619921488,SLP131,720575940647473796,unknown,downstream
720575940619921488,SLP131,720575940404296606,unknown,downstream
720575940619921488,SLP131,720575940404307139,unknown,downstream
720575940619921488,SLP131,720575940404312515,unknown,downstream
720575940619921488,SLP131,720575940414856787,unknown,downstream
720575940619921488,SLP131,720575940414795496,unknown,downstream
720575940619921488,SLP131,720575940414790120,unknown,downstream
720575940619921488,SLP131,720575940414786792,unknown,downstream
720575940619921488,SLP131,720575940413934309,unknown,downstream
720575940619921488,SLP131,720575940413902355,unknown,downstream
720575940619921488,SLP131,720575940413452012,unknown,downstream
720575940619921488,SLP131,720575940413235368,unknown,downstream
720575940619921488,SLP131,720575940413233320,unknown,downstream
720575940619921488,SLP131,720575940413233064,unknown,downstream
720575940619921488,SLP131,720575940413232040,unknown,downstream
720575940619921488,SLP131,720575940413231528,unknown,downstream
720575940619921488,SLP131,720575940413229736,unknown,downstream
720575940619921488,SLP131,720575940413229480,unknown,downstream
720575940619921488,SLP131,720575940413226408,unknown,downstream
720575940619921488,SLP131,720575940413225384,unknown,downstream
720575940619921488,SLP131,720575940413224104,unknown,downstream
720575940619921488,SLP131,720575940413216936,unknown,downstream
720575940619921488,SLP131,720575940413213864,unknown,downstream
720575940619921488,SLP131,720575940413211816,unknown,downstream
720575940619921488,SLP131,720575940414843475,unknown,downstream
720575940619921488,SLP131,720575940414858835,unknown,downstream
720575940619921488,SLP131,720575940404316099,unknown,downstream
720575940619921488,SLP131,720575940414860115,unknown,downstream
720575940619921488,SLP131,720575940415497172,unknown,downstream
720575940619921488,SLP131,720575940415486164,unknown,downstream
720575940619921488,SLP131,720575940415287840,unknown,downstream
720575940619921488,SLP131,720575940415279392,unknown,downstream
720575940619921488,SLP131,720575940415266336,unknown,downstream
720575940619921488,SLP131,720575940415265824,unknown,downstream
720575940619921488,SLP131,720575940415225545,unknown,downstream
720575940619921488,SLP131,720575940415225289,unknown,downstream
720575940619921488,SLP131,720575940415216585,unknown,downstream
720575940619921488,SLP131,720575940415214537,unknown,downstream
720575940619921488,SLP131,720575940415201993,unknown,downstream
720575940619921488,SLP131,720575940415190985,unknown,downstream
720575940619921488,SLP131,720575940415053992,unknown,downstream
720575940619921488,SLP131,720575940414894163,unknown,downstream
720575940619921488,SLP131,720575940414893139,unknown,downstream
720575940619921488,SLP131,720575940414878291,unknown,downstream
720575940619921488,SLP131,720575940414873683,unknown,downstream
720575940619921488,SLP131,720575940414868819,unknown,downstream
720575940619921488,SLP131,720575940414860468,unknown,downstream
720575940619921488,SLP131,720575940413210792,unknown,downstream
720575940619921488,SLP131,720575940413208488,unknown,downstream
720575940619921488,SLP131,720575940413204904,unknown,downstream
720575940619921488,SLP131,720575940413204648,unknown,downstream
720575940619921488,SLP131,720575940413138600,unknown,downstream
720575940619921488,SLP131,720575940413125032,unknown,downstream
720575940619921488,SLP131,720575940413113000,unknown,downstream
720575940619921488,SLP131,720575940412988800,unknown,downstream
720575940619921488,SLP131,720575940412988288,unknown,downstream
720575940619921488,SLP131,720575940412983680,unknown,downstream
720575940619921488,SLP131,720575940412980096,unknown,downstream
720575940619921488,SLP131,720575940412966528,unknown,downstream
720575940619921488,SLP131,720575940412960128,unknown,downstream
720575940619921488,SLP131,720575940412954752,unknown,downstream
720575940619921488,SLP131,720575940412951424,unknown,downstream
720575940619921488,SLP131,720575940412947072,unknown,downstream
720575940619921488,SLP131,720575940412946560,unknown,downstream
720575940619921488,SLP131,720575940412940416,unknown,downstream
720575940619921488,SLP131,720575940412937344,unknown,downstream
720575940619921488,SLP131,720575940412889984,unknown,downstream
720575940619921488,SLP131,720575940412371296,unknown,downstream
720575940619921488,SLP131,720575940412313952,unknown,downstream
720575940619921488,SLP131,720575940412076754,unknown,downstream
720575940619921488,SLP131,720575940413142696,unknown,downstream
720575940619921488,SLP131,720575940413145768,unknown,downstream
720575940619921488,SLP131,720575940413146024,unknown,downstream
720575940619921488,SLP131,720575940413172904,unknown,downstream
720575940619921488,SLP131,720575940413203112,unknown,downstream
720575940619921488,SLP131,720575940413195688,unknown,downstream
720575940619921488,SLP131,720575940413190568,unknown,downstream
720575940619921488,SLP131,720575940413180584,unknown,downstream
720575940619921488,SLP131,720575940413179560,unknown,downstream
720575940619921488,SLP131,720575940413177768,unknown,downstream
720575940619921488,SLP131,720575940413176744,unknown,downstream
720575940619921488,SLP131,720575940413174952,unknown,downstream
720575940619921488,SLP131,720575940413172136,unknown,downstream
720575940619921488,SLP131,720575940413150888,unknown,downstream
720575940619921488,SLP131,720575940413171880,unknown,downstream
720575940619921488,SLP131,720575940413171624,unknown,downstream
720575940619921488,SLP131,720575940413170088,unknown,downstream
720575940619921488,SLP131,720575940413166504,unknown,downstream
720575940619921488,SLP131,720575940413165736,unknown,downstream
720575940619921488,SLP131,720575940413162664,unknown,downstream
720575940619921488,SLP131,720575940413159848,unknown,downstream
720575940619921488,SLP131,720575940413156264,unknown,downstream
720575940619921488,SLP131,720575940415501524,unknown,downstream
720575940619921488,SLP131,720575940415508692,unknown,downstream
720575940619921488,SLP131,720575940415509972,unknown,downstream
720575940619921488,SLP131,720575940416611119,unknown,downstream
720575940619921488,SLP131,720575940416653359,unknown,downstream
720575940619921488,SLP131,720575940416650287,unknown,downstream
720575940619921488,SLP131,720575940416649775,unknown,downstream
720575940619921488,SLP131,720575940416649519,unknown,downstream
720575940619921488,SLP131,720575940416643119,unknown,downstream
720575940619921488,SLP131,720575940416642863,unknown,downstream
720575940619921488,SLP131,720575940416637487,unknown,downstream
720575940619921488,SLP131,720575940416633903,unknown,downstream
720575940619921488,SLP131,720575940416629039,unknown,downstream
720575940619921488,SLP131,720575940416628527,unknown,downstream
720575940619921488,SLP131,720575940416625711,unknown,downstream
720575940619921488,SLP131,720575940416624943,unknown,downstream
720575940619921488,SLP131,720575940416624687,unknown,downstream
720575940619921488,SLP131,720575940416624175,unknown,downstream
720575940619921488,SLP131,720575940416623663,unknown,downstream
720575940619921488,SLP131,720575940416621615,unknown,downstream
720575940619921488,SLP131,720575940416617007,unknown,downstream
720575940619921488,SLP131,720575940416614191,unknown,downstream
720575940619921488,SLP131,720575940416613935,unknown,downstream
720575940619921488,SLP131,720575940416655663,unknown,downstream
720575940619921488,SLP131,720575940416659247,unknown,downstream
720575940619921488,SLP131,720575940416659503,unknown,downstream
720575940619921488,SLP131,720575940416785685,unknown,downstream
720575940619921488,SLP131,720575940418488707,unknown,downstream
720575940619921488,SLP131,720575940418488195,unknown,downstream
720575940619921488,SLP131,720575940418486659,unknown,downstream
720575940619921488,SLP131,720575940418482819,unknown,downstream
720575940619921488,SLP131,720575940418479747,unknown,downstream
720575940619921488,SLP131,720575940416794133,unknown,downstream
720575940619921488,SLP131,720575940416791061,unknown,downstream
720575940619921488,SLP131,720575940416785941,unknown,downstream
720575940619921488,SLP131,720575940416778261,unknown,downstream
720575940619921488,SLP131,720575940416660015,unknown,downstream
720575940619921488,SLP131,720575940416774933,unknown,downstream
720575940619921488,SLP131,720575940416773653,unknown,downstream
720575940619921488,SLP131,720575940416772373,unknown,downstream
720575940619921488,SLP131,720575940416772117,unknown,downstream
720575940619921488,SLP131,720575940416770069,unknown,downstream
720575940619921488,SLP131,720575940416769813,unknown,downstream
720575940619921488,SLP131,720575940416682336,unknown,downstream
720575940619921488,SLP131,720575940416666976,unknown,downstream
720575940619921488,SLP131,720575940416611887,unknown,downstream
720575940619921488,SLP131,720575940416609071,unknown,downstream
720575940619921488,SLP131,720575940415517140,unknown,downstream
720575940619921488,SLP131,720575940416605487,unknown,downstream
720575940619921488,SLP131,720575940415613140,unknown,downstream
720575940619921488,SLP131,720575940415612628,unknown,downstream
720575940619921488,SLP131,720575940415611348,unknown,downstream
720575940619921488,SLP131,720575940415600340,unknown,downstream
720575940619921488,SLP131,720575940415600084,unknown,downstream
720575940619921488,SLP131,720575940415593940,unknown,downstream
720575940619921488,SLP131,720575940415592148,unknown,downstream
720575940619921488,SLP131,720575940415591636,unknown,downstream
720575940619921488,SLP131,720575940415590356,unknown,downstream
720575940619921488,SLP131,720575940415590100,unknown,downstream
720575940619921488,SLP131,720575940415588308,unknown,downstream
720575940619921488,SLP131,720575940415586772,unknown,downstream
720575940619921488,SLP131,720575940415586004,unknown,downstream
720575940619921488,SLP131,720575940415585748,unknown,downstream
720575940619921488,SLP131,720575940415525076,unknown,downstream
720575940619921488,SLP131,720575940415524471,unknown,downstream
720575940619921488,SLP131,720575940415522260,unknown,downstream
720575940619921488,SLP131,720575940415521748,unknown,downstream
720575940619921488,SLP131,720575940415520980,unknown,downstream
720575940619921488,SLP131,720575940416138957,unknown,downstream
720575940619921488,SLP131,720575940416139725,unknown,downstream
720575940619921488,SLP131,720575940416140493,unknown,downstream
720575940619921488,SLP131,720575940416591407,unknown,downstream
720575940619921488,SLP131,720575940416604975,unknown,downstream
720575940619921488,SLP131,720575940416602415,unknown,downstream
720575940619921488,SLP131,720575940416601391,unknown,downstream
720575940619921488,SLP131,720575940416598575,unknown,downstream
720575940619921488,SLP131,720575940416597295,unknown,downstream
720575940619921488,SLP131,720575940416597039,unknown,downstream
720575940619921488,SLP131,720575940416596527,unknown,downstream
720575940619921488,SLP131,720575940416595503,unknown,downstream
720575940619921488,SLP131,720575940416590895,unknown,downstream
720575940619921488,SLP131,720575940416145613,unknown,downstream
720575940619921488,SLP131,720575940416590127,unknown,downstream
720575940619921488,SLP131,720575940416589871,unknown,downstream
720575940619921488,SLP131,720575940416584239,unknown,downstream
720575940619921488,SLP131,720575940416583727,unknown,downstream
720575940619921488,SLP131,720575940416580655,unknown,downstream
720575940619921488,SLP131,720575940416576815,unknown,downstream
720575940619921488,SLP131,720575940416576047,unknown,downstream
720575940619921488,SLP131,720575940416573999,unknown,downstream
720575940619921488,SLP131,720575940412074194,unknown,downstream
720575940619921488,SLP131,720575940412070354,unknown,downstream
720575940619921488,SLP131,720575940412068910,unknown,downstream
720575940619921488,SLP131,720575940406579831,unknown,downstream
720575940619921488,SLP131,720575940407369403,unknown,downstream
720575940619921488,SLP131,720575940407364027,unknown,downstream
720575940619921488,SLP131,720575940407356091,unknown,downstream
720575940619921488,SLP131,720575940407355323,unknown,downstream
720575940619921488,SLP131,720575940407351474,unknown,downstream
720575940619921488,SLP131,720575940407348667,unknown,downstream
720575940619921488,SLP131,720575940407346619,unknown,downstream
720575940619921488,SLP131,720575940407345339,unknown,downstream
720575940619921488,SLP131,720575940407343547,unknown,downstream
720575940619921488,SLP131,720575940407337915,unknown,downstream
720575940619921488,SLP131,720575940407334331,unknown,downstream
720575940619921488,SLP131,720575940407333563,unknown,downstream
720575940619921488,SLP131,720575940407329723,unknown,downstream
720575940619921488,SLP131,720575940407329467,unknown,downstream
720575940619921488,SLP131,720575940407324091,unknown,downstream
720575940619921488,SLP131,720575940407323067,unknown,downstream
720575940619921488,SLP131,720575940406591095,unknown,downstream
720575940619921488,SLP131,720575940406586487,unknown,downstream
720575940619921488,SLP131,720575940406585207,unknown,downstream
720575940619921488,SLP131,720575940407369915,unknown,downstream
720575940619921488,SLP131,720575940407372219,unknown,downstream
720575940619921488,SLP131,720575940407375803,unknown,downstream
720575940619921488,SLP131,720575940408082543,unknown,downstream
720575940619921488,SLP131,720575940408723897,unknown,downstream
720575940619921488,SLP131,720575940408722361,unknown,downstream
720575940619921488,SLP131,720575940408722105,unknown,downstream
720575940619921488,SLP131,720575940408721849,unknown,downstream
720575940619921488,SLP131,720575940408720313,unknown,downstream
720575940619921488,SLP131,720575940408720057,unknown,downstream
720575940619921488,SLP131,720575940408094592,unknown,downstream
720575940619921488,SLP131,720575940408087663,unknown,downstream
720575940619921488,SLP131,720575940408082031,unknown,downstream
720575940619921488,SLP131,720575940407379387,unknown,downstream
720575940619921488,SLP131,720575940408045952,unknown,downstream
720575940619921488,SLP131,720575940407403707,unknown,downstream
720575940619921488,SLP131,720575940407402427,unknown,downstream
720575940619921488,SLP131,720575940407394235,unknown,downstream
720575940619921488,SLP131,720575940407391419,unknown,downstream
720575940619921488,SLP131,720575940407388603,unknown,downstream
720575940619921488,SLP131,720575940407384251,unknown,downstream
720575940619921488,SLP131,720575940407379899,unknown,downstream
720575940619921488,SLP131,720575940406582135,unknown,downstream
720575940619921488,SLP131,720575940406578295,unknown,downstream
720575940619921488,SLP131,720575940408735161,unknown,downstream
720575940619921488,SLP131,720575940406578039,unknown,downstream
720575940619921488,SLP131,720575940404817096,unknown,downstream
720575940619921488,SLP131,720575940404816840,unknown,downstream
720575940619921488,SLP131,720575940404815560,unknown,downstream
720575940619921488,SLP131,720575940404809672,unknown,downstream
720575940619921488,SLP131,720575940404808136,unknown,downstream
720575940619921488,SLP131,720575940404807880,unknown,downstream
720575940619921488,SLP131,720575940404800200,unknown,downstream
720575940619921488,SLP131,720575940404797128,unknown,downstream
720575940619921488,SLP131,720575940404794312,unknown,downstream
720575940619921488,SLP131,720575940404793544,unknown,downstream
720575940619921488,SLP131,720575940404790472,unknown,downstream
720575940619921488,SLP131,720575940404783560,unknown,downstream
720575940619921488,SLP131,720575940404778184,unknown,downstream
720575940619921488,SLP131,720575940404775880,unknown,downstream
720575940619921488,SLP131,720575940404760008,unknown,downstream
720575940619921488,SLP131,720575940404752072,unknown,downstream
720575940619921488,SLP131,720575940404345539,unknown,downstream
720575940619921488,SLP131,720575940404327875,unknown,downstream
720575940619921488,SLP131,720575940404316355,unknown,downstream
720575940619921488,SLP131,720575940404821960,unknown,downstream
720575940619921488,SLP131,720575940404822472,unknown,downstream
720575940619921488,SLP131,720575940404825288,unknown,downstream
720575940619921488,SLP131,720575940406148966,unknown,downstream
720575940619921488,SLP131,720575940406574967,unknown,downstream
720575940619921488,SLP131,720575940406573943,unknown,downstream
720575940619921488,SLP131,720575940406569591,unknown,downstream
720575940619921488,SLP131,720575940406566519,unknown,downstream
720575940619921488,SLP131,720575940406555767,unknown,downstream
720575940619921488,SLP131,720575940406549879,unknown,downstream
720575940619921488,SLP131,720575940406451736,unknown,downstream
720575940619921488,SLP131,720575940406155878,unknown,downstream
720575940619921488,SLP131,720575940405895188,unknown,downstream
720575940619921488,SLP131,720575940404826056,unknown,downstream
720575940619921488,SLP131,720575940405568662,unknown,downstream
720575940619921488,SLP131,720575940405563286,unknown,downstream
720575940619921488,SLP131,720575940405559190,unknown,downstream
720575940619921488,SLP131,720575940405553302,unknown,downstream
720575940619921488,SLP131,720575940405526934,unknown,downstream
720575940619921488,SLP131,720575940404968636,unknown,downstream
720575940619921488,SLP131,720575940404835528,unknown,downstream
720575940619921488,SLP131,720575940404834248,unknown,downstream
720575940619921488,SLP131,720575940408730553,unknown,downstream
720575940619921488,SLP131,720575940408740281,unknown,downstream
720575940619921488,SLP131,720575940412066350,unknown,downstream
720575940619921488,SLP131,720575940411971886,unknown,downstream
720575940619921488,SLP131,720575940412016174,unknown,downstream
720575940619921488,SLP131,720575940412015918,unknown,downstream
720575940619921488,SLP131,720575940412013358,unknown,downstream
720575940619921488,SLP131,720575940412012590,unknown,downstream
720575940619921488,SLP131,720575940412010286,unknown,downstream
720575940619921488,SLP131,720575940412006958,unknown,downstream
720575940619921488,SLP131,720575940412004142,unknown,downstream
720575940619921488,SLP131,720575940412003630,unknown,downstream
720575940619921488,SLP131,720575940412003118,unknown,downstream
720575940619921488,SLP131,720575940412002350,unknown,downstream
720575940619921488,SLP131,720575940411993134,unknown,downstream
720575940619921488,SLP131,720575940411989038,unknown,downstream
720575940619921488,SLP131,720575940411987246,unknown,downstream
720575940619921488,SLP131,720575940411985454,unknown,downstream
720575940619921488,SLP131,720575940411980334,unknown,downstream
720575940619921488,SLP131,720575940411980078,unknown,downstream
720575940619921488,SLP131,720575940411978030,unknown,downstream
720575940619921488,SLP131,720575940411977262,unknown,downstream
720575940619921488,SLP131,720575940411974702,unknown,downstream
720575940619921488,SLP131,720575940412018222,unknown,downstream
720575940619921488,SLP131,720575940412024366,unknown,downstream
720575940619921488,SLP131,720575940412024622,unknown,downstream
720575940619921488,SLP131,720575940412052014,unknown,downstream
720575940619921488,SLP131,720575940412065490,unknown,downstream
720575940619921488,SLP131,720575940412065326,unknown,downstream
720575940619921488,SLP131,720575940412060206,unknown,downstream
720575940619921488,SLP131,720575940412057646,unknown,downstream
720575940619921488,SLP131,720575940412055086,unknown,downstream
720575940619921488,SLP131,720575940412054830,unknown,downstream
720575940619921488,SLP131,720575940412054226,unknown,downstream
720575940619921488,SLP131,720575940412053806,unknown,downstream
720575940619921488,SLP131,720575940412050130,unknown,downstream
720575940619921488,SLP131,720575940412025390,unknown,downstream
720575940619921488,SLP131,720575940412042542,unknown,downstream
720575940619921488,SLP131,720575940412040238,unknown,downstream
720575940619921488,SLP131,720575940412037934,unknown,downstream
720575940619921488,SLP131,720575940412033838,unknown,downstream
720575940619921488,SLP131,720575940412032814,unknown,downstream
720575940619921488,SLP131,720575940412029998,unknown,downstream
720575940619921488,SLP131,720575940412028462,unknown,downstream
720575940619921488,SLP131,720575940412025902,unknown,downstream
720575940619921488,SLP131,720575940411973166,unknown,downstream
720575940619921488,SLP131,720575940411971118,unknown,downstream
720575940619921488,SLP131,720575940408741561,unknown,downstream
720575940619921488,SLP131,720575940411969582,unknown,downstream
720575940619921488,SLP131,720575940409964259,unknown,downstream
720575940619921488,SLP131,720575940409958371,unknown,downstream
720575940619921488,SLP131,720575940409947875,unknown,downstream
720575940619921488,SLP131,720575940409944291,unknown,downstream
720575940619921488,SLP131,720575940409939427,unknown,downstream
720575940619921488,SLP131,720575940409182190,unknown,downstream
720575940619921488,SLP131,720575940409164014,unknown,downstream
720575940619921488,SLP131,720575940409159406,unknown,downstream
720575940619921488,SLP131,720575940409156846,unknown,downstream
720575940619921488,SLP131,720575940409154798,unknown,downstream
720575940619921488,SLP131,720575940409149678,unknown,downstream
720575940619921488,SLP131,720575940409149166,unknown,downstream
720575940619921488,SLP131,720575940408790457,unknown,downstream
720575940619921488,SLP131,720575940408789945,unknown,downstream
720575940619921488,SLP131,720575940408789433,unknown,downstream
720575940619921488,SLP131,720575940408785849,unknown,downstream
720575940619921488,SLP131,720575940408773305,unknown,downstream
720575940619921488,SLP131,720575940408764345,unknown,downstream
720575940619921488,SLP131,720575940408743353,unknown,downstream
720575940619921488,SLP131,720575940409964515,unknown,downstream
720575940619921488,SLP131,720575940409969891,unknown,downstream
720575940619921488,SLP131,720575940409975779,unknown,downstream
720575940619921488,SLP131,720575940411948846,unknown,downstream
720575940619921488,SLP131,720575940411966510,unknown,downstream
720575940619921488,SLP131,720575940411957038,unknown,downstream
720575940619921488,SLP131,720575940411954734,unknown,downstream
720575940619921488,SLP131,720575940411953966,unknown,downstream
720575940619921488,SLP131,720575940411953710,unknown,downstream
720575940619921488,SLP131,720575940411952942,unknown,downstream
720575940619921488,SLP131,720575940411949614,unknown,downstream
720575940619921488,SLP131,720575940411949102,unknown,downstream
720575940619921488,SLP131,720575940411947054,unknown,downstream
720575940619921488,SLP131,720575940409977059,unknown,downstream
720575940619921488,SLP131,720575940411942358,unknown,downstream
720575940619921488,SLP131,720575940410401302,unknown,downstream
720575940619921488,SLP131,720575940410397718,unknown,downstream
720575940619921488,SLP131,720575940410088913,unknown,downstream
720575940619921488,SLP131,720575940409991651,unknown,downstream
720575940619921488,SLP131,720575940409989091,unknown,downstream
720575940619921488,SLP131,720575940409985763,unknown,downstream
720575940619921488,SLP131,720575940409980387,unknown,downstream
720575940619921488,SLP131,720575940590373278,unknown,downstream
720575940619921488,SLP131,720575940550066496,unknown,downstream
720575940619921488,SLP131,720575940590323358,unknown,downstream
720575940619921488,SLP131,720575940498453845,unknown,downstream
720575940619921488,SLP131,720575940498438741,unknown,downstream
720575940619921488,SLP131,720575940498416469,unknown,downstream
720575940619921488,SLP131,720575940497920068,unknown,downstream
720575940619921488,SLP131,720575940497341669,unknown,downstream
720575940619921488,SLP131,720575940497337573,unknown,downstream
720575940619921488,SLP131,720575940497272182,unknown,downstream
720575940619921488,SLP131,720575940497270390,unknown,downstream
720575940619921488,SLP131,720575940497265782,unknown,downstream
720575940619921488,SLP131,720575940497259894,unknown,downstream
720575940619921488,SLP131,720575940497250166,unknown,downstream
720575940619921488,SLP131,720575940497249654,unknown,downstream
720575940619921488,SLP131,720575940497243510,unknown,downstream
720575940619921488,SLP131,720575940497238646,unknown,downstream
720575940619921488,SLP131,720575940497230293,unknown,downstream
720575940619921488,SLP131,720575940497226709,unknown,downstream
720575940619921488,SLP131,720575940497224149,unknown,downstream
720575940619921488,SLP131,720575940497218773,unknown,downstream
720575940619921488,SLP131,720575940497215701,unknown,downstream
720575940619921488,SLP131,720575940497212117,unknown,downstream
720575940619921488,SLP131,720575940498446165,unknown,downstream
720575940619921488,SLP131,720575940498455637,unknown,downstream
720575940619921488,SLP131,720575940494370122,unknown,downstream
720575940619921488,SLP131,720575940498463829,unknown,downstream
720575940619921488,SLP131,720575940503233981,unknown,downstream
720575940619921488,SLP131,720575940503198909,unknown,downstream
720575940619921488,SLP131,720575940502991959,unknown,downstream
720575940619921488,SLP131,720575940502813334,unknown,downstream
720575940619921488,SLP131,720575940502799254,unknown,downstream
720575940619921488,SLP131,720575940502794646,unknown,downstream
720575940619921488,SLP131,720575940502789014,unknown,downstream
720575940619921488,SLP131,720575940502779798,unknown,downstream
720575940619921488,SLP131,720575940502410112,unknown,downstream
720575940619921488,SLP131,720575940501977571,unknown,downstream
720575940619921488,SLP131,720575940501586321,unknown,downstream
720575940619921488,SLP131,720575940501582481,unknown,downstream
720575940619921488,SLP131,720575940501574801,unknown,downstream
720575940619921488,SLP131,720575940500490591,unknown,downstream
720575940619921488,SLP131,720575940500475487,unknown,downstream
720575940619921488,SLP131,720575940500469855,unknown,downstream
720575940619921488,SLP131,720575940500463455,unknown,downstream
720575940619921488,SLP131,720575940500459871,unknown,downstream
720575940619921488,SLP131,720575940499989345,unknown,downstream
720575940619921488,SLP131,720575940497211093,unknown,downstream
720575940619921488,SLP131,720575940497209045,unknown,downstream
720575940619921488,SLP131,720575940497199829,unknown,downstream
720575940619921488,SLP131,720575940497183189,unknown,downstream
720575940619921488,SLP131,720575940496160150,unknown,downstream
720575940619921488,SLP131,720575940496156054,unknown,downstream
720575940619921488,SLP131,720575940495888166,unknown,downstream
720575940619921488,SLP131,720575940495883558,unknown,downstream
720575940619921488,SLP131,720575940494491466,unknown,downstream
720575940619921488,SLP131,720575940494478922,unknown,downstream
720575940619921488,SLP131,720575940494397770,unknown,downstream
720575940619921488,SLP131,720575940494389834,unknown,downstream
720575940619921488,SLP131,720575940494383946,unknown,downstream
720575940619921488,SLP131,720575940494383690,unknown,downstream
720575940619921488,SLP131,720575940494382666,unknown,downstream
720575940619921488,SLP131,720575940494380618,unknown,downstream
720575940619921488,SLP131,720575940494380106,unknown,downstream
720575940619921488,SLP131,720575940494378058,unknown,downstream
720575940619921488,SLP131,720575940494376266,unknown,downstream
720575940619921488,SLP131,720575940494376010,unknown,downstream
720575940619921488,SLP131,720575940494374474,unknown,downstream
720575940619921488,SLP131,720575940494373194,unknown,downstream
720575940619921488,SLP131,720575940494372682,unknown,downstream
720575940619921488,SLP131,720575940496262123,unknown,downstream
720575940619921488,SLP131,720575940496286187,unknown,downstream
720575940619921488,SLP131,720575940496295659,unknown,downstream
720575940619921488,SLP131,720575940496356097,unknown,downstream
720575940619921488,SLP131,720575940496383233,unknown,downstream
720575940619921488,SLP131,720575940496377601,unknown,downstream
720575940619921488,SLP131,720575940496376833,unknown,downstream
720575940619921488,SLP131,720575940496372737,unknown,downstream
720575940619921488,SLP131,720575940496369153,unknown,downstream
720575940619921488,SLP131,720575940496368129,unknown,downstream
720575940619921488,SLP131,720575940496365057,unknown,downstream
720575940619921488,SLP131,720575940496359169,unknown,downstream
720575940619921488,SLP131,720575940496353537,unknown,downstream
720575940619921488,SLP131,720575940496296427,unknown,downstream
720575940619921488,SLP131,720575940496350465,unknown,downstream
720575940619921488,SLP131,720575940496310507,unknown,downstream
720575940619921488,SLP131,720575940496307691,unknown,downstream
720575940619921488,SLP131,720575940496306411,unknown,downstream
720575940619921488,SLP131,720575940496305899,unknown,downstream
720575940619921488,SLP131,720575940496305387,unknown,downstream
720575940619921488,SLP131,720575940496302827,unknown,downstream
720575940619921488,SLP131,720575940496302315,unknown,downstream
720575940619921488,SLP131,720575940503246269,unknown,downstream
720575940619921488,SLP131,720575940503251645,unknown,downstream
720575940619921488,SLP131,720575940503256253,unknown,downstream
720575940619921488,SLP131,720575940504465610,unknown,downstream
720575940619921488,SLP131,720575940504497098,unknown,downstream
720575940619921488,SLP131,720575940504496530,unknown,downstream
720575940619921488,SLP131,720575940504492234,unknown,downstream
720575940619921488,SLP131,720575940504492178,unknown,downstream
720575940619921488,SLP131,720575940504489418,unknown,downstream
720575940619921488,SLP131,720575940504486858,unknown,downstream
720575940619921488,SLP131,720575940504486802,unknown,downstream
720575940619921488,SLP131,720575940504485266,unknown,downstream
720575940619921488,SLP131,720575940504483018,unknown,downstream
720575940619921488,SLP131,720575940504482506,unknown,downstream
720575940619921488,SLP131,720575940504481994,unknown,downstream
720575940619921488,SLP131,720575940504477130,unknown,downstream
720575940619921488,SLP131,720575940504474826,unknown,downstream
720575940619921488,SLP131,720575940504473290,unknown,downstream
720575940619921488,SLP131,720575940504473034,unknown,downstream
720575940619921488,SLP131,720575940504472522,unknown,downstream
720575940619921488,SLP131,720575940504472266,unknown,downstream
720575940619921488,SLP131,720575940504470730,unknown,downstream
720575940619921488,SLP131,720575940504469906,unknown,downstream
720575940619921488,SLP131,720575940504715147,unknown,downstream
720575940619921488,SLP131,720575940504741771,unknown,downstream
720575940619921488,SLP131,720575940504749707,unknown,downstream
720575940619921488,SLP131,720575940506329783,unknown,downstream
720575940619921488,SLP131,720575940506504887,unknown,downstream
720575940619921488,SLP131,720575940506490295,unknown,downstream
720575940619921488,SLP131,720575940506477239,unknown,downstream
720575940619921488,SLP131,720575940506471607,unknown,downstream
720575940619921488,SLP131,720575940506401463,unknown,downstream
720575940619921488,SLP131,720575940506401207,unknown,downstream
720575940619921488,SLP131,720575940506335159,unknown,downstream
720575940619921488,SLP131,720575940506334647,unknown,downstream
720575940619921488,SLP131,720575940506325687,unknown,downstream
720575940619921488,SLP131,720575940504755083,unknown,downstream
720575940619921488,SLP131,720575940504870283,unknown,downstream
720575940619921488,SLP131,720575940504856459,unknown,downstream
720575940619921488,SLP131,720575940504809355,unknown,downstream
720575940619921488,SLP131,720575940504793227,unknown,downstream
720575940619921488,SLP131,720575940504777867,unknown,downstream
720575940619921488,SLP131,720575940504772747,unknown,downstream
720575940619921488,SLP131,720575940504767883,unknown,downstream
720575940619921488,SLP131,720575940504767371,unknown,downstream
720575940619921488,SLP131,720575940504468938,unknown,downstream
720575940619921488,SLP131,720575940504460234,unknown,downstream
720575940619921488,SLP131,720575940503275965,unknown,downstream
720575940619921488,SLP131,720575940504457674,unknown,downstream
720575940619921488,SLP131,720575940504401810,unknown,downstream
720575940619921488,SLP131,720575940504400586,unknown,downstream
720575940619921488,SLP131,720575940504381747,unknown,downstream
720575940619921488,SLP131,720575940504366994,unknown,downstream
720575940619921488,SLP131,720575940504362130,unknown,downstream
720575940619921488,SLP131,720575940504333002,unknown,downstream
720575940619921488,SLP131,720575940504320146,unknown,downstream
720575940619921488,SLP131,720575940503453460,unknown,downstream
720575940619921488,SLP131,720575940503440660,unknown,downstream
720575940619921488,SLP131,720575940503436564,unknown,downstream
720575940619921488,SLP131,720575940503403796,unknown,downstream
720575940619921488,SLP131,720575940503399956,unknown,downstream
720575940619921488,SLP131,720575940503376148,unknown,downstream
720575940619921488,SLP131,720575940503370260,unknown,downstream
720575940619921488,SLP131,720575940503369492,unknown,downstream
720575940619921488,SLP131,720575940503302333,unknown,downstream
720575940619921488,SLP131,720575940503292349,unknown,downstream
720575940619921488,SLP131,720575940503291069,unknown,downstream
720575940619921488,SLP131,720575940503282365,unknown,downstream
720575940619921488,SLP131,720575940504413074,unknown,downstream
720575940619921488,SLP131,720575940504413842,unknown,downstream
720575940619921488,SLP131,720575940504417682,unknown,downstream
720575940619921488,SLP131,720575940504439954,unknown,downstream
720575940619921488,SLP131,720575940504456906,unknown,downstream
720575940619921488,SLP131,720575940504454090,unknown,downstream
720575940619921488,SLP131,720575940504453322,unknown,downstream
720575940619921488,SLP131,720575940504450762,unknown,downstream
720575940619921488,SLP131,720575940504447946,unknown,downstream
720575940619921488,SLP131,720575940504447890,unknown,downstream
720575940619921488,SLP131,720575940504446354,unknown,downstream
720575940619921488,SLP131,720575940504445642,unknown,downstream
720575940619921488,SLP131,720575940504439698,unknown,downstream
720575940619921488,SLP131,720575940504425106,unknown,downstream
720575940619921488,SLP131,720575940504438674,unknown,downstream
720575940619921488,SLP131,720575940504436370,unknown,downstream
720575940619921488,SLP131,720575940504434066,unknown,downstream
720575940619921488,SLP131,720575940504430994,unknown,downstream
720575940619921488,SLP131,720575940504429770,unknown,downstream
720575940619921488,SLP131,720575940504428746,unknown,downstream
720575940619921488,SLP131,720575940504427154,unknown,downstream
720575940619921488,SLP131,720575940504426186,unknown,downstream
720575940619921488,SLP131,720575940494371402,unknown,downstream
720575940619921488,SLP131,720575940494369354,unknown,downstream
720575940619921488,SLP131,720575940526052428,unknown,downstream
720575940619921488,SLP131,720575940486364930,unknown,downstream
720575940619921488,SLP131,720575940486344962,unknown,downstream
720575940619921488,SLP131,720575940486342146,unknown,downstream
720575940619921488,SLP131,720575940486340610,unknown,downstream
720575940619921488,SLP131,720575940486338306,unknown,downstream
720575940619921488,SLP131,720575940486335234,unknown,downstream
720575940619921488,SLP131,720575940486328834,unknown,downstream
720575940619921488,SLP131,720575940486327554,unknown,downstream
720575940619921488,SLP131,720575940486327298,unknown,downstream
720575940619921488,SLP131,720575940486326786,unknown,downstream
720575940619921488,SLP131,720575940486324226,unknown,downstream
720575940619921488,SLP131,720575940486317570,unknown,downstream
720575940619921488,SLP131,720575940486315010,unknown,downstream
720575940619921488,SLP131,720575940486312706,unknown,downstream
720575940619921488,SLP131,720575940486302978,unknown,downstream
720575940619921488,SLP131,720575940486297346,unknown,downstream
720575940619921488,SLP131,720575940485968437,unknown,downstream
720575940619921488,SLP131,720575940485955637,unknown,downstream
720575940619921488,SLP131,720575940485338114,unknown,downstream
720575940619921488,SLP131,720575940484024599,unknown,downstream
720575940619921488,SLP131,720575940486363138,unknown,downstream
720575940619921488,SLP131,720575940486366210,unknown,downstream
720575940619921488,SLP131,720575940494366282,unknown,downstream
720575940619921488,SLP131,720575940486366722,unknown,downstream
720575940619921488,SLP131,720575940490945745,unknown,downstream
720575940619921488,SLP131,720575940489911135,unknown,downstream
720575940619921488,SLP131,720575940489892447,unknown,downstream
720575940619921488,SLP131,720575940489110243,unknown,downstream
720575940619921488,SLP131,720575940489104355,unknown,downstream
720575940619921488,SLP131,720575940489082083,unknown,downstream
720575940619921488,SLP131,720575940489081827,unknown,downstream
720575940619921488,SLP131,720575940487195911,unknown,downstream
720575940619921488,SLP131,720575940487195399,unknown,downstream
720575940619921488,SLP131,720575940487193095,unknown,downstream
720575940619921488,SLP131,720575940486615927,unknown,downstream
720575940619921488,SLP131,720575940486598263,unknown,downstream
720575940619921488,SLP131,720575940486380290,unknown,downstream
720575940619921488,SLP131,720575940486377474,unknown,downstream
720575940619921488,SLP131,720575940486375426,unknown,downstream
720575940619921488,SLP131,720575940486373378,unknown,downstream
720575940619921488,SLP131,720575940486372866,unknown,downstream
720575940619921488,SLP131,720575940486369794,unknown,downstream
720575940619921488,SLP131,720575940486368770,unknown,downstream
720575940619921488,SLP131,720575940484021015,unknown,downstream
720575940619921488,SLP131,720575940484017687,unknown,downstream
720575940619921488,SLP131,720575940484013847,unknown,downstream
720575940619921488,SLP131,720575940484012311,unknown,downstream
720575940619921488,SLP131,720575940483939351,unknown,downstream
720575940619921488,SLP131,720575940483935767,unknown,downstream
720575940619921488,SLP131,720575940481902326,unknown,downstream
720575940619921488,SLP131,720575940481277603,unknown,downstream
720575940619921488,SLP131,720575940481272995,unknown,downstream
720575940619921488,SLP131,720575940479890517,unknown,downstream
720575940619921488,SLP131,720575940479613084,unknown,downstream
720575940619921488,SLP131,720575940479611036,unknown,downstream
720575940619921488,SLP131,720575940479567772,unknown,downstream
720575940619921488,SLP131,720575940478545103,unknown,downstream
720575940619921488,SLP131,720575940477347056,unknown,downstream
720575940619921488,SLP131,720575940477345520,unknown,downstream
720575940619921488,SLP131,720575940477345264,unknown,downstream
720575940619921488,SLP131,720575940477328368,unknown,downstream
720575940619921488,SLP131,720575940477321968,unknown,downstream
720575940619921488,SLP131,720575940477320944,unknown,downstream
720575940619921488,SLP131,720575940476697165,unknown,downstream
720575940619921488,SLP131,720575940476695885,unknown,downstream
720575940619921488,SLP131,720575940476691533,unknown,downstream
720575940619921488,SLP131,720575940483942423,unknown,downstream
720575940619921488,SLP131,720575940483950359,unknown,downstream
720575940619921488,SLP131,720575940483955735,unknown,downstream
720575940619921488,SLP131,720575940483978263,unknown,downstream
720575940619921488,SLP131,720575940484004375,unknown,downstream
720575940619921488,SLP131,720575940483995671,unknown,downstream
720575940619921488,SLP131,720575940483994391,unknown,downstream
720575940619921488,SLP131,720575940483989783,unknown,downstream
720575940619921488,SLP131,720575940483985431,unknown,downstream
720575940619921488,SLP131,720575940483983895,unknown,downstream
720575940619921488,SLP131,720575940483982103,unknown,downstream
720575940619921488,SLP131,720575940483979287,unknown,downstream
720575940619921488,SLP131,720575940483976727,unknown,downstream
720575940619921488,SLP131,720575940483961623,unknown,downstream
720575940619921488,SLP131,720575940483976471,unknown,downstream
720575940619921488,SLP131,720575940483974679,unknown,downstream
720575940619921488,SLP131,720575940483973655,unknown,downstream
720575940619921488,SLP131,720575940483973399,unknown,downstream
720575940619921488,SLP131,720575940483969303,unknown,downstream
720575940619921488,SLP131,720575940483968023,unknown,downstream
720575940619921488,SLP131,720575940483967511,unknown,downstream
720575940619921488,SLP131,720575940483965975,unknown,downstream
720575940619921488,SLP131,720575940490950609,unknown,downstream
720575940619921488,SLP131,720575940490953169,unknown,downstream
720575940619921488,SLP131,720575940490956497,unknown,downstream
720575940619921488,SLP131,720575940491777116,unknown,downstream
720575940619921488,SLP131,720575940493333130,unknown,downstream
720575940619921488,SLP131,720575940493327498,unknown,downstream
720575940619921488,SLP131,720575940493316234,unknown,downstream
720575940619921488,SLP131,720575940493313674,unknown,downstream
720575940619921488,SLP131,720575940493311370,unknown,downstream
720575940619921488,SLP131,720575940493309834,unknown,downstream
720575940619921488,SLP131,720575940493306250,unknown,downstream
720575940619921488,SLP131,720575940493304714,unknown,downstream
720575940619921488,SLP131,720575940493301898,unknown,downstream
720575940619921488,SLP131,720575940493301386,unknown,downstream
720575940619921488,SLP131,720575940493300106,unknown,downstream
720575940619921488,SLP131,720575940493299594,unknown,downstream
720575940619921488,SLP131,720575940493297802,unknown,downstream
720575940619921488,SLP131,720575940493291914,unknown,downstream
720575940619921488,SLP131,720575940493278602,unknown,downstream
720575940619921488,SLP131,720575940493222794,unknown,downstream
720575940619921488,SLP131,720575940493217930,unknown,downstream
720575940619921488,SLP131,720575940493211530,unknown,downstream
720575940619921488,SLP131,720575940491790940,unknown,downstream
720575940619921488,SLP131,720575940493382384,unknown,downstream
720575940619921488,SLP131,720575940493386480,unknown,downstream
720575940619921488,SLP131,720575940493389552,unknown,downstream
720575940619921488,SLP131,720575940494344522,unknown,downstream
720575940619921488,SLP131,720575940494364746,unknown,downstream
720575940619921488,SLP131,720575940494364234,unknown,downstream
720575940619921488,SLP131,720575940494362954,unknown,downstream
720575940619921488,SLP131,720575940494361674,unknown,downstream
720575940619921488,SLP131,720575940494353482,unknown,downstream
720575940619921488,SLP131,720575940494352970,unknown,downstream
720575940619921488,SLP131,720575940494350410,unknown,downstream
720575940619921488,SLP131,720575940494348362,unknown,downstream
720575940619921488,SLP131,720575940494343754,unknown,downstream
720575940619921488,SLP131,720575940493391856,unknown,downstream
720575940619921488,SLP131,720575940493769098,unknown,downstream
720575940619921488,SLP131,720575940493767050,unknown,downstream
720575940619921488,SLP131,720575940493763210,unknown,downstream
720575940619921488,SLP131,720575940493759626,unknown,downstream
720575940619921488,SLP131,720575940493755274,unknown,downstream
720575940619921488,SLP131,720575940493750154,unknown,downstream
720575940619921488,SLP131,720575940493748106,unknown,downstream
720575940619921488,SLP131,720575940493742474,unknown,downstream
720575940619921488,SLP131,720575940491784540,unknown,downstream
720575940619921488,SLP131,720575940491774556,unknown,downstream
720575940619921488,SLP131,720575940490963921,unknown,downstream
720575940619921488,SLP131,720575940491771228,unknown,downstream
720575940619921488,SLP131,720575940491157408,unknown,downstream
720575940619921488,SLP131,720575940491154336,unknown,downstream
720575940619921488,SLP131,720575940491151520,unknown,downstream
720575940619921488,SLP131,720575940491149472,unknown,downstream
720575940619921488,SLP131,720575940491004881,unknown,downstream
720575940619921488,SLP131,720575940491001297,unknown,downstream
720575940619921488,SLP131,720575940491001041,unknown,downstream
720575940619921488,SLP131,720575940490994897,unknown,downstream
720575940619921488,SLP131,720575940490993105,unknown,downstream
720575940619921488,SLP131,720575940490990033,unknown,downstream
720575940619921488,SLP131,720575940490989777,unknown,downstream
720575940619921488,SLP131,720575940490985937,unknown,downstream
720575940619921488,SLP131,720575940490983377,unknown,downstream
720575940619921488,SLP131,720575940490983121,unknown,downstream
720575940619921488,SLP131,720575940490981073,unknown,downstream
720575940619921488,SLP131,720575940490977745,unknown,downstream
720575940619921488,SLP131,720575940490976977,unknown,downstream
720575940619921488,SLP131,720575940490968529,unknown,downstream
720575940619921488,SLP131,720575940490968017,unknown,downstream
720575940619921488,SLP131,720575940491160480,unknown,downstream
720575940619921488,SLP131,720575940491162784,unknown,downstream
720575940619921488,SLP131,720575940491168416,unknown,downstream
720575940619921488,SLP131,720575940491744348,unknown,downstream
720575940619921488,SLP131,720575940491770460,unknown,downstream
720575940619921488,SLP131,720575940491766876,unknown,downstream
720575940619921488,SLP131,720575940491763804,unknown,downstream
720575940619921488,SLP131,720575940491762012,unknown,downstream
720575940619921488,SLP131,720575940491760220,unknown,downstream
720575940619921488,SLP131,720575940491754076,unknown,downstream
720575940619921488,SLP131,720575940491753820,unknown,downstream
720575940619921488,SLP131,720575940491751004,unknown,downstream
720575940619921488,SLP131,720575940491738972,unknown,downstream
720575940619921488,SLP131,720575940491172512,unknown,downstream
720575940619921488,SLP131,720575940491736156,unknown,downstream
720575940619921488,SLP131,720575940491728988,unknown,downstream
720575940619921488,SLP131,720575940491726172,unknown,downstream
720575940619921488,SLP131,720575940491725916,unknown,downstream
720575940619921488,SLP131,720575940491716188,unknown,downstream
720575940619921488,SLP131,720575940491572106,unknown,downstream
720575940619921488,SLP131,720575940491549322,unknown,downstream
720575940619921488,SLP131,720575940491176864,unknown,downstream
720575940619921488,SLP131,720575940506505399,unknown,downstream
720575940619921488,SLP131,720575940506514359,unknown,downstream
720575940619921488,SLP131,720575940506525111,unknown,downstream
720575940619921488,SLP131,720575940522567879,unknown,downstream
720575940619921488,SLP131,720575940522556103,unknown,downstream
720575940619921488,SLP131,720575940522551495,unknown,downstream
720575940619921488,SLP131,720575940522543559,unknown,downstream
720575940619921488,SLP131,720575940522528199,unknown,downstream
720575940619921488,SLP131,720575940522526919,unknown,downstream
720575940619921488,SLP131,720575940522526407,unknown,downstream
720575940619921488,SLP131,720575940522526151,unknown,downstream
720575940619921488,SLP131,720575940522518983,unknown,downstream
720575940619921488,SLP131,720575940522518727,unknown,downstream
720575940619921488,SLP131,720575940522516167,unknown,downstream
720575940619921488,SLP131,720575940522515143,unknown,downstream
720575940619921488,SLP131,720575940522492615,unknown,downstream
720575940619921488,SLP131,720575940522097716,unknown,downstream
720575940619921488,SLP131,720575940522089780,unknown,downstream
720575940619921488,SLP131,720575940522076212,unknown,downstream
720575940619921488,SLP131,720575940522071860,unknown,downstream
720575940619921488,SLP131,720575940522067764,unknown,downstream
720575940619921488,SLP131,720575940522063342,unknown,downstream
720575940619921488,SLP131,720575940522034996,unknown,downstream
720575940619921488,SLP131,720575940522558919,unknown,downstream
720575940619921488,SLP131,720575940522570695,unknown,downstream
720575940619921488,SLP131,720575940506525367,unknown,downstream
720575940619921488,SLP131,720575940522572743,unknown,downstream
720575940619921488,SLP131,720575940523040421,unknown,downstream
720575940619921488,SLP131,720575940523038885,unknown,downstream
720575940619921488,SLP131,720575940523033253,unknown,downstream
720575940619921488,SLP131,720575940523032485,unknown,downstream
720575940619921488,SLP131,720575940523031973,unknown,downstream
720575940619921488,SLP131,720575940523030949,unknown,downstream
720575940619921488,SLP131,720575940523030693,unknown,downstream
720575940619921488,SLP131,720575940523027365,unknown,downstream
720575940619921488,SLP131,720575940523026853,unknown,downstream
720575940619921488,SLP131,720575940523024549,unknown,downstream
720575940619921488,SLP131,720575940523024293,unknown,downstream
720575940619921488,SLP131,720575940523021477,unknown,downstream
720575940619921488,SLP131,720575940523018405,unknown,downstream
720575940619921488,SLP131,720575940523016101,unknown,downstream
720575940619921488,SLP131,720575940523014053,unknown,downstream
720575940619921488,SLP131,720575940523012005,unknown,downstream
720575940619921488,SLP131,720575940523009445,unknown,downstream
720575940619921488,SLP131,720575940522991269,unknown,downstream
720575940619921488,SLP131,720575940522573255,unknown,downstream
720575940619921488,SLP131,720575940522034740,unknown,downstream
720575940619921488,SLP131,720575940522030644,unknown,downstream
720575940619921488,SLP131,720575940522026804,unknown,downstream
720575940619921488,SLP131,720575940522021684,unknown,downstream
720575940619921488,SLP131,720575940521347603,unknown,downstream
720575940619921488,SLP131,720575940521347091,unknown,downstream
720575940619921488,SLP131,720575940521339923,unknown,downstream
720575940619921488,SLP131,720575940521335059,unknown,downstream
720575940619921488,SLP131,720575940521330963,unknown,downstream
720575940619921488,SLP131,720575940521329939,unknown,downstream
720575940619921488,SLP131,720575940521319187,unknown,downstream
720575940619921488,SLP131,720575940521317395,unknown,downstream
720575940619921488,SLP131,720575940521316883,unknown,downstream
720575940619921488,SLP131,720575940521282579,unknown,downstream
720575940619921488,SLP131,720575940521281811,unknown,downstream
720575940619921488,SLP131,720575940521277459,unknown,downstream
720575940619921488,SLP131,720575940521268755,unknown,downstream
720575940619921488,SLP131,720575940521267475,unknown,downstream
720575940619921488,SLP131,720575940521265683,unknown,downstream
720575940619921488,SLP131,720575940521261331,unknown,downstream
720575940619921488,SLP131,720575940521261075,unknown,downstream
720575940619921488,SLP131,720575940521260051,unknown,downstream
720575940619921488,SLP131,720575940521258771,unknown,downstream
720575940619921488,SLP131,720575940521347859,unknown,downstream
720575940619921488,SLP131,720575940521351187,unknown,downstream
720575940619921488,SLP131,720575940521352979,unknown,downstream
720575940619921488,SLP131,720575940521998132,unknown,downstream
720575940619921488,SLP131,720575940522019892,unknown,downstream
720575940619921488,SLP131,720575940522019636,unknown,downstream
720575940619921488,SLP131,720575940522010420,unknown,downstream
720575940619921488,SLP131,720575940522009396,unknown,downstream
720575940619921488,SLP131,720575940522004788,unknown,downstream
720575940619921488,SLP131,720575940522003764,unknown,downstream
720575940619921488,SLP131,720575940521999156,unknown,downstream
720575940619921488,SLP131,720575940521998644,unknown,downstream
720575940619921488,SLP131,720575940521997108,unknown,downstream
720575940619921488,SLP131,720575940521956916,unknown,downstream
720575940619921488,SLP131,720575940521993780,unknown,downstream
720575940619921488,SLP131,720575940521992244,unknown,downstream
720575940619921488,SLP131,720575940521989940,unknown,downstream
720575940619921488,SLP131,720575940521983540,unknown,downstream
720575940619921488,SLP131,720575940521979700,unknown,downstream
720575940619921488,SLP131,720575940521974836,unknown,downstream
720575940619921488,SLP131,720575940521974580,unknown,downstream
720575940619921488,SLP131,720575940521964084,unknown,downstream
720575940619921488,SLP131,720575940523042213,unknown,downstream
720575940619921488,SLP131,720575940523047077,unknown,downstream
720575940619921488,SLP131,720575940523495650,unknown,downstream
720575940619921488,SLP131,720575940525605184,unknown,downstream
720575940619921488,SLP131,720575940525801901,unknown,downstream
720575940619921488,SLP131,720575940525801389,unknown,downstream
720575940619921488,SLP131,720575940525796013,unknown,downstream
720575940619921488,SLP131,720575940525795501,unknown,downstream
720575940619921488,SLP131,720575940525794221,unknown,downstream
720575940619921488,SLP131,720575940525789613,unknown,downstream
720575940619921488,SLP131,720575940525788845,unknown,downstream
720575940619921488,SLP131,720575940525788589,unknown,downstream
720575940619921488,SLP131,720575940525786541,unknown,downstream
720575940619921488,SLP131,720575940525782189,unknown,downstream
720575940619921488,SLP131,720575940525777581,unknown,downstream
720575940619921488,SLP131,720575940525777325,unknown,downstream
720575940619921488,SLP131,720575940525777069,unknown,downstream
720575940619921488,SLP131,720575940525775789,unknown,downstream
720575940619921488,SLP131,720575940525775021,unknown,downstream
720575940619921488,SLP131,720575940525774509,unknown,downstream
720575940619921488,SLP131,720575940525635136,unknown,downstream
720575940619921488,SLP131,720575940525617984,unknown,downstream
720575940619921488,SLP131,720575940525615168,unknown,downstream
720575940619921488,SLP131,720575940525802157,unknown,downstream
720575940619921488,SLP131,720575940525805485,unknown,downstream
720575940619921488,SLP131,720575940525811629,unknown,downstream
720575940619921488,SLP131,720575940525879725,unknown,downstream
720575940619921488,SLP131,720575940526043724,unknown,downstream
720575940619921488,SLP131,720575940526038092,unknown,downstream
720575940619921488,SLP131,720575940526034252,unknown,downstream
720575940619921488,SLP131,720575940526033996,unknown,downstream
720575940619921488,SLP131,720575940525889965,unknown,downstream
720575940619921488,SLP131,720575940525889453,unknown,downstream
720575940619921488,SLP131,720575940525881773,unknown,downstream
720575940619921488,SLP131,720575940525881005,unknown,downstream
720575940619921488,SLP131,720575940525877933,unknown,downstream
720575940619921488,SLP131,720575940525826221,unknown,downstream
720575940619921488,SLP131,720575940525876653,unknown,downstream
720575940619921488,SLP131,720575940525872301,unknown,downstream
720575940619921488,SLP131,720575940525871789,unknown,downstream
720575940619921488,SLP131,720575940525867181,unknown,downstream
720575940619921488,SLP131,720575940525865901,unknown,downstream
720575940619921488,SLP131,720575940525861293,unknown,downstream
720575940619921488,SLP131,720575940525855405,unknown,downstream
720575940619921488,SLP131,720575940525845677,unknown,downstream
720575940619921488,SLP131,720575940525612352,unknown,downstream
720575940619921488,SLP131,720575940525604672,unknown,downstream
720575940619921488,SLP131,720575940523500770,unknown,downstream
720575940619921488,SLP131,720575940525601856,unknown,downstream
720575940619921488,SLP131,720575940524277995,unknown,downstream
720575940619921488,SLP131,720575940524262635,unknown,downstream
720575940619921488,SLP131,720575940524237035,unknown,downstream
720575940619921488,SLP131,720575940524226027,unknown,downstream
720575940619921488,SLP131,720575940524209131,unknown,downstream
720575940619921488,SLP131,720575940523597794,unknown,downstream
720575940619921488,SLP131,720575940523561954,unknown,downstream
720575940619921488,SLP131,720575940523561698,unknown,downstream
720575940619921488,SLP131,720575940523548386,unknown,downstream
720575940619921488,SLP131,720575940523541218,unknown,downstream
720575940619921488,SLP131,720575940523539682,unknown,downstream
720575940619921488,SLP131,720575940523535074,unknown,downstream
720575940619921488,SLP131,720575940523531490,unknown,downstream
720575940619921488,SLP131,720575940523529186,unknown,downstream
720575940619921488,SLP131,720575940523527394,unknown,downstream
720575940619921488,SLP131,720575940523520738,unknown,downstream
720575940619921488,SLP131,720575940523512290,unknown,downstream
720575940619921488,SLP131,720575940523510754,unknown,downstream
720575940619921488,SLP131,720575940523507682,unknown,downstream
720575940619921488,SLP131,720575940525151605,unknown,downstream
720575940619921488,SLP131,720575940525225510,unknown,downstream
720575940619921488,SLP131,720575940525245734,unknown,downstream
720575940619921488,SLP131,720575940525281574,unknown,downstream
720575940619921488,SLP131,720575940525600064,unknown,downstream
720575940619921488,SLP131,720575940525468966,unknown,downstream
720575940619921488,SLP131,720575940525291814,unknown,downstream
720575940619921488,SLP131,720575940525290534,unknown,downstream
720575940619921488,SLP131,720575940525287462,unknown,downstream
720575940619921488,SLP131,720575940525287206,unknown,downstream
720575940619921488,SLP131,720575940525284390,unknown,downstream
720575940619921488,SLP131,720575940525282854,unknown,downstream
720575940619921488,SLP131,720575940525278758,unknown,downstream
720575940619921488,SLP131,720575940525251622,unknown,downstream
720575940619921488,SLP131,720575940525277990,unknown,downstream
720575940619921488,SLP131,720575940525277478,unknown,downstream
720575940619921488,SLP131,720575940525274406,unknown,downstream
720575940619921488,SLP131,720575940525272358,unknown,downstream
720575940619921488,SLP131,720575940525270310,unknown,downstream
720575940619921488,SLP131,720575940525269798,unknown,downstream
720575940619921488,SLP131,720575940525265702,unknown,downstream
720575940619921488,SLP131,720575940525258022,unknown,downstream
720575940619921488,SLP131,720575940521257235,unknown,downstream
720575940619921488,SLP131,720575940521246227,unknown,downstream
720575940619921488,SLP131,720575940521245459,unknown,downstream
720575940619921488,SLP131,720575940509217341,unknown,downstream
720575940619921488,SLP131,720575940510179980,unknown,downstream
720575940619921488,SLP131,720575940510179468,unknown,downstream
720575940619921488,SLP131,720575940510178700,unknown,downstream
720575940619921488,SLP131,720575940510172300,unknown,downstream
720575940619921488,SLP131,720575940510157196,unknown,downstream
720575940619921488,SLP131,720575940510151308,unknown,downstream
720575940619921488,SLP131,720575940510151052,unknown,downstream
720575940619921488,SLP131,720575940510149772,unknown,downstream
720575940619921488,SLP131,720575940510147724,unknown,downstream
720575940619921488,SLP131,720575940510144396,unknown,downstream
720575940619921488,SLP131,720575940510143628,unknown,downstream
720575940619921488,SLP131,720575940510141836,unknown,downstream
720575940619921488,SLP131,720575940509555163,unknown,downstream
720575940619921488,SLP131,720575940509552091,unknown,downstream
720575940619921488,SLP131,720575940509551579,unknown,downstream
720575940619921488,SLP131,720575940509229629,unknown,downstream
720575940619921488,SLP131,720575940509223485,unknown,downstream
720575940619921488,SLP131,720575940509220413,unknown,downstream
720575940619921488,SLP131,720575940509220157,unknown,downstream
720575940619921488,SLP131,720575940510184844,unknown,downstream
720575940619921488,SLP131,720575940510332612,unknown,downstream
720575940619921488,SLP131,720575940510405828,unknown,downstream
720575940619921488,SLP131,720575940510469060,unknown,downstream
720575940619921488,SLP131,720575940511476183,unknown,downstream
720575940619921488,SLP131,720575940511472599,unknown,downstream
720575940619921488,SLP131,720575940511469783,unknown,downstream
720575940619921488,SLP131,720575940510546116,unknown,downstream
720575940619921488,SLP131,720575940510525636,unknown,downstream
720575940619921488,SLP131,720575940510511044,unknown,downstream
720575940619921488,SLP131,720575940510485956,unknown,downstream
720575940619921488,SLP131,720575940510484676,unknown,downstream
720575940619921488,SLP131,720575940510468292,unknown,downstream
720575940619921488,SLP131,720575940510410436,unknown,downstream
720575940619921488,SLP131,720575940510451140,unknown,downstream
720575940619921488,SLP131,720575940510450884,unknown,downstream
720575940619921488,SLP131,720575940510450116,unknown,downstream
720575940619921488,SLP131,720575940510448068,unknown,downstream
720575940619921488,SLP131,720575940510440900,unknown,downstream
720575940619921488,SLP131,720575940510440644,unknown,downstream
720575940619921488,SLP131,720575940510439876,unknown,downstream
720575940619921488,SLP131,720575940510416580,unknown,downstream
720575940619921488,SLP131,720575940509219901,unknown,downstream
720575940619921488,SLP131,720575940509216573,unknown,downstream
720575940619921488,SLP131,720575940511485143,unknown,downstream
720575940619921488,SLP131,720575940509215293,unknown,downstream
720575940619921488,SLP131,720575940508415229,unknown,downstream
720575940619921488,SLP131,720575940508414973,unknown,downstream
720575940619921488,SLP131,720575940508412669,unknown,downstream
720575940619921488,SLP131,720575940508412157,unknown,downstream
720575940619921488,SLP131,720575940508411645,unknown,downstream
720575940619921488,SLP131,720575940508411133,unknown,downstream
720575940619921488,SLP131,720575940508409341,unknown,downstream
720575940619921488,SLP131,720575940508408829,unknown,downstream
720575940619921488,SLP131,720575940508403197,unknown,downstream
720575940619921488,SLP131,720575940508393725,unknown,downstream
720575940619921488,SLP131,720575940508365053,unknown,downstream
720575940619921488,SLP131,720575940507827922,unknown,downstream
720575940619921488,SLP131,720575940506554551,unknown,downstream
720575940619921488,SLP131,720575940506549431,unknown,downstream
720575940619921488,SLP131,720575940506544823,unknown,downstream
720575940619921488,SLP131,720575940506539447,unknown,downstream
720575940619921488,SLP131,720575940506530999,unknown,downstream
720575940619921488,SLP131,720575940506530487,unknown,downstream
720575940619921488,SLP131,720575940506525623,unknown,downstream
720575940619921488,SLP131,720575940508421117,unknown,downstream
720575940619921488,SLP131,720575940508422397,unknown,downstream
720575940619921488,SLP131,720575940508428029,unknown,downstream
720575940619921488,SLP131,720575940509188925,unknown,downstream
720575940619921488,SLP131,720575940509211197,unknown,downstream
720575940619921488,SLP131,720575940509209405,unknown,downstream
720575940619921488,SLP131,720575940509208637,unknown,downstream
720575940619921488,SLP131,720575940509204541,unknown,downstream
720575940619921488,SLP131,720575940509203005,unknown,downstream
720575940619921488,SLP131,720575940509200957,unknown,downstream
720575940619921488,SLP131,720575940509197885,unknown,downstream
720575940619921488,SLP131,720575940509193277,unknown,downstream
720575940619921488,SLP131,720575940509187645,unknown,downstream
720575940619921488,SLP131,720575940508429821,unknown,downstream
720575940619921488,SLP131,720575940509181757,unknown,downstream
720575940619921488,SLP131,720575940509180989,unknown,downstream
720575940619921488,SLP131,720575940509179453,unknown,downstream
720575940619921488,SLP131,720575940508541135,unknown,downstream
720575940619921488,SLP131,720575940508444157,unknown,downstream
720575940619921488,SLP131,720575940508435197,unknown,downstream
720575940619921488,SLP131,720575940508434685,unknown,downstream
720575940619921488,SLP131,720575940508430077,unknown,downstream
720575940619921488,SLP131,720575940511480279,unknown,downstream
720575940619921488,SLP131,720575940511491799,unknown,downstream
720575940619921488,SLP131,720575940521244947,unknown,downstream
720575940619921488,SLP131,720575940515600900,unknown,downstream
720575940619921488,SLP131,720575940519870241,unknown,downstream
720575940619921488,SLP131,720575940519862305,unknown,downstream
720575940619921488,SLP131,720575940516449764,unknown,downstream
720575940619921488,SLP131,720575940516448228,unknown,downstream
720575940619921488,SLP131,720575940516430052,unknown,downstream
720575940619921488,SLP131,720575940516423908,unknown,downstream
720575940619921488,SLP131,720575940516396004,unknown,downstream
720575940619921488,SLP131,720575940516390116,unknown,downstream
720575940619921488,SLP131,720575940516016583,unknown,downstream
720575940619921488,SLP131,720575940516006087,unknown,downstream
720575940619921488,SLP131,720575940516002247,unknown,downstream
720575940619921488,SLP131,720575940516001991,unknown,downstream
720575940619921488,SLP131,720575940515986375,unknown,downstream
720575940619921488,SLP131,720575940515983303,unknown,downstream
720575940619921488,SLP131,720575940515983047,unknown,downstream
720575940619921488,SLP131,720575940515869740,unknown,downstream
720575940619921488,SLP131,720575940515858988,unknown,downstream
720575940619921488,SLP131,720575940515786796,unknown,downstream
720575940619921488,SLP131,720575940515611908,unknown,downstream
720575940619921488,SLP131,720575940521188371,unknown,downstream
720575940619921488,SLP131,720575940521189139,unknown,downstream
720575940619921488,SLP131,720575940521189651,unknown,downstream
720575940619921488,SLP131,720575940521224979,unknown,downstream
720575940619921488,SLP131,720575940521244691,unknown,downstream
720575940619921488,SLP131,720575940521243667,unknown,downstream
720575940619921488,SLP131,720575940521242387,unknown,downstream
720575940619921488,SLP131,720575940521241875,unknown,downstream
720575940619921488,SLP131,720575940521239571,unknown,downstream
720575940619921488,SLP131,720575940521229843,unknown,downstream
720575940619921488,SLP131,720575940521229587,unknown,downstream
720575940619921488,SLP131,720575940521226003,unknown,downstream
720575940619921488,SLP131,720575940521221907,unknown,downstream
720575940619921488,SLP131,720575940521195795,unknown,downstream
720575940619921488,SLP131,720575940521220371,unknown,downstream
720575940619921488,SLP131,720575940521217555,unknown,downstream
720575940619921488,SLP131,720575940521209363,unknown,downstream
720575940619921488,SLP131,720575940521209107,unknown,downstream
720575940619921488,SLP131,720575940521208595,unknown,downstream
720575940619921488,SLP131,720575940521203987,unknown,downstream
720575940619921488,SLP131,720575940521202963,unknown,downstream
720575940619921488,SLP131,720575940521198611,unknown,downstream
720575940619921488,SLP131,720575940515604996,unknown,downstream
720575940619921488,SLP131,720575940515594244,unknown,downstream
720575940619921488,SLP131,720575940511500247,unknown,downstream
720575940619921488,SLP131,720575940515567590,unknown,downstream
720575940619921488,SLP131,720575940511907060,unknown,downstream
720575940619921488,SLP131,720575940511904500,unknown,downstream
720575940619921488,SLP131,720575940511903988,unknown,downstream
720575940619921488,SLP131,720575940511894516,unknown,downstream
720575940619921488,SLP131,720575940511882484,unknown,downstream
720575940619921488,SLP131,720575940511812852,unknown,downstream
720575940619921488,SLP131,720575940511807476,unknown,downstream
720575940619921488,SLP131,720575940511802612,unknown,downstream
720575940619921488,SLP131,720575940511794932,unknown,downstream
720575940619921488,SLP131,720575940511790324,unknown,downstream
720575940619921488,SLP131,720575940511789300,unknown,downstream
720575940619921488,SLP131,720575940511783412,unknown,downstream
720575940619921488,SLP131,720575940511783156,unknown,downstream
720575940619921488,SLP131,720575940511782900,unknown,downstream
720575940619921488,SLP131,720575940511782644,unknown,downstream
720575940619921488,SLP131,720575940511514583,unknown,downstream
720575940619921488,SLP131,720575940511508695,unknown,downstream
720575940619921488,SLP131,720575940511505111,unknown,downstream
720575940619921488,SLP131,720575940511504855,unknown,downstream
720575940619921488,SLP131,720575940511915252,unknown,downstream
720575940619921488,SLP131,720575940511919604,unknown,downstream
720575940619921488,SLP131,720575940511922676,unknown,downstream
720575940619921488,SLP131,720575940512408106,unknown,downstream
720575940619921488,SLP131,720575940515359929,unknown,downstream
720575940619921488,SLP131,720575940515359673,unknown,downstream
720575940619921488,SLP131,720575940515350457,unknown,downstream
720575940619921488,SLP131,720575940515347641,unknown,downstream
720575940619921488,SLP131,720575940515344825,unknown,downstream
720575940619921488,SLP131,720575940515344313,unknown,downstream
720575940619921488,SLP131,720575940515334073,unknown,downstream
720575940619921488,SLP131,720575940515243494,unknown,downstream
720575940619921488,SLP131,720575940512388906,unknown,downstream
720575940619921488,SLP131,720575940511923444,unknown,downstream
720575940619921488,SLP131,720575940512366122,unknown,downstream
720575940619921488,SLP131,720575940512345898,unknown,downstream
720575940619921488,SLP131,720575940512339498,unknown,downstream
720575940619921488,SLP131,720575940512339242,unknown,downstream
720575940619921488,SLP131,720575940512084017,unknown,downstream
720575940619921488,SLP131,720575940511931380,unknown,downstream
720575940619921488,SLP131,720575940511926772,unknown,downstream
720575940619921488,SLP131,720575940511924468,unknown,downstream
720575940619921488,SLP131,720575940476691277,unknown,downstream
720575940619921488,SLP131,720575940476690253,unknown,downstream
720575940619921488,SLP131,720575940476689741,unknown,downstream
720575940619921488,SLP131,720575940476682573,unknown,downstream
720575940619921488,SLP131,720575940469030175,unknown,downstream
720575940619921488,SLP131,720575940469023007,unknown,downstream
720575940619921488,SLP131,720575940469022239,unknown,downstream
720575940619921488,SLP131,720575940469013023,unknown,downstream
720575940619921488,SLP131,720575940468732613,unknown,downstream
720575940619921488,SLP131,720575940468724421,unknown,downstream
720575940619921488,SLP131,720575940468724165,unknown,downstream
720575940619921488,SLP131,720575940468721861,unknown,downstream
720575940619921488,SLP131,720575940468627397,unknown,downstream
720575940619921488,SLP131,720575940467080256,unknown,downstream
720575940619921488,SLP131,720575940466474038,unknown,downstream
720575940619921488,SLP131,720575940466473014,unknown,downstream
720575940619921488,SLP131,720575940466469942,unknown,downstream
720575940619921488,SLP131,720575940466466358,unknown,downstream
720575940619921488,SLP131,720575940466464822,unknown,downstream
720575940619921488,SLP131,720575940466464054,unknown,downstream
720575940619921488,SLP131,720575940466463542,unknown,downstream
720575940619921488,SLP131,720575940466460470,unknown,downstream
720575940619921488,SLP131,720575940466456374,unknown,downstream
720575940619921488,SLP131,720575940466455862,unknown,downstream
720575940619921488,SLP131,720575940469029407,unknown,downstream
720575940619921488,SLP131,720575940469054495,unknown,downstream
720575940619921488,SLP131,720575940469062431,unknown,downstream
720575940619921488,SLP131,720575940469469247,unknown,downstream
720575940619921488,SLP131,720575940469468479,unknown,downstream
720575940619921488,SLP131,720575940469467199,unknown,downstream
720575940619921488,SLP131,720575940469464127,unknown,downstream
720575940619921488,SLP131,720575940469461567,unknown,downstream
720575940619921488,SLP131,720575940469450303,unknown,downstream
720575940619921488,SLP131,720575940469449791,unknown,downstream
720575940619921488,SLP131,720575940469448511,unknown,downstream
720575940619921488,SLP131,720575940469447999,unknown,downstream
720575940619921488,SLP131,720575940469445183,unknown,downstream
720575940619921488,SLP131,720575940469442879,unknown,downstream
720575940619921488,SLP131,720575940469440575,unknown,downstream
720575940619921488,SLP131,720575940469440319,unknown,downstream
720575940619921488,SLP131,720575940469439807,unknown,downstream
720575940619921488,SLP131,720575940469437247,unknown,downstream
720575940619921488,SLP131,720575940469436223,unknown,downstream
720575940619921488,SLP131,720575940469435199,unknown,downstream
720575940619921488,SLP131,720575940469434943,unknown,downstream
720575940619921488,SLP131,720575940469431359,unknown,downstream
720575940619921488,SLP131,720575940466453302,unknown,downstream
720575940619921488,SLP131,720575940466449974,unknown,downstream
720575940619921488,SLP131,720575940466449206,unknown,downstream
720575940619921488,SLP131,720575940466442806,unknown,downstream
720575940619921488,SLP131,720575940466223414,unknown,downstream
720575940619921488,SLP131,720575940466218550,unknown,downstream
720575940619921488,SLP131,720575940465947512,unknown,downstream
720575940619921488,SLP131,720575940465945464,unknown,downstream
720575940619921488,SLP131,720575940465944952,unknown,downstream
720575940619921488,SLP131,720575940465944184,unknown,downstream
720575940619921488,SLP131,720575940465941368,unknown,downstream
720575940619921488,SLP131,720575940465933944,unknown,downstream
720575940619921488,SLP131,720575940465933432,unknown,downstream
720575940619921488,SLP131,720575940465923704,unknown,downstream
720575940619921488,SLP131,720575940465920888,unknown,downstream
720575940619921488,SLP131,720575940465920632,unknown,downstream
720575940619921488,SLP131,720575940465911672,unknown,downstream
720575940619921488,SLP131,720575940465910648,unknown,downstream
720575940619921488,SLP131,720575940465910136,unknown,downstream
720575940619921488,SLP131,720575940465908088,unknown,downstream
720575940619921488,SLP131,720575940465899128,unknown,downstream
720575940619921488,SLP131,720575940465895288,unknown,downstream
720575940619921488,SLP131,720575940465891192,unknown,downstream
720575940619921488,SLP131,720575940466226230,unknown,downstream
720575940619921488,SLP131,720575940466230582,unknown,downstream
720575940619921488,SLP131,720575940466243382,unknown,downstream
720575940619921488,SLP131,720575940466415158,unknown,downstream
720575940619921488,SLP131,720575940466439734,unknown,downstream
720575940619921488,SLP131,720575940466439222,unknown,downstream
720575940619921488,SLP131,720575940466435126,unknown,downstream
720575940619921488,SLP131,720575940466432822,unknown,downstream
720575940619921488,SLP131,720575940466430262,unknown,downstream
720575940619921488,SLP131,720575940466425398,unknown,downstream
720575940619921488,SLP131,720575940466422582,unknown,downstream
720575940619921488,SLP131,720575940466416182,unknown,downstream
720575940619921488,SLP131,720575940466414646,unknown,downstream
720575940619921488,SLP131,720575940466243894,unknown,downstream
720575940619921488,SLP131,720575940466410038,unknown,downstream
720575940619921488,SLP131,720575940466405942,unknown,downstream
720575940619921488,SLP131,720575940466364470,unknown,downstream
720575940619921488,SLP131,720575940466268726,unknown,downstream
720575940619921488,SLP131,720575940466268470,unknown,downstream
720575940619921488,SLP131,720575940466259254,unknown,downstream
720575940619921488,SLP131,720575940466256438,unknown,downstream
720575940619921488,SLP131,720575940466255926,unknown,downstream
720575940619921488,SLP131,720575940469471039,unknown,downstream
720575940619921488,SLP131,720575940469473087,unknown,downstream
720575940619921488,SLP131,720575940469475391,unknown,downstream
720575940619921488,SLP131,720575940473690515,unknown,downstream
720575940619921488,SLP131,720575940473787795,unknown,downstream
720575940619921488,SLP131,720575940473782419,unknown,downstream
720575940619921488,SLP131,720575940473776531,unknown,downstream
720575940619921488,SLP131,720575940473771505,unknown,downstream
720575940619921488,SLP131,720575940473769969,unknown,downstream
720575940619921488,SLP131,720575940473767059,unknown,downstream
720575940619921488,SLP131,720575940473764755,unknown,downstream
720575940619921488,SLP131,720575940473759985,unknown,downstream
720575940619921488,SLP131,720575940473758449,unknown,downstream
720575940619921488,SLP131,720575940473756145,unknown,downstream
720575940619921488,SLP131,720575940473753841,unknown,downstream
720575940619921488,SLP131,720575940473739761,unknown,downstream
720575940619921488,SLP131,720575940473739505,unknown,downstream
720575940619921488,SLP131,720575940473734385,unknown,downstream
720575940619921488,SLP131,720575940473734129,unknown,downstream
720575940619921488,SLP131,720575940473722097,unknown,downstream
720575940619921488,SLP131,720575940473718513,unknown,downstream
720575940619921488,SLP131,720575940473708273,unknown,downstream
720575940619921488,SLP131,720575940473698451,unknown,downstream
720575940619921488,SLP131,720575940473809043,unknown,downstream
720575940619921488,SLP131,720575940473809637,unknown,downstream
720575940619921488,SLP131,720575940473812627,unknown,downstream
720575940619921488,SLP131,720575940476644941,unknown,downstream
720575940619921488,SLP131,720575940476681805,unknown,downstream
720575940619921488,SLP131,720575940476678733,unknown,downstream
720575940619921488,SLP131,720575940476671821,unknown,downstream
720575940619921488,SLP131,720575940476671053,unknown,downstream
720575940619921488,SLP131,720575940476668749,unknown,downstream
720575940619921488,SLP131,720575940476664397,unknown,downstream
720575940619921488,SLP131,720575940476647501,unknown,downstream
720575940619921488,SLP131,720575940476646989,unknown,downstream
720575940619921488,SLP131,720575940476638797,unknown,downstream
720575940619921488,SLP131,720575940473815269,unknown,downstream
720575940619921488,SLP131,720575940476634957,unknown,downstream
720575940619921488,SLP131,720575940476629837,unknown,downstream
720575940619921488,SLP131,720575940476629581,unknown,downstream
720575940619921488,SLP131,720575940476628301,unknown,downstream
720575940619921488,SLP131,720575940475253812,unknown,downstream
720575940619921488,SLP131,720575940474606507,unknown,downstream
720575940619921488,SLP131,720575940474600875,unknown,downstream
720575940619921488,SLP131,720575940473823973,unknown,downstream
720575940619921488,SLP131,720575940473695379,unknown,downstream
720575940619921488,SLP131,720575940473689235,unknown,downstream
720575940619921488,SLP131,720575940469484351,unknown,downstream
720575940619921488,SLP131,720575940473683953,unknown,downstream
720575940619921488,SLP131,720575940469546303,unknown,downstream
720575940619921488,SLP131,720575940469545791,unknown,downstream
720575940619921488,SLP131,720575940469540415,unknown,downstream
720575940619921488,SLP131,720575940469537855,unknown,downstream
720575940619921488,SLP131,720575940469535039,unknown,downstream
720575940619921488,SLP131,720575940469532479,unknown,downstream
720575940619921488,SLP131,720575940469532223,unknown,downstream
720575940619921488,SLP131,720575940469528639,unknown,downstream
720575940619921488,SLP131,720575940469527871,unknown,downstream
720575940619921488,SLP131,720575940469527103,unknown,downstream
720575940619921488,SLP131,720575940469526847,unknown,downstream
720575940619921488,SLP131,720575940469523519,unknown,downstream
720575940619921488,SLP131,720575940469520703,unknown,downstream
720575940619921488,SLP131,720575940469515839,unknown,downstream
720575940619921488,SLP131,720575940469514815,unknown,downstream
720575940619921488,SLP131,720575940469514559,unknown,downstream
720575940619921488,SLP131,720575940469513023,unknown,downstream
720575940619921488,SLP131,720575940469501759,unknown,downstream
720575940619921488,SLP131,720575940469497919,unknown,downstream
720575940619921488,SLP131,720575940469552191,unknown,downstream
720575940619921488,SLP131,720575940469552959,unknown,downstream
720575940619921488,SLP131,720575940469745727,unknown,downstream
720575940619921488,SLP131,720575940472010147,unknown,downstream
720575940619921488,SLP131,720575940473645553,unknown,downstream
720575940619921488,SLP131,720575940472992762,unknown,downstream
720575940619921488,SLP131,720575940472990714,unknown,downstream
720575940619921488,SLP131,720575940472980986,unknown,downstream
720575940619921488,SLP131,720575940472953594,unknown,downstream
720575940619921488,SLP131,720575940472023459,unknown,downstream
720575940619921488,SLP131,720575940472020387,unknown,downstream
720575940619921488,SLP131,720575940472015011,unknown,downstream
720575940619921488,SLP131,720575940471986072,unknown,downstream
720575940619921488,SLP131,720575940470498661,unknown,downstream
720575940619921488,SLP131,720575940470712072,unknown,downstream
720575940619921488,SLP131,720575940470535781,unknown,downstream
720575940619921488,SLP131,720575940470532453,unknown,downstream
720575940619921488,SLP131,720575940470528613,unknown,downstream
720575940619921488,SLP131,720575940470520421,unknown,downstream
720575940619921488,SLP131,720575940470512997,unknown,downstream
720575940619921488,SLP131,720575940470503013,unknown,downstream
720575940619921488,SLP131,720575940470500197,unknown,downstream
720575940619921488,SLP131,720575940465885560,unknown,downstream
720575940619921488,SLP131,720575940465884280,unknown,downstream
720575940619921488,SLP131,720575940465879928,unknown,downstream
720575940619921488,SLP131,720575940463316736,unknown,downstream
720575940619921488,SLP131,720575940463859940,unknown,downstream
720575940619921488,SLP131,720575940463849700,unknown,downstream
720575940619921488,SLP131,720575940463844836,unknown,downstream
720575940619921488,SLP131,720575940463843044,unknown,downstream
720575940619921488,SLP131,720575940463835364,unknown,downstream
720575940619921488,SLP131,720575940463832292,unknown,downstream
720575940619921488,SLP131,720575940463824868,unknown,downstream
720575940619921488,SLP131,720575940463820772,unknown,downstream
720575940619921488,SLP131,720575940463819492,unknown,downstream
720575940619921488,SLP131,720575940463813604,unknown,downstream
720575940619921488,SLP131,720575940463809508,unknown,downstream
720575940619921488,SLP131,720575940463809252,unknown,downstream
720575940619921488,SLP131,720575940463795428,unknown,downstream
720575940619921488,SLP131,720575940463772132,unknown,downstream
720575940619921488,SLP131,720575940463552596,unknown,downstream
720575940619921488,SLP131,720575940463367252,unknown,downstream
720575940619921488,SLP131,720575940463363840,unknown,downstream
720575940619921488,SLP131,720575940463344468,unknown,downstream
720575940619921488,SLP131,720575940463335936,unknown,downstream
720575940619921488,SLP131,720575940463863524,unknown,downstream
720575940619921488,SLP131,720575940463867364,unknown,downstream
720575940619921488,SLP131,720575940463873252,unknown,downstream
720575940619921488,SLP131,720575940464033540,unknown,downstream
720575940619921488,SLP131,720575940464239833,unknown,downstream
720575940619921488,SLP131,720575940464238809,unknown,downstream
720575940619921488,SLP131,720575940464051716,unknown,downstream
720575940619921488,SLP131,720575940464051460,unknown,downstream
720575940619921488,SLP131,720575940464049412,unknown,downstream
720575940619921488,SLP131,720575940464048900,unknown,downstream
720575940619921488,SLP131,720575940464043524,unknown,downstream
720575940619921488,SLP131,720575940464039940,unknown,downstream
720575940619921488,SLP131,720575940464033028,unknown,downstream
720575940619921488,SLP131,720575940463874532,unknown,downstream
720575940619921488,SLP131,720575940464027652,unknown,downstream
720575940619921488,SLP131,720575940463943830,unknown,downstream
720575940619921488,SLP131,720575940463922326,unknown,downstream
720575940619921488,SLP131,720575940463893732,unknown,downstream
720575940619921488,SLP131,720575940463892964,unknown,downstream
720575940619921488,SLP131,720575940463887588,unknown,downstream
720575940619921488,SLP131,720575940463879396,unknown,downstream
720575940619921488,SLP131,720575940463876580,unknown,downstream
720575940619921488,SLP131,720575940463326208,unknown,downstream
720575940619921488,SLP131,720575940463254016,unknown,downstream
720575940619921488,SLP131,720575940464244697,unknown,downstream
720575940619921488,SLP131,720575940463192912,unknown,downstream
720575940619921488,SLP131,720575940460678464,unknown,downstream
720575940619921488,SLP131,720575940460695360,unknown,downstream
720575940619921488,SLP131,720575940460704320,unknown,downstream
720575940619921488,SLP131,720575940460707136,unknown,downstream
720575940619921488,SLP131,720575940462644369,unknown,downstream
720575940619921488,SLP131,720575940463191376,unknown,downstream
720575940619921488,SLP131,720575940463189840,unknown,downstream
720575940619921488,SLP131,720575940463184464,unknown,downstream
720575940619921488,SLP131,720575940463181904,unknown,downstream
720575940619921488,SLP131,720575940463180112,unknown,downstream
720575940619921488,SLP131,720575940462727215,unknown,downstream
720575940619921488,SLP131,720575940462679441,unknown,downstream
720575940619921488,SLP131,720575940462666385,unknown,downstream
720575940619921488,SLP131,720575940462622353,unknown,downstream
720575940619921488,SLP131,720575940460964539,unknown,downstream
720575940619921488,SLP131,720575940462621585,unknown,downstream
720575940619921488,SLP131,720575940462612881,unknown,downstream
720575940619921488,SLP131,720575940462599871,unknown,downstream
720575940619921488,SLP131,720575940462584511,unknown,downstream
720575940619921488,SLP131,720575940462577087,unknown,downstream
720575940619921488,SLP131,720575940462557073,unknown,downstream
720575940619921488,SLP131,720575940461958377,unknown,downstream
720575940619921488,SLP131,720575940461948474,unknown,downstream
720575940619921488,SLP131,720575940464243417,unknown,downstream
720575940619921488,SLP131,720575940464249561,unknown,downstream
720575940619921488,SLP131,720575940465879416,unknown,downstream
720575940619921488,SLP131,720575940464496698,unknown,downstream
720575940619921488,SLP131,720575940465475428,unknown,downstream
720575940619921488,SLP131,720575940465474916,unknown,downstream
720575940619921488,SLP131,720575940465474148,unknown,downstream
720575940619921488,SLP131,720575940465462884,unknown,downstream
720575940619921488,SLP131,720575940465462372,unknown,downstream
720575940619921488,SLP131,720575940465461860,unknown,downstream
720575940619921488,SLP131,720575940465461348,unknown,downstream
720575940619921488,SLP131,720575940465454436,unknown,downstream
720575940619921488,SLP131,720575940465412452,unknown,downstream
720575940619921488,SLP131,720575940465133253,unknown,downstream
720575940619921488,SLP131,720575940465121989,unknown,downstream
720575940619921488,SLP131,720575940465113797,unknown,downstream
720575940619921488,SLP131,720575940465088965,unknown,downstream
720575940619921488,SLP131,720575940464538682,unknown,downstream
720575940619921488,SLP131,720575940464532794,unknown,downstream
720575940619921488,SLP131,720575940464529466,unknown,downstream
720575940619921488,SLP131,720575940464522042,unknown,downstream
720575940619921488,SLP131,720575940464515130,unknown,downstream
720575940619921488,SLP131,720575940464512124,unknown,downstream
720575940619921488,SLP131,720575940465481316,unknown,downstream
720575940619921488,SLP131,720575940465481828,unknown,downstream
720575940619921488,SLP131,720575940465488228,unknown,downstream
720575940619921488,SLP131,720575940465551204,unknown,downstream
720575940619921488,SLP131,720575940465878648,unknown,downstream
720575940619921488,SLP131,720575940465877880,unknown,downstream
720575940619921488,SLP131,720575940465873784,unknown,downstream
720575940619921488,SLP131,720575940465867640,unknown,downstream
720575940619921488,SLP131,720575940465858680,unknown,downstream
720575940619921488,SLP131,720575940465855096,unknown,downstream
720575940619921488,SLP131,720575940465557092,unknown,downstream
720575940619921488,SLP131,720575940465554532,unknown,downstream
720575940619921488,SLP131,720575940465547620,unknown,downstream
720575940619921488,SLP131,720575940465488484,unknown,downstream
720575940619921488,SLP131,720575940465547108,unknown,downstream
720575940619921488,SLP131,720575940465535076,unknown,downstream
720575940619921488,SLP131,720575940465520228,unknown,downstream
720575940619921488,SLP131,720575940465512292,unknown,downstream
720575940619921488,SLP131,720575940465511780,unknown,downstream
720575940619921488,SLP131,720575940465508196,unknown,downstream
720575940619921488,SLP131,720575940465500004,unknown,downstream
720575940619921488,SLP131,720575940465496164,unknown,downstream
720575940619921488,SLP131,720575940464500794,unknown,downstream
720575940619921488,SLP131,720575940464492858,unknown,downstream
720575940619921488,SLP131,720575940464252889,unknown,downstream
720575940619921488,SLP131,720575940464490810,unknown,downstream
720575940619921488,SLP131,720575940464419090,unknown,downstream
720575940619921488,SLP131,720575940464418834,unknown,downstream
720575940619921488,SLP131,720575940464417555,unknown,downstream
720575940619921488,SLP131,720575940464416787,unknown,downstream
720575940619921488,SLP131,720575940464416019,unknown,downstream
720575940619921488,SLP131,720575940464414739,unknown,downstream
720575940619921488,SLP131,720575940464413459,unknown,downstream
720575940619921488,SLP131,720575940464412691,unknown,downstream
720575940619921488,SLP131,720575940464410899,unknown,downstream
720575940619921488,SLP131,720575940464409107,unknown,downstream
720575940619921488,SLP131,720575940464408595,unknown,downstream
720575940619921488,SLP131,720575940464404755,unknown,downstream
720575940619921488,SLP131,720575940464394259,unknown,downstream
720575940619921488,SLP131,720575940464374803,unknown,downstream
720575940619921488,SLP131,720575940464367123,unknown,downstream
720575940619921488,SLP131,720575940464354067,unknown,downstream
720575940619921488,SLP131,720575940464346643,unknown,downstream
720575940619921488,SLP131,720575940464259801,unknown,downstream
720575940619921488,SLP131,720575940464253145,unknown,downstream
720575940619921488,SLP131,720575940464420115,unknown,downstream
720575940619921488,SLP131,720575940464420371,unknown,downstream
720575940619921488,SLP131,720575940464421651,unknown,downstream
720575940619921488,SLP131,720575940464444435,unknown,downstream
720575940619921488,SLP131,720575940464489786,unknown,downstream
720575940619921488,SLP131,720575940464481850,unknown,downstream
720575940619921488,SLP131,720575940464477242,unknown,downstream
720575940619921488,SLP131,720575940464475450,unknown,downstream
720575940619921488,SLP131,720575940464475194,unknown,downstream
720575940619921488,SLP131,720575940464472378,unknown,downstream
720575940619921488,SLP131,720575940464462650,unknown,downstream
720575940619921488,SLP131,720575940464445203,unknown,downstream
720575940619921488,SLP131,720575940464443155,unknown,downstream
720575940619921488,SLP131,720575940464425747,unknown,downstream
720575940619921488,SLP131,720575940464441619,unknown,downstream
720575940619921488,SLP131,720575940464440851,unknown,downstream
720575940619921488,SLP131,720575940464438803,unknown,downstream
720575940619921488,SLP131,720575940464434195,unknown,downstream
720575940619921488,SLP131,720575940464433466,unknown,downstream
720575940619921488,SLP131,720575940464433171,unknown,downstream
720575940619921488,SLP131,720575940464428563,unknown,downstream
720575940619921488,SLP131,720575940464428051,unknown,downstream
720575940619921488,SLP131,720575940526043980,unknown,downstream
720575940619921488,SLP131,720575940526056268,unknown,downstream
720575940619921488,SLP131,720575940590300447,unknown,downstream
720575940619921488,SLP131,720575940576415504,unknown,downstream
720575940619921488,SLP131,720575940576405520,unknown,downstream
720575940619921488,SLP131,720575940576395024,unknown,downstream
720575940619921488,SLP131,720575940576324880,unknown,downstream
720575940619921488,SLP131,720575940575986354,unknown,downstream
720575940619921488,SLP131,720575940575980466,unknown,downstream
720575940619921488,SLP131,720575940575944113,unknown,downstream
720575940619921488,SLP131,720575940575932849,unknown,downstream
720575940619921488,SLP131,720575940575882691,unknown,downstream
720575940619921488,SLP131,720575940575881155,unknown,downstream
720575940619921488,SLP131,720575940575880387,unknown,downstream
720575940619921488,SLP131,720575940575879619,unknown,downstream
720575940619921488,SLP131,720575940575877059,unknown,downstream
720575940619921488,SLP131,720575940575876547,unknown,downstream
720575940619921488,SLP131,720575940575873731,unknown,downstream
720575940619921488,SLP131,720575940575860419,unknown,downstream
720575940619921488,SLP131,720575940575853251,unknown,downstream
720575940619921488,SLP131,720575940575837635,unknown,downstream
720575940619921488,SLP131,720575940575819442,unknown,downstream
720575940619921488,SLP131,720575940575817650,unknown,downstream
720575940619921488,SLP131,720575940576406288,unknown,downstream
720575940619921488,SLP131,720575940576416784,unknown,downstream
720575940619921488,SLP131,720575940571172241,unknown,downstream
720575940619921488,SLP131,720575940576421392,unknown,downstream
720575940619921488,SLP131,720575940576455184,unknown,downstream
720575940619921488,SLP131,720575940576454672,unknown,downstream
720575940619921488,SLP131,720575940576454416,unknown,downstream
720575940619921488,SLP131,720575940576453136,unknown,downstream
720575940619921488,SLP131,720575940576452368,unknown,downstream
720575940619921488,SLP131,720575940576446480,unknown,downstream
720575940619921488,SLP131,720575940576443152,unknown,downstream
720575940619921488,SLP131,720575940576442128,unknown,downstream
720575940619921488,SLP131,720575940576441360,unknown,downstream
720575940619921488,SLP131,720575940576440848,unknown,downstream
720575940619921488,SLP131,720575940576439824,unknown,downstream
720575940619921488,SLP131,720575940576438544,unknown,downstream
720575940619921488,SLP131,720575940576437776,unknown,downstream
720575940619921488,SLP131,720575940576435728,unknown,downstream
720575940619921488,SLP131,720575940576435472,unknown,downstream
720575940619921488,SLP131,720575940576431632,unknown,downstream
720575940619921488,SLP131,720575940576425232,unknown,downstream
720575940619921488,SLP131,720575940576424976,unknown,downstream
720575940619921488,SLP131,720575940576421648,unknown,downstream
720575940619921488,SLP131,720575940575785155,unknown,downstream
720575940619921488,SLP131,720575940575783107,unknown,downstream
720575940619921488,SLP131,720575940575780803,unknown,downstream
720575940619921488,SLP131,720575940575776707,unknown,downstream
720575940619921488,SLP131,720575940574316537,unknown,downstream
720575940619921488,SLP131,720575940574315769,unknown,downstream
720575940619921488,SLP131,720575940574304761,unknown,downstream
720575940619921488,SLP131,720575940574297337,unknown,downstream
720575940619921488,SLP131,720575940574291705,unknown,downstream
720575940619921488,SLP131,720575940574287609,unknown,downstream
720575940619921488,SLP131,720575940574285561,unknown,downstream
720575940619921488,SLP131,720575940574266617,unknown,downstream
720575940619921488,SLP131,720575940574261753,unknown,downstream
720575940619921488,SLP131,720575940574258169,unknown,downstream
720575940619921488,SLP131,720575940574247161,unknown,downstream
720575940619921488,SLP131,720575940574242041,unknown,downstream
720575940619921488,SLP131,720575940574215417,unknown,downstream
720575940619921488,SLP131,720575940574210041,unknown,downstream
720575940619921488,SLP131,720575940574199801,unknown,downstream
720575940619921488,SLP131,720575940573274509,unknown,downstream
720575940619921488,SLP131,720575940573224077,unknown,downstream
720575940619921488,SLP131,720575940572847276,unknown,downstream
720575940619921488,SLP131,720575940571176593,unknown,downstream
720575940619921488,SLP131,720575940574336761,unknown,downstream
720575940619921488,SLP131,720575940574526969,unknown,downstream
720575940619921488,SLP131,720575940574550687,unknown,downstream
720575940619921488,SLP131,720575940574611359,unknown,downstream
720575940619921488,SLP131,720575940575774147,unknown,downstream
720575940619921488,SLP131,720575940575766979,unknown,downstream
720575940619921488,SLP131,720575940575764675,unknown,downstream
720575940619921488,SLP131,720575940575755715,unknown,downstream
720575940619921488,SLP131,720575940575714243,unknown,downstream
720575940619921488,SLP131,720575940575708099,unknown,downstream
720575940619921488,SLP131,720575940575707075,unknown,downstream
720575940619921488,SLP131,720575940575704003,unknown,downstream
720575940619921488,SLP131,720575940574601887,unknown,downstream
720575940619921488,SLP131,720575940574556665,unknown,downstream
720575940619921488,SLP131,720575940574601631,unknown,downstream
720575940619921488,SLP131,720575940574592505,unknown,downstream
720575940619921488,SLP131,720575940574592249,unknown,downstream
720575940619921488,SLP131,720575940574586873,unknown,downstream
720575940619921488,SLP131,720575940574579449,unknown,downstream
720575940619921488,SLP131,720575940574579193,unknown,downstream
720575940619921488,SLP131,720575940574567161,unknown,downstream
720575940619921488,SLP131,720575940574560249,unknown,downstream
720575940619921488,SLP131,720575940576455696,unknown,downstream
720575940619921488,SLP131,720575940576458256,unknown,downstream
720575940619921488,SLP131,720575940576460560,unknown,downstream
720575940619921488,SLP131,720575940577873746,unknown,downstream
720575940619921488,SLP131,720575940578620987,unknown,downstream
720575940619921488,SLP131,720575940578394171,unknown,downstream
720575940619921488,SLP131,720575940578390075,unknown,downstream
720575940619921488,SLP131,720575940578388539,unknown,downstream
720575940619921488,SLP131,720575940578385467,unknown,downstream
720575940619921488,SLP131,720575940578385211,unknown,downstream
720575940619921488,SLP131,720575940578384699,unknown,downstream
720575940619921488,SLP131,720575940578383931,unknown,downstream
720575940619921488,SLP131,720575940578383675,unknown,downstream
720575940619921488,SLP131,720575940578383419,unknown,downstream
720575940619921488,SLP131,720575940578382395,unknown,downstream
720575940619921488,SLP131,720575940578380859,unknown,downstream
720575940619921488,SLP131,720575940578379067,unknown,downstream
720575940619921488,SLP131,720575940578378811,unknown,downstream
720575940619921488,SLP131,720575940578377275,unknown,downstream
720575940619921488,SLP131,720575940578374715,unknown,downstream
720575940619921488,SLP131,720575940578370363,unknown,downstream
720575940619921488,SLP131,720575940578341652,unknown,downstream
720575940619921488,SLP131,720575940577898467,unknown,downstream
720575940619921488,SLP131,720575940578624315,unknown,downstream
720575940619921488,SLP131,720575940578625083,unknown,downstream
720575940619921488,SLP131,720575940579041154,unknown,downstream
720575940619921488,SLP131,720575940581215619,unknown,downstream
720575940619921488,SLP131,720575940581633233,unknown,downstream
720575940619921488,SLP131,720575940581568523,unknown,downstream
720575940619921488,SLP131,720575940581568011,unknown,downstream
720575940619921488,SLP131,720575940581566475,unknown,downstream
720575940619921488,SLP131,720575940581566219,unknown,downstream
720575940619921488,SLP131,720575940581559563,unknown,downstream
720575940619921488,SLP131,720575940581440523,unknown,downstream
720575940619921488,SLP131,720575940581217411,unknown,downstream
720575940619921488,SLP131,720575940581209475,unknown,downstream
720575940619921488,SLP131,720575940579051906,unknown,downstream
720575940619921488,SLP131,720575940581209219,unknown,downstream
720575940619921488,SLP131,720575940580824859,unknown,downstream
720575940619921488,SLP131,720575940580823067,unknown,downstream
720575940619921488,SLP131,720575940580821787,unknown,downstream
720575940619921488,SLP131,720575940580819483,unknown,downstream
720575940619921488,SLP131,720575940580793371,unknown,downstream
720575940619921488,SLP131,720575940580279243,unknown,downstream
720575940619921488,SLP131,720575940579188430,unknown,downstream
720575940619921488,SLP131,720575940577874002,unknown,downstream
720575940619921488,SLP131,720575940577871442,unknown,downstream
720575940619921488,SLP131,720575940576463632,unknown,downstream
720575940619921488,SLP131,720575940577870930,unknown,downstream
720575940619921488,SLP131,720575940576518672,unknown,downstream
720575940619921488,SLP131,720575940576517904,unknown,downstream
720575940619921488,SLP131,720575940576514064,unknown,downstream
720575940619921488,SLP131,720575940576503312,unknown,downstream
720575940619921488,SLP131,720575940576503056,unknown,downstream
720575940619921488,SLP131,720575940576501264,unknown,downstream
720575940619921488,SLP131,720575940576497168,unknown,downstream
720575940619921488,SLP131,720575940576496400,unknown,downstream
720575940619921488,SLP131,720575940576492048,unknown,downstream
720575940619921488,SLP131,720575940576488720,unknown,downstream
720575940619921488,SLP131,720575940576487952,unknown,downstream
720575940619921488,SLP131,720575940576487440,unknown,downstream
720575940619921488,SLP131,720575940576486160,unknown,downstream
720575940619921488,SLP131,720575940576485648,unknown,downstream
720575940619921488,SLP131,720575940576478224,unknown,downstream
720575940619921488,SLP131,720575940576470800,unknown,downstream
720575940619921488,SLP131,720575940576466192,unknown,downstream
720575940619921488,SLP131,720575940576465936,unknown,downstream
720575940619921488,SLP131,720575940576464400,unknown,downstream
720575940619921488,SLP131,720575940576521488,unknown,downstream
720575940619921488,SLP131,720575940576527120,unknown,downstream
720575940619921488,SLP131,720575940576529936,unknown,downstream
720575940619921488,SLP131,720575940577839954,unknown,downstream
720575940619921488,SLP131,720575940577869138,unknown,downstream
720575940619921488,SLP131,720575940577865042,unknown,downstream
720575940619921488,SLP131,720575940577860434,unknown,downstream
720575940619921488,SLP131,720575940577857618,unknown,downstream
720575940619921488,SLP131,720575940577854034,unknown,downstream
720575940619921488,SLP131,720575940577844562,unknown,downstream
720575940619921488,SLP131,720575940577844306,unknown,downstream
720575940619921488,SLP131,720575940577842258,unknown,downstream
720575940619921488,SLP131,720575940577836882,unknown,downstream
720575940619921488,SLP131,720575940577350606,unknown,downstream
720575940619921488,SLP131,720575940577836626,unknown,downstream
720575940619921488,SLP131,720575940577833298,unknown,downstream
720575940619921488,SLP131,720575940577832786,unknown,downstream
720575940619921488,SLP131,720575940577831250,unknown,downstream
720575940619921488,SLP131,720575940577823058,unknown,downstream
720575940619921488,SLP131,720575940577822802,unknown,downstream
720575940619921488,SLP131,720575940577803858,unknown,downstream
720575940619921488,SLP131,720575940577767762,unknown,downstream
720575940619921488,SLP131,720575940571175057,unknown,downstream
720575940619921488,SLP131,720575940571168145,unknown,downstream
720575940619921488,SLP131,720575940526058316,unknown,downstream
720575940619921488,SLP131,720575940557806882,unknown,downstream
720575940619921488,SLP131,720575940557798434,unknown,downstream
720575940619921488,SLP131,720575940556754770,unknown,downstream
720575940619921488,SLP131,720575940556733010,unknown,downstream
720575940619921488,SLP131,720575940556644434,unknown,downstream
720575940619921488,SLP131,720575940556632658,unknown,downstream
720575940619921488,SLP131,720575940556630866,unknown,downstream
720575940619921488,SLP131,720575940556628818,unknown,downstream
720575940619921488,SLP131,720575940556624466,unknown,downstream
720575940619921488,SLP131,720575940556623698,unknown,downstream
720575940619921488,SLP131,720575940556618066,unknown,downstream
720575940619921488,SLP131,720575940556616274,unknown,downstream
720575940619921488,SLP131,720575940556610386,unknown,downstream
720575940619921488,SLP131,720575940556609362,unknown,downstream
720575940619921488,SLP131,720575940556608850,unknown,downstream
720575940619921488,SLP131,720575940556605266,unknown,downstream
720575940619921488,SLP131,720575940555928712,unknown,downstream
720575940619921488,SLP131,720575940555828509,unknown,downstream
720575940619921488,SLP131,720575940555806237,unknown,downstream
720575940619921488,SLP131,720575940555805725,unknown,downstream
720575940619921488,SLP131,720575940557800738,unknown,downstream
720575940619921488,SLP131,720575940557810722,unknown,downstream
720575940619921488,SLP131,720575940571165841,unknown,downstream
720575940619921488,SLP131,720575940557810978,unknown,downstream
720575940619921488,SLP131,720575940560300464,unknown,downstream
720575940619921488,SLP131,720575940560297392,unknown,downstream
720575940619921488,SLP131,720575940559887547,unknown,downstream
720575940619921488,SLP131,720575940559880379,unknown,downstream
720575940619921488,SLP131,720575940558126497,unknown,downstream
720575940619921488,SLP131,720575940558096801,unknown,downstream
720575940619921488,SLP131,720575940558096033,unknown,downstream
720575940619921488,SLP131,720575940558095265,unknown,downstream
720575940619921488,SLP131,720575940558090401,unknown,downstream
720575940619921488,SLP131,720575940558090145,unknown,downstream
720575940619921488,SLP131,720575940558089121,unknown,downstream
720575940619921488,SLP131,720575940558084513,unknown,downstream
720575940619921488,SLP131,720575940558084257,unknown,downstream
720575940619921488,SLP131,720575940558081441,unknown,downstream
720575940619921488,SLP131,720575940558076065,unknown,downstream
720575940619921488,SLP131,720575940558066849,unknown,downstream
720575940619921488,SLP131,720575940558014881,unknown,downstream
720575940619921488,SLP131,720575940557820194,unknown,downstream
720575940619921488,SLP131,720575940557817378,unknown,downstream
720575940619921488,SLP131,720575940555787805,unknown,downstream
720575940619921488,SLP131,720575940555777053,unknown,downstream
720575940619921488,SLP131,720575940555775261,unknown,downstream
720575940619921488,SLP131,720575940555757853,unknown,downstream
720575940619921488,SLP131,720575940552669146,unknown,downstream
720575940619921488,SLP131,720575940552649178,unknown,downstream
720575940619921488,SLP131,720575940552647130,unknown,downstream
720575940619921488,SLP131,720575940551550630,unknown,downstream
720575940619921488,SLP131,720575940551322514,unknown,downstream
720575940619921488,SLP131,720575940551314322,unknown,downstream
720575940619921488,SLP131,720575940551300754,unknown,downstream
720575940619921488,SLP131,720575940551296658,unknown,downstream
720575940619921488,SLP131,720575940551278226,unknown,downstream
720575940619921488,SLP131,720575940551277970,unknown,downstream
720575940619921488,SLP131,720575940551273362,unknown,downstream
720575940619921488,SLP131,720575940551273106,unknown,downstream
720575940619921488,SLP131,720575940551271314,unknown,downstream
720575940619921488,SLP131,720575940551270290,unknown,downstream
720575940619921488,SLP131,720575940551268498,unknown,downstream
720575940619921488,SLP131,720575940551266962,unknown,downstream
720575940619921488,SLP131,720575940551263634,unknown,downstream
720575940619921488,SLP131,720575940551261330,unknown,downstream
720575940619921488,SLP131,720575940551260818,unknown,downstream
720575940619921488,SLP131,720575940552675290,unknown,downstream
720575940619921488,SLP131,720575940552682714,unknown,downstream
720575940619921488,SLP131,720575940552687066,unknown,downstream
720575940619921488,SLP131,720575940553512223,unknown,downstream
720575940619921488,SLP131,720575940555540886,unknown,downstream
720575940619921488,SLP131,720575940555420566,unknown,downstream
720575940619921488,SLP131,720575940555414166,unknown,downstream
720575940619921488,SLP131,720575940555388566,unknown,downstream
720575940619921488,SLP131,720575940553822556,unknown,downstream
720575940619921488,SLP131,720575940553752352,unknown,downstream
720575940619921488,SLP131,720575940553542943,unknown,downstream
720575940619921488,SLP131,720575940553515551,unknown,downstream
720575940619921488,SLP131,720575940553165921,unknown,downstream
720575940619921488,SLP131,720575940552690650,unknown,downstream
720575940619921488,SLP131,720575940552878238,unknown,downstream
720575940619921488,SLP131,720575940552876446,unknown,downstream
720575940619921488,SLP131,720575940552874654,unknown,downstream
720575940619921488,SLP131,720575940552737498,unknown,downstream
720575940619921488,SLP131,720575940552736730,unknown,downstream
720575940619921488,SLP131,720575940552729050,unknown,downstream
720575940619921488,SLP131,720575940552705498,unknown,downstream
720575940619921488,SLP131,720575940552696282,unknown,downstream
720575940619921488,SLP131,720575940560304304,unknown,downstream
720575940619921488,SLP131,720575940560305072,unknown,downstream
720575940619921488,SLP131,720575940560306864,unknown,downstream
720575940619921488,SLP131,720575940565350824,unknown,downstream
720575940619921488,SLP131,720575940568421830,unknown,downstream
720575940619921488,SLP131,720575940568421574,unknown,downstream
720575940619921488,SLP131,720575940568420806,unknown,downstream
720575940619921488,SLP131,720575940568420550,unknown,downstream
720575940619921488,SLP131,720575940568420038,unknown,downstream
720575940619921488,SLP131,720575940568419526,unknown,downstream
720575940619921488,SLP131,720575940568418758,unknown,downstream
720575940619921488,SLP131,720575940568417478,unknown,downstream
720575940619921488,SLP131,720575940568417222,unknown,downstream
720575940619921488,SLP131,720575940568409286,unknown,downstream
720575940619921488,SLP131,720575940567528089,unknown,downstream
720575940619921488,SLP131,720575940567527577,unknown,downstream
720575940619921488,SLP131,720575940567519385,unknown,downstream
720575940619921488,SLP131,720575940565367464,unknown,downstream
720575940619921488,SLP131,720575940565362856,unknown,downstream
720575940619921488,SLP131,720575940565362600,unknown,downstream
720575940619921488,SLP131,720575940565358760,unknown,downstream
720575940619921488,SLP131,720575940565357480,unknown,downstream
720575940619921488,SLP131,720575940565355944,unknown,downstream
720575940619921488,SLP131,720575940568422342,unknown,downstream
720575940619921488,SLP131,720575940568423622,unknown,downstream
720575940619921488,SLP131,720575940568425158,unknown,downstream
720575940619921488,SLP131,720575940569373862,unknown,downstream
720575940619921488,SLP131,720575940571158929,unknown,downstream
720575940619921488,SLP131,720575940571152529,unknown,downstream
720575940619921488,SLP131,720575940569740786,unknown,downstream
720575940619921488,SLP131,720575940569412774,unknown,downstream
720575940619921488,SLP131,720575940569393062,unknown,downstream
720575940619921488,SLP131,720575940569380262,unknown,downstream
720575940619921488,SLP131,720575940569377446,unknown,downstream
720575940619921488,SLP131,720575940569374374,unknown,downstream
720575940619921488,SLP131,720575940569364646,unknown,downstream
720575940619921488,SLP131,720575940568426438,unknown,downstream
720575940619921488,SLP131,720575940569362854,unknown,downstream
720575940619921488,SLP131,720575940569362342,unknown,downstream
720575940619921488,SLP131,720575940569360806,unknown,downstream
720575940619921488,SLP131,720575940569357222,unknown,downstream
720575940619921488,SLP131,720575940568432582,unknown,downstream
720575940619921488,SLP131,720575940568432070,unknown,downstream
720575940619921488,SLP131,720575940568431302,unknown,downstream
720575940619921488,SLP131,720575940568430022,unknown,downstream
720575940619921488,SLP131,720575940565353384,unknown,downstream
720575940619921488,SLP131,720575940565348776,unknown,downstream
720575940619921488,SLP131,720575940560307120,unknown,downstream
720575940619921488,SLP131,720575940565343912,unknown,downstream
720575940619921488,SLP131,720575940560377776,unknown,downstream
720575940619921488,SLP131,720575940560377008,unknown,downstream
720575940619921488,SLP131,720575940560371632,unknown,downstream
720575940619921488,SLP131,720575940560365232,unknown,downstream
720575940619921488,SLP131,720575940560358832,unknown,downstream
720575940619921488,SLP131,720575940560357808,unknown,downstream
720575940619921488,SLP131,720575940560347824,unknown,downstream
720575940619921488,SLP131,720575940560345264,unknown,downstream
720575940619921488,SLP131,720575940560342192,unknown,downstream
720575940619921488,SLP131,720575940560333744,unknown,downstream
720575940619921488,SLP131,720575940560326064,unknown,downstream
720575940619921488,SLP131,720575940560325296,unknown,downstream
720575940619921488,SLP131,720575940560322224,unknown,downstream
720575940619921488,SLP131,720575940560321200,unknown,downstream
720575940619921488,SLP131,720575940560320944,unknown,downstream
720575940619921488,SLP131,720575940560319408,unknown,downstream
720575940619921488,SLP131,720575940560315056,unknown,downstream
720575940619921488,SLP131,720575940560311728,unknown,downstream
720575940619921488,SLP131,720575940560308400,unknown,downstream
720575940619921488,SLP131,720575940560378800,unknown,downstream
720575940619921488,SLP131,720575940560390576,unknown,downstream
720575940619921488,SLP131,720575940560510902,unknown,downstream
720575940619921488,SLP131,720575940565325480,unknown,downstream
720575940619921488,SLP131,720575940565343400,unknown,downstream
720575940619921488,SLP131,720575940565341864,unknown,downstream
720575940619921488,SLP131,720575940565341352,unknown,downstream
720575940619921488,SLP131,720575940565340840,unknown,downstream
720575940619921488,SLP131,720575940565340584,unknown,downstream
720575940619921488,SLP131,720575940565330600,unknown,downstream
720575940619921488,SLP131,720575940565326248,unknown,downstream
720575940619921488,SLP131,720575940565325992,unknown,downstream
720575940619921488,SLP131,720575940565323688,unknown,downstream
720575940619921488,SLP131,720575940562353878,unknown,downstream
720575940619921488,SLP131,720575940565316008,unknown,downstream
720575940619921488,SLP131,720575940565315496,unknown,downstream
720575940619921488,SLP131,720575940565311400,unknown,downstream
720575940619921488,SLP131,720575940565310120,unknown,downstream
720575940619921488,SLP131,720575940565309864,unknown,downstream
720575940619921488,SLP131,720575940565307304,unknown,downstream
720575940619921488,SLP131,720575940565306280,unknown,downstream
720575940619921488,SLP131,720575940564197861,unknown,downstream
720575940619921488,SLP131,720575940582029729,unknown,downstream
720575940619921488,SLP131,720575940582056097,unknown,downstream
720575940619921488,SLP131,720575940582073761,unknown,downstream
720575940619921488,SLP131,720575940588468262,unknown,downstream
720575940619921488,SLP131,720575940588465446,unknown,downstream
720575940619921488,SLP131,720575940588464422,unknown,downstream
720575940619921488,SLP131,720575940588462936,unknown,downstream
720575940619921488,SLP131,720575940588462374,unknown,downstream
720575940619921488,SLP131,720575940588460888,unknown,downstream
720575940619921488,SLP131,720575940588459864,unknown,downstream
720575940619921488,SLP131,720575940588459608,unknown,downstream
720575940619921488,SLP131,720575940588425455,unknown,downstream
720575940619921488,SLP131,720575940588423663,unknown,downstream
720575940619921488,SLP131,720575940588422895,unknown,downstream
720575940619921488,SLP131,720575940588422639,unknown,downstream
720575940619921488,SLP131,720575940588421359,unknown,downstream
720575940619921488,SLP131,720575940588420591,unknown,downstream
720575940619921488,SLP131,720575940588419823,unknown,downstream
720575940619921488,SLP131,720575940588419567,unknown,downstream
720575940619921488,SLP131,720575940588419311,unknown,downstream
720575940619921488,SLP131,720575940588418799,unknown,downstream
720575940619921488,SLP131,720575940588417007,unknown,downstream
720575940619921488,SLP131,720575940588411119,unknown,downstream
720575940619921488,SLP131,720575940588465958,unknown,downstream
720575940619921488,SLP131,720575940588468312,unknown,downstream
720575940619921488,SLP131,720575940582398871,unknown,downstream
720575940619921488,SLP131,720575940588468774,unknown,downstream
720575940619921488,SLP131,720575940589006547,unknown,downstream
720575940619921488,SLP131,720575940588979973,unknown,downstream
720575940619921488,SLP131,720575940588682526,unknown,downstream
720575940619921488,SLP131,720575940588682270,unknown,downstream
720575940619921488,SLP131,720575940588678430,unknown,downstream
720575940619921488,SLP131,720575940588508143,unknown,downstream
720575940619921488,SLP131,720575940588507631,unknown,downstream
720575940619921488,SLP131,720575940588507375,unknown,downstream
720575940619921488,SLP131,720575940588506863,unknown,downstream
720575940619921488,SLP131,720575940588506607,unknown,downstream
720575940619921488,SLP131,720575940588475992,unknown,downstream
720575940619921488,SLP131,720575940588475224,unknown,downstream
720575940619921488,SLP131,720575940588474968,unknown,downstream
720575940619921488,SLP131,720575940588472920,unknown,downstream
720575940619921488,SLP131,720575940588472408,unknown,downstream
720575940619921488,SLP131,720575940588472152,unknown,downstream
720575940619921488,SLP131,720575940588471640,unknown,downstream
720575940619921488,SLP131,720575940588469798,unknown,downstream
720575940619921488,SLP131,720575940588468824,unknown,downstream
720575940619921488,SLP131,720575940588408815,unknown,downstream
720575940619921488,SLP131,720575940588404774,unknown,downstream
720575940619921488,SLP131,720575940588402982,unknown,downstream
720575940619921488,SLP131,720575940588402726,unknown,downstream
720575940619921488,SLP131,720575940588158765,unknown,downstream
720575940619921488,SLP131,720575940588156205,unknown,downstream
720575940619921488,SLP131,720575940587880622,unknown,downstream
720575940619921488,SLP131,720575940587879854,unknown,downstream
720575940619921488,SLP131,720575940587879342,unknown,downstream
720575940619921488,SLP131,720575940587844526,unknown,downstream
720575940619921488,SLP131,720575940587837614,unknown,downstream
720575940619921488,SLP131,720575940587525247,unknown,downstream
720575940619921488,SLP131,720575940587519359,unknown,downstream
720575940619921488,SLP131,720575940587400929,unknown,downstream
720575940619921488,SLP131,720575940586907941,unknown,downstream
720575940619921488,SLP131,720575940586905637,unknown,downstream
720575940619921488,SLP131,720575940586896554,unknown,downstream
720575940619921488,SLP131,720575940586895786,unknown,downstream
720575940619921488,SLP131,720575940586894762,unknown,downstream
720575940619921488,SLP131,720575940586893226,unknown,downstream
720575940619921488,SLP131,720575940586888229,unknown,downstream
720575940619921488,SLP131,720575940586857253,unknown,downstream
720575940619921488,SLP131,720575940586627578,unknown,downstream
720575940619921488,SLP131,720575940588170939,unknown,downstream
720575940619921488,SLP131,720575940588242824,unknown,downstream
720575940619921488,SLP131,720575940588253576,unknown,downstream
720575940619921488,SLP131,720575940588388390,unknown,downstream
720575940619921488,SLP131,720575940588402470,unknown,downstream
720575940619921488,SLP131,720575940588402214,unknown,downstream
720575940619921488,SLP131,720575940588402159,unknown,downstream
720575940619921488,SLP131,720575940588401446,unknown,downstream
720575940619921488,SLP131,720575940588397094,unknown,downstream
720575940619921488,SLP131,720575940588393254,unknown,downstream
720575940619921488,SLP131,720575940588391462,unknown,downstream
720575940619921488,SLP131,720575940588391206,unknown,downstream
720575940619921488,SLP131,720575940588387110,unknown,downstream
720575940619921488,SLP131,720575940588366630,unknown,downstream
720575940619921488,SLP131,720575940588385318,unknown,downstream
720575940619921488,SLP131,720575940588384294,unknown,downstream
720575940619921488,SLP131,720575940588380198,unknown,downstream
720575940619921488,SLP131,720575940588379942,unknown,downstream
720575940619921488,SLP131,720575940588379686,unknown,downstream
720575940619921488,SLP131,720575940588378150,unknown,downstream
720575940619921488,SLP131,720575940588377126,unknown,downstream
720575940619921488,SLP131,720575940588371750,unknown,downstream
720575940619921488,SLP131,720575940589006803,unknown,downstream
720575940619921488,SLP131,720575940589008339,unknown,downstream
720575940619921488,SLP131,720575940589010899,unknown,downstream
720575940619921488,SLP131,720575940589646410,unknown,downstream
720575940619921488,SLP131,720575940590063124,unknown,downstream
720575940619921488,SLP131,720575940590062612,unknown,downstream
720575940619921488,SLP131,720575940590058772,unknown,downstream
720575940619921488,SLP131,720575940590056980,unknown,downstream
720575940619921488,SLP131,720575940590055700,unknown,downstream
720575940619921488,SLP131,720575940590052116,unknown,downstream
720575940619921488,SLP131,720575940589788583,unknown,downstream
720575940619921488,SLP131,720575940589726839,unknown,downstream
720575940619921488,SLP131,720575940589725303,unknown,downstream
720575940619921488,SLP131,720575940589724279,unknown,downstream
720575940619921488,SLP131,720575940589724023,unknown,downstream
720575940619921488,SLP131,720575940589721975,unknown,downstream
720575940619921488,SLP131,720575940589720695,unknown,downstream
720575940619921488,SLP131,720575940589656394,unknown,downstream
720575940619921488,SLP131,720575940589651274,unknown,downstream
720575940619921488,SLP131,720575940589650506,unknown,downstream
720575940619921488,SLP131,720575940589648714,unknown,downstream
720575940619921488,SLP131,720575940589648458,unknown,downstream
720575940619921488,SLP131,720575940589647946,unknown,downstream
720575940619921488,SLP131,720575940590065428,unknown,downstream
720575940619921488,SLP131,720575940590065684,unknown,downstream
720575940619921488,SLP131,720575940590066452,unknown,downstream
720575940619921488,SLP131,720575940590204191,unknown,downstream
720575940619921488,SLP131,720575940590300191,unknown,downstream
720575940619921488,SLP131,720575940590236447,unknown,downstream
720575940619921488,SLP131,720575940590233375,unknown,downstream
720575940619921488,SLP131,720575940590220575,unknown,downstream
720575940619921488,SLP131,720575940590209311,unknown,downstream
720575940619921488,SLP131,720575940590208287,unknown,downstream
720575940619921488,SLP131,720575940590207519,unknown,downstream
720575940619921488,SLP131,720575940590206495,unknown,downstream
720575940619921488,SLP131,720575940590203167,unknown,downstream
720575940619921488,SLP131,720575940590066708,unknown,downstream
720575940619921488,SLP131,720575940590202911,unknown,downstream
720575940619921488,SLP131,720575940590202655,unknown,downstream
720575940619921488,SLP131,720575940590202399,unknown,downstream
720575940619921488,SLP131,720575940590201887,unknown,downstream
720575940619921488,SLP131,720575940590201375,unknown,downstream
720575940619921488,SLP131,720575940590074132,unknown,downstream
720575940619921488,SLP131,720575940590073108,unknown,downstream
720575940619921488,SLP131,720575940590067732,unknown,downstream
720575940619921488,SLP131,720575940589647690,unknown,downstream
720575940619921488,SLP131,720575940589643082,unknown,downstream
720575940619921488,SLP131,720575940589012179,unknown,downstream
720575940619921488,SLP131,720575940589640522,unknown,downstream
720575940619921488,SLP131,720575940589145034,unknown,downstream
720575940619921488,SLP131,720575940589140737,unknown,downstream
720575940619921488,SLP131,720575940589140481,unknown,downstream
720575940619921488,SLP131,720575940589138945,unknown,downstream
720575940619921488,SLP131,720575940589138177,unknown,downstream
720575940619921488,SLP131,720575940589134849,unknown,downstream
720575940619921488,SLP131,720575940589132033,unknown,downstream
720575940619921488,SLP131,720575940589131009,unknown,downstream
720575940619921488,SLP131,720575940589020371,unknown,downstream
720575940619921488,SLP131,720575940589019603,unknown,downstream
720575940619921488,SLP131,720575940589017811,unknown,downstream
720575940619921488,SLP131,720575940589017299,unknown,downstream
720575940619921488,SLP131,720575940589016531,unknown,downstream
720575940619921488,SLP131,720575940589016275,unknown,downstream
720575940619921488,SLP131,720575940589014227,unknown,downstream
720575940619921488,SLP131,720575940589013971,unknown,downstream
720575940619921488,SLP131,720575940589013715,unknown,downstream
720575940619921488,SLP131,720575940589012947,unknown,downstream
720575940619921488,SLP131,720575940589012435,unknown,downstream
720575940619921488,SLP131,720575940589159626,unknown,downstream
720575940619921488,SLP131,720575940589163466,unknown,downstream
720575940619921488,SLP131,720575940589167818,unknown,downstream
720575940619921488,SLP131,720575940589530186,unknown,downstream
720575940619921488,SLP131,720575940589637450,unknown,downstream
720575940619921488,SLP131,720575940589636426,unknown,downstream
720575940619921488,SLP131,720575940589635658,unknown,downstream
720575940619921488,SLP131,720575940589633610,unknown,downstream
720575940619921488,SLP131,720575940589629002,unknown,downstream
720575940619921488,SLP131,720575940589620810,unknown,downstream
720575940619921488,SLP131,720575940589619530,unknown,downstream
720575940619921488,SLP131,720575940589532746,unknown,downstream
720575940619921488,SLP131,720575940589520284,unknown,downstream
720575940619921488,SLP131,720575940589177802,unknown,downstream
720575940619921488,SLP131,720575940589517212,unknown,downstream
720575940619921488,SLP131,720575940589309779,unknown,downstream
720575940619921488,SLP131,720575940589262593,unknown,downstream
720575940619921488,SLP131,720575940589252353,unknown,downstream
720575940619921488,SLP131,720575940589250561,unknown,downstream
720575940619921488,SLP131,720575940589205940,unknown,downstream
720575940619921488,SLP131,720575940589201844,unknown,downstream
720575940619921488,SLP131,720575940589200052,unknown,downstream
720575940619921488,SLP131,720575940586610493,unknown,downstream
720575940619921488,SLP131,720575940586329183,unknown,downstream
720575940619921488,SLP131,720575940586321503,unknown,downstream
720575940619921488,SLP131,720575940583905479,unknown,downstream
720575940619921488,SLP131,720575940584338726,unknown,downstream
720575940619921488,SLP131,720575940584336678,unknown,downstream
720575940619921488,SLP131,720575940584106414,unknown,downstream
720575940619921488,SLP131,720575940584102062,unknown,downstream
720575940619921488,SLP131,720575940584101038,unknown,downstream
720575940619921488,SLP131,720575940584100782,unknown,downstream
720575940619921488,SLP131,720575940584100270,unknown,downstream
720575940619921488,SLP131,720575940584099758,unknown,downstream
720575940619921488,SLP131,720575940584098990,unknown,downstream
720575940619921488,SLP131,720575940584098734,unknown,downstream
720575940619921488,SLP131,720575940584097454,unknown,downstream
720575940619921488,SLP131,720575940584095918,unknown,downstream
720575940619921488,SLP131,720575940584095662,unknown,downstream
720575940619921488,SLP131,720575940584095150,unknown,downstream
720575940619921488,SLP131,720575940584093870,unknown,downstream
720575940619921488,SLP131,720575940583910343,unknown,downstream
720575940619921488,SLP131,720575940583907527,unknown,downstream
720575940619921488,SLP131,720575940583907271,unknown,downstream
720575940619921488,SLP131,720575940583906503,unknown,downstream
720575940619921488,SLP131,720575940584612338,unknown,downstream
720575940619921488,SLP131,720575940584612850,unknown,downstream
720575940619921488,SLP131,720575940584613362,unknown,downstream
720575940619921488,SLP131,720575940584693296,unknown,downstream
720575940619921488,SLP131,720575940585016937,unknown,downstream
720575940619921488,SLP131,720575940585015226,unknown,downstream
720575940619921488,SLP131,720575940585014714,unknown,downstream
720575940619921488,SLP131,720575940585007290,unknown,downstream
720575940619921488,SLP131,720575940585007034,unknown,downstream
720575940619921488,SLP131,720575940584930032,unknown,downstream
720575940619921488,SLP131,720575940584929776,unknown,downstream
720575940619921488,SLP131,720575940584871154,unknown,downstream
720575940619921488,SLP131,720575940584692016,unknown,downstream
720575940619921488,SLP131,720575940584613874,unknown,downstream
720575940619921488,SLP131,720575940584690736,unknown,downstream
720575940619921488,SLP131,720575940584687664,unknown,downstream
720575940619921488,SLP131,720575940584648024,unknown,downstream
720575940619921488,SLP131,720575940584633432,unknown,downstream
720575940619921488,SLP131,720575940584617202,unknown,downstream
720575940619921488,SLP131,720575940584616946,unknown,downstream
720575940619921488,SLP131,720575940584615666,unknown,downstream
720575940619921488,SLP131,720575940584614642,unknown,downstream
720575940619921488,SLP131,720575940583905735,unknown,downstream
720575940619921488,SLP131,720575940583903943,unknown,downstream
720575940619921488,SLP131,720575940585021626,unknown,downstream
720575940619921488,SLP131,720575940583901127,unknown,downstream
720575940619921488,SLP131,720575940582724440,unknown,downstream
720575940619921488,SLP131,720575940582722904,unknown,downstream
720575940619921488,SLP131,720575940582718552,unknown,downstream
720575940619921488,SLP131,720575940582467845,unknown,downstream
720575940619921488,SLP131,720575940582416791,unknown,downstream
720575940619921488,SLP131,720575940582416023,unknown,downstream
720575940619921488,SLP131,720575940582415767,unknown,downstream
720575940619921488,SLP131,720575940582413149,unknown,downstream
720575940619921488,SLP131,720575940582412951,unknown,downstream
720575940619921488,SLP131,720575940582412695,unknown,downstream
720575940619921488,SLP131,720575940582408855,unknown,downstream
720575940619921488,SLP131,720575940582407319,unknown,downstream
720575940619921488,SLP131,720575940582406551,unknown,downstream
720575940619921488,SLP131,720575940582406039,unknown,downstream
720575940619921488,SLP131,720575940582405783,unknown,downstream
720575940619921488,SLP131,720575940582403223,unknown,downstream
720575940619921488,SLP131,720575940582402967,unknown,downstream
720575940619921488,SLP131,720575940582400407,unknown,downstream
720575940619921488,SLP131,720575940582400151,unknown,downstream
720575940619921488,SLP131,720575940582729048,unknown,downstream
720575940619921488,SLP131,720575940582744644,unknown,downstream
720575940619921488,SLP131,720575940582821956,unknown,downstream
720575940619921488,SLP131,720575940583830969,unknown,downstream
720575940619921488,SLP131,720575940583899847,unknown,downstream
720575940619921488,SLP131,720575940583841209,unknown,downstream
720575940619921488,SLP131,720575940583840697,unknown,downstream
720575940619921488,SLP131,720575940583839161,unknown,downstream
720575940619921488,SLP131,720575940583834297,unknown,downstream
720575940619921488,SLP131,720575940583833785,unknown,downstream
720575940619921488,SLP131,720575940583833529,unknown,downstream
720575940619921488,SLP131,720575940583832761,unknown,downstream
720575940619921488,SLP131,720575940583829945,unknown,downstream
720575940619921488,SLP131,720575940582886290,unknown,downstream
720575940619921488,SLP131,720575940583826617,unknown,downstream
720575940619921488,SLP131,720575940583825593,unknown,downstream
720575940619921488,SLP131,720575940583706795,unknown,downstream
720575940619921488,SLP131,720575940583623965,unknown,downstream
720575940619921488,SLP131,720575940583578308,unknown,downstream
720575940619921488,SLP131,720575940583449002,unknown,downstream
720575940619921488,SLP131,720575940583430838,unknown,downstream
720575940619921488,SLP131,720575940583426742,unknown,downstream
720575940619921488,SLP131,720575940585017018,unknown,downstream
720575940619921488,SLP131,720575940585022394,unknown,downstream
720575940619921488,SLP131,720575940586315615,unknown,downstream
720575940619921488,SLP131,720575940585632899,unknown,downstream
720575940619921488,SLP131,720575940586192184,unknown,downstream
720575940619921488,SLP131,720575940585868414,unknown,downstream
720575940619921488,SLP131,720575940585859239,unknown,downstream
720575940619921488,SLP131,720575940585858471,unknown,downstream
720575940619921488,SLP131,720575940585858174,unknown,downstream
720575940619921488,SLP131,720575940585856638,unknown,downstream
720575940619921488,SLP131,720575940585783719,unknown,downstream
720575940619921488,SLP131,720575940585783463,unknown,downstream
720575940619921488,SLP131,720575940585783207,unknown,downstream
720575940619921488,SLP131,720575940585767335,unknown,downstream
720575940619921488,SLP131,720575940585764775,unknown,downstream
720575940619921488,SLP131,720575940585756071,unknown,downstream
720575940619921488,SLP131,720575940585735444,unknown,downstream
720575940619921488,SLP131,720575940585656963,unknown,downstream
720575940619921488,SLP131,720575940585642199,unknown,downstream
720575940619921488,SLP131,720575940585640151,unknown,downstream
720575940619921488,SLP131,720575940585638615,unknown,downstream
720575940619921488,SLP131,720575940585636823,unknown,downstream
720575940619921488,SLP131,720575940585633495,unknown,downstream
720575940619921488,SLP131,720575940586212447,unknown,downstream
720575940619921488,SLP131,720575940586213727,unknown,downstream
720575940619921488,SLP131,720575940586221407,unknown,downstream
720575940619921488,SLP131,720575940586271583,unknown,downstream
720575940619921488,SLP131,720575940586312031,unknown,downstream
720575940619921488,SLP131,720575940586298207,unknown,downstream
720575940619921488,SLP131,720575940586282847,unknown,downstream
720575940619921488,SLP131,720575940586281823,unknown,downstream
720575940619921488,SLP131,720575940586277215,unknown,downstream
720575940619921488,SLP131,720575940586272607,unknown,downstream
720575940619921488,SLP131,720575940586272351,unknown,downstream
720575940619921488,SLP131,720575940586271839,unknown,downstream
720575940619921488,SLP131,720575940586267743,unknown,downstream
720575940619921488,SLP131,720575940586221663,unknown,downstream
720575940619921488,SLP131,720575940586264927,unknown,downstream
720575940619921488,SLP131,720575940586264671,unknown,downstream
720575940619921488,SLP131,720575940586252895,unknown,downstream
720575940619921488,SLP131,720575940586251359,unknown,downstream
720575940619921488,SLP131,720575940586233439,unknown,downstream
720575940619921488,SLP131,720575940586228831,unknown,downstream
720575940619921488,SLP131,720575940586225759,unknown,downstream
720575940619921488,SLP131,720575940586224991,unknown,downstream
720575940619921488,SLP131,720575940585632983,unknown,downstream
720575940619921488,SLP131,720575940585627774,unknown,downstream
720575940619921488,SLP131,720575940585024491,unknown,downstream
720575940619921488,SLP131,720575940585626499,unknown,downstream
720575940619921488,SLP131,720575940585509243,unknown,downstream
720575940619921488,SLP131,720575940585508731,unknown,downstream
720575940619921488,SLP131,720575940585508475,unknown,downstream
720575940619921488,SLP131,720575940585506939,unknown,downstream
720575940619921488,SLP131,720575940585407674,unknown,downstream
720575940619921488,SLP131,720575940585407418,unknown,downstream
720575940619921488,SLP131,720575940585405370,unknown,downstream
720575940619921488,SLP131,720575940585404346,unknown,downstream
720575940619921488,SLP131,720575940585398714,unknown,downstream
720575940619921488,SLP131,720575940585397690,unknown,downstream
720575940619921488,SLP131,720575940585347710,unknown,downstream
720575940619921488,SLP131,720575940585336702,unknown,downstream
720575940619921488,SLP131,720575940585048299,unknown,downstream
720575940619921488,SLP131,720575940585034938,unknown,downstream
720575940619921488,SLP131,720575940585034170,unknown,downstream
720575940619921488,SLP131,720575940585029562,unknown,downstream
720575940619921488,SLP131,720575940585029050,unknown,downstream
720575940619921488,SLP131,720575940585028794,unknown,downstream
720575940619921488,SLP131,720575940585024747,unknown,downstream
720575940619921488,SLP131,720575940585510523,unknown,downstream
720575940619921488,SLP131,720575940585511547,unknown,downstream
720575940619921488,SLP131,720575940585518459,unknown,downstream
720575940619921488,SLP131,720575940585577943,unknown,downstream
720575940619921488,SLP131,720575940585625470,unknown,downstream
720575940619921488,SLP131,720575940585623511,unknown,downstream
720575940619921488,SLP131,720575940585614979,unknown,downstream
720575940619921488,SLP131,720575940585601193,unknown,downstream
720575940619921488,SLP131,720575940585590743,unknown,downstream
720575940619921488,SLP131,720575940585584343,unknown,downstream
720575940619921488,SLP131,720575940585581783,unknown,downstream
720575940619921488,SLP131,720575940585579479,unknown,downstream
720575940619921488,SLP131,720575940585577431,unknown,downstream
720575940619921488,SLP131,720575940585518715,unknown,downstream
720575940619921488,SLP131,720575940585574359,unknown,downstream
720575940619921488,SLP131,720575940585568215,unknown,downstream
720575940619921488,SLP131,720575940585566167,unknown,downstream
720575940619921488,SLP131,720575940585565655,unknown,downstream
720575940619921488,SLP131,720575940585562583,unknown,downstream
720575940619921488,SLP131,720575940585561815,unknown,downstream
720575940619921488,SLP131,720575940585524091,unknown,downstream
720575940619921488,SLP131,720575940585523579,unknown,downstream
720575940619921488,SLP131,720575940551259538,unknown,downstream
720575940619921488,SLP131,720575940551258002,unknown,downstream
720575940619921488,SLP131,720575940551257746,unknown,downstream
720575940619921488,SLP131,720575940531844665,unknown,downstream
720575940619921488,SLP131,720575940531835193,unknown,downstream
720575940619921488,SLP131,720575940531833657,unknown,downstream
720575940619921488,SLP131,720575940531829049,unknown,downstream
720575940619921488,SLP131,720575940531828660,unknown,downstream
720575940619921488,SLP131,720575940531826100,unknown,downstream
720575940619921488,SLP131,720575940531822649,unknown,downstream
720575940619921488,SLP131,720575940531822260,unknown,downstream
720575940619921488,SLP131,720575940531821236,unknown,downstream
720575940619921488,SLP131,720575940531820234,unknown,downstream
720575940619921488,SLP131,720575940531819321,unknown,downstream
720575940619921488,SLP131,720575940531818809,unknown,downstream
720575940619921488,SLP131,720575940531813689,unknown,downstream
720575940619921488,SLP131,720575940531811530,unknown,downstream
720575940619921488,SLP131,720575940531805108,unknown,downstream
720575940619921488,SLP131,720575940531804596,unknown,downstream
720575940619921488,SLP131,720575940531800244,unknown,downstream
720575940619921488,SLP131,720575940531798708,unknown,downstream
720575940619921488,SLP131,720575940531795892,unknown,downstream
720575940619921488,SLP131,720575940531792308,unknown,downstream
720575940619921488,SLP131,720575940531844153,unknown,downstream
720575940619921488,SLP131,720575940531846457,unknown,downstream
720575940619921488,SLP131,720575940535403166,unknown,downstream
720575940619921488,SLP131,720575940531846713,unknown,downstream
720575940619921488,SLP131,720575940531942580,unknown,downstream
720575940619921488,SLP131,720575940531941812,unknown,downstream
720575940619921488,SLP131,720575940531940020,unknown,downstream
720575940619921488,SLP131,720575940531939252,unknown,downstream
720575940619921488,SLP131,720575940531938740,unknown,downstream
720575940619921488,SLP131,720575940531930804,unknown,downstream
720575940619921488,SLP131,720575940531924148,unknown,downstream
720575940619921488,SLP131,720575940531920820,unknown,downstream
720575940619921488,SLP131,720575940531919540,unknown,downstream
720575940619921488,SLP131,720575940531911348,unknown,downstream
720575940619921488,SLP131,720575940531901753,unknown,downstream
720575940619921488,SLP131,720575940531870922,unknown,downstream
720575940619921488,SLP131,720575940531867961,unknown,downstream
720575940619921488,SLP131,720575940531858233,unknown,downstream
720575940619921488,SLP131,720575940531857209,unknown,downstream
720575940619921488,SLP131,720575940531852089,unknown,downstream
720575940619921488,SLP131,720575940531851722,unknown,downstream
720575940619921488,SLP131,720575940531849273,unknown,downstream
720575940619921488,SLP131,720575940531848505,unknown,downstream
720575940619921488,SLP131,720575940531790516,unknown,downstream
720575940619921488,SLP131,720575940531789748,unknown,downstream
720575940619921488,SLP131,720575940531784884,unknown,downstream
720575940619921488,SLP131,720575940531782324,unknown,downstream
720575940619921488,SLP131,720575940531701172,unknown,downstream
720575940619921488,SLP131,720575940531698233,unknown,downstream
720575940619921488,SLP131,720575940531695929,unknown,downstream
720575940619921488,SLP131,720575940531693625,unknown,downstream
720575940619921488,SLP131,720575940531693369,unknown,downstream
720575940619921488,SLP131,720575940531691833,unknown,downstream
720575940619921488,SLP131,720575940531691577,unknown,downstream
720575940619921488,SLP131,720575940531691065,unknown,downstream
720575940619921488,SLP131,720575940530803283,unknown,downstream
720575940619921488,SLP131,720575940530538713,unknown,downstream
720575940619921488,SLP131,720575940530538201,unknown,downstream
720575940619921488,SLP131,720575940530271130,unknown,downstream
720575940619921488,SLP131,720575940530268314,unknown,downstream
720575940619921488,SLP131,720575940530266522,unknown,downstream
720575940619921488,SLP131,720575940530265754,unknown,downstream
720575940619921488,SLP131,720575940530265242,unknown,downstream
720575940619921488,SLP131,720575940530264474,unknown,downstream
720575940619921488,SLP131,720575940530255770,unknown,downstream
720575940619921488,SLP131,720575940530252442,unknown,downstream
720575940619921488,SLP131,720575940531704244,unknown,downstream
720575940619921488,SLP131,720575940531706548,unknown,downstream
720575940619921488,SLP131,720575940531709108,unknown,downstream
720575940619921488,SLP131,720575940531765428,unknown,downstream
720575940619921488,SLP131,720575940531782068,unknown,downstream
720575940619921488,SLP131,720575940531779508,unknown,downstream
720575940619921488,SLP131,720575940531777972,unknown,downstream
720575940619921488,SLP131,720575940531777716,unknown,downstream
720575940619921488,SLP131,720575940531773364,unknown,downstream
720575940619921488,SLP131,720575940531772852,unknown,downstream
720575940619921488,SLP131,720575940531772084,unknown,downstream
720575940619921488,SLP131,720575940531768500,unknown,downstream
720575940619921488,SLP131,720575940531762356,unknown,downstream
720575940619921488,SLP131,720575940531711412,unknown,downstream
720575940619921488,SLP131,720575940531756468,unknown,downstream
720575940619921488,SLP131,720575940531755444,unknown,downstream
720575940619921488,SLP131,720575940531749812,unknown,downstream
720575940619921488,SLP131,720575940531725492,unknown,downstream
720575940619921488,SLP131,720575940531721652,unknown,downstream
720575940619921488,SLP131,720575940531719860,unknown,downstream
720575940619921488,SLP131,720575940531717300,unknown,downstream
720575940619921488,SLP131,720575940531714228,unknown,downstream
720575940619921488,SLP131,720575940531955380,unknown,downstream
720575940619921488,SLP131,720575940531958196,unknown,downstream
720575940619921488,SLP131,720575940531959476,unknown,downstream
720575940619921488,SLP131,720575940535279763,unknown,downstream
720575940619921488,SLP131,720575940535363261,unknown,downstream
720575940619921488,SLP131,720575940535362749,unknown,downstream
720575940619921488,SLP131,720575940535359421,unknown,downstream
720575940619921488,SLP131,720575940535357373,unknown,downstream
720575940619921488,SLP131,720575940535356093,unknown,downstream
720575940619921488,SLP131,720575940535355837,unknown,downstream
720575940619921488,SLP131,720575940535355581,unknown,downstream
720575940619921488,SLP131,720575940535354813,unknown,downstream
720575940619921488,SLP131,720575940535349949,unknown,downstream
720575940619921488,SLP131,720575940535347133,unknown,downstream
720575940619921488,SLP131,720575940535346846,unknown,downstream
720575940619921488,SLP131,720575940535343293,unknown,downstream
720575940619921488,SLP131,720575940535339965,unknown,downstream
720575940619921488,SLP131,720575940535339709,unknown,downstream
720575940619921488,SLP131,720575940535336125,unknown,downstream
720575940619921488,SLP131,720575940535334333,unknown,downstream
720575940619921488,SLP131,720575940535332541,unknown,downstream
720575940619921488,SLP131,720575940535329469,unknown,downstream
720575940619921488,SLP131,720575940535325885,unknown,downstream
720575940619921488,SLP131,720575940535363517,unknown,downstream
720575940619921488,SLP131,720575940535363998,unknown,downstream
720575940619921488,SLP131,720575940535365053,unknown,downstream
720575940619921488,SLP131,720575940535383710,unknown,downstream
720575940619921488,SLP131,720575940535400606,unknown,downstream
720575940619921488,SLP131,720575940535394462,unknown,downstream
720575940619921488,SLP131,720575940535393694,unknown,downstream
720575940619921488,SLP131,720575940535392414,unknown,downstream
720575940619921488,SLP131,720575940535391646,unknown,downstream
720575940619921488,SLP131,720575940535388574,unknown,downstream
720575940619921488,SLP131,720575940535387294,unknown,downstream
720575940619921488,SLP131,720575940535386526,unknown,downstream
720575940619921488,SLP131,720575940535382973,unknown,downstream
720575940619921488,SLP131,720575940535365309,unknown,downstream
720575940619921488,SLP131,720575940535379870,unknown,downstream
720575940619921488,SLP131,720575940535378109,unknown,downstream
720575940619921488,SLP131,720575940535377310,unknown,downstream
720575940619921488,SLP131,720575940535376829,unknown,downstream
720575940619921488,SLP131,720575940535376542,unknown,downstream
720575940619921488,SLP131,720575940535373982,unknown,downstream
720575940619921488,SLP131,720575940535368637,unknown,downstream
720575940619921488,SLP131,720575940535366589,unknown,downstream
720575940619921488,SLP131,720575940535322813,unknown,downstream
720575940619921488,SLP131,720575940535267219,unknown,downstream
720575940619921488,SLP131,720575940531962292,unknown,downstream
720575940619921488,SLP131,720575940534188874,unknown,downstream
720575940619921488,SLP131,720575940532797160,unknown,downstream
720575940619921488,SLP131,720575940532794344,unknown,downstream
720575940619921488,SLP131,720575940532789224,unknown,downstream
720575940619921488,SLP131,720575940532784872,unknown,downstream
720575940619921488,SLP131,720575940532784616,unknown,downstream
720575940619921488,SLP131,720575940532783080,unknown,downstream
720575940619921488,SLP131,720575940532779496,unknown,downstream
720575940619921488,SLP131,720575940532776424,unknown,downstream
720575940619921488,SLP131,720575940532774376,unknown,downstream
720575940619921488,SLP131,720575940532772584,unknown,downstream
720575940619921488,SLP131,720575940532768488,unknown,downstream
720575940619921488,SLP131,720575940532768232,unknown,downstream
720575940619921488,SLP131,720575940532741096,unknown,downstream
720575940619921488,SLP131,720575940531998900,unknown,downstream
720575940619921488,SLP131,720575940531990964,unknown,downstream
720575940619921488,SLP131,720575940531988916,unknown,downstream
720575940619921488,SLP131,720575940531986868,unknown,downstream
720575940619921488,SLP131,720575940531981236,unknown,downstream
720575940619921488,SLP131,720575940531974068,unknown,downstream
720575940619921488,SLP131,720575940532819944,unknown,downstream
720575940619921488,SLP131,720575940533390191,unknown,downstream
720575940619921488,SLP131,720575940533397615,unknown,downstream
720575940619921488,SLP131,720575940533927430,unknown,downstream
720575940619921488,SLP131,720575940534178122,unknown,downstream
720575940619921488,SLP131,720575940534167114,unknown,downstream
720575940619921488,SLP131,720575940534164042,unknown,downstream
720575940619921488,SLP131,720575940534155338,unknown,downstream
720575940619921488,SLP131,720575940534145866,unknown,downstream
720575940619921488,SLP131,720575940534143050,unknown,downstream
720575940619921488,SLP131,720575940533929734,unknown,downstream
720575940619921488,SLP131,720575940533928710,unknown,downstream
720575940619921488,SLP131,720575940533925638,unknown,downstream
720575940619921488,SLP131,720575940533405295,unknown,downstream
720575940619921488,SLP131,720575940533924358,unknown,downstream
720575940619921488,SLP131,720575940533912582,unknown,downstream
720575940619921488,SLP131,720575940533908230,unknown,downstream
720575940619921488,SLP131,720575940533904134,unknown,downstream
720575940619921488,SLP131,720575940533440367,unknown,downstream
720575940619921488,SLP131,720575940533428847,unknown,downstream
720575940619921488,SLP131,720575940533420143,unknown,downstream
720575940619921488,SLP131,720575940533407855,unknown,downstream
720575940619921488,SLP131,720575940530250394,unknown,downstream
720575940619921488,SLP131,720575940530248346,unknown,downstream
720575940619921488,SLP131,720575940530248090,unknown,downstream
720575940619921488,SLP131,720575940527688507,unknown,downstream
720575940619921488,SLP131,720575940528344535,unknown,downstream
720575940619921488,SLP131,720575940528342999,unknown,downstream
720575940619921488,SLP131,720575940528340695,unknown,downstream
720575940619921488,SLP131,720575940528340183,unknown,downstream
720575940619921488,SLP131,720575940528339415,unknown,downstream
720575940619921488,SLP131,720575940528332759,unknown,downstream
720575940619921488,SLP131,720575940528331223,unknown,downstream
720575940619921488,SLP131,720575940528318679,unknown,downstream
720575940619921488,SLP131,720575940528314583,unknown,downstream
720575940619921488,SLP131,720575940528313047,unknown,downstream
720575940619921488,SLP131,720575940528308695,unknown,downstream
720575940619921488,SLP131,720575940528302807,unknown,downstream
720575940619921488,SLP131,720575940527710523,unknown,downstream
720575940619921488,SLP131,720575940527702587,unknown,downstream
720575940619921488,SLP131,720575940527701307,unknown,downstream
720575940619921488,SLP131,720575940527699003,unknown,downstream
720575940619921488,SLP131,720575940527695931,unknown,downstream
720575940619921488,SLP131,720575940527695349,unknown,downstream
720575940619921488,SLP131,720575940527693627,unknown,downstream
720575940619921488,SLP131,720575940528345815,unknown,downstream
720575940619921488,SLP131,720575940528348631,unknown,downstream
720575940619921488,SLP131,720575940528350423,unknown,downstream
720575940619921488,SLP131,720575940528731365,unknown,downstream
720575940619921488,SLP131,720575940528745445,unknown,downstream
720575940619921488,SLP131,720575940528743653,unknown,downstream
720575940619921488,SLP131,720575940528741093,unknown,downstream
720575940619921488,SLP131,720575940528740837,unknown,downstream
720575940619921488,SLP131,720575940528738533,unknown,downstream
720575940619921488,SLP131,720575940528737253,unknown,downstream
720575940619921488,SLP131,720575940528733925,unknown,downstream
720575940619921488,SLP131,720575940528732645,unknown,downstream
720575940619921488,SLP131,720575940528729573,unknown,downstream
720575940619921488,SLP131,720575940528353495,unknown,downstream
720575940619921488,SLP131,720575940528727269,unknown,downstream
720575940619921488,SLP131,720575940528725733,unknown,downstream
720575940619921488,SLP131,720575940528722405,unknown,downstream
720575940619921488,SLP131,720575940528692709,unknown,downstream
720575940619921488,SLP131,720575940528358103,unknown,downstream
720575940619921488,SLP131,720575940528355543,unknown,downstream
720575940619921488,SLP131,720575940528354519,unknown,downstream
720575940619921488,SLP131,720575940528354007,unknown,downstream
720575940619921488,SLP131,720575940527691067,unknown,downstream
720575940619921488,SLP131,720575940527680315,unknown,downstream
720575940619921488,SLP131,720575940528749029,unknown,downstream
720575940619921488,SLP131,720575940527670075,unknown,downstream
720575940619921488,SLP131,720575940526181122,unknown,downstream
720575940619921488,SLP131,720575940526180098,unknown,downstream
720575940619921488,SLP131,720575940526177282,unknown,downstream
720575940619921488,SLP131,720575940526175490,unknown,downstream
720575940619921488,SLP131,720575940526174722,unknown,downstream
720575940619921488,SLP131,720575940526174210,unknown,downstream
720575940619921488,SLP131,720575940526173186,unknown,downstream
720575940619921488,SLP131,720575940526169090,unknown,downstream
720575940619921488,SLP131,720575940526154754,unknown,downstream
720575940619921488,SLP131,720575940526150658,unknown,downstream
720575940619921488,SLP131,720575940526093388,unknown,downstream
720575940619921488,SLP131,720575940526088012,unknown,downstream
720575940619921488,SLP131,720575940526081356,unknown,downstream
720575940619921488,SLP131,720575940526080076,unknown,downstream
720575940619921488,SLP131,720575940526077516,unknown,downstream
720575940619921488,SLP131,720575940526076236,unknown,downstream
720575940619921488,SLP131,720575940526064972,unknown,downstream
720575940619921488,SLP131,720575940526064204,unknown,downstream
720575940619921488,SLP131,720575940526061388,unknown,downstream
720575940619921488,SLP131,720575940526244693,unknown,downstream
720575940619921488,SLP131,720575940526253909,unknown,downstream
720575940619921488,SLP131,720575940526262357,unknown,downstream
720575940619921488,SLP131,720575940526633723,unknown,downstream
720575940619921488,SLP131,720575940527663419,unknown,downstream
720575940619921488,SLP131,720575940527613243,unknown,downstream
720575940619921488,SLP131,720575940526665467,unknown,downstream
720575940619921488,SLP131,720575940526662907,unknown,downstream
720575940619921488,SLP131,720575940526656507,unknown,downstream
720575940619921488,SLP131,720575940526647803,unknown,downstream
720575940619921488,SLP131,720575940526645499,unknown,downstream
720575940619921488,SLP131,720575940526643707,unknown,downstream
720575940619921488,SLP131,720575940526631419,unknown,downstream
720575940619921488,SLP131,720575940526266197,unknown,downstream
720575940619921488,SLP131,720575940526629115,unknown,downstream
720575940619921488,SLP131,720575940526628603,unknown,downstream
720575940619921488,SLP131,720575940526628347,unknown,downstream
720575940619921488,SLP131,720575940526628091,unknown,downstream
720575940619921488,SLP131,720575940526627835,unknown,downstream
720575940619921488,SLP131,720575940526622715,unknown,downstream
720575940619921488,SLP131,720575940526616059,unknown,downstream
720575940619921488,SLP131,720575940526275413,unknown,downstream
720575940619921488,SLP131,720575940528746213,unknown,downstream
720575940619921488,SLP131,720575940528749541,unknown,downstream
720575940619921488,SLP131,720575940530245786,unknown,downstream
720575940619921488,SLP131,720575940529308566,unknown,downstream
720575940619921488,SLP131,720575940530207130,unknown,downstream
720575940619921488,SLP131,720575940530205594,unknown,downstream
720575940619921488,SLP131,720575940530203546,unknown,downstream
720575940619921488,SLP131,720575940530202778,unknown,downstream
720575940619921488,SLP131,720575940530199962,unknown,downstream
720575940619921488,SLP131,720575940530193306,unknown,downstream
720575940619921488,SLP131,720575940530192794,unknown,downstream
720575940619921488,SLP131,720575940530179738,unknown,downstream
720575940619921488,SLP131,720575940530179482,unknown,downstream
720575940619921488,SLP131,720575940530174362,unknown,downstream
720575940619921488,SLP131,720575940529377977,unknown,downstream
720575940619921488,SLP131,720575940529371321,unknown,downstream
720575940619921488,SLP131,720575940529365433,unknown,downstream
720575940619921488,SLP131,720575940529357241,unknown,downstream
720575940619921488,SLP131,720575940529356473,unknown,downstream
720575940619921488,SLP131,720575940529355705,unknown,downstream
720575940619921488,SLP131,720575940529355449,unknown,downstream
720575940619921488,SLP131,720575940529353401,unknown,downstream
720575940619921488,SLP131,720575940529352889,unknown,downstream
720575940619921488,SLP131,720575940530215066,unknown,downstream
720575940619921488,SLP131,720575940530217370,unknown,downstream
720575940619921488,SLP131,720575940530219418,unknown,downstream
720575940619921488,SLP131,720575940530235802,unknown,downstream
720575940619921488,SLP131,720575940530244250,unknown,downstream
720575940619921488,SLP131,720575940530243482,unknown,downstream
720575940619921488,SLP131,720575940530242714,unknown,downstream
720575940619921488,SLP131,720575940530242458,unknown,downstream
720575940619921488,SLP131,720575940530239898,unknown,downstream
720575940619921488,SLP131,720575940530238618,unknown,downstream
720575940619921488,SLP131,720575940530238106,unknown,downstream
720575940619921488,SLP131,720575940530237082,unknown,downstream
720575940619921488,SLP131,720575940530235034,unknown,downstream
720575940619921488,SLP131,720575940530220186,unknown,downstream
720575940619921488,SLP131,720575940530232474,unknown,downstream
720575940619921488,SLP131,720575940530230682,unknown,downstream
720575940619921488,SLP131,720575940530225306,unknown,downstream
720575940619921488,SLP131,720575940530223514,unknown,downstream
720575940619921488,SLP131,720575940530223258,unknown,downstream
720575940619921488,SLP131,720575940530222490,unknown,downstream
720575940619921488,SLP131,720575940530221978,unknown,downstream
720575940619921488,SLP131,720575940530221466,unknown,downstream
720575940619921488,SLP131,720575940529311638,unknown,downstream
720575940619921488,SLP131,720575940529307542,unknown,downstream
720575940619921488,SLP131,720575940528750053,unknown,downstream
720575940619921488,SLP131,720575940529302678,unknown,downstream
720575940619921488,SLP131,720575940529244495,unknown,downstream
720575940619921488,SLP131,720575940529243286,unknown,downstream
720575940619921488,SLP131,720575940529240726,unknown,downstream
720575940619921488,SLP131,720575940529240655,unknown,downstream
720575940619921488,SLP131,720575940529240214,unknown,downstream
720575940619921488,SLP131,720575940529238934,unknown,downstream
720575940619921488,SLP131,720575940529237654,unknown,downstream
720575940619921488,SLP131,720575940529232534,unknown,downstream
720575940619921488,SLP131,720575940529231695,unknown,downstream
720575940619921488,SLP131,720575940529225110,unknown,downstream
720575940619921488,SLP131,720575940529224527,unknown,downstream
720575940619921488,SLP131,720575940529220943,unknown,downstream
720575940619921488,SLP131,720575940529219222,unknown,downstream
720575940619921488,SLP131,720575940529216591,unknown,downstream
720575940619921488,SLP131,720575940529211733,unknown,downstream
720575940619921488,SLP131,720575940529166415,unknown,downstream
720575940619921488,SLP131,720575940528892926,unknown,downstream
720575940619921488,SLP131,720575940528751589,unknown,downstream
720575940619921488,SLP131,720575940528751333,unknown,downstream
720575940619921488,SLP131,720575940529246614,unknown,downstream
720575940619921488,SLP131,720575940529249686,unknown,downstream
720575940619921488,SLP131,720575940529252246,unknown,downstream
720575940619921488,SLP131,720575940529287574,unknown,downstream
720575940619921488,SLP131,720575940529300886,unknown,downstream
720575940619921488,SLP131,720575940529300374,unknown,downstream
720575940619921488,SLP131,720575940529300118,unknown,downstream
720575940619921488,SLP131,720575940529299862,unknown,downstream
720575940619921488,SLP131,720575940529298326,unknown,downstream
720575940619921488,SLP131,720575940529291926,unknown,downstream
720575940619921488,SLP131,720575940529288342,unknown,downstream
720575940619921488,SLP131,720575940529288086,unknown,downstream
720575940619921488,SLP131,720575940529283734,unknown,downstream
720575940619921488,SLP131,720575940529255830,unknown,downstream
720575940619921488,SLP131,720575940529275030,unknown,downstream
720575940619921488,SLP131,720575940529272214,unknown,downstream
720575940619921488,SLP131,720575940529267094,unknown,downstream
720575940619921488,SLP131,720575940529266838,unknown,downstream
720575940619921488,SLP131,720575940529265487,unknown,downstream
720575940619921488,SLP131,720575940529260950,unknown,downstream
720575940619921488,SLP131,720575940529259414,unknown,downstream
720575940619921488,SLP131,720575940529256854,unknown,downstream
720575940619921488,SLP131,720575940535402398,unknown,downstream
720575940619921488,SLP131,720575940535406494,unknown,downstream
720575940619921488,SLP131,720575940551254674,unknown,downstream
720575940619921488,SLP131,720575940549099841,unknown,downstream
720575940619921488,SLP131,720575940549098561,unknown,downstream
720575940619921488,SLP131,720575940549098305,unknown,downstream
720575940619921488,SLP131,720575940549096513,unknown,downstream
720575940619921488,SLP131,720575940549092161,unknown,downstream
720575940619921488,SLP131,720575940549088321,unknown,downstream
720575940619921488,SLP131,720575940549083713,unknown,downstream
720575940619921488,SLP131,720575940549073217,unknown,downstream
720575940619921488,SLP131,720575940548606463,unknown,downstream
720575940619921488,SLP131,720575940547323723,unknown,downstream
720575940619921488,SLP131,720575940547316555,unknown,downstream
720575940619921488,SLP131,720575940546949060,unknown,downstream
720575940619921488,SLP131,720575940546946244,unknown,downstream
720575940619921488,SLP131,720575940546944708,unknown,downstream
720575940619921488,SLP131,720575940546940356,unknown,downstream
720575940619921488,SLP131,720575940546934212,unknown,downstream
720575940619921488,SLP131,720575940546924228,unknown,downstream
720575940619921488,SLP131,720575940546920132,unknown,downstream
720575940619921488,SLP131,720575940546919876,unknown,downstream
720575940619921488,SLP131,720575940546905796,unknown,downstream
720575940619921488,SLP131,720575940549099585,unknown,downstream
720575940619921488,SLP131,720575940549103425,unknown,downstream
720575940619921488,SLP131,720575940535408286,unknown,downstream
720575940619921488,SLP131,720575940549103681,unknown,downstream
720575940619921488,SLP131,720575940549248543,unknown,downstream
720575940619921488,SLP131,720575940549246239,unknown,downstream
720575940619921488,SLP131,720575940549240351,unknown,downstream
720575940619921488,SLP131,720575940549238559,unknown,downstream
720575940619921488,SLP131,720575940549238047,unknown,downstream
720575940619921488,SLP131,720575940549237279,unknown,downstream
720575940619921488,SLP131,720575940549233183,unknown,downstream
720575940619921488,SLP131,720575940549231135,unknown,downstream
720575940619921488,SLP131,720575940549225247,unknown,downstream
720575940619921488,SLP131,720575940549210143,unknown,downstream
720575940619921488,SLP131,720575940549201951,unknown,downstream
720575940619921488,SLP131,720575940549197343,unknown,downstream
720575940619921488,SLP131,720575940549194783,unknown,downstream
720575940619921488,SLP131,720575940549194271,unknown,downstream
720575940619921488,SLP131,720575940549116737,unknown,downstream
720575940619921488,SLP131,720575940549110337,unknown,downstream
720575940619921488,SLP131,720575940549110081,unknown,downstream
720575940619921488,SLP131,720575940549107009,unknown,downstream
720575940619921488,SLP131,720575940549104449,unknown,downstream
720575940619921488,SLP131,720575940546905540,unknown,downstream
720575940619921488,SLP131,720575940546905028,unknown,downstream
720575940619921488,SLP131,720575940546903236,unknown,downstream
720575940619921488,SLP131,720575940546901700,unknown,downstream
720575940619921488,SLP131,720575940546757060,unknown,downstream
720575940619921488,SLP131,720575940544912722,unknown,downstream
720575940619921488,SLP131,720575940544894588,unknown,downstream
720575940619921488,SLP131,720575940544894332,unknown,downstream
720575940619921488,SLP131,720575940544640680,unknown,downstream
720575940619921488,SLP131,720575940543567345,unknown,downstream
720575940619921488,SLP131,720575940543557617,unknown,downstream
720575940619921488,SLP131,720575940543555569,unknown,downstream
720575940619921488,SLP131,720575940543550193,unknown,downstream
720575940619921488,SLP131,720575940543546865,unknown,downstream
720575940619921488,SLP131,720575940543545329,unknown,downstream
720575940619921488,SLP131,720575940543545073,unknown,downstream
720575940619921488,SLP131,720575940543544561,unknown,downstream
720575940619921488,SLP131,720575940543542001,unknown,downstream
720575940619921488,SLP131,720575940543537137,unknown,downstream
720575940619921488,SLP131,720575940543532193,unknown,downstream
720575940619921488,SLP131,720575940543531425,unknown,downstream
720575940619921488,SLP131,720575940543529201,unknown,downstream
720575940619921488,SLP131,720575940543527153,unknown,downstream
720575940619921488,SLP131,720575940546760132,unknown,downstream
720575940619921488,SLP131,720575940546764996,unknown,downstream
720575940619921488,SLP131,720575940546779332,unknown,downstream
720575940619921488,SLP131,720575940546888900,unknown,downstream
720575940619921488,SLP131,720575940546900932,unknown,downstream
720575940619921488,SLP131,720575940546900676,unknown,downstream
720575940619921488,SLP131,720575940546899908,unknown,downstream
720575940619921488,SLP131,720575940546897604,unknown,downstream
720575940619921488,SLP131,720575940546897092,unknown,downstream
720575940619921488,SLP131,720575940546895300,unknown,downstream
720575940619921488,SLP131,720575940546893764,unknown,downstream
720575940619921488,SLP131,720575940546893508,unknown,downstream
720575940619921488,SLP131,720575940546887620,unknown,downstream
720575940619921488,SLP131,720575940546785476,unknown,downstream
720575940619921488,SLP131,720575940546883780,unknown,downstream
720575940619921488,SLP131,720575940546880452,unknown,downstream
720575940619921488,SLP131,720575940546878660,unknown,downstream
720575940619921488,SLP131,720575940546864580,unknown,downstream
720575940619921488,SLP131,720575940546792644,unknown,downstream
720575940619921488,SLP131,720575940546789316,unknown,downstream
720575940619921488,SLP131,720575940546788548,unknown,downstream
720575940619921488,SLP131,720575940546787012,unknown,downstream
720575940619921488,SLP131,720575940549249311,unknown,downstream
720575940619921488,SLP131,720575940549250591,unknown,downstream
720575940619921488,SLP131,720575940549251359,unknown,downstream
720575940619921488,SLP131,720575940550854060,unknown,downstream
720575940619921488,SLP131,720575940551091283,unknown,downstream
720575940619921488,SLP131,720575940551085139,unknown,downstream
720575940619921488,SLP131,720575940550888620,unknown,downstream
720575940619921488,SLP131,720575940550886828,unknown,downstream
720575940619921488,SLP131,720575940550885292,unknown,downstream
720575940619921488,SLP131,720575940550882220,unknown,downstream
720575940619921488,SLP131,720575940550881708,unknown,downstream
720575940619921488,SLP131,720575940550878124,unknown,downstream
720575940619921488,SLP131,720575940550877868,unknown,downstream
720575940619921488,SLP131,720575940550873260,unknown,downstream
720575940619921488,SLP131,720575940550873004,unknown,downstream
720575940619921488,SLP131,720575940550869164,unknown,downstream
720575940619921488,SLP131,720575940550867628,unknown,downstream
720575940619921488,SLP131,720575940550867372,unknown,downstream
720575940619921488,SLP131,720575940550866860,unknown,downstream
720575940619921488,SLP131,720575940550863276,unknown,downstream
720575940619921488,SLP131,720575940550862508,unknown,downstream
720575940619921488,SLP131,720575940550858924,unknown,downstream
720575940619921488,SLP131,720575940550857900,unknown,downstream
720575940619921488,SLP131,720575940551093331,unknown,downstream
720575940619921488,SLP131,720575940551094867,unknown,downstream
720575940619921488,SLP131,720575940551095123,unknown,downstream
720575940619921488,SLP131,720575940551114579,unknown,downstream
720575940619921488,SLP131,720575940551252370,unknown,downstream
720575940619921488,SLP131,720575940551251858,unknown,downstream
720575940619921488,SLP131,720575940551244946,unknown,downstream
720575940619921488,SLP131,720575940551244690,unknown,downstream
720575940619921488,SLP131,720575940551242130,unknown,downstream
720575940619921488,SLP131,720575940551238034,unknown,downstream
720575940619921488,SLP131,720575940551116115,unknown,downstream
720575940619921488,SLP131,720575940551115859,unknown,downstream
720575940619921488,SLP131,720575940551113811,unknown,downstream
720575940619921488,SLP131,720575940551097171,unknown,downstream
720575940619921488,SLP131,720575940551110739,unknown,downstream
720575940619921488,SLP131,720575940551110227,unknown,downstream
720575940619921488,SLP131,720575940551107923,unknown,downstream
720575940619921488,SLP131,720575940551106387,unknown,downstream
720575940619921488,SLP131,720575940551104339,unknown,downstream
720575940619921488,SLP131,720575940551104083,unknown,downstream
720575940619921488,SLP131,720575940551103571,unknown,downstream
720575940619921488,SLP131,720575940551099731,unknown,downstream
720575940619921488,SLP131,720575940550857388,unknown,downstream
720575940619921488,SLP131,720575940550850732,unknown,downstream
720575940619921488,SLP131,720575940549253151,unknown,downstream
720575940619921488,SLP131,720575940550850220,unknown,downstream
720575940619921488,SLP131,720575940550172442,unknown,downstream
720575940619921488,SLP131,720575940550167834,unknown,downstream
720575940619921488,SLP131,720575940550166042,unknown,downstream
720575940619921488,SLP131,720575940550143002,unknown,downstream
720575940619921488,SLP131,720575940550140954,unknown,downstream
720575940619921488,SLP131,720575940550138906,unknown,downstream
720575940619921488,SLP131,720575940550136858,unknown,downstream
720575940619921488,SLP131,720575940550135578,unknown,downstream
720575940619921488,SLP131,720575940550070592,unknown,downstream
720575940619921488,SLP131,720575940550059840,unknown,downstream
720575940619921488,SLP131,720575940550049600,unknown,downstream
720575940619921488,SLP131,720575940550016576,unknown,downstream
720575940619921488,SLP131,720575940550011200,unknown,downstream
720575940619921488,SLP131,720575940550005824,unknown,downstream
720575940619921488,SLP131,720575940549998400,unknown,downstream
720575940619921488,SLP131,720575940549997120,unknown,downstream
720575940619921488,SLP131,720575940549963840,unknown,downstream
720575940619921488,SLP131,720575940549616123,unknown,downstream
720575940619921488,SLP131,720575940549615611,unknown,downstream
720575940619921488,SLP131,720575940550175514,unknown,downstream
720575940619921488,SLP131,720575940550179866,unknown,downstream
720575940619921488,SLP131,720575940550190362,unknown,downstream
720575940619921488,SLP131,720575940550827180,unknown,downstream
720575940619921488,SLP131,720575940550847660,unknown,downstream
720575940619921488,SLP131,720575940550846892,unknown,downstream
720575940619921488,SLP131,720575940550843564,unknown,downstream
720575940619921488,SLP131,720575940550839980,unknown,downstream
720575940619921488,SLP131,720575940550839724,unknown,downstream
720575940619921488,SLP131,720575940550837932,unknown,downstream
720575940619921488,SLP131,720575940550835116,unknown,downstream
720575940619921488,SLP131,720575940550830508,unknown,downstream
720575940619921488,SLP131,720575940550826412,unknown,downstream
720575940619921488,SLP131,720575940550195738,unknown,downstream
720575940619921488,SLP131,720575940550822060,unknown,downstream
720575940619921488,SLP131,720575940550814892,unknown,downstream
720575940619921488,SLP131,720575940550810796,unknown,downstream
720575940619921488,SLP131,720575940550809004,unknown,downstream
720575940619921488,SLP131,720575940550805932,unknown,downstream
720575940619921488,SLP131,720575940550801580,unknown,downstream
720575940619921488,SLP131,720575940550623150,unknown,downstream
720575940619921488,SLP131,720575940550249242,unknown,downstream
720575940619921488,SLP131,720575940543526641,unknown,downstream
720575940619921488,SLP131,720575940543525873,unknown,downstream
720575940619921488,SLP131,720575940543522977,unknown,downstream
720575940619921488,SLP131,720575940539290774,unknown,downstream
720575940619921488,SLP131,720575940539416407,unknown,downstream
720575940619921488,SLP131,720575940539413847,unknown,downstream
720575940619921488,SLP131,720575940539411543,unknown,downstream
720575940619921488,SLP131,720575940539409495,unknown,downstream
720575940619921488,SLP131,720575940539409239,unknown,downstream
720575940619921488,SLP131,720575940539408727,unknown,downstream
720575940619921488,SLP131,720575940539407703,unknown,downstream
720575940619921488,SLP131,720575940539404887,unknown,downstream
720575940619921488,SLP131,720575940539402839,unknown,downstream
720575940619921488,SLP131,720575940539386199,unknown,downstream
720575940619921488,SLP131,720575940539326358,unknown,downstream
720575940619921488,SLP131,720575940539323798,unknown,downstream
720575940619921488,SLP131,720575940539321750,unknown,downstream
720575940619921488,SLP131,720575940539317398,unknown,downstream
720575940619921488,SLP131,720575940539314326,unknown,downstream
720575940619921488,SLP131,720575940539311254,unknown,downstream
720575940619921488,SLP131,720575940539310998,unknown,downstream
720575940619921488,SLP131,720575940539307414,unknown,downstream
720575940619921488,SLP131,720575940539303062,unknown,downstream
720575940619921488,SLP131,720575940539428183,unknown,downstream
720575940619921488,SLP131,720575940539457623,unknown,downstream
720575940619921488,SLP131,720575940539502423,unknown,downstream
720575940619921488,SLP131,720575940539528791,unknown,downstream
720575940619921488,SLP131,720575940539547223,unknown,downstream
720575940619921488,SLP131,720575940539544919,unknown,downstream
720575940619921488,SLP131,720575940539543639,unknown,downstream
720575940619921488,SLP131,720575940539543127,unknown,downstream
720575940619921488,SLP131,720575940539539543,unknown,downstream
720575940619921488,SLP131,720575940539537495,unknown,downstream
720575940619921488,SLP131,720575940539533143,unknown,downstream
720575940619921488,SLP131,720575940539532631,unknown,downstream
720575940619921488,SLP131,720575940539527767,unknown,downstream
720575940619921488,SLP131,720575940539504983,unknown,downstream
720575940619921488,SLP131,720575940539527255,unknown,downstream
720575940619921488,SLP131,720575940539524183,unknown,downstream
720575940619921488,SLP131,720575940539523671,unknown,downstream
720575940619921488,SLP131,720575940539522135,unknown,downstream
720575940619921488,SLP131,720575940539519319,unknown,downstream
720575940619921488,SLP131,720575940539512407,unknown,downstream
720575940619921488,SLP131,720575940539508311,unknown,downstream
720575940619921488,SLP131,720575940539508055,unknown,downstream
720575940619921488,SLP131,720575940539295638,unknown,downstream
720575940619921488,SLP131,720575940539290262,unknown,downstream
720575940619921488,SLP131,720575940539548759,unknown,downstream
720575940619921488,SLP131,720575940539287446,unknown,downstream
720575940619921488,SLP131,720575940536030400,unknown,downstream
720575940619921488,SLP131,720575940536028864,unknown,downstream
720575940619921488,SLP131,720575940536028352,unknown,downstream
720575940619921488,SLP131,720575940536016064,unknown,downstream
720575940619921488,SLP131,720575940536013504,unknown,downstream
720575940619921488,SLP131,720575940536011712,unknown,downstream
720575940619921488,SLP131,720575940536010176,unknown,downstream
720575940619921488,SLP131,720575940536009664,unknown,downstream
720575940619921488,SLP131,720575940536009408,unknown,downstream
720575940619921488,SLP131,720575940536005824,unknown,downstream
720575940619921488,SLP131,720575940536005312,unknown,downstream
720575940619921488,SLP131,720575940536001728,unknown,downstream
720575940619921488,SLP131,720575940535998912,unknown,downstream
720575940619921488,SLP131,720575940535997632,unknown,downstream
720575940619921488,SLP131,720575940535994816,unknown,downstream
720575940619921488,SLP131,720575940535994304,unknown,downstream
720575940619921488,SLP131,720575940535992512,unknown,downstream
720575940619921488,SLP131,720575940535989952,unknown,downstream
720575940619921488,SLP131,720575940535411102,unknown,downstream
720575940619921488,SLP131,720575940536040896,unknown,downstream
720575940619921488,SLP131,720575940536042432,unknown,downstream
720575940619921488,SLP131,720575940536398954,unknown,downstream
720575940619921488,SLP131,720575940539243414,unknown,downstream
720575940619921488,SLP131,720575940539285142,unknown,downstream
720575940619921488,SLP131,720575940539284118,unknown,downstream
720575940619921488,SLP131,720575940539282070,unknown,downstream
720575940619921488,SLP131,720575940539275926,unknown,downstream
720575940619921488,SLP131,720575940539270550,unknown,downstream
720575940619921488,SLP131,720575940539269014,unknown,downstream
720575940619921488,SLP131,720575940539266198,unknown,downstream
720575940619921488,SLP131,720575940539252374,unknown,downstream
720575940619921488,SLP131,720575940538550322,unknown,downstream
720575940619921488,SLP131,720575940536551290,unknown,downstream
720575940619921488,SLP131,720575940538486880,unknown,downstream
720575940619921488,SLP131,720575940537359776,unknown,downstream
720575940619921488,SLP131,720575940536573050,unknown,downstream
720575940619921488,SLP131,720575940536571770,unknown,downstream
720575940619921488,SLP131,720575940536571258,unknown,downstream
720575940619921488,SLP131,720575940536571002,unknown,downstream
720575940619921488,SLP131,720575940536565882,unknown,downstream
720575940619921488,SLP131,720575940536556666,unknown,downstream
720575940619921488,SLP131,720575940539547735,unknown,downstream
720575940619921488,SLP131,720575940539549271,unknown,downstream
720575940619921488,SLP131,720575940543520929,unknown,downstream
720575940619921488,SLP131,720575940540950188,unknown,downstream
720575940619921488,SLP131,720575940542167417,unknown,downstream
720575940619921488,SLP131,720575940541114992,unknown,downstream
720575940619921488,SLP131,720575940541079152,unknown,downstream
720575940619921488,SLP131,720575940540988076,unknown,downstream
720575940619921488,SLP131,720575940540983212,unknown,downstream
720575940619921488,SLP131,720575940540982956,unknown,downstream
720575940619921488,SLP131,720575940540980140,unknown,downstream
720575940619921488,SLP131,720575940540979372,unknown,downstream
720575940619921488,SLP131,720575940540973996,unknown,downstream
720575940619921488,SLP131,720575940540972460,unknown,downstream
720575940619921488,SLP131,720575940540969900,unknown,downstream
720575940619921488,SLP131,720575940540965804,unknown,downstream
720575940619921488,SLP131,720575940540965292,unknown,downstream
720575940619921488,SLP131,720575940540962476,unknown,downstream
720575940619921488,SLP131,720575940540961964,unknown,downstream
720575940619921488,SLP131,720575940540959404,unknown,downstream
720575940619921488,SLP131,720575940540959148,unknown,downstream
720575940619921488,SLP131,720575940540955052,unknown,downstream
720575940619921488,SLP131,720575940540954540,unknown,downstream
720575940619921488,SLP131,720575940543387041,unknown,downstream
720575940619921488,SLP131,720575940543406753,unknown,downstream
720575940619921488,SLP131,720575940543420065,unknown,downstream
720575940619921488,SLP131,720575940543511537,unknown,downstream
720575940619921488,SLP131,720575940543519217,unknown,downstream
720575940619921488,SLP131,720575940543517937,unknown,downstream
720575940619921488,SLP131,720575940543517681,unknown,downstream
720575940619921488,SLP131,720575940543517169,unknown,downstream
720575940619921488,SLP131,720575940543516657,unknown,downstream
720575940619921488,SLP131,720575940543515889,unknown,downstream
720575940619921488,SLP131,720575940543515121,unknown,downstream
720575940619921488,SLP131,720575940543511793,unknown,downstream
720575940619921488,SLP131,720575940543509665,unknown,downstream
720575940619921488,SLP131,720575940543480481,unknown,downstream
720575940619921488,SLP131,720575940543509233,unknown,downstream
720575940619921488,SLP131,720575940543506929,unknown,downstream
720575940619921488,SLP131,720575940543506673,unknown,downstream
720575940619921488,SLP131,720575940543505137,unknown,downstream
720575940619921488,SLP131,720575940543496097,unknown,downstream
720575940619921488,SLP131,720575940543495665,unknown,downstream
720575940619921488,SLP131,720575940543492337,unknown,downstream
720575940619921488,SLP131,720575940543488673,unknown,downstream
720575940619921488,SLP131,720575940540952748,unknown,downstream
720575940619921488,SLP131,720575940540948652,unknown,downstream
720575940619921488,SLP131,720575940539551575,unknown,downstream
720575940619921488,SLP131,720575940540944044,unknown,downstream
720575940619921488,SLP131,720575940540181201,unknown,downstream
720575940619921488,SLP131,720575940540180945,unknown,downstream
720575940619921488,SLP131,720575940540177873,unknown,downstream
720575940619921488,SLP131,720575940540174801,unknown,downstream
720575940619921488,SLP131,720575940540169937,unknown,downstream
720575940619921488,SLP131,720575940540167889,unknown,downstream
720575940619921488,SLP131,720575940540164305,unknown,downstream
720575940619921488,SLP131,720575940540164049,unknown,downstream
720575940619921488,SLP131,720575940540158161,unknown,downstream
720575940619921488,SLP131,720575940540153809,unknown,downstream
720575940619921488,SLP131,720575940540133073,unknown,downstream
720575940619921488,SLP131,720575940539575127,unknown,downstream
720575940619921488,SLP131,720575940539569495,unknown,downstream
720575940619921488,SLP131,720575940539562583,unknown,downstream
720575940619921488,SLP131,720575940539562327,unknown,downstream
720575940619921488,SLP131,720575940539561303,unknown,downstream
720575940619921488,SLP131,720575940539558487,unknown,downstream
720575940619921488,SLP131,720575940539555415,unknown,downstream
720575940619921488,SLP131,720575940539553367,unknown,downstream
720575940619921488,SLP131,720575940540181969,unknown,downstream
720575940619921488,SLP131,720575940540185297,unknown,downstream
720575940619921488,SLP131,720575940540188369,unknown,downstream
720575940619921488,SLP131,720575940540920492,unknown,downstream
720575940619921488,SLP131,720575940540942764,unknown,downstream
720575940619921488,SLP131,720575940540941228,unknown,downstream
720575940619921488,SLP131,720575940540940204,unknown,downstream
720575940619921488,SLP131,720575940540931244,unknown,downstream
720575940619921488,SLP131,720575940540928684,unknown,downstream
720575940619921488,SLP131,720575940540925356,unknown,downstream
720575940619921488,SLP131,720575940540922284,unknown,downstream
720575940619921488,SLP131,720575940540922028,unknown,downstream
720575940619921488,SLP131,720575940540919724,unknown,downstream
720575940619921488,SLP131,720575940540704863,unknown,downstream
720575940619921488,SLP131,720575940540913580,unknown,downstream
720575940619921488,SLP131,720575940540908460,unknown,downstream
720575940619921488,SLP131,720575940540875436,unknown,downstream
720575940619921488,SLP131,720575940540871340,unknown,downstream
720575940619921488,SLP131,720575940540868780,unknown,downstream
720575940619921488,SLP131,720575940540721247,unknown,downstream
720575940619921488,SLP131,720575940540717919,unknown,downstream
720575940619921488,SLP131,720575940540710751,unknown,downstream
720575940619921488,SLP131,720575940460673600,unknown,downstream
