root_id,nt_type,flow,super_class,class,sub_class,cell_type,hemilineage,nerve,side,input_synapses,output_synapses,Syn
720575940630864847,gaba,intrinsic,central,MBON,,MBON09,putative_primary,,right,8656,8056,141
720575940610964946,gaba,intrinsic,central,MBON,,MBON09,putative_primary,,right,8806,8878,137
720575940629592143,acetylcholine,intrinsic,central,,,LAL185,DM5_ventral,,right,1005,3029,54
720575940639939712,acetylcholine,intrinsic,central,,,LHPV7c1,putative_primary,,right,1500,4839,44
720575940631154396,acetylcholine,intrinsic,central,,,LHPV7c1,putative_primary,,right,1482,4864,41
720575940629925675,glutamate,intrinsic,central,,,CRE030,SMPad3,,right,266,1680,34
720575940629856515,gaba,intrinsic,central,MBON,,MBON09,putative_primary,,left,9652,8627,26
720575940629422086,gaba,intrinsic,central,MBON,,MBON09,putative_primary,,left,9582,8693,23
720575940621164720,acetylcholine,intrinsic,central,MBON,,MBON05,putative_primary,,left,13153,10587,20
720575940626654041,acetylcholine,intrinsic,central,,,LAL185,DM5_ventral,,right,1748,2693,20
720575940629242428,gaba,intrinsic,central,,,SMP079,SMPad2,,right,1771,3160,18
720575940623045267,glutamate,intrinsic,central,,,CRE030,SMPad3,,right,245,1641,16
720575940630966840,dopamine,intrinsic,central,Kenyon_Cell,KCg,KCg-m,MBp2,,right,226,346,14
720575940606892674,dopamine,intrinsic,central,Kenyon_Cell,KCg,KCg-s2,MBp4,,right,384,864,13
720575940631853615,gaba,intrinsic,central,,,SMP079,SMPad2,,right,1993,3437,12
720575940612857878,dopamine,intrinsic,central,DAN,,PAM08,CREa2_medial,,right,513,514,11
720575940613583001,gaba,intrinsic,central,MBIN,,APL,putative_primary,,right,66711,93696,10
720575940642733216,dopamine,intrinsic,central,DAN,,PAM08,CREa1_dorsal,,right,427,666,9
720575940631957933,glutamate,intrinsic,central,,,CB1062,SMPad3,,right,209,1429,8
720575940640646864,dopamine,intrinsic,central,Kenyon_Cell,KCg,KCg-m,MBp3,,right,251,273,8
720575940625934094,dopamine,intrinsic,central,MBIN,,DPM,putative_primary,,right,43022,9165,8
720575940605702176,glutamate,intrinsic,central,,,CB0531,putative_primary,,right,1645,3775,7
720575940617834560,dopamine,intrinsic,central,Kenyon_Cell,KCg,KCg-m,MBp4,,right,182,253,6
720575940620020534,acetylcholine,intrinsic,central,,,LAL198,putative_primary,,right,1225,4768,6
720575940643950190,dopamine,intrinsic,central,DAN,,PAM07,CREa1_dorsal,,right,251,272,6
720575940644747828,dopamine,intrinsic,central,DAN,,PAM08,CREa2_medial,,right,558,415,6
720575940627194501,dopamine,intrinsic,central,DAN,,PAM07,CREa2_medial,,right,334,306,6
720575940630076887,dopamine,intrinsic,central,DAN,,PAM08,CREa2_medial,,right,207,333,6
720575940605664446,dopamine,intrinsic,central,Kenyon_Cell,KCg,KCg-m,MBp4,,right,102,166,6
720575940622894349,dopamine,intrinsic,central,Kenyon_Cell,KCg,KCg-m,MBp1,,right,180,264,6
720575940623748615,acetylcholine,intrinsic,central,,,CRE024,putative_primary,,right,2135,7842,6
720575940633996911,dopamine,intrinsic,central,Kenyon_Cell,KCg,KCg-m,MBp4,,right,235,267,6
720575940633580024,dopamine,intrinsic,central,Kenyon_Cell,KCg,KCg-m,MBp1,,right,202,234,6
720575940606399068,dopamine,intrinsic,central,Kenyon_Cell,KCg,KCg-m,MBp3,,right,221,228,6
720575940637949161,dopamine,intrinsic,central,Kenyon_Cell,KCg,KCg-m,MBp1,,right,233,307,6
720575940631576903,dopamine,intrinsic,central,DAN,,PAM07,CREa1_dorsal,,right,347,269,6
720575940614991221,dopamine,intrinsic,central,DAN,,PAM08,CREa2_medial,,left,480,525,5
720575940616964766,dopamine,intrinsic,central,Kenyon_Cell,KCg,KCg-m,MBp4,,right,144,209,5
720575940624629223,dopamine,intrinsic,central,DAN,,PAM07,CREa1_dorsal,,left,507,368,5
720575940622558941,dopamine,intrinsic,central,Kenyon_Cell,KCg,KCg-m,MBp3,,right,174,198,5
720575940619828359,dopamine,intrinsic,central,Kenyon_Cell,KCg,KCg-m,MBp4,,right,190,229,5
720575940648276089,dopamine,intrinsic,central,Kenyon_Cell,KCg,KCg-m,MBp3,,right,188,229,5
720575940622338269,dopamine,intrinsic,central,DAN,,PAM08,CREa1_dorsal,,right,607,669,5
720575940627680516,dopamine,intrinsic,central,DAN,,PAM07,CREa1_dorsal,,left,459,338,5
720575940619369198,dopamine,intrinsic,central,Kenyon_Cell,KCg,KCg-m,MBp1,,right,189,181,5
720575940614981087,dopamine,intrinsic,central,Kenyon_Cell,KCg,KCg-m,MBp3,,right,157,184,5
720575940617176413,dopamine,intrinsic,central,Kenyon_Cell,KCg,KCg-m,MBp1,,right,154,298,5
720575940621688414,glutamate,intrinsic,central,,,SMP165,putative_primary,,left,555,2769,5
720575940616723549,dopamine,intrinsic,central,Kenyon_Cell,KCg,KCg-m,MBp2,,right,208,211,5
720575940614008785,dopamine,intrinsic,central,Kenyon_Cell,KCg,KCg-m,MBp4,,right,182,210,5
720575940608071435,dopamine,intrinsic,central,DAN,,PAM08,CREa2_medial,,right,668,319,5
720575940608386315,dopamine,intrinsic,central,Kenyon_Cell,KCg,KCg-m,MBp1,,right,211,203,5
720575940607930716,dopamine,intrinsic,central,Kenyon_Cell,KCg,KCg-m,MBp4,,right,169,180,5
720575940623914954,dopamine,intrinsic,central,Kenyon_Cell,KCg,KCg-m,MBp4,,right,201,232,5
720575940625497488,dopamine,intrinsic,central,Kenyon_Cell,KCg,KCg-m,MBp4,,right,230,268,5
720575940608524483,dopamine,intrinsic,central,Kenyon_Cell,KCg,KCg-m,MBp1,,right,208,245,5
720575940610430254,dopamine,intrinsic,central,DAN,,PAM07,CREa1_dorsal,,right,357,292,5
720575940629202391,acetylcholine,intrinsic,central,,,"CRE060,CRE067",CREl1,,left,121,1694,5
720575940621290017,dopamine,intrinsic,central,Kenyon_Cell,KCg,KCg-m,MBp3,,right,177,257,5
720575940630500293,dopamine,intrinsic,central,DAN,,PAM08,CREa1_dorsal,,left,674,342,5
720575940612607953,dopamine,intrinsic,central,Kenyon_Cell,KCg,KCg-m,MBp4,,right,195,280,4
720575940627595848,dopamine,intrinsic,central,Kenyon_Cell,KCg,KCg-m,MBp1,,right,176,216,4
720575940626316802,dopamine,intrinsic,central,Kenyon_Cell,KCg,KCg-m,MBp1,,right,171,205,4
720575940617901569,glutamate,intrinsic,central,,,CRE107,putative_primary,,left,1814,7894,4
720575940639846488,dopamine,intrinsic,central,Kenyon_Cell,KCg,KCg-m,MBp2,,right,173,198,4
720575940630312785,dopamine,intrinsic,central,Kenyon_Cell,KCg,KCg-m,MBp4,,right,209,177,4
720575940639056061,dopamine,intrinsic,central,Kenyon_Cell,KCg,KCg-m,MBp4,,right,217,253,4
720575940615927197,dopamine,intrinsic,central,Kenyon_Cell,KCg,KCg-m,MBp1,,right,215,223,4
720575940620344837,dopamine,intrinsic,central,Kenyon_Cell,KCg,KCg-m,MBp2,,right,207,252,4
720575940639534451,dopamine,intrinsic,central,Kenyon_Cell,KCg,KCg-m,MBp4,,right,159,255,4
720575940610569028,dopamine,intrinsic,central,DAN,,PAM08,CREa1_dorsal,,left,743,482,4
720575940621709132,dopamine,intrinsic,central,Kenyon_Cell,KCg,KCg-m,MBp3,,right,168,171,4
720575940606477660,dopamine,intrinsic,central,Kenyon_Cell,KCg,KCg-m,MBp2,,right,156,169,4
720575940619838518,gaba,intrinsic,central,,,CRE043,AOTUv1_medial,,right,518,2075,4
720575940624428019,dopamine,intrinsic,central,Kenyon_Cell,KCg,KCg-m,MBp3,,right,197,199,4
720575940618008859,glutamate,intrinsic,central,MBON,,MBON30,putative_primary,,left,5881,9780,4
720575940630868013,dopamine,intrinsic,central,Kenyon_Cell,KCg,KCg-m,MBp2,,right,171,166,4
720575940626400019,glutamate,intrinsic,central,,,CB1062,SMPad3,,right,181,1215,4
720575940646582836,dopamine,intrinsic,central,DAN,,PAM08,CREa1_dorsal,,right,315,206,4
720575940646602372,dopamine,intrinsic,central,Kenyon_Cell,KCg,KCg-m,MBp2,,right,189,188,4
720575940647165828,dopamine,intrinsic,central,DAN,,PAM07,CREa2_medial,,right,300,320,4
720575940631024682,dopamine,intrinsic,central,Kenyon_Cell,KCg,KCg-m,MBp4,,right,188,187,4
720575940631062603,dopamine,intrinsic,central,Kenyon_Cell,KCg,KCg-m,MBp3,,right,215,274,4
720575940649536377,dopamine,intrinsic,central,Kenyon_Cell,KCg,KCg-m,MBp4,,right,118,178,4
720575940624494373,dopamine,intrinsic,central,Kenyon_Cell,KCg,KCg-m,MBp4,,right,159,148,4
720575940650260214,dopamine,intrinsic,central,Kenyon_Cell,KCg,KCg-m,MBp4,,right,219,232,4
720575940654607265,acetylcholine,intrinsic,central,,,LAL198,putative_primary,,left,1385,6642,4
720575940654661281,dopamine,intrinsic,central,DAN,,PAM01,CREa2_medial,,right,466,194,4
720575940620260800,dopamine,intrinsic,central,DAN,,PAM05,CREa2_medial,,left,773,416,4
720575940625482084,dopamine,intrinsic,central,Kenyon_Cell,KCg,KCg-m,MBp1,,right,149,181,4
720575940638925877,dopamine,intrinsic,central,Kenyon_Cell,KCg,KCg-m,MBp3,,right,141,252,4
720575940621216982,dopamine,intrinsic,central,DAN,,PAM08,CREa2_medial,,right,567,316,4
720575940633123609,dopamine,intrinsic,central,Kenyon_Cell,KCg,KCg-m,MBp4,,right,169,187,4
720575940627205386,dopamine,intrinsic,central,Kenyon_Cell,KCg,KCg-m,MBp1,,right,175,210,4
720575940621763767,dopamine,intrinsic,central,Kenyon_Cell,KCg,KCg-m,MBp4,,right,234,209,4
720575940621872645,dopamine,intrinsic,central,Kenyon_Cell,KCg,KCg-m,MBp3,,right,150,206,4
720575940631742381,acetylcholine,intrinsic,central,,,CB0135,LB7__prim,,left,1213,3335,4
720575940614486690,dopamine,intrinsic,central,Kenyon_Cell,KCg,KCg-m,MBp4,,right,146,180,4
720575940628217643,dopamine,intrinsic,central,Kenyon_Cell,KCg,KCg-m,MBp1,,right,210,234,4
720575940619154891,dopamine,intrinsic,central,Kenyon_Cell,KCg,KCg-m,MBp4,,right,151,215,4
720575940622078249,dopamine,intrinsic,central,Kenyon_Cell,KCg,KCg-m,MBp3,,right,149,208,4
720575940620793584,glutamate,intrinsic,central,,,SMP165,putative_primary,,right,761,2888,4
720575940620828912,dopamine,intrinsic,central,Kenyon_Cell,KCg,KCg-m,MBp3,,right,189,260,4
720575940632552343,dopamine,intrinsic,central,Kenyon_Cell,KCg,KCg-m,MBp4,,right,150,196,4
720575940618389208,acetylcholine,intrinsic,central,,,LAL116,putative_primary,,left,1003,6058,4
720575940616702262,dopamine,intrinsic,central,Kenyon_Cell,KCg,KCg-m,MBp1,,right,221,230,4
720575940633056467,dopamine,intrinsic,central,Kenyon_Cell,KCg,KCg-m,MBp4,,right,189,133,4
720575940609873358,dopamine,intrinsic,central,Kenyon_Cell,KCg,KCg-m,MBp2,,right,121,194,4
720575940625451920,dopamine,intrinsic,central,Kenyon_Cell,KCg,KCg-m,MBp4,,right,107,216,4
720575940635779959,dopamine,intrinsic,central,DAN,,PAM02,CREa2_medial,,right,398,318,4
720575940615323990,dopamine,intrinsic,central,Kenyon_Cell,KCg,KCg-m,MBp4,,right,162,219,4
720575940627187477,glutamate,intrinsic,central,,,CB1062,SMPad3,,left,259,1631,4
720575940636356836,dopamine,intrinsic,central,Kenyon_Cell,KCg,KCg-m,MBp1,,right,142,200,4
720575940635937678,glutamate,intrinsic,central,,,LAL001,putative_primary,,right,1559,6780,4
720575940617079257,dopamine,intrinsic,central,Kenyon_Cell,KCg,KCg-m,MBp1,,right,205,274,4
720575940617166749,dopamine,intrinsic,central,Kenyon_Cell,KCg,KCg-m,MBp1,,right,173,171,4
720575940611846520,glutamate,intrinsic,central,,,CB4159,SMPad3,,left,1256,4911,4
720575940636839280,dopamine,intrinsic,central,Kenyon_Cell,KCg,KCg-d,MBp3,,right,119,140,4
720575940627045636,dopamine,intrinsic,central,Kenyon_Cell,KCg,KCg-m,MBp1,,right,165,228,4
720575940612384665,dopamine,intrinsic,central,Kenyon_Cell,KCg,KCg-m,MBp3,,right,131,156,4
720575940629222759,dopamine,intrinsic,central,Kenyon_Cell,KCg,KCg-m,MBp1,,right,182,180,4
720575940607280306,dopamine,intrinsic,central,Kenyon_Cell,KCg,KCg-m,MBp3,,right,149,173,4
720575940629166592,dopamine,intrinsic,central,Kenyon_Cell,KCg,KCg-m,MBp3,,right,136,235,3
720575940643547296,dopamine,intrinsic,central,Kenyon_Cell,KCg,KCg-m,MBp4,,right,125,141,3
720575940621892829,dopamine,intrinsic,central,Kenyon_Cell,KCg,KCg-m,MBp2,,right,240,237,3
720575940626562665,dopamine,intrinsic,central,Kenyon_Cell,KCg,KCg-m,MBp3,,right,122,160,3
720575940622719770,gaba,intrinsic,central,,,mALD1,CREa1_ventral,,left,3057,25529,3
720575940629162693,dopamine,intrinsic,central,Kenyon_Cell,KCg,KCg-m,MBp1,,right,169,194,3
720575940617903643,dopamine,intrinsic,central,DAN,,PAM08,CREa1_dorsal,,right,178,196,3
720575940616821393,dopamine,intrinsic,central,Kenyon_Cell,KCg,KCg-m,MBp2,,right,120,173,3
720575940634072756,dopamine,intrinsic,central,Kenyon_Cell,KCg,KCg-m,MBp2,,right,120,191,3
720575940624941326,dopamine,intrinsic,central,Kenyon_Cell,KCg,KCg-m,MBp4,,right,191,227,3
720575940627018383,dopamine,intrinsic,central,Kenyon_Cell,KCg,KCg-m,MBp3,,right,149,181,3
720575940616756558,,,,,,,,,,0,0,3
720575940622773784,dopamine,intrinsic,central,Kenyon_Cell,KCg,KCg-m,MBp2,,right,162,183,3
720575940624711655,dopamine,intrinsic,central,Kenyon_Cell,KCg,KCg-m,MBp1,,right,128,188,3
720575940630620747,dopamine,intrinsic,central,Kenyon_Cell,KCg,KCg-m,MBp2,,right,142,184,3
720575940632115247,dopamine,intrinsic,central,Kenyon_Cell,KCg,KCg-m,MBp4,,right,153,216,3
720575940630598395,dopamine,intrinsic,central,Kenyon_Cell,KCg,KCg-m,MBp4,,right,158,200,3
720575940623890890,dopamine,intrinsic,central,Kenyon_Cell,KCg,KCg-m,MBp3,,right,214,225,3
720575940631589689,dopamine,intrinsic,central,Kenyon_Cell,KCg,KCg-m,MBp2,,right,133,174,3
720575940633210475,dopamine,intrinsic,central,Kenyon_Cell,KCg,KCg-m,MBp2,,right,163,171,3
720575940619658433,dopamine,intrinsic,central,Kenyon_Cell,KCg,KCg-m,MBp3,,right,163,201,3
720575940626669957,dopamine,intrinsic,central,Kenyon_Cell,KCg,KCg-m,MBp3,,right,194,152,3
720575940631868999,dopamine,intrinsic,central,Kenyon_Cell,KCg,KCg-m,MBp4,,right,190,164,3
720575940612686358,dopamine,intrinsic,central,Kenyon_Cell,KCg,KCg-m,MBp4,,right,142,167,3
720575940631827527,dopamine,intrinsic,central,Kenyon_Cell,KCg,KCg-m,MBp1,,right,147,212,3
720575940620603245,dopamine,intrinsic,central,Kenyon_Cell,KCg,KCg-m,MBp3,,right,213,173,3
720575940603960046,,,,,,,,,,0,0,3
720575940608393739,dopamine,intrinsic,central,Kenyon_Cell,KCg,KCg-m,MBp4,,right,134,189,3
720575940642347936,dopamine,intrinsic,central,Kenyon_Cell,KCg,KCg-m,MBp4,,right,158,150,3
720575940604999526,dopamine,intrinsic,central,Kenyon_Cell,KCg,KCg-m,MBp1,,right,213,202,3
720575940616189509,dopamine,intrinsic,central,Kenyon_Cell,KCg,KCg-m,MBp4,,right,191,227,3
720575940643063200,dopamine,intrinsic,central,Kenyon_Cell,KCg,KCg-m,MBp1,,right,162,215,3
720575940609935310,dopamine,intrinsic,central,Kenyon_Cell,KCg,KCg-m,MBp4,,right,196,222,3
720575940633126983,acetylcholine,intrinsic,central,,,LAL199,putative_primary,,right,295,2107,3
720575940634839487,dopamine,intrinsic,central,Kenyon_Cell,KCg,KCg-m,MBp1,,right,93,238,3
720575940627077032,dopamine,intrinsic,central,Kenyon_Cell,KCg,KCg-m,MBp4,,right,167,158,3
720575940622067113,dopamine,intrinsic,central,Kenyon_Cell,KCg,KCg-m,MBp4,,right,135,221,3
720575940625922855,acetylcholine,intrinsic,central,,,SMP015,AOTUv3_dorsal,,right,689,4149,3
720575940630733137,dopamine,intrinsic,central,Kenyon_Cell,KCg,KCg-m,MBp1,,right,226,245,3
720575940636352357,dopamine,intrinsic,central,Kenyon_Cell,KCg,KCg-m,MBp4,,right,136,154,3
720575940625900900,dopamine,intrinsic,central,Kenyon_Cell,KCg,KCg-m,MBp2,,right,207,225,3
720575940628714358,dopamine,intrinsic,central,Kenyon_Cell,KCg,KCg-m,MBp3,,right,140,216,3
720575940627110931,dopamine,intrinsic,central,DAN,,PAM07,CREa1_dorsal,,right,234,264,3
720575940622981646,dopamine,intrinsic,central,Kenyon_Cell,KCg,KCg-m,MBp4,,right,123,182,3
720575940616677661,dopamine,intrinsic,central,Kenyon_Cell,KCg,KCg-m,MBp1,,right,95,140,3
720575940613441217,,,,,,,,,,0,0,3
720575940625741455,dopamine,intrinsic,central,Kenyon_Cell,KCg,KCg-m,MBp4,,right,181,175,3
720575940621730687,dopamine,intrinsic,central,Kenyon_Cell,KCg,KCg-m,MBp3,,right,178,205,3
720575940621892122,dopamine,intrinsic,central,Kenyon_Cell,KCg,KCg-m,MBp1,,right,231,257,3
720575940620537071,dopamine,intrinsic,central,Kenyon_Cell,KCg,KCg-m,MBp1,,right,152,214,3
720575940624096039,dopamine,intrinsic,central,Kenyon_Cell,KCg,KCg-m,MBp3,,right,129,168,3
720575940616910310,dopamine,intrinsic,central,Kenyon_Cell,KCg,KCg-m,MBp2,,right,197,321,3
720575940614778454,dopamine,intrinsic,central,Kenyon_Cell,KCg,KCg-m,MBp4,,right,150,222,3
720575940628807503,dopamine,intrinsic,central,Kenyon_Cell,KCg,KCg-m,MBp1,,right,141,197,3
720575940605196465,dopamine,intrinsic,central,Kenyon_Cell,KCg,KCg-m,MBp4,,right,159,230,3
720575940622594601,dopamine,intrinsic,central,Kenyon_Cell,KCg,KCg-m,MBp3,,right,216,268,3
720575940635452408,dopamine,intrinsic,central,Kenyon_Cell,KCg,KCg-m,MBp2,,right,137,154,3
720575940622891277,dopamine,intrinsic,central,Kenyon_Cell,KCg,KCg-m,MBp2,,right,213,196,3
720575940612421290,dopamine,intrinsic,central,Kenyon_Cell,KCg,KCg-m,MBp4,,right,226,243,3
720575940635288943,dopamine,intrinsic,central,Kenyon_Cell,KCg,KCg-m,MBp4,,right,176,178,3
720575940644607854,dopamine,intrinsic,central,Kenyon_Cell,KCg,KCg-m,MBp3,,right,191,189,3
720575940626948485,dopamine,intrinsic,central,Kenyon_Cell,KCg,KCg-m,MBp1,,right,169,223,3
720575940634967962,dopamine,intrinsic,central,Kenyon_Cell,KCg,KCg-m,MBp1,,right,158,205,3
720575940622844003,dopamine,intrinsic,central,Kenyon_Cell,KCg,KCg-m,MBp2,,right,185,207,3
720575940622837482,dopamine,intrinsic,central,Kenyon_Cell,KCg,KCg-m,MBp4,,right,168,252,3
720575940621688926,dopamine,intrinsic,central,Kenyon_Cell,KCg,KCg-m,MBp1,,right,167,209,3
720575940626513171,dopamine,intrinsic,central,Kenyon_Cell,KCg,KCg-m,MBp1,,right,203,178,3
720575940631756136,dopamine,intrinsic,central,Kenyon_Cell,KCg,KCg-m,MBp3,,right,174,187,3
720575940630360377,dopamine,intrinsic,central,Kenyon_Cell,KCg,KCg-m,MBp2,,right,126,189,3
720575940621888169,dopamine,intrinsic,central,Kenyon_Cell,KCg,KCg-m,MBp1,,right,206,217,3
720575940625718696,dopamine,intrinsic,central,Kenyon_Cell,KCg,KCg-m,MBp4,,right,137,209,3
720575940606967682,dopamine,intrinsic,central,Kenyon_Cell,KCg,KCg-m,MBp2,,right,164,190,3
720575940628414567,dopamine,intrinsic,central,Kenyon_Cell,KCg,KCg-m,MBp2,,right,179,209,3
720575940623171847,dopamine,intrinsic,central,Kenyon_Cell,KCg,KCg-m,MBp2,,right,119,162,3
720575940625994728,dopamine,intrinsic,central,Kenyon_Cell,KCg,KCg-m,MBp2,,right,129,154,3
720575940637733702,dopamine,intrinsic,central,Kenyon_Cell,KCg,KCg-m,MBp3,,right,170,202,3
720575940626779398,dopamine,intrinsic,central,Kenyon_Cell,KCg,KCg-m,MBp2,,right,150,173,3
720575940622096589,dopamine,intrinsic,central,Kenyon_Cell,KCg,KCg-m,MBp2,,right,198,177,3
720575940616628921,glutamate,intrinsic,central,,,CB1062,SMPad3,,left,206,1197,3
720575940606893186,dopamine,intrinsic,central,Kenyon_Cell,KCg,KCg-m,MBp1,,right,217,266,3
720575940629951292,dopamine,intrinsic,central,Kenyon_Cell,KCg,KCg-m,MBp2,,right,163,198,3
720575940624597228,dopamine,intrinsic,central,Kenyon_Cell,KCg,KCg-m,MBp4,,right,139,201,3
720575940610505426,dopamine,intrinsic,central,Kenyon_Cell,KCg,KCg-d,MBp4,,right,114,172,3
720575940657869953,dopamine,intrinsic,central,Kenyon_Cell,KCg,KCg-m,MBp2,,right,142,177,3
720575940610960994,dopamine,intrinsic,central,Kenyon_Cell,KCg,KCg-m,MBp2,,right,255,227,3
720575940625942458,dopamine,intrinsic,central,Kenyon_Cell,KCg,KCg-m,MBp2,,right,142,185,3
720575940610743282,dopamine,intrinsic,central,Kenyon_Cell,KCg,KCg-m,MBp3,,right,162,209,3
720575940631624761,dopamine,intrinsic,central,Kenyon_Cell,KCg,KCg-m,MBp3,,right,140,188,3
720575940614524127,dopamine,intrinsic,central,Kenyon_Cell,KCg,KCg-m,MBp1,,right,178,214,3
720575940632510048,dopamine,intrinsic,central,Kenyon_Cell,KCg,KCg-m,MBp1,,right,133,229,3
720575940626820395,dopamine,intrinsic,central,Kenyon_Cell,KCg,KCg-m,MBp3,,right,119,190,3
720575940628687207,dopamine,intrinsic,central,DAN,,PAM01,CREa2_medial,,left,447,179,3
720575940614544034,dopamine,intrinsic,central,Kenyon_Cell,KCg,KCg-m,MBp1,,right,181,236,3
720575940607828233,dopamine,intrinsic,central,Kenyon_Cell,KCg,KCg-m,MBp1,,right,179,184,3
720575940623009416,dopamine,intrinsic,central,Kenyon_Cell,KCg,KCg-m,MBp2,,right,157,173,3
720575940606729858,dopamine,intrinsic,central,Kenyon_Cell,KCg,KCg-m,MBp1,,right,157,191,3
720575940629782091,dopamine,intrinsic,central,Kenyon_Cell,KCg,KCg-m,MBp1,,right,173,182,3
720575940621163636,dopamine,intrinsic,central,Kenyon_Cell,KCg,KCg-m,MBp1,,right,159,190,3
720575940636430437,dopamine,intrinsic,central,Kenyon_Cell,KCg,KCg-m,MBp2,,right,141,196,3
720575940624265572,dopamine,intrinsic,central,Kenyon_Cell,KCg,KCg-m,MBp2,,right,155,225,3
720575940624537836,dopamine,intrinsic,central,Kenyon_Cell,KCg,KCg-m,MBp2,,right,159,177,3
720575940637934308,glutamate,intrinsic,central,MBON,,MBON30,putative_primary,,right,4753,9777,3
720575940619375701,dopamine,intrinsic,central,Kenyon_Cell,KCg,KCg-m,MBp4,,right,252,199,3
720575940621462797,dopamine,intrinsic,central,Kenyon_Cell,KCg,KCg-m,MBp2,,right,122,217,3
720575940620588653,dopamine,intrinsic,central,Kenyon_Cell,KCg,KCg-m,MBp4,,right,148,184,3
720575940619794512,dopamine,intrinsic,central,Kenyon_Cell,KCg,KCg-m,MBp4,,right,149,183,3
720575940615876294,dopamine,intrinsic,central,Kenyon_Cell,KCg,KCg-m,MBp3,,right,232,214,3
720575940623488270,dopamine,intrinsic,central,Kenyon_Cell,KCg,KCg-m,MBp2,,right,228,264,3
720575940620325620,,,,,,,,,,0,0,3
720575940609950869,dopamine,intrinsic,central,Kenyon_Cell,KCg,KCg-m,MBp1,,right,225,200,3
720575940619823536,dopamine,intrinsic,central,DAN,,PAM08,CREa2_medial,,right,363,198,3
720575940624429036,dopamine,intrinsic,central,Kenyon_Cell,KCg,KCg-m,MBp4,,right,158,176,3
720575940626252273,dopamine,intrinsic,central,Kenyon_Cell,KCg,KCg-m,MBp3,,right,143,208,3
720575940630296913,dopamine,intrinsic,central,Kenyon_Cell,KCg,KCg-m,MBp2,,right,143,183,3
720575940614447922,dopamine,intrinsic,central,Kenyon_Cell,KCg,KCg-m,MBp2,,right,191,235,3
720575940652875169,dopamine,intrinsic,central,Kenyon_Cell,KCg,KCg-m,MBp2,,right,87,135,3
720575940639686488,dopamine,intrinsic,central,Kenyon_Cell,KCg,KCg-m,MBp3,,right,140,151,3
720575940608768213,dopamine,intrinsic,central,Kenyon_Cell,KCg,KCg-m,MBp3,,right,165,198,3
720575940620464321,glutamate,intrinsic,central,MBON,,MBON04,putative_primary,,left,10169,16845,3
720575940625156901,dopamine,intrinsic,central,Kenyon_Cell,KCg,KCg-m,MBp2,,right,221,206,3
720575940658674049,dopamine,intrinsic,central,DAN,,PAM07,CREa1_dorsal,,right,207,263,3
720575940639022243,dopamine,intrinsic,central,Kenyon_Cell,KCg,KCg-m,MBp4,,right,166,239,3
720575940621471732,dopamine,intrinsic,central,Kenyon_Cell,KCg,KCg-m,MBp2,,right,163,210,3
720575940618266900,dopamine,intrinsic,central,Kenyon_Cell,KCg,KCg-m,MBp4,,right,150,171,3
720575940623398524,dopamine,intrinsic,central,DAN,,PAM08,CREa1_dorsal,,right,605,329,3
720575940620600700,dopamine,intrinsic,central,Kenyon_Cell,KCg,KCg-m,MBp3,,right,166,249,3
720575940622095228,acetylcholine,intrinsic,central,,,SMP471,DM1_antero_dorsal,,left,3094,5065,3
720575940618194708,dopamine,intrinsic,central,Kenyon_Cell,KCg,KCg-m,MBp3,,right,208,228,3
720575940639057085,dopamine,intrinsic,central,Kenyon_Cell,KCg,KCg-m,MBp4,,right,171,172,3
720575940623400189,dopamine,intrinsic,central,Kenyon_Cell,KCg,KCg-m,MBp2,,right,158,159,3
720575940621491696,dopamine,intrinsic,central,Kenyon_Cell,KCg,KCg-m,MBp1,,right,181,206,3
720575940620310625,dopamine,intrinsic,central,Kenyon_Cell,KCg,KCg-m,MBp3,,right,207,246,3
720575940632139603,acetylcholine,intrinsic,central,,,CRE059,CREl1,,right,310,2685,3
720575940615838662,dopamine,intrinsic,central,Kenyon_Cell,KCg,KCg-m,MBp3,,right,155,202,3
720575940630047080,dopamine,intrinsic,central,Kenyon_Cell,KCg,KCg-m,MBp1,,right,156,264,3
720575940616095517,dopamine,intrinsic,central,Kenyon_Cell,KCg,KCg-m,MBp4,,right,150,175,2
720575940631024911,dopamine,intrinsic,central,Kenyon_Cell,KCg,KCg-m,MBp1,,right,141,130,2
720575940630935570,dopamine,intrinsic,central,Kenyon_Cell,KCg,KCg-m,MBp4,,right,163,186,2
720575940611958442,acetylcholine,intrinsic,central,,,CRE059,CREl1,,left,361,3258,2
720575940616087323,dopamine,intrinsic,central,Kenyon_Cell,KCg,KCg-m,MBp1,,right,155,190,2
720575940621832542,dopamine,intrinsic,central,Kenyon_Cell,KCg,KCg-m,MBp4,,right,168,237,2
720575940621845018,dopamine,intrinsic,central,Kenyon_Cell,KCg,KCg-m,MBp4,,right,196,246,2
720575940621809246,dopamine,intrinsic,central,Kenyon_Cell,KCg,KCg-m,MBp1,,right,140,187,2
720575940621658502,dopamine,intrinsic,central,Kenyon_Cell,KCg,KCg-m,MBp1,,right,169,247,2
720575940630751535,dopamine,intrinsic,central,Kenyon_Cell,KCg,KCg-m,MBp1,,right,108,125,2
720575940630671890,dopamine,intrinsic,central,Kenyon_Cell,KCg,KCg-m,MBp3,,right,103,195,2
720575940630650711,dopamine,intrinsic,central,Kenyon_Cell,KCg,KCg-m,MBp2,,right,156,183,2
720575940630498811,dopamine,intrinsic,central,DAN,,PAM01,CREa2_medial,,right,447,120,2
720575940630471695,dopamine,intrinsic,central,Kenyon_Cell,KCg,KCg-m,MBp1,,right,195,141,2
720575940605280201,dopamine,intrinsic,central,DAN,,PAM08,CREa2_medial,,right,319,204,2
720575940615974493,dopamine,intrinsic,central,Kenyon_Cell,KCg,KCg-m,MBp1,,right,155,160,2
720575940631184439,dopamine,intrinsic,central,DAN,,PAM08,CREa1_dorsal,,left,386,268,2
720575940612183745,,,,,,,,,,0,0,2
720575940631406547,dopamine,intrinsic,central,Kenyon_Cell,KCg,KCg-m,MBp2,,right,123,219,2
720575940631453763,dopamine,intrinsic,central,Kenyon_Cell,KCg,KCg-m,MBp1,,right,198,210,2
720575940621552116,dopamine,intrinsic,central,Kenyon_Cell,KCg,KCg-m,MBp1,,right,181,200,2
720575940612266213,dopamine,intrinsic,central,Kenyon_Cell,KCg,KCg-m,MBp4,,right,156,161,2
720575940632135249,dopamine,intrinsic,central,Kenyon_Cell,KCg,KCg-m,MBp3,,right,210,244,2
720575940632077127,dopamine,intrinsic,central,Kenyon_Cell,KCg,KCg-m,MBp3,,right,212,242,2
720575940632019247,dopamine,intrinsic,central,Kenyon_Cell,KCg,KCg-m,MBp3,,right,131,175,2
720575940622023262,dopamine,intrinsic,central,Kenyon_Cell,KCg,KCg-m,MBp4,,right,157,146,2
720575940631991879,dopamine,intrinsic,central,Kenyon_Cell,KCg,KCg-m,MBp4,,right,165,243,2
720575940616398303,glutamate,intrinsic,central,MBON,,"MBON25,MBON34",SMPad3,,left,205,1079,2
720575940631798888,dopamine,intrinsic,central,Kenyon_Cell,KCg,KCg-m,MBp3,,right,143,212,2
720575940631777567,dopamine,intrinsic,central,Kenyon_Cell,KCg,KCg-m,MBp4,,right,183,214,2
720575940616162373,dopamine,intrinsic,central,Kenyon_Cell,KCg,KCg-m,MBp3,,right,131,206,2
720575940631627843,dopamine,intrinsic,central,Kenyon_Cell,KCg,KCg-d,MBp4,,right,177,264,2
720575940616110219,acetylcholine,intrinsic,central,,,CRE049,CREl1,,left,614,5429,2
720575940631603768,dopamine,intrinsic,central,Kenyon_Cell,KCg,KCg-m,MBp2,,right,160,174,2
720575940616105302,dopamine,intrinsic,central,Kenyon_Cell,KCg,KCg-m,MBp4,,right,166,197,2
720575940630219055,dopamine,intrinsic,central,Kenyon_Cell,KCg,KCg-m,MBp3,,right,203,176,2
720575940611748594,dopamine,intrinsic,central,Kenyon_Cell,KCg,KCg-m,MBp3,,right,216,191,2
720575940615907997,dopamine,intrinsic,central,Kenyon_Cell,KCg,KCg-m,MBp1,,right,130,160,2
720575940615631266,gaba,intrinsic,central,,,LAL101,putative_primary,,right,1499,6124,2
720575940629624702,dopamine,intrinsic,central,Kenyon_Cell,KCg,KCg-m,MBp4,,right,113,237,2
720575940629560770,glutamate,intrinsic,central,,,LAL123,putative_primary,,left,5867,5997,2
720575940629545027,dopamine,intrinsic,central,Kenyon_Cell,KCg,KCg-m,MBp4,,right,139,166,2
720575940615569723,dopamine,intrinsic,central,Kenyon_Cell,KCg,KCg-m,MBp4,,right,205,220,2
720575940629502506,dopamine,intrinsic,central,Kenyon_Cell,KCg,KCg-m,MBp2,,right,162,214,2
720575940615507641,dopamine,intrinsic,central,Kenyon_Cell,KCg,KCg-m,MBp4,,right,104,176,2
720575940629277687,dopamine,intrinsic,central,Kenyon_Cell,KCg,KCg-m,MBp4,,right,187,174,2
720575940629190615,dopamine,intrinsic,central,DAN,,PAM08,CREa1_dorsal,,left,380,688,2
720575940629188507,dopamine,intrinsic,central,DAN,,PAM01,CREa1_dorsal,,left,335,151,2
720575940629108094,dopamine,intrinsic,central,Kenyon_Cell,KCg,KCg-m,MBp4,,right,159,230,2
720575940629020794,dopamine,intrinsic,central,Kenyon_Cell,KCg,KCg-m,MBp2,,right,209,241,2
720575940608456715,dopamine,intrinsic,central,Kenyon_Cell,KCg,KCg-m,MBp3,,right,166,204,2
720575940611733997,dopamine,intrinsic,central,Kenyon_Cell,KCg,KCg-m,MBp4,,right,185,272,2
720575940628917980,dopamine,intrinsic,central,Kenyon_Cell,KCg,KCg-m,MBp4,,right,81,158,2
720575940628787962,dopamine,intrinsic,central,Kenyon_Cell,KCg,KCg-m,MBp3,,right,188,216,2
720575940629633150,dopamine,intrinsic,central,Kenyon_Cell,KCg,KCg-m,MBp1,,right,198,204,2
720575940611943976,dopamine,intrinsic,central,Kenyon_Cell,KCg,KCg-m,MBp4,,right,162,215,2
720575940630179159,dopamine,intrinsic,central,Kenyon_Cell,KCg,KCg-m,MBp2,,right,122,207,2
720575940629824828,dopamine,intrinsic,central,Kenyon_Cell,KCg,KCg-m,MBp1,,right,226,263,2
720575940630146135,dopamine,intrinsic,central,Kenyon_Cell,KCg,KCg-m,MBp4,,right,113,154,2
720575940630114108,dopamine,intrinsic,central,Kenyon_Cell,KCg,KCg-m,MBp1,,right,193,178,2
720575940630109756,dopamine,intrinsic,central,Kenyon_Cell,KCg,KCg-m,MBp3,,right,171,195,2
720575940630063676,dopamine,intrinsic,central,Kenyon_Cell,KCg,KCg-m,MBp2,,right,194,207,2
720575940615816754,dopamine,intrinsic,central,Kenyon_Cell,KCg,KCg-m,MBp3,,right,159,178,2
720575940621357147,dopamine,intrinsic,central,Kenyon_Cell,KCg,KCg-m,MBp4,,right,146,185,2
720575940621334980,dopamine,intrinsic,central,Kenyon_Cell,KCg,KCg-m,MBp4,,right,148,162,2
720575940629942844,dopamine,intrinsic,central,Kenyon_Cell,KCg,KCg-m,MBp4,,right,203,273,2
720575940629921398,dopamine,intrinsic,central,Kenyon_Cell,KCg,KCg-m,MBp3,,right,157,188,2
720575940615737531,dopamine,intrinsic,central,Kenyon_Cell,KCg,KCg-m,MBp2,,right,134,178,2
720575940629897260,glutamate,intrinsic,central,,,CRE075,putative_primary,,right,3316,6328,2
720575940629855340,dopamine,intrinsic,central,Kenyon_Cell,KCg,KCg-m,MBp1,,right,204,179,2
720575940629854764,dopamine,intrinsic,central,Kenyon_Cell,KCg,KCg-m,MBp1,,right,123,208,2
720575940604008672,dopamine,intrinsic,central,Kenyon_Cell,KCg,KCg-m,MBp1,,right,182,237,2
720575940629836087,dopamine,intrinsic,central,Kenyon_Cell,KCg,KCg-d,MBp4,,right,136,148,2
720575940632358564,dopamine,intrinsic,central,Kenyon_Cell,KCg,KCg-m,MBp1,,right,149,216,2
720575940635628766,dopamine,intrinsic,central,Kenyon_Cell,KCg,KCg-m,MBp1,,right,89,153,2
720575940632377375,dopamine,intrinsic,central,Kenyon_Cell,KCg,KCg-m,MBp4,,right,144,183,2
720575940617386708,dopamine,intrinsic,central,Kenyon_Cell,KCg,KCg-m,MBp3,,right,153,238,2
720575940637731674,glutamate,intrinsic,central,,,CRE030,SMPad3,,left,137,991,2
720575940617374493,acetylcholine,intrinsic,central,,,CRE059,CREl1,,left,382,3053,2
720575940617370909,dopamine,intrinsic,central,Kenyon_Cell,KCg,KCg-m,MBp3,,right,187,185,2
720575940623102396,dopamine,intrinsic,central,Kenyon_Cell,KCg,KCg-m,MBp2,,right,180,269,2
720575940637407209,dopamine,intrinsic,central,Kenyon_Cell,KCg,KCg-m,MBp2,,right,209,210,2
720575940623067942,dopamine,intrinsic,central,Kenyon_Cell,KCg,KCg-m,MBp4,,right,131,173,2
720575940637339738,dopamine,intrinsic,central,Kenyon_Cell,KCg,KCg-m,MBp4,,right,112,160,2
720575940637219918,dopamine,intrinsic,central,Kenyon_Cell,KCg,KCg-d,MBp4,,right,97,176,2
720575940608662485,dopamine,intrinsic,central,Kenyon_Cell,KCg,KCg-m,MBp4,,right,149,222,2
720575940623016644,dopamine,intrinsic,central,Kenyon_Cell,KCg,KCg-m,MBp3,,right,145,174,2
720575940617249629,dopamine,intrinsic,central,Kenyon_Cell,KCg,KCg-m,MBp2,,right,153,164,2
720575940636877936,dopamine,intrinsic,central,Kenyon_Cell,KCg,KCg-m,MBp3,,right,146,158,2
720575940623003917,dopamine,intrinsic,central,Kenyon_Cell,KCg,KCg-m,MBp3,,right,151,152,2
720575940636553646,dopamine,intrinsic,central,Kenyon_Cell,KCg,KCg-m,MBp1,,right,152,199,2
720575940622999944,dopamine,intrinsic,central,Kenyon_Cell,KCg,KCg-m,MBp4,,right,145,222,2
720575940637737021,dopamine,intrinsic,central,Kenyon_Cell,KCg,KCg-m,MBp2,,right,117,186,2
720575940617395412,dopamine,intrinsic,central,Kenyon_Cell,KCg,KCg-m,MBp4,,right,147,243,2
720575940622191177,dopamine,intrinsic,central,Kenyon_Cell,KCg,KCg-m,MBp3,,right,81,149,2
720575940637826623,dopamine,intrinsic,central,Kenyon_Cell,KCg,KCg-m,MBp3,,right,185,198,2
720575940604479590,dopamine,intrinsic,central,DAN,,PAM08,CREa2_medial,,left,562,356,2
720575940612587286,dopamine,intrinsic,central,Kenyon_Cell,KCg,KCg-m,MBp4,,right,133,201,2
720575940639218165,dopamine,intrinsic,central,Kenyon_Cell,KCg,KCg-d,MBp4,,right,118,124,2
720575940617474629,dopamine,intrinsic,central,Kenyon_Cell,KCg,KCg-m,MBp3,,right,207,177,2
720575940639116888,dopamine,intrinsic,central,Kenyon_Cell,KCg,KCg-m,MBp3,,right,152,251,2
720575940608820600,dopamine,intrinsic,central,Kenyon_Cell,KCg,KCg-m,MBp4,,right,116,112,2
720575940617452689,dopamine,intrinsic,central,Kenyon_Cell,KCg,KCg-m,MBp4,,right,199,197,2
720575940639092201,acetylcholine,intrinsic,central,,,LAL191,putative_primary,,right,680,3880,2
720575940638964131,dopamine,intrinsic,central,Kenyon_Cell,KCg,KCg-m,MBp1,,right,221,215,2
720575940608801749,dopamine,intrinsic,central,Kenyon_Cell,KCg,KCg-m,MBp4,,right,134,205,2
720575940617436305,dopamine,intrinsic,central,Kenyon_Cell,KCg,KCg-m,MBp3,,right,214,258,2
720575940638390563,,,,,,,,,,0,0,2
720575940623358645,dopamine,intrinsic,central,Kenyon_Cell,KCg,KCg-m,MBp1,,right,189,188,2
720575940637849151,dopamine,intrinsic,central,Kenyon_Cell,KCg,KCg-m,MBp4,,right,180,240,2
720575940637835839,dopamine,intrinsic,central,Kenyon_Cell,KCg,KCg-m,MBp1,,right,184,215,2
720575940636364133,dopamine,intrinsic,central,Kenyon_Cell,KCg,KCg-m,MBp1,,right,238,259,2
720575940617249108,dopamine,intrinsic,central,Kenyon_Cell,KCg,KCg-m,MBp3,,right,138,166,2
720575940636242039,dopamine,intrinsic,central,Kenyon_Cell,KCg,KCg-m,MBp2,,right,157,125,2
720575940617242841,dopamine,intrinsic,central,DAN,,PAM08,CREa1_dorsal,,right,481,223,2
720575940622623485,,,,,,,,,,0,0,2
720575940633191891,glutamate,intrinsic,central,,,SMP138,SMPad3,,left,412,1690,2
720575940633188459,dopamine,intrinsic,central,Kenyon_Cell,KCg,KCg-m,MBp4,,right,194,148,2
720575940632963245,dopamine,intrinsic,central,Kenyon_Cell,KCg,KCg-m,MBp3,,right,112,106,2
720575940632943277,acetylcholine,intrinsic,central,MBON,,MBON35,putative_primary,,right,9207,14060,2
720575940622538461,dopamine,intrinsic,central,Kenyon_Cell,KCg,KCg-m,MBp3,,right,137,158,2
720575940632927405,dopamine,intrinsic,central,Kenyon_Cell,KCg,KCg-m,MBp1,,right,176,164,2
720575940632805037,dopamine,intrinsic,central,Kenyon_Cell,KCg,KCg-m,MBp1,,right,250,286,2
720575940632728476,dopamine,intrinsic,central,Kenyon_Cell,KCg,KCg-m,MBp4,,right,125,226,2
720575940632676409,dopamine,intrinsic,central,Kenyon_Cell,KCg,KCg-m,MBp1,,right,145,236,2
720575940632668973,dopamine,intrinsic,central,Kenyon_Cell,KCg,KCg-m,MBp2,,right,145,166,2
720575940622305304,dopamine,intrinsic,central,Kenyon_Cell,KCg,KCg-m,MBp1,,right,160,164,2
720575940622302488,dopamine,intrinsic,central,Kenyon_Cell,KCg,KCg-m,MBp2,,right,109,154,2
720575940622288152,dopamine,intrinsic,central,Kenyon_Cell,KCg,KCg-m,MBp2,,right,255,182,2
720575940622263510,dopamine,intrinsic,central,Kenyon_Cell,KCg,KCg-m,MBp4,,right,210,211,2
720575940633493660,dopamine,intrinsic,central,Kenyon_Cell,KCg,KCg-m,MBp2,,right,157,222,2
720575940622694182,dopamine,intrinsic,central,Kenyon_Cell,KCg,KCg-m,MBp2,,right,173,182,2
720575940633773849,dopamine,intrinsic,central,Kenyon_Cell,KCg,KCg-m,MBp1,,right,149,198,2
720575940622855560,dopamine,intrinsic,central,Kenyon_Cell,KCg,KCg-m,MBp3,,right,141,150,2
720575940617201113,dopamine,intrinsic,central,Kenyon_Cell,KCg,KCg-m,MBp1,,right,140,261,2
720575940636135799,dopamine,intrinsic,central,Kenyon_Cell,KCg,KCg-m,MBp1,,right,150,199,2
720575940635803876,dopamine,intrinsic,central,Kenyon_Cell,KCg,KCg-m,MBp4,,right,129,139,2
720575940612450730,dopamine,intrinsic,central,Kenyon_Cell,KCg,KCg-m,MBp3,,right,217,251,2
720575940622930957,dopamine,intrinsic,central,Kenyon_Cell,KCg,KCg-m,MBp1,,right,160,186,2
720575940622926472,dopamine,intrinsic,central,Kenyon_Cell,KCg,KCg-m,MBp3,,right,143,195,2
720575940634849460,dopamine,intrinsic,central,Kenyon_Cell,KCg,KCg-m,MBp2,,right,155,247,2
720575940616859259,dopamine,intrinsic,central,Kenyon_Cell,KCg,KCg-m,MBp3,,right,149,205,2
720575940622812808,dopamine,intrinsic,central,Kenyon_Cell,KCg,KCg-m,MBp4,,right,165,170,2
720575940634442091,dopamine,intrinsic,central,Kenyon_Cell,KCg,KCg-m,MBp1,,right,141,145,2
720575940634231999,dopamine,intrinsic,central,Kenyon_Cell,KCg,KCg-m,MBp1,,right,184,220,2
720575940634154140,dopamine,intrinsic,central,Kenyon_Cell,KCg,KCg-m,MBp2,,right,180,195,2
720575940622771082,dopamine,intrinsic,central,Kenyon_Cell,KCg,KCg-m,MBp1,,right,175,186,2
720575940633908887,dopamine,intrinsic,central,Kenyon_Cell,KCg,KCg-m,MBp2,,right,174,180,2
720575940615263903,dopamine,intrinsic,central,Kenyon_Cell,KCg,KCg-m,MBp4,,right,143,183,2
720575940621516179,dopamine,intrinsic,central,Kenyon_Cell,KCg,KCg-m,MBp4,,right,162,180,2
720575940620883917,dopamine,intrinsic,central,Kenyon_Cell,KCg,KCg-m,MBp2,,right,126,172,2
720575940613071587,dopamine,intrinsic,central,Kenyon_Cell,KCg,KCg-m,MBp1,,right,150,198,2
720575940624693287,dopamine,intrinsic,central,Kenyon_Cell,KCg,KCg-m,MBp1,,right,160,130,2
720575940618657950,dopamine,intrinsic,central,Kenyon_Cell,KCg,KCg-m,MBp4,,right,210,172,2
720575940624659943,glutamate,intrinsic,central,MBON,,"MBON25,MBON34",SMPad3,,left,235,1315,2
720575940624639358,,,,,,,,,,0,0,2
720575940624638396,dopamine,intrinsic,central,Kenyon_Cell,KCg,KCg-m,MBp1,,right,153,177,2
720575940603777518,,,,,,,,,,0,0,2
720575940618371777,dopamine,intrinsic,central,Kenyon_Cell,KCg,KCg-m,MBp4,,right,145,138,2
720575940624584579,dopamine,intrinsic,central,Kenyon_Cell,KCg,KCg-m,MBp3,,right,131,170,2
720575940625683716,dopamine,intrinsic,central,DAN,,PAM01,CREa2_medial,,left,227,163,2
720575940618266747,dopamine,intrinsic,central,Kenyon_Cell,KCg,KCg-m,MBp1,,right,176,188,2
720575940617769217,dopamine,intrinsic,central,Kenyon_Cell,KCg,KCg-m,MBp4,,right,169,202,2
720575940658795137,dopamine,intrinsic,central,Kenyon_Cell,KCg,KCg-m,MBp3,,right,186,230,2
720575940612755618,dopamine,intrinsic,central,DAN,,PAM07,CREa2_medial,,right,167,337,2
720575940606963586,dopamine,intrinsic,central,Kenyon_Cell,KCg,KCg-m,MBp1,,right,206,212,2
720575940624516339,dopamine,intrinsic,central,Kenyon_Cell,KCg,KCg-m,MBp1,,right,200,211,2
720575940649020025,dopamine,intrinsic,central,Kenyon_Cell,KCg,KCg-m,MBp2,,right,123,98,2
720575940609169762,dopamine,intrinsic,central,Kenyon_Cell,KCg,KCg-d,MBp2,,right,119,177,2
720575940609179331,dopamine,intrinsic,central,Kenyon_Cell,KCg,KCg-m,MBp2,,right,134,187,2
720575940618841910,dopamine,intrinsic,central,Kenyon_Cell,KCg,KCg-m,MBp4,,right,176,178,2
720575940624940814,dopamine,intrinsic,central,Kenyon_Cell,KCg,KCg-m,MBp2,,right,181,192,2
720575940614036019,dopamine,intrinsic,central,Kenyon_Cell,KCg,KCg-m,MBp1,,right,140,227,2
720575940619495664,dopamine,intrinsic,central,Kenyon_Cell,KCg,KCg-m,MBp4,,right,152,224,2
720575940613987635,dopamine,intrinsic,central,Kenyon_Cell,KCg,KCg-m,MBp1,,right,213,171,2
720575940613867682,dopamine,intrinsic,central,Kenyon_Cell,KCg,KCg-m,MBp2,,right,192,230,2
720575940610206387,dopamine,intrinsic,central,Kenyon_Cell,KCg,KCg-m,MBp4,,right,187,223,2
720575940625486692,dopamine,intrinsic,central,Kenyon_Cell,KCg,KCg-m,MBp2,,right,230,219,2
720575940625462412,,,,,,,,,,0,0,2
720575940625454640,dopamine,intrinsic,central,Kenyon_Cell,KCg,KCg-m,MBp2,,right,217,186,2
720575940604997152,dopamine,intrinsic,central,Kenyon_Cell,KCg,KCg-m,MBp4,,right,171,156,2
720575940625331006,dopamine,intrinsic,central,Kenyon_Cell,KCg,KCg-m,MBp1,,right,164,204,2
720575940613797295,dopamine,intrinsic,central,Kenyon_Cell,KCg,KCg-d,MBp2,,right,310,531,2
720575940606968962,dopamine,intrinsic,central,Kenyon_Cell,KCg,KCg-m,MBp1,,right,192,198,2
720575940619259477,dopamine,intrinsic,central,Kenyon_Cell,KCg,KCg-m,MBp1,,right,202,202,2
720575940619134789,acetylcholine,intrinsic,central,,,SMP177,DL2_dorsal,,right,10742,21006,2
720575940618905766,dopamine,intrinsic,central,Kenyon_Cell,KCg,KCg-m,MBp1,,right,158,209,2
720575940624489964,glutamate,intrinsic,central,MBON,,"MBON25,MBON34",SMPad3,,right,396,1171,2
720575940624480148,dopamine,intrinsic,central,Kenyon_Cell,KCg,KCg-m,MBp3,,right,162,160,2
720575940647739513,dopamine,intrinsic,central,Kenyon_Cell,KCg,KCg-m,MBp1,,right,188,196,2
720575940642603464,dopamine,intrinsic,central,DAN,,PAM08,CREa2_medial,,right,159,263,2
720575940641084405,dopamine,intrinsic,central,Kenyon_Cell,KCg,KCg-m,MBp1,,right,161,182,2
720575940640688336,dopamine,intrinsic,central,Kenyon_Cell,KCg,KCg-m,MBp4,,right,158,189,2
720575940640487669,dopamine,intrinsic,central,Kenyon_Cell,KCg,KCg-m,MBp3,,right,127,159,2
720575940639988352,dopamine,intrinsic,central,Kenyon_Cell,KCg,KCg-m,MBp3,,right,201,208,2
720575940617807517,dopamine,intrinsic,central,Kenyon_Cell,KCg,KCg-m,MBp4,,right,166,191,2
720575940612647282,dopamine,intrinsic,central,Kenyon_Cell,KCg,KCg-m,MBp4,,right,183,217,2
720575940639593587,dopamine,intrinsic,central,Kenyon_Cell,KCg,KCg-m,MBp3,,right,164,231,2
720575940639588723,dopamine,intrinsic,central,Kenyon_Cell,KCg,KCg-m,MBp1,,right,140,199,2
720575940639554675,dopamine,intrinsic,central,Kenyon_Cell,KCg,KCg-m,MBp1,,right,210,188,2
720575940623503111,dopamine,intrinsic,central,Kenyon_Cell,KCg,KCg-m,MBp2,,right,137,197,2
720575940639515965,dopamine,intrinsic,central,Kenyon_Cell,KCg,KCg-m,MBp1,,right,127,192,2
720575940606921374,,,,,,,,,,0,0,2
720575940612590754,dopamine,intrinsic,central,Kenyon_Cell,KCg,KCg-m,MBp1,,right,178,201,2
720575940639274574,dopamine,intrinsic,central,Kenyon_Cell,KCg,KCg-m,MBp1,,right,94,190,2
720575940628685059,dopamine,intrinsic,central,Kenyon_Cell,KCg,KCg-m,MBp1,,right,142,190,2
720575940641362907,dopamine,intrinsic,central,Kenyon_Cell,KCg,KCg-m,MBp2,,right,146,136,2
720575940605290441,dopamine,intrinsic,central,Kenyon_Cell,KCg,KCg-m,MBp3,,right,163,236,2
720575940646735156,dopamine,intrinsic,central,,,SMP384,putative_primary,,left,3493,3322,2
720575940643281262,dopamine,intrinsic,central,Kenyon_Cell,KCg,KCg-m,MBp2,,right,163,174,2
720575940612714671,dopamine,intrinsic,central,Kenyon_Cell,KCg,KCg-m,MBp2,,right,181,222,2
720575940646419235,dopamine,intrinsic,central,Kenyon_Cell,KCg,KCg-m,MBp3,,right,154,187,2
720575940618148406,dopamine,intrinsic,central,Kenyon_Cell,KCg,KCg-m,MBp4,,right,139,175,2
720575940624302008,dopamine,intrinsic,central,Kenyon_Cell,KCg,KCg-m,MBp3,,right,179,193,2
720575940645377668,dopamine,intrinsic,central,Kenyon_Cell,KCg,KCg-m,MBp2,,right,143,227,2
720575940617963480,dopamine,intrinsic,central,Kenyon_Cell,KCg,KCg-m,MBp4,,right,154,156,2
720575940645248878,dopamine,intrinsic,central,Kenyon_Cell,KCg,KCg-m,MBp1,,right,178,211,2
720575940617937437,dopamine,intrinsic,central,Kenyon_Cell,KCg,KCg-m,MBp3,,right,146,187,2
720575940644759319,dopamine,intrinsic,central,Kenyon_Cell,KCg,KCg-m,MBp3,,right,186,250,2
720575940617908820,dopamine,intrinsic,central,Kenyon_Cell,KCg,KCg-m,MBp1,,right,179,183,2
720575940644592494,dopamine,intrinsic,central,Kenyon_Cell,KCg,KCg-m,MBp4,,right,170,171,2
720575940644583534,dopamine,intrinsic,central,Kenyon_Cell,KCg,KCg-m,MBp1,,right,173,238,2
720575940643700640,acetylcholine,intrinsic,central,MBON,,MBON29,DL2_ventral,,right,1355,2567,2
720575940623981385,dopamine,intrinsic,central,Kenyon_Cell,KCg,KCg-m,MBp3,,right,152,190,2
720575940643309197,glutamate,intrinsic,central,MBON,,MBON01,putative_primary,,left,4333,6868,2
720575940625678613,dopamine,intrinsic,central,Kenyon_Cell,KCg,KCg-m,MBp4,,right,135,187,2
720575940612729714,dopamine,intrinsic,central,Kenyon_Cell,KCg,KCg-m,MBp3,,right,137,186,2
720575940625690140,dopamine,intrinsic,central,Kenyon_Cell,KCg,KCg-m,MBp3,,right,160,187,2
720575940627931466,dopamine,intrinsic,central,Kenyon_Cell,KCg,KCg-m,MBp2,,right,149,171,2
720575940605934001,dopamine,intrinsic,central,Kenyon_Cell,KCg,KCg-m,MBp3,,right,173,220,2
720575940620451916,dopamine,intrinsic,central,Kenyon_Cell,KCg,KCg-m,MBp2,,right,117,165,2
720575940620424641,dopamine,intrinsic,central,Kenyon_Cell,KCg,KCg-m,MBp1,,right,172,214,2
720575940614888854,dopamine,intrinsic,central,Kenyon_Cell,KCg,KCg-m,MBp1,,right,151,206,2
720575940627644584,dopamine,intrinsic,central,DAN,,PAM08,CREa1_dorsal,,right,765,330,2
720575940614887830,dopamine,intrinsic,central,Kenyon_Cell,KCg,KCg-m,MBp2,,right,200,213,2
720575940620341931,dopamine,intrinsic,central,DAN,,PAM07,CREa2_medial,,right,288,280,2
720575940627543695,dopamine,intrinsic,central,Kenyon_Cell,KCg,KCg-m,MBp2,,right,92,170,2
720575940627493141,dopamine,intrinsic,central,Kenyon_Cell,KCg,KCg-m,MBp3,,right,219,202,2
720575940627486485,glutamate,intrinsic,central,,,CB4159,SMPad3,,right,1022,4668,2
720575940627483413,dopamine,intrinsic,central,Kenyon_Cell,KCg,KCg-m,MBp4,,right,156,157,2
720575940627450385,dopamine,intrinsic,central,Kenyon_Cell,KCg,KCg-m,MBp1,,right,148,207,2
720575940627426837,dopamine,intrinsic,central,Kenyon_Cell,KCg,KCg-m,MBp1,,right,157,193,2
720575940627421256,glutamate,intrinsic,central,,,CRE030,SMPad3,,left,225,1681,2
720575940614816598,dopamine,intrinsic,central,Kenyon_Cell,KCg,KCg-m,MBp2,,right,160,172,2
720575940611532949,dopamine,intrinsic,central,Kenyon_Cell,KCg,KCg-m,MBp1,,right,232,213,2
720575940605083838,dopamine,intrinsic,central,Kenyon_Cell,KCg,KCg-m,MBp3,,right,184,159,2
720575940627264488,dopamine,intrinsic,central,Kenyon_Cell,KCg,KCg-m,MBp4,,right,148,202,2
720575940628076038,dopamine,intrinsic,central,Kenyon_Cell,KCg,KCg-m,MBp4,,right,162,194,2
720575940611686809,dopamine,intrinsic,central,Kenyon_Cell,KCg,KCg-m,MBp3,,right,233,231,2
720575940628447491,dopamine,intrinsic,central,Kenyon_Cell,KCg,KCg-m,MBp2,,right,163,204,2
720575940625715733,dopamine,intrinsic,central,Kenyon_Cell,KCg,KCg-m,MBp2,,right,159,212,2
720575940628412892,dopamine,intrinsic,central,Kenyon_Cell,KCg,KCg-m,MBp2,,right,87,153,2
720575940628408055,dopamine,intrinsic,central,Kenyon_Cell,KCg,KCg-m,MBp4,,right,165,211,2
720575940620741485,dopamine,intrinsic,central,Kenyon_Cell,KCg,KCg-m,MBp4,,right,133,198,2
720575940611579541,dopamine,intrinsic,central,Kenyon_Cell,KCg,KCg-m,MBp3,,right,148,187,2
720575940614983274,dopamine,intrinsic,central,Kenyon_Cell,KCg,KCg-m,MBp2,,right,102,157,2
720575940620682934,dopamine,intrinsic,central,Kenyon_Cell,KCg,KCg-m,MBp4,,right,149,206,2
720575940628300529,dopamine,intrinsic,central,Kenyon_Cell,KCg,KCg-m,MBp2,,right,163,162,2
720575940628269391,dopamine,intrinsic,central,Kenyon_Cell,KCg,KCg-m,MBp4,,right,144,191,2
720575940620607982,dopamine,intrinsic,central,Kenyon_Cell,KCg,KCg-m,MBp2,,right,206,174,2
720575940628175363,dopamine,intrinsic,central,Kenyon_Cell,KCg,KCg-m,MBp4,,right,70,168,2
720575940628147718,dopamine,intrinsic,central,Kenyon_Cell,KCg,KCg-m,MBp4,,right,207,209,2
720575940628128079,dopamine,intrinsic,central,Kenyon_Cell,KCg,KCg-m,MBp1,,right,209,189,2
720575940627327238,acetylcholine,intrinsic,central,,,CB0113,putative_primary,,right,668,4667,2
720575940627834359,dopamine,intrinsic,central,Kenyon_Cell,KCg,KCg-m,MBp1,,right,169,213,2
720575940626397565,dopamine,intrinsic,central,Kenyon_Cell,KCg,KCg-m,MBp1,,right,142,191,2
720575940626081176,dopamine,intrinsic,central,Kenyon_Cell,KCg,KCg-m,MBp4,,right,193,245,2
720575940626536714,dopamine,intrinsic,central,Kenyon_Cell,KCg,KCg-m,MBp1,,right,198,218,2
720575940610907490,dopamine,intrinsic,central,Kenyon_Cell,KCg,KCg-m,MBp4,,right,148,218,2
720575940626513027,dopamine,intrinsic,central,Kenyon_Cell,KCg,KCg-m,MBp4,,right,183,162,2
720575940619872372,dopamine,intrinsic,central,Kenyon_Cell,KCg,KCg-m,MBp4,,right,163,172,2
720575940626284157,dopamine,intrinsic,central,Kenyon_Cell,KCg,KCg-m,MBp2,,right,137,138,2
720575940614282238,dopamine,intrinsic,central,Kenyon_Cell,KCg,KCg-m,MBp1,,right,174,195,2
720575940614207850,dopamine,intrinsic,central,Kenyon_Cell,KCg,KCg-m,MBp1,,right,125,184,2
720575940625942590,dopamine,intrinsic,central,Kenyon_Cell,KCg,KCg-m,MBp1,,right,152,177,2
720575940626730878,,,,,,,,,,0,0,2
720575940614200426,dopamine,intrinsic,central,Kenyon_Cell,KCg,KCg-m,MBp1,,right,217,152,2
720575940619705983,dopamine,intrinsic,central,Kenyon_Cell,KCg,KCg-m,MBp2,,right,136,179,2
720575940625765306,dopamine,intrinsic,central,Kenyon_Cell,KCg,KCg-m,MBp4,,right,143,199,2
720575940627220327,dopamine,intrinsic,central,Kenyon_Cell,KCg,KCg-m,MBp3,,right,125,174,2
720575940619673936,dopamine,intrinsic,central,Kenyon_Cell,KCg,KCg-m,MBp2,,right,167,191,2
720575940625741287,gaba,intrinsic,central,,,oviIN,putative_primary,,right,5626,44438,2
720575940614037811,dopamine,intrinsic,central,Kenyon_Cell,KCg,KCg-m,MBp2,,right,66,156,2
720575940626702232,dopamine,intrinsic,central,Kenyon_Cell,KCg,KCg-m,MBp2,,right,201,223,2
720575940619978266,dopamine,intrinsic,central,Kenyon_Cell,KCg,KCg-m,MBp4,,right,166,212,2
720575940619994759,dopamine,intrinsic,central,Kenyon_Cell,KCg,KCg-m,MBp1,,right,186,204,2
720575940626953732,dopamine,intrinsic,central,Kenyon_Cell,KCg,KCg-d,MBp4,,right,120,201,2
720575940627194426,dopamine,intrinsic,central,Kenyon_Cell,KCg,KCg-m,MBp2,,right,159,190,2
720575940620176237,dopamine,intrinsic,central,Kenyon_Cell,KCg,KCg-m,MBp3,,right,200,167,2
720575940620153876,dopamine,intrinsic,central,Kenyon_Cell,KCg,KCg-m,MBp3,,right,181,200,2
720575940614811222,dopamine,intrinsic,central,Kenyon_Cell,KCg,KCg-m,MBp2,,right,185,216,2
720575940627081994,dopamine,intrinsic,central,Kenyon_Cell,KCg,KCg-m,MBp4,,right,94,184,2
720575940605000550,dopamine,intrinsic,central,Kenyon_Cell,KCg,KCg-m,MBp3,,right,179,208,2
720575940610907884,,,,,,,,,,0,0,2
720575940620041125,dopamine,intrinsic,central,Kenyon_Cell,KCg,KCg-m,MBp2,,right,110,164,2
720575940626864414,dopamine,intrinsic,central,Kenyon_Cell,KCg,KCg-m,MBp1,,right,202,221,2
720575940614606738,dopamine,intrinsic,central,Kenyon_Cell,KCg,KCg-m,MBp1,,right,215,167,2
720575940626828574,dopamine,intrinsic,central,Kenyon_Cell,KCg,KCg-m,MBp1,,right,123,185,2
720575940626782507,dopamine,intrinsic,central,Kenyon_Cell,KCg,KCg-m,MBp3,,right,126,136,2
720575940614495138,dopamine,intrinsic,central,Kenyon_Cell,KCg,KCg-m,MBp1,,right,134,202,2
720575940622953295,,,,,,,,,,0,0,1
720575940622816234,dopamine,intrinsic,central,Kenyon_Cell,KCg,KCg-m,MBp3,,right,181,188,1
720575940622844903,dopamine,intrinsic,central,Kenyon_Cell,KCg,KCg-m,MBp2,,right,128,198,1
720575940622886925,dopamine,intrinsic,central,Kenyon_Cell,KCg,KCg-m,MBp1,,right,169,217,1
720575940622934817,glutamate,intrinsic,central,,,CB0531,putative_primary,,left,1646,3587,1
720575940622768266,dopamine,intrinsic,central,Kenyon_Cell,KCg,KCg-m,MBp3,,right,157,186,1
720575940622800653,dopamine,intrinsic,central,Kenyon_Cell,KCg,KCg-m,MBp2,,right,142,218,1
720575940622944461,dopamine,intrinsic,central,Kenyon_Cell,KCg,KCg-m,MBp4,,right,146,220,1
720575940621680133,dopamine,intrinsic,central,Kenyon_Cell,KCg,KCg-m,MBp3,,right,150,150,1
720575940622972365,dopamine,intrinsic,central,Kenyon_Cell,KCg,KCg-m,MBp1,,right,164,166,1
720575940622976973,dopamine,intrinsic,central,Kenyon_Cell,KCg,KCg-m,MBp4,,right,205,208,1
720575940622995082,glutamate,intrinsic,central,,,SMP122,SMPad3,,left,983,2626,1
720575940622996104,dopamine,intrinsic,central,Kenyon_Cell,KCg,KCg-m,MBp4,,right,150,175,1
720575940623008440,dopamine,intrinsic,central,Kenyon_Cell,KCg,KCg-m,MBp2,,right,154,165,1
720575940622697196,dopamine,intrinsic,central,Kenyon_Cell,KCg,KCg-m,MBp3,,right,180,165,1
720575940623009549,dopamine,intrinsic,central,Kenyon_Cell,KCg,KCg-m,MBp1,,right,155,244,1
720575940623011720,dopamine,intrinsic,central,Kenyon_Cell,KCg,KCg-m,MBp4,,right,182,183,1
720575940622748868,dopamine,intrinsic,central,Kenyon_Cell,KCg,KCg-m,MBp1,,right,143,184,1
720575940621857313,dopamine,intrinsic,central,Kenyon_Cell,KCg,KCg-m,MBp3,,right,154,170,1
720575940622669508,dopamine,intrinsic,central,Kenyon_Cell,KCg,KCg-m,MBp4,,right,197,239,1
720575940621987255,dopamine,intrinsic,central,Kenyon_Cell,KCg,KCg-m,MBp1,,right,148,180,1
720575940621791356,dopamine,intrinsic,central,Kenyon_Cell,KCg,KCg-m,MBp4,,right,145,182,1
720575940623105023,dopamine,intrinsic,central,Kenyon_Cell,KCg,KCg-m,MBp3,,right,194,143,1
720575940621810871,dopamine,intrinsic,central,Kenyon_Cell,KCg,KCg-d,MBp1,,right,87,165,1
720575940621864965,dopamine,intrinsic,central,Kenyon_Cell,KCg,KCg-m,MBp1,,right,189,177,1
720575940621873246,dopamine,intrinsic,central,Kenyon_Cell,KCg,KCg-m,MBp4,,right,188,219,1
720575940621906345,dopamine,intrinsic,central,Kenyon_Cell,KCg,KCg-m,MBp4,,right,154,164,1
720575940621924103,dopamine,intrinsic,central,Kenyon_Cell,KCg,KCg-m,MBp1,,right,114,182,1
720575940621999044,dopamine,intrinsic,central,Kenyon_Cell,KCg,KCg-m,MBp2,,right,159,175,1
720575940622654444,dopamine,intrinsic,central,Kenyon_Cell,KCg,KCg-m,MBp2,,right,148,190,1
720575940622013564,dopamine,intrinsic,central,Kenyon_Cell,KCg,KCg-m,MBp4,,right,116,158,1
720575940622050186,dopamine,intrinsic,central,Kenyon_Cell,KCg,KCg-m,MBp4,,right,163,160,1
720575940622105480,acetylcholine,intrinsic,central,,,CB0100,,,right,841,2128,1
720575940622162505,dopamine,intrinsic,central,Kenyon_Cell,KCg,KCg-m,MBp4,,right,138,172,1
720575940622163197,dopamine,intrinsic,central,Kenyon_Cell,KCg,KCg-m,MBp3,,right,163,193,1
720575940622348424,dopamine,intrinsic,central,Kenyon_Cell,KCg,KCg-m,MBp3,,right,168,125,1
720575940622542517,dopamine,intrinsic,central,Kenyon_Cell,KCg,KCg-m,MBp2,,right,141,181,1
720575940623059080,dopamine,intrinsic,central,Kenyon_Cell,KCg,KCg-m,MBp4,,right,192,174,1
720575940624597788,dopamine,intrinsic,central,Kenyon_Cell,KCg,KCg-m,MBp2,,right,136,245,1
720575940623136070,,,,,,,,,,0,0,1
720575940623985189,dopamine,intrinsic,central,Kenyon_Cell,KCg,KCg-m,MBp2,,right,196,175,1
720575940624158352,dopamine,intrinsic,central,Kenyon_Cell,KCg,KCg-m,MBp1,,right,133,163,1
720575940624271716,dopamine,intrinsic,central,Kenyon_Cell,KCg,KCg-m,MBp1,,right,177,129,1
720575940624288520,dopamine,intrinsic,central,Kenyon_Cell,KCg,KCg-m,MBp1,,right,179,151,1
720575940624375088,dopamine,intrinsic,central,Kenyon_Cell,KCg,KCg-m,MBp2,,right,156,218,1
720575940624421148,dopamine,intrinsic,central,Kenyon_Cell,KCg,KCg-m,MBp2,,right,106,152,1
720575940624465900,dopamine,intrinsic,central,Kenyon_Cell,KCg,KCg-d,MBp1,,right,231,448,1
720575940624494996,dopamine,intrinsic,central,Kenyon_Cell,KCg,KCg-m,MBp1,,right,159,169,1
720575940624524234,dopamine,intrinsic,central,Kenyon_Cell,KCg,KCg-m,MBp4,,right,146,170,1
720575940624527091,dopamine,intrinsic,central,Kenyon_Cell,KCg,KCg-m,MBp2,,right,203,176,1
720575940624532979,dopamine,intrinsic,central,Kenyon_Cell,KCg,KCg-m,MBp2,,right,153,227,1
720575940624545940,dopamine,intrinsic,central,DAN,,PAM07,CREa2_medial,,left,409,238,1
720575940624577613,dopamine,intrinsic,central,Kenyon_Cell,KCg,KCg-m,MBp1,,right,235,283,1
720575940624609101,dopamine,intrinsic,central,Kenyon_Cell,KCg,KCg-m,MBp3,,right,199,222,1
720575940624619902,,,,,,,,,,0,0,1
720575940624636930,acetylcholine,intrinsic,central,,,CB2841,CREa2_ventral,,right,518,825,1
720575940624637884,dopamine,intrinsic,central,Kenyon_Cell,KCg,KCg-m,MBp1,,right,157,181,1
720575940621569006,glutamate,intrinsic,central,,,ATL033,putative_primary,,right,1058,3601,1
720575940624157675,dopamine,intrinsic,central,Kenyon_Cell,KCg,KCg-m,MBp3,,right,141,198,1
720575940623947500,dopamine,intrinsic,central,Kenyon_Cell,KCg,KCg-m,MBp1,,right,129,189,1
720575940623191334,dopamine,intrinsic,central,Kenyon_Cell,KCg,KCg-m,MBp1,,right,203,195,1
720575940623946988,dopamine,intrinsic,central,Kenyon_Cell,KCg,KCg-m,MBp4,,right,205,196,1
720575940623220620,,,,,,,,,,0,0,1
720575940623315347,dopamine,intrinsic,central,Kenyon_Cell,KCg,KCg-m,MBp2,,right,159,176,1
720575940623369412,dopamine,intrinsic,central,Kenyon_Cell,KCg,KCg-m,MBp3,,right,155,165,1
720575940623370180,dopamine,intrinsic,central,Kenyon_Cell,KCg,KCg-m,MBp4,,right,158,153,1
720575940623386506,dopamine,intrinsic,central,Kenyon_Cell,KCg,KCg-m,MBp4,,right,163,171,1
720575940623403773,dopamine,intrinsic,central,Kenyon_Cell,KCg,KCg-m,MBp2,,right,130,174,1
720575940623413898,dopamine,intrinsic,central,Kenyon_Cell,KCg,KCg-m,MBp3,,right,164,142,1
720575940623426633,dopamine,intrinsic,central,Kenyon_Cell,KCg,KCg-m,MBp3,,right,148,177,1
720575940623438571,dopamine,intrinsic,central,Kenyon_Cell,KCg,KCg-m,MBp1,,right,122,212,1
720575940623438665,dopamine,intrinsic,central,Kenyon_Cell,KCg,KCg-m,MBp4,,right,123,154,1
720575940623498310,,,,,,,,,,0,0,1
720575940623519372,,,,,,,,,,0,0,1
720575940623543303,dopamine,intrinsic,central,Kenyon_Cell,KCg,KCg-m,MBp2,,right,171,173,1
720575940623546638,dopamine,intrinsic,central,Kenyon_Cell,KCg,KCg-m,MBp1,,right,174,211,1
720575940623675367,glutamate,intrinsic,central,mAL,,mAL4,CREa1_ventral,,left,306,1118,1
720575940623679495,dopamine,intrinsic,central,Kenyon_Cell,KCg,KCg-m,MBp4,,right,180,169,1
720575940623822261,dopamine,intrinsic,central,Kenyon_Cell,KCg,KCg-m,MBp3,,right,214,143,1
720575940621581802,dopamine,intrinsic,central,Kenyon_Cell,KCg,KCg-m,MBp1,,right,150,205,1
720575940618667143,dopamine,intrinsic,central,Kenyon_Cell,KCg,KCg-m,MBp4,,right,170,219,1
720575940621554968,dopamine,intrinsic,central,Kenyon_Cell,KCg,KCg-m,MBp2,,right,175,241,1
720575940619487414,dopamine,intrinsic,central,Kenyon_Cell,KCg,KCg-m,MBp4,,right,131,200,1
720575940619580769,,,,,,,,,,0,0,1
720575940619668053,dopamine,intrinsic,central,Kenyon_Cell,KCg,KCg-m,MBp2,,right,147,175,1
720575940619695553,dopamine,intrinsic,central,Kenyon_Cell,KCg,KCg-m,MBp4,,right,161,174,1
720575940619701631,dopamine,intrinsic,central,Kenyon_Cell,KCg,KCg-m,MBp3,,right,181,197,1
720575940619723088,dopamine,intrinsic,central,Kenyon_Cell,KCg,KCg-m,MBp3,,right,140,218,1
720575940619744960,dopamine,intrinsic,central,Kenyon_Cell,KCg,KCg-m,MBp1,,right,128,198,1
720575940619766869,glutamate,intrinsic,central,,,SMP120a,SMPad3,,left,560,994,1
720575940619769008,dopamine,intrinsic,central,Kenyon_Cell,KCg,KCg-d,MBp4,,right,110,151,1
720575940619795883,dopamine,intrinsic,central,Kenyon_Cell,KCg,KCg-m,MBp3,,right,147,147,1
720575940619834965,dopamine,intrinsic,central,Kenyon_Cell,KCg,KCg-m,MBp3,,right,208,176,1
720575940619861345,gaba,intrinsic,central,,,"LAL103,LAL109",putative_primary,,right,762,2792,1
720575940619954091,dopamine,intrinsic,central,Kenyon_Cell,KCg,KCg-m,MBp4,,right,147,208,1
720575940619967879,dopamine,intrinsic,central,Kenyon_Cell,KCg,KCg-m,MBp4,,right,137,201,1
720575940619970586,dopamine,intrinsic,central,Kenyon_Cell,KCg,KCg-m,MBp4,,right,167,163,1
720575940620004129,dopamine,intrinsic,central,Kenyon_Cell,KCg,KCg-d,MBp2,,right,111,157,1
720575940620007457,dopamine,intrinsic,central,Kenyon_Cell,KCg,KCg-m,MBp1,,right,232,259,1
720575940620012321,dopamine,intrinsic,central,Kenyon_Cell,KCg,KCg-m,MBp2,,right,152,163,1
720575940619519909,dopamine,intrinsic,central,Kenyon_Cell,KCg,KCg-m,MBp1,,right,183,194,1
720575940619434887,dopamine,intrinsic,central,Kenyon_Cell,KCg,KCg-m,MBp2,,right,164,181,1
720575940621529980,dopamine,intrinsic,central,Kenyon_Cell,KCg,KCg-m,MBp1,,right,178,233,1
720575940619402576,dopamine,intrinsic,central,DAN,,PAM07,CREa1_dorsal,,right,277,319,1
720575940618190238,dopamine,intrinsic,central,Kenyon_Cell,KCg,KCg-m,MBp1,,right,172,176,1
720575940618224709,dopamine,intrinsic,central,Kenyon_Cell,KCg,KCg-m,MBp2,,right,142,210,1
720575940618249797,acetylcholine,intrinsic,central,MBON,,MBON27,putative_primary,,right,4221,6591,1
720575940618266491,dopamine,intrinsic,central,Kenyon_Cell,KCg,KCg-m,MBp1,,right,180,189,1
720575940618337985,dopamine,intrinsic,central,Kenyon_Cell,KCg,KCg-m,MBp2,,right,109,165,1
720575940618339777,dopamine,intrinsic,central,Kenyon_Cell,KCg,KCg-m,MBp2,,right,160,163,1
720575940618627207,dopamine,intrinsic,central,Kenyon_Cell,KCg,KCg-m,MBp1,,right,180,239,1
720575940624729528,dopamine,intrinsic,central,Kenyon_Cell,KCg,KCg-m,MBp4,,right,138,145,1
720575940618746747,dopamine,intrinsic,central,Kenyon_Cell,KCg,KCg-m,MBp2,,right,166,208,1
720575940618765528,dopamine,intrinsic,central,Kenyon_Cell,KCg,KCg-m,MBp4,,right,199,183,1
720575940618846001,dopamine,intrinsic,central,Kenyon_Cell,KCg,KCg-m,MBp3,,right,152,207,1
720575940618958109,gaba,intrinsic,central,,,CB0059,LB5,,left,1097,10427,1
720575940619036911,dopamine,intrinsic,central,Kenyon_Cell,KCg,KCg-m,MBp3,,right,141,228,1
720575940619038061,dopamine,intrinsic,central,Kenyon_Cell,KCg,KCg-m,MBp1,,right,171,187,1
720575940619299054,dopamine,intrinsic,central,DAN,,PAM08,CREa2_medial,,left,652,452,1
720575940619305808,dopamine,intrinsic,central,Kenyon_Cell,KCg,KCg-m,MBp4,,right,147,201,1
720575940619336942,dopamine,intrinsic,central,Kenyon_Cell,KCg,KCg-m,MBp1,,right,97,133,1
720575940620018465,,,,,,,,,,0,0,1
720575940620039589,dopamine,intrinsic,central,Kenyon_Cell,KCg,KCg-m,MBp3,,right,124,171,1
720575940620059045,dopamine,intrinsic,central,Kenyon_Cell,KCg,KCg-m,MBp4,,right,193,174,1
720575940620073606,dopamine,intrinsic,central,Kenyon_Cell,KCg,KCg-m,MBp1,,right,219,177,1
720575940621010804,dopamine,intrinsic,central,Kenyon_Cell,KCg,KCg-m,MBp1,,right,175,214,1
720575940621017840,dopamine,intrinsic,central,Kenyon_Cell,KCg,KCg-m,MBp1,,right,162,207,1
720575940621023297,dopamine,intrinsic,central,Kenyon_Cell,KCg,KCg-m,MBp1,,right,144,228,1
720575940621044701,dopamine,intrinsic,central,Kenyon_Cell,KCg,KCg-m,MBp2,,right,186,191,1
720575940621056577,dopamine,intrinsic,central,Kenyon_Cell,KCg,KCg-m,MBp4,,right,180,209,1
720575940621071203,dopamine,intrinsic,central,Kenyon_Cell,KCg,KCg-m,MBp3,,right,182,190,1
720575940621073840,dopamine,intrinsic,central,Kenyon_Cell,KCg,KCg-d,MBp1,,right,125,195,1
720575940621084771,dopamine,intrinsic,central,Kenyon_Cell,KCg,KCg-d,MBp2,,right,127,132,1
720575940621087408,dopamine,intrinsic,central,Kenyon_Cell,KCg,KCg-m,MBp4,,right,128,174,1
720575940621162416,dopamine,intrinsic,central,Kenyon_Cell,KCg,KCg-m,MBp3,,right,181,153,1
720575940621174704,dopamine,intrinsic,central,Kenyon_Cell,KCg,KCg-m,MBp2,,right,147,161,1
720575940621230430,dopamine,intrinsic,central,Kenyon_Cell,KCg,KCg-m,MBp3,,right,207,198,1
720575940621296639,dopamine,intrinsic,central,Kenyon_Cell,KCg,KCg-m,MBp1,,right,157,177,1
720575940621457690,acetylcholine,intrinsic,central,,,SMP108,putative_primary,,right,11095,25304,1
720575940621477402,dopamine,intrinsic,central,Kenyon_Cell,KCg,KCg-m,MBp4,,right,172,208,1
720575940621504269,dopamine,intrinsic,central,Kenyon_Cell,KCg,KCg-m,MBp2,,right,163,205,1
720575940621529215,dopamine,intrinsic,central,Kenyon_Cell,KCg,KCg-m,MBp4,,right,141,164,1
720575940620959256,dopamine,intrinsic,central,Kenyon_Cell,KCg,KCg-m,MBp4,,right,129,225,1
720575940620936870,dopamine,intrinsic,central,Kenyon_Cell,KCg,KCg-m,MBp4,,right,120,172,1
720575940620811073,dopamine,intrinsic,central,Kenyon_Cell,KCg,KCg-m,MBp1,,right,194,184,1
720575940620411841,dopamine,intrinsic,central,Kenyon_Cell,KCg,KCg-m,MBp2,,right,127,135,1
720575940620079856,dopamine,intrinsic,central,Kenyon_Cell,KCg,KCg-m,MBp1,,right,168,231,1
720575940620232363,dopamine,intrinsic,central,Kenyon_Cell,KCg,KCg-m,MBp1,,right,163,181,1
720575940620274497,dopamine,intrinsic,central,Kenyon_Cell,KCg,KCg-m,MBp4,,right,161,210,1
720575940620282758,dopamine,intrinsic,central,Kenyon_Cell,KCg,KCg-m,MBp4,,right,164,177,1
720575940620317564,glutamate,intrinsic,central,CX,tangential,FB4R,AOTUv4_ventral,,right,580,2051,1
720575940620363691,dopamine,intrinsic,central,Kenyon_Cell,KCg,KCg-m,MBp3,,right,134,153,1
720575940620393643,dopamine,intrinsic,central,Kenyon_Cell,KCg,KCg-m,MBp2,,right,230,217,1
720575940620442817,dopamine,intrinsic,central,Kenyon_Cell,KCg,KCg-m,MBp3,,right,151,176,1
720575940620715224,acetylcholine,intrinsic,central,MBON,,MBON21,putative_primary,,left,2636,5412,1
720575940620457904,dopamine,intrinsic,central,Kenyon_Cell,KCg,KCg-m,MBp4,,right,147,166,1
720575940620469742,dopamine,intrinsic,central,Kenyon_Cell,KCg,KCg-m,MBp1,,right,141,218,1
720575940620500417,dopamine,intrinsic,central,Kenyon_Cell,KCg,KCg-m,MBp2,,right,172,167,1
720575940620507862,dopamine,intrinsic,central,Kenyon_Cell,KCg,KCg-m,MBp1,,right,153,154,1
720575940620661168,gaba,intrinsic,central,LHCENT,,LHCENT10,putative_primary,,right,2003,13075,1
720575940620684156,dopamine,intrinsic,central,Kenyon_Cell,KCg,KCg-m,MBp1,,right,133,157,1
720575940620686761,dopamine,intrinsic,central,Kenyon_Cell,KCg,KCg-m,MBp2,,right,151,133,1
720575940624687850,dopamine,intrinsic,central,DAN,,PAM12,CREa2_medial,,left,243,250,1
720575940627899020,,,,,,,,,,0,0,1
720575940624770574,dopamine,intrinsic,central,Kenyon_Cell,KCg,KCg-m,MBp4,,right,135,173,1
720575940629693239,dopamine,intrinsic,central,Kenyon_Cell,KCg,KCg-m,MBp2,,right,132,177,1
720575940629823563,dopamine,intrinsic,central,Kenyon_Cell,KCg,KCg-d,MBp1,,right,161,209,1
720575940629849196,dopamine,intrinsic,central,Kenyon_Cell,KCg,KCg-m,MBp1,,right,200,220,1
720575940629852419,glutamate,intrinsic,central,,,SMP116,SMPad3,,right,1558,6237,1
720575940629909804,dopamine,intrinsic,central,Kenyon_Cell,KCg,KCg-m,MBp1,,right,168,153,1
720575940629917228,dopamine,intrinsic,central,Kenyon_Cell,KCg,KCg-m,MBp3,,right,199,183,1
720575940629967756,dopamine,intrinsic,central,Kenyon_Cell,KCg,KCg-m,MBp3,,right,124,113,1
720575940629971191,dopamine,intrinsic,central,Kenyon_Cell,KCg,KCg-m,MBp2,,right,175,202,1
720575940630012215,,,,,,,,,,0,0,1
720575940630038156,dopamine,intrinsic,central,Kenyon_Cell,KCg,KCg-m,MBp1,,right,139,171,1
720575940630046287,,,,,,,,,,0,0,1
720575940630063415,dopamine,intrinsic,central,Kenyon_Cell,KCg,KCg-d,MBp2,,right,125,162,1
720575940630063671,dopamine,intrinsic,central,Kenyon_Cell,KCg,KCg-m,MBp2,,right,151,223,1
720575940630078348,dopamine,intrinsic,central,Kenyon_Cell,KCg,KCg-m,MBp1,,right,185,213,1
720575940630115388,dopamine,intrinsic,central,Kenyon_Cell,KCg,KCg-m,MBp1,,right,120,153,1
720575940630176047,dopamine,intrinsic,central,Kenyon_Cell,KCg,KCg-m,MBp4,,right,149,205,1
720575940630202267,gaba,intrinsic,central,,,LAL100,putative_primary,,left,1029,4182,1
720575940630218552,dopamine,intrinsic,central,Kenyon_Cell,KCg,KCg-d,MBp3,,right,88,181,1
720575940629804544,dopamine,intrinsic,central,Kenyon_Cell,KCg,KCg-m,MBp2,,right,197,217,1
720575940629671235,dopamine,intrinsic,central,Kenyon_Cell,KCg,KCg-m,MBp1,,right,177,260,1
720575940624830503,dopamine,intrinsic,central,Kenyon_Cell,KCg,KCg-m,MBp4,,right,174,173,1
720575940629515306,dopamine,intrinsic,central,Kenyon_Cell,KCg,KCg-m,MBp1,,right,180,250,1
720575940628374121,dopamine,intrinsic,central,Kenyon_Cell,KCg,KCg-m,MBp4,,right,136,184,1
720575940628375255,dopamine,intrinsic,central,Kenyon_Cell,KCg,KCg-m,MBp2,,right,131,151,1
720575940628394716,dopamine,intrinsic,central,Kenyon_Cell,KCg,KCg-m,MBp4,,right,133,228,1
720575940628398295,dopamine,intrinsic,central,Kenyon_Cell,KCg,KCg-m,MBp1,,right,114,178,1
720575940628415079,dopamine,intrinsic,central,Kenyon_Cell,KCg,KCg-m,MBp4,,right,148,164,1
720575940628491792,dopamine,intrinsic,central,Kenyon_Cell,KCg,KCg-m,MBp4,,right,227,227,1
720575940628687259,dopamine,intrinsic,central,Kenyon_Cell,KCg,KCg-m,MBp3,,right,146,171,1
720575940628694007,dopamine,intrinsic,central,Kenyon_Cell,KCg,KCg-m,MBp3,,right,150,157,1
720575940628724284,dopamine,intrinsic,central,Kenyon_Cell,KCg,KCg-m,MBp3,,right,141,209,1
720575940628975482,dopamine,intrinsic,central,Kenyon_Cell,KCg,KCg-m,MBp4,,right,140,184,1
720575940628982991,gaba,intrinsic,central,,,CRE044,AOTUv1_medial,,right,411,1094,1
720575940628983963,dopamine,intrinsic,central,Kenyon_Cell,KCg,KCg-m,MBp4,,right,166,191,1
720575940629127109,dopamine,intrinsic,central,Kenyon_Cell,KCg,KCg-m,MBp2,,right,121,176,1
720575940629300043,dopamine,intrinsic,central,Kenyon_Cell,KCg,KCg-m,MBp3,,right,225,228,1
720575940629379415,dopamine,intrinsic,central,DAN,,PAM08,CREa2_medial,,left,314,635,1
720575940629406012,dopamine,intrinsic,central,Kenyon_Cell,KCg,KCg-m,MBp3,,right,178,206,1
720575940629498306,dopamine,intrinsic,central,Kenyon_Cell,KCg,KCg-m,MBp1,,right,181,223,1
720575940630219567,dopamine,intrinsic,central,Kenyon_Cell,KCg,KCg-m,MBp1,,right,187,184,1
720575940630414700,dopamine,intrinsic,central,Kenyon_Cell,KCg,KCg-m,MBp2,,right,151,186,1
720575940630432932,dopamine,intrinsic,central,Kenyon_Cell,KCg,KCg-m,MBp3,,right,129,205,1
720575940630465398,dopamine,intrinsic,central,DAN,,PAM07,CREa1_dorsal,,left,396,377,1
720575940631754527,dopamine,intrinsic,central,Kenyon_Cell,KCg,KCg-m,MBp4,,right,140,216,1
720575940631764281,dopamine,intrinsic,central,Kenyon_Cell,KCg,KCg-m,MBp1,,right,159,204,1
720575940631801401,dopamine,intrinsic,central,Kenyon_Cell,KCg,KCg-m,MBp4,,right,179,183,1
720575940632010567,dopamine,intrinsic,central,Kenyon_Cell,KCg,KCg-m,MBp1,,right,135,160,1
720575940632111780,dopamine,intrinsic,central,Kenyon_Cell,KCg,KCg-m,MBp1,,right,177,161,1
720575940632123439,dopamine,intrinsic,central,Kenyon_Cell,KCg,KCg-m,MBp2,,right,167,183,1
720575940632172591,dopamine,intrinsic,central,Kenyon_Cell,KCg,KCg-m,MBp2,,right,168,155,1
720575940632182692,dopamine,intrinsic,central,Kenyon_Cell,KCg,KCg-d,MBp4,,right,125,156,1
720575940632203823,dopamine,intrinsic,central,Kenyon_Cell,KCg,KCg-m,MBp4,,right,161,190,1
720575940632357284,dopamine,intrinsic,central,Kenyon_Cell,KCg,KCg-m,MBp2,,right,197,180,1
720575940632357984,dopamine,intrinsic,central,Kenyon_Cell,KCg,KCg-m,MBp3,,right,154,187,1
720575940632364717,dopamine,intrinsic,central,Kenyon_Cell,KCg,KCg-m,MBp3,,right,173,236,1
720575940632422162,acetylcholine,intrinsic,central,,,"CRE060,CRE067",CREl1,,left,181,1605,1
720575940632433828,dopamine,intrinsic,central,Kenyon_Cell,KCg,KCg-m,MBp1,,right,158,204,1
720575940632434340,dopamine,intrinsic,central,Kenyon_Cell,KCg,KCg-m,MBp1,,right,187,198,1
720575940632518348,glutamate,intrinsic,central,,,CB1062,SMPad3,,right,290,1637,1
720575940617873984,dopamine,intrinsic,central,Kenyon_Cell,KCg,KCg-m,MBp4,,right,151,168,1
720575940631745367,dopamine,intrinsic,central,DAN,,PPL102,putative_primary,,right,2540,1459,1
720575940631686308,dopamine,intrinsic,central,Kenyon_Cell,KCg,KCg-m,MBp4,,right,112,73,1
720575940631667937,dopamine,intrinsic,central,Kenyon_Cell,KCg,KCg-m,MBp2,,right,143,163,1
720575940630902083,dopamine,intrinsic,central,Kenyon_Cell,KCg,KCg-m,MBp4,,right,140,138,1
720575940630475513,dopamine,intrinsic,central,Kenyon_Cell,KCg,KCg-m,MBp3,,right,167,193,1
720575940630560505,dopamine,intrinsic,central,Kenyon_Cell,KCg,KCg-m,MBp2,,right,170,220,1
720575940630675730,dopamine,intrinsic,central,Kenyon_Cell,KCg,KCg-m,MBp1,,right,133,201,1
720575940630686457,glutamate,intrinsic,central,,,CRE037,SMPad3,,right,220,706,1
720575940630691159,dopamine,intrinsic,central,DAN,,PAM01,CREa1_dorsal,,right,306,95,1
720575940630816207,dopamine,intrinsic,central,DAN,,PAM15,CREa1_dorsal,,left,338,60,1
720575940630850617,gaba,intrinsic,central,,,LAL043,AOTUv1_medial,,right,367,655,1
720575940630981847,glutamate,intrinsic,central,,,CB1478,SMPad3,,right,234,945,1
720575940631625272,dopamine,intrinsic,central,Kenyon_Cell,KCg,KCg-m,MBp1,,right,183,212,1
720575940631048267,dopamine,intrinsic,central,Kenyon_Cell,KCg,KCg-m,MBp2,,right,232,222,1
720575940631089935,dopamine,intrinsic,central,Kenyon_Cell,KCg,KCg-m,MBp1,,right,169,224,1
720575940631336930,dopamine,intrinsic,central,Kenyon_Cell,KCg,KCg-m,MBp3,,right,175,196,1
720575940631458371,dopamine,intrinsic,central,Kenyon_Cell,KCg,KCg-m,MBp4,,right,163,176,1
720575940631594809,dopamine,intrinsic,central,Kenyon_Cell,KCg,KCg-m,MBp1,,right,146,183,1
720575940631621689,dopamine,intrinsic,central,Kenyon_Cell,KCg,KCg-m,MBp4,,right,174,257,1
720575940631623993,,,,,,,,,,0,0,1
720575940628350211,dopamine,intrinsic,central,Kenyon_Cell,KCg,KCg-d,MBp4,,right,126,167,1
720575940628304578,dopamine,intrinsic,central,Kenyon_Cell,KCg,KCg-m,MBp4,,right,156,190,1
720575940628225852,dopamine,intrinsic,central,Kenyon_Cell,KCg,KCg-m,MBp3,,right,131,148,1
720575940626535434,dopamine,intrinsic,central,Kenyon_Cell,KCg,KCg-m,MBp3,,right,201,217,1
720575940625666964,acetylcholine,intrinsic,central,,,CRE105,DL2_ventral,,right,1128,3562,1
720575940625721866,dopamine,intrinsic,central,Kenyon_Cell,KCg,KCg-d,MBp1,,right,129,198,1
720575940625750671,dopamine,intrinsic,central,Kenyon_Cell,KCg,KCg-m,MBp2,,right,85,180,1
720575940625754389,dopamine,intrinsic,central,Kenyon_Cell,KCg,KCg-d,MBp2,,right,94,160,1
720575940625766984,dopamine,intrinsic,central,Kenyon_Cell,KCg,KCg-d,MBp3,,right,91,142,1
720575940625800741,dopamine,intrinsic,central,Kenyon_Cell,KCg,KCg-m,MBp3,,right,178,176,1
720575940625843075,dopamine,intrinsic,central,Kenyon_Cell,KCg,KCg-m,MBp3,,right,130,123,1
720575940626086244,dopamine,intrinsic,central,Kenyon_Cell,KCg,KCg-m,MBp3,,right,135,226,1
720575940626220830,dopamine,intrinsic,central,Kenyon_Cell,KCg,KCg-m,MBp3,,right,190,198,1
720575940626225941,dopamine,intrinsic,central,Kenyon_Cell,KCg,KCg-m,MBp1,,right,142,180,1
720575940626294397,acetylcholine,intrinsic,central,,,CRE001,LHl2_dorsal,,right,398,1289,1
720575940626310540,,,,,,,,,,0,0,1
720575940626316606,glutamate,intrinsic,central,CX,tangential,"FB4P,FB4Q",AOTUv4_ventral,,right,712,2111,1
720575940626321482,dopamine,intrinsic,central,Kenyon_Cell,KCg,KCg-m,MBp2,,right,93,149,1
720575940626355838,,,,,,,,,,0,0,1
720575940626364401,dopamine,intrinsic,central,Kenyon_Cell,KCg,KCg-m,MBp1,,right,158,192,1
720575940626394609,dopamine,intrinsic,central,Kenyon_Cell,KCg,KCg-d,MBp2,,right,120,157,1
720575940625663674,dopamine,intrinsic,central,Kenyon_Cell,KCg,KCg-m,MBp4,,right,170,188,1
720575940625646876,dopamine,intrinsic,central,Kenyon_Cell,KCg,KCg-m,MBp1,,right,175,180,1
720575940625604839,dopamine,intrinsic,central,Kenyon_Cell,KCg,KCg-d,MBp4,,right,109,133,1
720575940625300254,dopamine,intrinsic,central,Kenyon_Cell,KCg,KCg-m,MBp3,,right,120,180,1
720575940624837927,dopamine,intrinsic,central,Kenyon_Cell,KCg,KCg-m,MBp3,,right,183,153,1
720575940624974010,dopamine,intrinsic,central,Kenyon_Cell,KCg,KCg-m,MBp2,,right,164,199,1
720575940625155877,dopamine,intrinsic,central,Kenyon_Cell,KCg,KCg-m,MBp1,,right,156,166,1
720575940625231370,,,,,,,,,,0,0,1
720575940625266057,dopamine,intrinsic,central,Kenyon_Cell,KCg,KCg-m,MBp2,,right,175,166,1
720575940625292606,dopamine,intrinsic,central,Kenyon_Cell,KCg,KCg-m,MBp2,,right,150,144,1
720575940625296969,acetylcholine,intrinsic,central,,,CRE106,putative_primary,,left,314,1939,1
720575940625311418,dopamine,intrinsic,central,Kenyon_Cell,KCg,KCg-m,MBp4,,right,149,190,1
720575940625568186,dopamine,intrinsic,central,DAN,,PAM08,CREa1_dorsal,,left,302,191,1
720575940625323326,dopamine,intrinsic,central,Kenyon_Cell,KCg,KCg-m,MBp3,,right,197,173,1
720575940625323795,dopamine,intrinsic,central,Kenyon_Cell,KCg,KCg-m,MBp1,,right,177,115,1
720575940625343546,dopamine,intrinsic,central,Kenyon_Cell,KCg,KCg-d,MBp4,,right,106,133,1
720575940625464204,,,,,,,,,,0,0,1
720575940625476708,dopamine,intrinsic,central,Kenyon_Cell,KCg,KCg-m,MBp4,,right,124,180,1
720575940625532689,dopamine,intrinsic,central,Kenyon_Cell,KCg,KCg-m,MBp4,,right,208,193,1
720575940625566188,glutamate,intrinsic,central,,,LAL147,PSp1,,right,425,2280,1
720575940626430339,dopamine,intrinsic,central,Kenyon_Cell,KCg,KCg-m,MBp3,,right,166,189,1
720575940626548234,dopamine,intrinsic,central,Kenyon_Cell,KCg,KCg-m,MBp1,,right,190,205,1
720575940628215056,dopamine,intrinsic,central,Kenyon_Cell,KCg,KCg-d,MBp4,,right,165,228,1
720575940626640158,dopamine,intrinsic,central,Kenyon_Cell,KCg,KCg-m,MBp3,,right,118,202,1
720575940627493653,dopamine,intrinsic,central,Kenyon_Cell,KCg,KCg-m,MBp3,,right,143,156,1
720575940627558662,dopamine,intrinsic,central,Kenyon_Cell,KCg,KCg-m,MBp3,,right,144,126,1
720575940627561854,dopamine,intrinsic,central,Kenyon_Cell,KCg,KCg-m,MBp2,,right,168,149,1
720575940627568646,dopamine,intrinsic,central,Kenyon_Cell,KCg,KCg-m,MBp1,,right,236,256,1
720575940627680911,acetylcholine,intrinsic,central,,,LAL175,putative_primary,,right,2167,3750,1
720575940627709948,dopamine,intrinsic,central,Kenyon_Cell,KCg,KCg-m,MBp1,,right,194,183,1
720575940627750647,dopamine,intrinsic,central,Kenyon_Cell,KCg,KCg-m,MBp4,,right,129,185,1
720575940627798158,,,,,,,,,,0,0,1
720575940627803842,,,,,,,,,,0,0,1
720575940627854568,dopamine,intrinsic,central,Kenyon_Cell,KCg,KCg-m,MBp1,,right,149,164,1
720575940627861736,dopamine,intrinsic,central,Kenyon_Cell,KCg,KCg-m,MBp4,,right,152,130,1
720575940627900556,,,,,,,,,,0,0,1
720575940628004251,acetylcholine,intrinsic,central,,,SMP570,VLPl&p1_posterior,,right,247,1692,1
720575940628060934,dopamine,intrinsic,central,Kenyon_Cell,KCg,KCg-m,MBp1,,right,144,181,1
720575940628120655,dopamine,intrinsic,central,Kenyon_Cell,KCg,KCg-m,MBp2,,right,155,166,1
720575940628163402,dopamine,intrinsic,central,Kenyon_Cell,KCg,KCg-m,MBp3,,right,114,165,1
720575940628201259,dopamine,intrinsic,central,Kenyon_Cell,KCg,KCg-m,MBp4,,right,146,156,1
720575940627480853,dopamine,intrinsic,central,Kenyon_Cell,KCg,KCg-m,MBp3,,right,145,155,1
720575940627457795,,,,,,,,,,0,0,1
720575940627452689,dopamine,intrinsic,central,Kenyon_Cell,KCg,KCg-d,MBp4,,right,104,172,1
720575940626991771,dopamine,intrinsic,central,Kenyon_Cell,KCg,KCg-m,MBp1,,right,126,208,1
720575940626688893,dopamine,intrinsic,central,Kenyon_Cell,KCg,KCg-m,MBp3,,right,172,213,1
720575940626758489,dopamine,intrinsic,central,Kenyon_Cell,KCg,KCg-m,MBp4,,right,143,158,1
720575940626772357,dopamine,intrinsic,central,Kenyon_Cell,KCg,KCg-d,MBp2,,right,140,203,1
720575940626792209,dopamine,intrinsic,central,Kenyon_Cell,KCg,KCg-m,MBp3,,right,165,149,1
720575940626843773,dopamine,intrinsic,central,Kenyon_Cell,KCg,KCg-m,MBp3,,right,138,222,1
720575940626861104,acetylcholine,intrinsic,central,,,AVLP477,putative_primary,,right,3850,7312,1
720575940626937347,dopamine,intrinsic,central,Kenyon_Cell,KCg,KCg-d,MBp3,,right,197,190,1
720575940627028773,dopamine,intrinsic,central,Kenyon_Cell,KCg,KCg-d,MBp4,,right,118,184,1
720575940627336209,dopamine,intrinsic,central,Kenyon_Cell,KCg,KCg-m,MBp4,,right,155,206,1
720575940627045202,glutamate,intrinsic,central,,,SMP128,SMPad3,,left,892,3232,1
720575940627073847,,,,,,,,,,0,0,1
720575940627102007,,,,,,,,,,0,0,1
720575940627155589,dopamine,intrinsic,central,Kenyon_Cell,KCg,KCg-m,MBp1,,right,206,206,1
720575940627170898,dopamine,intrinsic,central,Kenyon_Cell,KCg,KCg-m,MBp4,,right,138,139,1
720575940627248996,gaba,intrinsic,central,,,IB005,WEDd1,,right,723,4664,1
720575940627282002,dopamine,intrinsic,central,Kenyon_Cell,KCg,KCg-m,MBp4,,right,157,193,1
720575940618184839,dopamine,intrinsic,central,Kenyon_Cell,KCg,KCg-m,MBp2,,right,235,246,1
720575940637746520,dopamine,intrinsic,central,Kenyon_Cell,KCg,KCg-m,MBp1,,right,148,161,1
720575940617856340,dopamine,intrinsic,central,Kenyon_Cell,KCg,KCg-m,MBp2,,right,161,224,1
720575940384744199,,,,,,,,,,0,0,1
720575940389256870,,,,,,,,,,0,0,1
720575940389841217,,,,,,,,,,0,0,1
720575940390234954,,,,,,,,,,0,0,1
720575940391126861,,,,,,,,,,0,0,1
720575940396670776,,,,,,,,,,0,0,1
720575940405186432,,,,,,,,,,0,0,1
720575940410648635,,,,,,,,,,0,0,1
720575940414623639,,,,,,,,,,0,0,1
720575940426356163,,,,,,,,,,0,0,1
720575940426809685,,,,,,,,,,0,0,1
720575940428796260,,,,,,,,,,0,0,1
720575940429910434,,,,,,,,,,0,0,1
720575940434115277,,,,,,,,,,0,0,1
720575940435780999,,,,,,,,,,0,0,1
720575940436759547,,,,,,,,,,0,0,1
720575940436764155,,,,,,,,,,0,0,1
720575940439151749,,,,,,,,,,0,0,1
720575940387069466,,,,,,,,,,0,0,1
720575940383327656,,,,,,,,,,0,0,1
720575940617766228,dopamine,intrinsic,central,Kenyon_Cell,KCg,KCg-m,MBp1,,right,178,187,1
720575940659850113,dopamine,intrinsic,central,Kenyon_Cell,KCg,KCg-m,MBp2,,right,159,231,1
720575940645223534,,,,,,,,,,0,0,1
720575940645269614,dopamine,intrinsic,central,Kenyon_Cell,KCg,KCg-d,MBp1,,right,118,175,1
720575940645819268,dopamine,intrinsic,central,Kenyon_Cell,KCg,KCg-m,MBp1,,right,134,234,1
720575940646229283,dopamine,intrinsic,central,Kenyon_Cell,KCg,KCg-m,MBp1,,right,169,201,1
720575940646263331,dopamine,intrinsic,central,Kenyon_Cell,KCg,KCg-m,MBp3,,right,173,207,1
720575940646564916,dopamine,intrinsic,central,DAN,,PAM08,CREa2_medial,,left,298,258,1
720575940646667828,dopamine,intrinsic,central,Kenyon_Cell,KCg,KCg-m,MBp1,,right,103,175,1
720575940646697780,dopamine,intrinsic,central,Kenyon_Cell,KCg,KCg-m,MBp4,,right,165,188,1
720575940647945012,gaba,intrinsic,central,,,CRE012,putative_primary,,right,2016,9465,1
720575940648259449,,,,,,,,,,0,0,1
720575940649012857,dopamine,intrinsic,central,Kenyon_Cell,KCg,KCg-m,MBp2,,right,164,217,1
720575940649649785,dopamine,intrinsic,central,DAN,,PAM01,CREa1_dorsal,,right,376,150,1
720575940649658745,dopamine,intrinsic,central,DAN,,PAM07,CREa2_medial,,left,455,335,1
720575940652703393,dopamine,intrinsic,central,Kenyon_Cell,KCg,KCg-m,MBp3,,right,128,161,1
720575940652799649,dopamine,intrinsic,central,Kenyon_Cell,KCg,KCg-m,MBp4,,right,163,187,1
720575940653480438,gaba,intrinsic,central,,,CRE100,putative_primary,,right,2855,10079,1
720575940382085243,,,,,,,,,,0,0,1
720575940441633157,,,,,,,,,,0,0,1
720575940448009990,,,,,,,,,,0,0,1
720575940450997275,,,,,,,,,,0,0,1
720575940451691842,,,,,,,,,,0,0,1
720575940577758859,,,,,,,,,,0,0,1
720575940579687775,,,,,,,,,,0,0,1
720575940579945462,,,,,,,,,,0,0,1
720575940580068544,,,,,,,,,,0,0,1
720575940580583124,,,,,,,,,,0,0,1
720575940580612308,,,,,,,,,,0,0,1
720575940581051674,,,,,,,,,,0,0,1
720575940581120282,,,,,,,,,,0,0,1
720575940581417078,,,,,,,,,,0,0,1
720575940581419126,,,,,,,,,,0,0,1
720575940581421174,,,,,,,,,,0,0,1
720575940582918503,,,,,,,,,,0,0,1
720575940582952428,,,,,,,,,,0,0,1
720575940583250469,,,,,,,,,,0,0,1
720575940586838128,,,,,,,,,,0,0,1
720575940588987119,,,,,,,,,,0,0,1
720575940589418402,,,,,,,,,,0,0,1
720575940572759388,,,,,,,,,,0,0,1
720575940571269878,,,,,,,,,,0,0,1
720575940570302985,,,,,,,,,,0,0,1
720575940503682586,,,,,,,,,,0,0,1
720575940467584078,,,,,,,,,,0,0,1
720575940472614522,,,,,,,,,,0,0,1
720575940474877741,,,,,,,,,,0,0,1
720575940481422911,,,,,,,,,,0,0,1
720575940486804263,,,,,,,,,,0,0,1
720575940489645773,,,,,,,,,,0,0,1
720575940500961629,,,,,,,,,,0,0,1
720575940511961320,,,,,,,,,,0,0,1
720575940570095550,,,,,,,,,,0,0,1
720575940517101382,,,,,,,,,,0,0,1
720575940537235224,,,,,,,,,,0,0,1
720575940537251211,,,,,,,,,,0,0,1
720575940537656015,,,,,,,,,,0,0,1
720575940538810238,,,,,,,,,,0,0,1
720575940548843633,,,,,,,,,,0,0,1
720575940559782017,,,,,,,,,,0,0,1
720575940644838766,dopamine,intrinsic,central,Kenyon_Cell,KCg,KCg-d,MBp3,,right,129,157,1
720575940644698903,acetylcholine,intrinsic,central,,,CRE068,CREl1,,left,194,1899,1
720575940644659822,acetylcholine,intrinsic,central,,,PLP161,VLPl&p1_posterior,,left,1059,2340,1
720575940636609647,acetylcholine,intrinsic,central,,,PLP161,VLPl&p1_posterior,,right,837,2334,1
720575940634937951,dopamine,intrinsic,central,Kenyon_Cell,KCg,KCg-m,MBp1,,right,187,259,1
720575940635110286,dopamine,intrinsic,central,Kenyon_Cell,KCg,KCg-m,MBp2,,right,161,184,1
720575940635213998,dopamine,intrinsic,central,Kenyon_Cell,KCg,KCg-m,MBp4,,right,142,189,1
720575940635309304,dopamine,intrinsic,central,Kenyon_Cell,KCg,KCg-m,MBp4,,right,194,170,1
720575940635386616,dopamine,intrinsic,central,Kenyon_Cell,KCg,KCg-m,MBp3,,right,222,202,1
720575940635465908,dopamine,intrinsic,central,Kenyon_Cell,KCg,KCg-m,MBp4,,right,120,144,1
720575940635473204,,,,,,,,,,0,0,1
720575940635498871,dopamine,intrinsic,central,Kenyon_Cell,KCg,KCg-m,MBp4,,right,107,166,1
720575940635614942,dopamine,intrinsic,central,Kenyon_Cell,KCg,KCg-m,MBp2,,right,166,185,1
720575940635870831,acetylcholine,intrinsic,central,,,SMP026,putative_primary,,left,4706,7749,1
720575940635884911,dopamine,intrinsic,central,Kenyon_Cell,KCg,KCg-m,MBp4,,right,124,161,1
720575940636026089,dopamine,intrinsic,central,Kenyon_Cell,KCg,KCg-d,MBp3,,right,132,201,1
720575940636143679,dopamine,intrinsic,central,Kenyon_Cell,KCg,KCg-m,MBp2,,right,124,162,1
720575940636159198,dopamine,intrinsic,central,Kenyon_Cell,KCg,KCg-m,MBp4,,right,163,196,1
720575940636170019,,,,,,,,,,0,0,1
720575940636246446,dopamine,intrinsic,central,Kenyon_Cell,KCg,KCg-m,MBp4,,right,133,174,1
720575940636398883,,,,,,,,,,0,0,1
720575940634908863,glutamate,intrinsic,central,,,CRE075,putative_primary,,left,2942,6460,1
720575940634849375,dopamine,intrinsic,central,Kenyon_Cell,KCg,KCg-m,MBp3,,right,146,160,1
720575940634807450,acetylcholine,intrinsic,central,,,CRE066,CREl1,,left,229,2424,1
720575940633402082,dopamine,intrinsic,central,Kenyon_Cell,KCg,KCg-m,MBp3,,right,172,239,1
720575940632793369,acetylcholine,intrinsic,central,,,CRE059,CREl1,,right,282,2697,1
720575940632919265,dopamine,intrinsic,central,Kenyon_Cell,KCg,KCg-m,MBp2,,right,178,161,1
720575940632939181,glutamate,intrinsic,central,,,CB1287,SMPad3,,right,106,585,1
720575940632980378,dopamine,intrinsic,central,Kenyon_Cell,KCg,KCg-m,MBp1,,right,175,218,1
720575940633142498,dopamine,intrinsic,central,DAN,,PAM01,CREa2_medial,,right,349,135,1
720575940633186771,dopamine,intrinsic,central,Kenyon_Cell,KCg,KCg-m,MBp4,,right,146,210,1
720575940633300927,dopamine,intrinsic,central,Kenyon_Cell,KCg,KCg-m,MBp2,,right,184,194,1
720575940633560545,dopamine,intrinsic,central,Kenyon_Cell,KCg,KCg-m,MBp1,,right,160,139,1
720575940634516669,,,,,,,,,,0,0,1
720575940633710105,dopamine,intrinsic,central,Kenyon_Cell,KCg,KCg-m,MBp4,,right,241,161,1
720575940633785369,dopamine,intrinsic,central,Kenyon_Cell,KCg,KCg-d,MBp4,,right,173,247,1
720575940633823021,acetylcholine,intrinsic,central,,,"CRE060,CRE067",CREl1,,right,181,1796,1
720575940633825561,acetylcholine,intrinsic,central,,,CRE070,CREl1,,left,457,4819,1
720575940633832628,dopamine,intrinsic,central,DAN,,PAM01,CREa1_dorsal,,right,213,153,1
720575940634078200,dopamine,intrinsic,central,Kenyon_Cell,KCg,KCg-m,MBp2,,right,106,124,1
720575940634235744,dopamine,intrinsic,central,Kenyon_Cell,KCg,KCg-m,MBp2,,right,204,252,1
720575940636557796,acetylcholine,intrinsic,visual_projection,,,PLP126,SLPpl2,,right,1348,3772,1
720575940636775795,,,,,,,,,,0,0,1
720575940644423204,dopamine,intrinsic,central,Kenyon_Cell,KCg,KCg-m,MBp2,,right,158,210,1
720575940636910302,,,,,,,,,,0,0,1
720575940639258613,dopamine,intrinsic,central,Kenyon_Cell,KCg,KCg-m,MBp2,,right,178,165,1
720575940639286606,dopamine,intrinsic,central,Kenyon_Cell,KCg,KCg-m,MBp2,,right,125,150,1
720575940639409315,dopamine,intrinsic,central,Kenyon_Cell,KCg,KCg-m,MBp3,,right,183,189,1
720575940639417459,dopamine,intrinsic,central,Kenyon_Cell,KCg,KCg-m,MBp3,,right,188,237,1
720575940639537213,dopamine,intrinsic,central,Kenyon_Cell,KCg,KCg-m,MBp1,,right,104,141,1
720575940639626310,acetylcholine,intrinsic,central,,,CRE068,CREl1,,right,238,1908,1
720575940639684515,dopamine,intrinsic,central,Kenyon_Cell,KCg,KCg-s1,MBp4,,right,761,1084,1
720575940639881600,dopamine,intrinsic,central,Kenyon_Cell,KCg,KCg-m,MBp3,,right,141,223,1
720575940639903696,dopamine,intrinsic,central,Kenyon_Cell,KCg,KCg-m,MBp2,,right,154,194,1
720575940640634787,dopamine,intrinsic,central,Kenyon_Cell,KCg,KCg-m,MBp3,,right,148,203,1
720575940640688592,dopamine,intrinsic,central,Kenyon_Cell,KCg,KCg-m,MBp2,,right,147,176,1
720575940640891736,acetylcholine,intrinsic,central,,,CRE005,putative_primary,,right,627,3411,1
720575940641062901,dopamine,intrinsic,central,DAN,,PAM01,CREa2_medial,,left,395,211,1
720575940641484835,,,,,,,,,,0,0,1
720575940642631387,dopamine,intrinsic,central,DAN,,PAM15,CREa2_medial,,left,663,165,1
720575940643489184,,,,,,,,,,0,0,1
720575940643543200,dopamine,intrinsic,central,DAN,,PAM07,CREa2_medial,,left,370,342,1
720575940639118168,dopamine,intrinsic,central,Kenyon_Cell,KCg,KCg-m,MBp4,,right,157,210,1
720575940639100760,dopamine,intrinsic,central,Kenyon_Cell,KCg,KCg-m,MBp4,,right,171,154,1
720575940639093557,,,,,,,,,,0,0,1
720575940637539647,dopamine,intrinsic,central,Kenyon_Cell,KCg,KCg-d,MBp3,,right,116,166,1
720575940637050933,dopamine,intrinsic,central,Kenyon_Cell,KCg,KCg-m,MBp1,,right,152,171,1
720575940637118174,dopamine,intrinsic,central,Kenyon_Cell,KCg,KCg-m,MBp4,,right,209,172,1
720575940637164260,dopamine,intrinsic,central,Kenyon_Cell,KCg,KCg-m,MBp1,,right,143,161,1
720575940637190990,dopamine,intrinsic,central,Kenyon_Cell,KCg,KCg-m,MBp2,,right,112,163,1
720575940637372894,dopamine,intrinsic,central,Kenyon_Cell,KCg,KCg-m,MBp2,,right,106,174,1
720575940637434601,dopamine,intrinsic,central,Kenyon_Cell,KCg,KCg-m,MBp1,,right,184,204,1
720575940637446622,dopamine,intrinsic,central,Kenyon_Cell,KCg,KCg-m,MBp3,,right,120,126,1
720575940637725272,dopamine,intrinsic,central,Kenyon_Cell,KCg,KCg-m,MBp2,,right,150,213,1
720575940639069493,dopamine,intrinsic,central,Kenyon_Cell,KCg,KCg-m,MBp4,,right,189,202,1
720575940637774426,dopamine,intrinsic,central,Kenyon_Cell,KCg,KCg-m,MBp2,,right,157,172,1
720575940637804260,dopamine,intrinsic,central,Kenyon_Cell,KCg,KCg-m,MBp4,,right,126,177,1
720575940637926435,,,,,,,,,,0,0,1
720575940638445894,dopamine,intrinsic,central,Kenyon_Cell,KCg,KCg-m,MBp2,,right,111,176,1
720575940638480061,dopamine,intrinsic,central,Kenyon_Cell,KCg,KCg-m,MBp2,,right,153,168,1
720575940638548021,dopamine,intrinsic,central,DAN,,PAM07,CREa1_dorsal,,left,274,330,1
720575940638673699,,,,,,,,,,0,0,1
720575940589444514,,,,,,,,,,0,0,1
720575940592506226,,,,,,,,,,0,0,1
720575940592765558,,,,,,,,,,0,0,1
720575940614895852,,,,,,,,,,0,0,1
720575940613647007,dopamine,intrinsic,central,DAN,,PAM01,CREa2_medial,,right,227,161,1
720575940613713704,dopamine,intrinsic,central,Kenyon_Cell,KCg,KCg-m,MBp3,,right,188,166,1
720575940613774334,dopamine,intrinsic,central,Kenyon_Cell,KCg,KCg-m,MBp3,,right,138,155,1
720575940613863731,acetylcholine,intrinsic,central,,,LAL192,putative_primary,,right,747,4166,1
720575940613864498,dopamine,intrinsic,central,Kenyon_Cell,KCg,KCg-m,MBp3,,right,179,141,1
720575940614042087,,,,,,,,,,0,0,1
720575940614083521,,,,,,,,,,0,0,1
720575940614318482,dopamine,intrinsic,central,Kenyon_Cell,KCg,KCg-m,MBp4,,right,107,204,1
720575940614327202,dopamine,intrinsic,central,Kenyon_Cell,KCg,KCg-m,MBp4,,right,136,172,1
720575940614348394,dopamine,intrinsic,central,Kenyon_Cell,KCg,KCg-m,MBp3,,right,183,203,1
720575940614392999,acetylcholine,intrinsic,central,MBON,,MBON29,DL2_ventral,,left,2571,4403,1
720575940614418118,dopamine,intrinsic,central,Kenyon_Cell,KCg,KCg-m,MBp2,,right,123,195,1
720575940614742687,dopamine,intrinsic,central,Kenyon_Cell,KCg,KCg-m,MBp3,,right,149,237,1
720575940614775968,,,,,,,,,,0,0,1
720575940614813526,dopamine,intrinsic,central,Kenyon_Cell,KCg,KCg-d,MBp2,,right,105,160,1
720575940614822742,dopamine,intrinsic,central,Kenyon_Cell,KCg,KCg-m,MBp2,,right,107,236,1
720575940614845802,dopamine,intrinsic,central,Kenyon_Cell,KCg,KCg-m,MBp1,,right,169,193,1
720575940613403458,dopamine,intrinsic,central,Kenyon_Cell,KCg,KCg-m,MBp3,,right,133,190,1
720575940613383633,dopamine,intrinsic,central,Kenyon_Cell,KCg,KCg-m,MBp1,,right,171,261,1
720575940613367190,acetylcholine,intrinsic,central,,,CRE106,putative_primary,,right,337,2395,1
720575940612490723,dopamine,intrinsic,central,Kenyon_Cell,KCg,KCg-m,MBp1,,right,150,160,1
720575940612063602,glutamate,intrinsic,central,,,CB1062,SMPad3,,left,464,2224,1
720575940612090321,dopamine,intrinsic,central,Kenyon_Cell,KCg,KCg-d,MBp2,,right,55,148,1
720575940612176833,,,,,,,,,,0,0,1
720575940612339370,dopamine,intrinsic,central,Kenyon_Cell,KCg,KCg-m,MBp4,,right,171,210,1
720575940612352423,dopamine,intrinsic,central,Kenyon_Cell,KCg,KCg-m,MBp3,,right,149,176,1
720575940612453603,dopamine,intrinsic,central,Kenyon_Cell,KCg,KCg-m,MBp2,,right,187,206,1
720575940612488142,acetylcholine,intrinsic,central,,,SMP053,putative_primary,,right,3175,7818,1
720575940612524030,dopamine,intrinsic,central,Kenyon_Cell,KCg,KCg-d,MBp4,,right,156,165,1
720575940613188319,dopamine,intrinsic,central,Kenyon_Cell,KCg,KCg-m,MBp4,,right,178,215,1
720575940612563454,dopamine,intrinsic,central,Kenyon_Cell,KCg,KCg-m,MBp2,,right,169,179,1
720575940612575230,dopamine,intrinsic,central,Kenyon_Cell,KCg,KCg-m,MBp1,,right,132,177,1
720575940612576254,dopamine,intrinsic,central,Kenyon_Cell,KCg,KCg-m,MBp2,,right,154,169,1
720575940612598993,,,,,,,,,,0,0,1
720575940612690338,dopamine,intrinsic,central,Kenyon_Cell,KCg,KCg-m,MBp2,,right,118,171,1
720575940612754582,dopamine,intrinsic,central,Kenyon_Cell,KCg,KCg-m,MBp3,,right,124,116,1
720575940612770418,dopamine,intrinsic,central,Kenyon_Cell,KCg,KCg-m,MBp4,,right,129,178,1
720575940614893548,,,,,,,,,,0,0,1
720575940614926454,,,,,,,,,,0,0,1
720575940611953857,,,,,,,,,,0,0,1
720575940614942610,glutamate,intrinsic,central,,,SMP056,SMPad2,,right,747,2361,1
720575940616569227,dopamine,intrinsic,central,Kenyon_Cell,KCg,KCg-m,MBp4,,right,176,205,1
720575940616656206,,,,,,,,,,0,0,1
720575940616848192,dopamine,intrinsic,central,Kenyon_Cell,KCg,KCg-d,MBp1,,right,128,167,1
720575940616885298,dopamine,intrinsic,central,Kenyon_Cell,KCg,KCg-d,MBp3,,right,146,141,1
720575940616986769,dopamine,intrinsic,central,DAN,,PAM08,CREa2_medial,,left,664,340,1
720575940617034753,dopamine,intrinsic,central,Kenyon_Cell,KCg,KCg-m,MBp4,,right,182,197,1
720575940617249236,gaba,intrinsic,central,,,SMP146,putative_primary,,right,1724,9009,1
720575940617293201,dopamine,intrinsic,central,Kenyon_Cell,KCg,KCg-d,MBp2,,right,135,120,1
720575940617293268,dopamine,intrinsic,central,Kenyon_Cell,KCg,KCg-d,MBp4,,right,119,199,1
720575940617415246,,,,,,,,,,0,0,1
720575940617427713,dopamine,intrinsic,central,Kenyon_Cell,KCg,KCg-m,MBp4,,right,176,167,1
720575940617438865,dopamine,intrinsic,central,Kenyon_Cell,KCg,KCg-m,MBp2,,right,206,144,1
720575940617473051,dopamine,intrinsic,central,Kenyon_Cell,KCg,KCg-m,MBp4,,right,149,172,1
720575940617533006,,,,,,,,,,0,0,1
720575940617541350,,,,,,,,,,0,0,1
720575940617686465,,,,,,,,,,0,0,1
720575940617756450,dopamine,intrinsic,central,Kenyon_Cell,KCg,KCg-m,MBp3,,right,147,163,1
720575940616440098,dopamine,intrinsic,central,Kenyon_Cell,KCg,KCg-m,MBp4,,right,105,202,1
720575940616245365,dopamine,intrinsic,central,Kenyon_Cell,KCg,KCg-m,MBp2,,right,172,194,1
720575940616150299,acetylcholine,intrinsic,central,,,SMP381,DM6_dorso_lateral,,right,294,1803,1
720575940615349342,,,,,,,,,,0,0,1
720575940614955244,,,,,,,,,,0,0,1
720575940614957162,acetylcholine,intrinsic,central,,,CRE049,CREl1,,right,589,4931,1
720575940615016171,,,,,,,,,,0,0,1
720575940615219778,dopamine,intrinsic,central,Kenyon_Cell,KCg,KCg-m,MBp2,,right,162,194,1
720575940615252786,dopamine,intrinsic,central,Kenyon_Cell,KCg,KCg-m,MBp2,,right,169,154,1
720575940615314668,,,,,,,,,,0,0,1
720575940615315692,,,,,,,,,,0,0,1
720575940615349598,,,,,,,,,,0,0,1
720575940616097163,dopamine,intrinsic,central,Kenyon_Cell,KCg,KCg-m,MBp1,,right,110,146,1
720575940615356347,dopamine,intrinsic,central,Kenyon_Cell,KCg,KCg-m,MBp4,,right,184,186,1
720575940615447764,dopamine,intrinsic,central,Kenyon_Cell,KCg,KCg-m,MBp2,,right,151,177,1
720575940615657926,,,,,,,,,,0,0,1
720575940615714060,dopamine,intrinsic,central,Kenyon_Cell,KCg,KCg-m,MBp4,,right,150,175,1
720575940615750562,dopamine,intrinsic,central,DAN,,PPL108,putative_primary,,right,1424,973,1
720575940615961684,dopamine,intrinsic,central,Kenyon_Cell,KCg,KCg-m,MBp2,,right,121,157,1
720575940616076761,dopamine,intrinsic,central,Kenyon_Cell,KCg,KCg-d,MBp4,,right,87,180,1
720575940611961537,,,,,,,,,,0,0,1
720575940611946433,,,,,,,,,,0,0,1
720575940594017129,,,,,,,,,,0,0,1
720575940606515292,dopamine,intrinsic,central,Kenyon_Cell,KCg,KCg-d,MBp3,,right,134,204,1
720575940604486880,glutamate,intrinsic,central,,,SMP123,SMPad3,,left,655,1957,1
720575940604542176,acetylcholine,intrinsic,central,,,CRE005,putative_primary,,left,855,5693,1
720575940604630240,dopamine,intrinsic,central,Kenyon_Cell,KCg,KCg-m,MBp2,,right,140,150,1
720575940604860332,dopamine,intrinsic,central,Kenyon_Cell,KCg,KCg-m,MBp3,,right,157,189,1
720575940604884396,dopamine,intrinsic,central,Kenyon_Cell,KCg,KCg-m,MBp2,,right,172,217,1
720575940604910270,acetylcholine,intrinsic,central,,,SMP152,putative_primary,,right,712,4854,1
720575940604935340,dopamine,intrinsic,central,Kenyon_Cell,KCg,KCg-m,MBp2,,right,129,160,1
720575940605171121,dopamine,intrinsic,central,Kenyon_Cell,KCg,KCg-m,MBp1,,right,174,212,1
720575940605197745,dopamine,intrinsic,central,Kenyon_Cell,KCg,KCg-m,MBp2,,right,174,176,1
720575940605252041,dopamine,intrinsic,central,Kenyon_Cell,KCg,KCg-m,MBp3,,right,153,177,1
720575940605407846,dopamine,intrinsic,central,Kenyon_Cell,KCg,KCg-m,MBp3,,right,175,174,1
720575940605424416,dopamine,intrinsic,central,Kenyon_Cell,KCg,KCg-d,MBp4,,right,122,110,1
720575940605452064,dopamine,intrinsic,central,Kenyon_Cell,KCg,KCg-m,MBp4,,right,121,160,1
720575940605552742,dopamine,intrinsic,central,Kenyon_Cell,KCg,KCg-m,MBp2,,right,129,191,1
720575940606010057,acetylcholine,intrinsic,central,,,SLP247,putative_primary,,right,1093,5129,1
720575940606341250,dopamine,intrinsic,central,Kenyon_Cell,KCg,KCg-m,MBp1,,right,127,159,1
720575940606390908,,,,,,,,,,0,0,1
720575940604478176,dopamine,intrinsic,central,Kenyon_Cell,KCg,KCg-m,MBp4,,right,147,143,1
720575940604314622,,,,,,,,,,0,0,1
720575940604301566,,,,,,,,,,0,0,1
720575940601210382,,,,,,,,,,0,0,1
720575940594336448,,,,,,,,,,0,0,1
720575940594370752,,,,,,,,,,0,0,1
720575940594787835,,,,,,,,,,0,0,1
720575940595130996,,,,,,,,,,0,0,1
720575940600780046,,,,,,,,,,0,0,1
720575940601029646,,,,,,,,,,0,0,1
720575940601147150,,,,,,,,,,0,0,1
720575940602368766,,,,,,,,,,0,0,1
720575940604183294,,,,,,,,,,0,0,1
720575940602450942,,,,,,,,,,0,0,1
720575940603111392,dopamine,intrinsic,central,Kenyon_Cell,KCg,KCg-m,MBp3,,right,135,244,1
720575940603719712,dopamine,intrinsic,central,Kenyon_Cell,KCg,KCg-m,MBp1,,right,132,188,1
720575940603963630,,,,,,,,,,0,0,1
720575940603976430,,,,,,,,,,0,0,1
720575940603985646,,,,,,,,,,0,0,1
720575940604095982,,,,,,,,,,0,0,1
720575940606433410,acetylcholine,intrinsic,central,,,SMP254,SMPpv2_dorsal,,left,1031,5846,1
720575940606667977,dopamine,intrinsic,central,Kenyon_Cell,KCg,KCg-m,MBp4,,right,174,150,1
720575940611918578,dopamine,intrinsic,central,DAN,,PAM08,CREa1_dorsal,,right,243,149,1
720575940606947714,dopamine,intrinsic,central,Kenyon_Cell,KCg,KCg-m,MBp2,,right,149,166,1
720575940609060433,,,,,,,,,,0,0,1
720575940609133102,dopamine,intrinsic,central,Kenyon_Cell,KCg,KCg-m,MBp2,,right,117,195,1
720575940609149394,dopamine,intrinsic,central,Kenyon_Cell,KCg,KCg-m,MBp3,,right,176,171,1
720575940610144532,,,,,,,,,,0,0,1
720575940610191795,dopamine,intrinsic,central,Kenyon_Cell,KCg,KCg-m,MBp2,,right,130,136,1
720575940610375726,dopamine,intrinsic,central,Kenyon_Cell,KCg,KCg-m,MBp2,,right,175,185,1
720575940610583932,,,,,,,,,,0,0,1
720575940610944022,dopamine,intrinsic,central,Kenyon_Cell,KCg,KCg-m,MBp2,,right,103,146,1
720575940611001061,dopamine,intrinsic,central,Kenyon_Cell,KCg,KCg-m,MBp2,,right,145,186,1
720575940611111061,dopamine,intrinsic,central,Kenyon_Cell,KCg,KCg-m,MBp2,,right,174,169,1
720575940611111829,dopamine,intrinsic,central,Kenyon_Cell,KCg,KCg-m,MBp1,,right,169,230,1
720575940611343218,dopamine,intrinsic,central,Kenyon_Cell,KCg,KCg-m,MBp2,,right,125,210,1
720575940611450134,dopamine,intrinsic,central,Kenyon_Cell,KCg,KCg-m,MBp1,,right,163,198,1
720575940611569301,dopamine,intrinsic,central,Kenyon_Cell,KCg,KCg-m,MBp1,,right,112,131,1
720575940611696042,dopamine,intrinsic,central,Kenyon_Cell,KCg,KCg-m,MBp2,,right,143,148,1
720575940611812050,acetylcholine,intrinsic,central,,,CB0272,putative_primary,,right,1363,6836,1
720575940611855729,dopamine,intrinsic,central,Kenyon_Cell,KCg,KCg-m,MBp2,,right,145,214,1
720575940609026129,,,,,,,,,,0,0,1
720575940608823509,dopamine,intrinsic,central,Kenyon_Cell,KCg,KCg-m,MBp3,,right,182,182,1
720575940608668948,,,,,,,,,,0,0,1
720575940607984651,dopamine,intrinsic,central,Kenyon_Cell,KCg,KCg-m,MBp1,,right,207,263,1
720575940606967730,dopamine,intrinsic,central,Kenyon_Cell,KCg,KCg-m,MBp3,,right,211,229,1
720575940607010825,dopamine,intrinsic,central,Kenyon_Cell,KCg,KCg-m,MBp4,,right,145,209,1
720575940607280818,dopamine,intrinsic,central,Kenyon_Cell,KCg,KCg-m,MBp1,,right,152,161,1
720575940607752860,,,,,,,,,,0,0,1
720575940607763467,dopamine,intrinsic,central,Kenyon_Cell,KCg,KCg-m,MBp2,,right,183,193,1
720575940607792139,dopamine,intrinsic,central,Kenyon_Cell,KCg,KCg-m,MBp3,,right,175,182,1
720575940607907849,acetylcholine,intrinsic,central,,,CRE065,CREl1,,right,123,735,1
720575940608015627,dopamine,intrinsic,central,Kenyon_Cell,KCg,KCg-m,MBp3,,right,99,182,1
720575940608644654,dopamine,intrinsic,central,Kenyon_Cell,KCg,KCg-m,MBp3,,right,169,252,1
720575940608176514,dopamine,intrinsic,central,Kenyon_Cell,KCg,KCg-m,MBp3,,right,148,180,1
720575940608312533,dopamine,intrinsic,central,Kenyon_Cell,KCg,KCg-d,MBp4,,right,256,259,1
720575940608312924,serotonin,intrinsic,central,CX,tangential,FB4L,DM6__prim,,right,1057,414,1
720575940608328713,dopamine,intrinsic,central,Kenyon_Cell,KCg,KCg-m,MBp4,,right,118,168,1
720575940608345867,dopamine,intrinsic,central,Kenyon_Cell,KCg,KCg-m,MBp2,,right,142,171,1
720575940608383243,dopamine,intrinsic,central,Kenyon_Cell,KCg,KCg-m,MBp3,,right,192,205,1
720575940608542996,,,,,,,,,,0,0,1
720575940632584787,dopamine,intrinsic,central,Kenyon_Cell,KCg,KCg-m,MBp3,,right,165,194,1
